path,bytes,sha256
README.md,1150,588112e4502d636967cdd5eef38f5b7839e0fe3709addd1a93257cc0217f8d6e
runs/sfm_dataset1_sfm_1024_aliked_global_fullres_eval/ablation_eval/jobs/sfm_dataset1_sfm_1024_aliked_global/resource_samples.csv,16759,98e8136f8be4f8e1c5cc0830eaacd91e87978d472f5ddac57309afdb4e058558
runs/sfm_dataset1_sfm_1024_aliked_global_fullres_eval/ablation_eval/manifest.csv,1619,9595c94f1cff330a84e1f9aa52810cdea5db8282a3ff6e7937bcacf4f3eda59c
runs/sfm_dataset1_sfm_1024_aliked_global_fullres_eval/ablation_eval/metrics_long.csv,6719,1db409f42e437a37c461923d62ddaea03ad807f478d34d04d0b1744ac8d0983d
runs/sfm_dataset1_sfm_1024_aliked_global_fullres_eval/ablation_eval/results_final.csv,129,6cf300cc3eaa1536de18eb4bdbeb47d3308e50e0dd2e0f8c8cbbee795a57b170
runs/sfm_dataset1_sfm_1024_aliked_global_fullres_eval/ablation_eval/results_sfm.csv,1129,7e22aceca9b004c5f340691dcd1356ef770186c0fa43a2ad5550282983ec4f67
runs/sfm_dataset1_sfm_1024_aliked_global_fullres_eval/ablation_eval/results_splat.csv,1680,207713c53a0b9a2db47f14e8ca8ecf3d82e40c8f214cb45adc338472484c954e
runs/sfm_dataset1_sfm_1024_aliked_global_fullres_eval/ablation_eval/splat_eval/sfm_dataset1_sfm_1024_aliked_global/p000/attempt_1/lfs_eval_config.json,1356,cb2203da5d26ff25c0d3c42eadd03120278f181cccef913e88874a417c2f1132
runs/sfm_dataset1_sfm_1024_aliked_global_fullres_eval/ablation_eval/splat_eval/sfm_dataset1_sfm_1024_aliked_global/p000/attempt_1/loss_history.csv,8198,a3d127964a85df03a007873890b482b9dde66ed9cf67a1f3617ac9fd83a127e6
runs/sfm_dataset1_sfm_1024_aliked_global_fullres_eval/ablation_eval/splat_eval/sfm_dataset1_sfm_1024_aliked_global/p000/attempt_1/metrics.csv,417,f881c0fdb54a2bc1efd577d147223f5d7e2e2cf087d10458c84c0cd79f6564c3
runs/sfm_dataset1_sfm_1024_aliked_global_fullres_eval/ablation_eval/splat_eval/sfm_dataset1_sfm_1024_aliked_global/p000/attempt_1/python_metrics.json,456,9a45dadc24a888f0b1efa7550feece886f1c6e8a063476ddb800765a32eb1fd0
runs/sfm_dataset1_sfm_1024_aliked_global_fullres_eval/ablation_eval/splat_eval/sfm_dataset1_sfm_1024_aliked_global/p000/attempt_1/resource_samples.csv,16927,e3fc406a7928cc1439bc7165aa97c41760ed4dea74954d0ddb7c7406368bcecb
runs/sfm_dataset1_sfm_1024_aliked_global_fullres_eval/ablation_eval/splat_eval/sfm_dataset1_sfm_1024_aliked_global/p000/attempt_1/training_status.json,2122,b6552ae9e72968ce1414b5aae65987356a94302c07b8e1d24913c0917ff3a083
runs/sfm_dataset1_sfm_1024_aliked_global_fullres_eval/ablation_eval/splat_eval/sfm_dataset1_sfm_1024_aliked_global/p001/attempt_1/lfs_eval_config.json,1356,cb2203da5d26ff25c0d3c42eadd03120278f181cccef913e88874a417c2f1132
runs/sfm_dataset1_sfm_1024_aliked_global_fullres_eval/ablation_eval/splat_eval/sfm_dataset1_sfm_1024_aliked_global/p001/attempt_1/loss_history.csv,8215,f3a7b2c5cf7e39c49eabc75cfcd4ca3a39eccf9d13a0a0322376b8caa6a3075d
runs/sfm_dataset1_sfm_1024_aliked_global_fullres_eval/ablation_eval/splat_eval/sfm_dataset1_sfm_1024_aliked_global/p001/attempt_1/metrics.csv,417,8a1cae29786487daba0efc569fb7b696efbe425a37c63748c7518ebbefe83085
runs/sfm_dataset1_sfm_1024_aliked_global_fullres_eval/ablation_eval/splat_eval/sfm_dataset1_sfm_1024_aliked_global/p001/attempt_1/python_metrics.json,456,9a45dadc24a888f0b1efa7550feece886f1c6e8a063476ddb800765a32eb1fd0
runs/sfm_dataset1_sfm_1024_aliked_global_fullres_eval/ablation_eval/splat_eval/sfm_dataset1_sfm_1024_aliked_global/p001/attempt_1/resource_samples.csv,16694,5a121bf4b26920be451b529bd494e22fc2904d9378318c9b300a274f0a0e7a2d
runs/sfm_dataset1_sfm_1024_aliked_global_fullres_eval/ablation_eval/splat_eval/sfm_dataset1_sfm_1024_aliked_global/p001/attempt_1/training_status.json,2123,259004db2bff3d0810f4d9cc0508646ed3714722998fb3b9307c85a2951116df
runs/sfm_dataset1_sfm_1024_aliked_global_fullres_eval/ablation_eval/splat_eval/sfm_dataset1_sfm_1024_aliked_global/p002/attempt_1/lfs_eval_config.json,1356,cb2203da5d26ff25c0d3c42eadd03120278f181cccef913e88874a417c2f1132
runs/sfm_dataset1_sfm_1024_aliked_global_fullres_eval/ablation_eval/splat_eval/sfm_dataset1_sfm_1024_aliked_global/p002/attempt_1/loss_history.csv,8218,cd961bcb9795315b410f655dedbadfdbb31753433c853377567487dd427d0f92
runs/sfm_dataset1_sfm_1024_aliked_global_fullres_eval/ablation_eval/splat_eval/sfm_dataset1_sfm_1024_aliked_global/p002/attempt_1/metrics.csv,417,5fef22eec43a5dececb1c08587ff68dde5019b6d540dca213afb9b66d9a54b3c
runs/sfm_dataset1_sfm_1024_aliked_global_fullres_eval/ablation_eval/splat_eval/sfm_dataset1_sfm_1024_aliked_global/p002/attempt_1/python_metrics.json,456,9a45dadc24a888f0b1efa7550feece886f1c6e8a063476ddb800765a32eb1fd0
runs/sfm_dataset1_sfm_1024_aliked_global_fullres_eval/ablation_eval/splat_eval/sfm_dataset1_sfm_1024_aliked_global/p002/attempt_1/resource_samples.csv,16720,2f9084d29bd867b112922c1c3eff886d167a00f6a3ee097d79e52215f81ab22f
runs/sfm_dataset1_sfm_1024_aliked_global_fullres_eval/ablation_eval/splat_eval/sfm_dataset1_sfm_1024_aliked_global/p002/attempt_1/training_status.json,2123,ea66f1284e5e5ad22c0663e42d3742f74fd894ea905c9b829e663cc67d9558cd
runs/sfm_dataset1_sfm_1024_aliked_global_fullres_eval/ablation_eval/splat_eval/sfm_dataset1_sfm_1024_aliked_global/p003/attempt_1/lfs_eval_config.json,1356,cb2203da5d26ff25c0d3c42eadd03120278f181cccef913e88874a417c2f1132
runs/sfm_dataset1_sfm_1024_aliked_global_fullres_eval/ablation_eval/splat_eval/sfm_dataset1_sfm_1024_aliked_global/p003/attempt_1/loss_history.csv,8185,868318cd8e77841c7d251a337d116738a7e0509633bdfe1085478af4a8ae800f
runs/sfm_dataset1_sfm_1024_aliked_global_fullres_eval/ablation_eval/splat_eval/sfm_dataset1_sfm_1024_aliked_global/p003/attempt_1/metrics.csv,417,49225573038893305ba467255d871caf5bd1c6bd6993ddeabe7d2be68dd5cb64
runs/sfm_dataset1_sfm_1024_aliked_global_fullres_eval/ablation_eval/splat_eval/sfm_dataset1_sfm_1024_aliked_global/p003/attempt_1/python_metrics.json,456,9a45dadc24a888f0b1efa7550feece886f1c6e8a063476ddb800765a32eb1fd0
runs/sfm_dataset1_sfm_1024_aliked_global_fullres_eval/ablation_eval/splat_eval/sfm_dataset1_sfm_1024_aliked_global/p003/attempt_1/resource_samples.csv,12475,1142fccf9277d5a06844e98b3552380ebf6582aad133bdaf531394cc9daca9c3
runs/sfm_dataset1_sfm_1024_aliked_global_fullres_eval/ablation_eval/splat_eval/sfm_dataset1_sfm_1024_aliked_global/p003/attempt_1/training_status.json,2120,85bbbbfa970f06d02f77fd5d704a46fc8d2bde92894c1c901238f62409edaec0
runs/sfm_dataset1_sfm_1024_aliked_global_fullres_eval/ablation_eval/splat_eval_selection.json,464,6123788067b0979e658f2a29ee75c8833dc2a455896675bd7a933cf294e24be6
runs/sfm_dataset1_sfm_1024_aliked_global_fullres_eval/diagnostics/runs/sfm_dataset1_sfm_1024_aliked_global/logs/colmap.log,9413588,9d7985abc8f0528342e1d14736376e22f47ce32357b7a20ad69352903c233459
runs/sfm_dataset1_sfm_1024_aliked_global_fullres_eval/diagnostics/runs/sfm_dataset1_sfm_1024_aliked_global/logs/pipeline.log,5933,46b4c47eb8d73f86fa0dcb030044f7db9a46c84f32ae4ff96710d3305ea7faf5
runs/sfm_dataset1_sfm_1024_aliked_global_fullres_eval/diagnostics/runs/sfm_dataset1_sfm_1024_aliked_global/logs/warnings.log,562,b05c2a4303f14ab829323a5f1b56250b2545d330f926cff5a3f5c0946ada5173
runs/sfm_dataset1_sfm_1024_aliked_global_fullres_eval/diagnostics/runs/sfm_dataset1_sfm_1024_aliked_global/run_status.json,701,09dceee47a56e8f08a795ecd5050d8d64e74996e06d06524a54f4585652cf2a9
runs/sfm_dataset1_sfm_1024_aliked_global_fullres_eval/diagnostics/runs/sfm_dataset1_sfm_1024_aliked_global/timings.json,2188,bdb01228995fc4c325cbfea075b5387e3a4df114ebe4dd4fd6e825fb6c0b6d7c
runs/sfm_dataset1_sfm_1024_aliked_global_fullres_eval/diagnostics/runs/sfm_dataset1_sfm_1024_aliked_global_fullres_eval/resource_samples.csv,44267,6bd688dfe92791c65daa5c1410c71c300d480d114987218086ffc0298c57a41d
runs/sfm_dataset1_sfm_1024_aliked_global_fullres_eval/diagnostics/runs/sfm_dataset1_sfm_1024_aliked_global_fullres_eval/resource_summary.json,152,345b213aece0bb039e8e526ac0173d86e50020c145f72024d15e3d37d70961be
runs/sfm_dataset1_sfm_1024_aliked_global_fullres_eval/resource_samples.csv,44267,6bd688dfe92791c65daa5c1410c71c300d480d114987218086ffc0298c57a41d
runs/sfm_dataset1_sfm_1024_aliked_global_fullres_eval/sfm_dataset1_sfm_1024_aliked_global_fullres_eval.exit,7,194ff5bca66278888f0f00be5c7ca523d15098ece958b14952533811089f6106
runs/sfm_dataset1_sfm_1024_aliked_global_fullres_eval/worker_identity.json,472,20eeb646b7abfa70b0362dea61a08c21e33a4933d2a9356c4e9bdccc69f76e75
runs/sfm_dataset1_sfm_1024_aliked_incremental_fullres_eval/ablation_eval/jobs/sfm_dataset1_sfm_1024_aliked_incremental/resource_samples.csv,36254,5b203a53e5f86a21e5503070ab20c29882d71df262d5d600da3c8810cd073c97
runs/sfm_dataset1_sfm_1024_aliked_incremental_fullres_eval/ablation_eval/manifest.csv,1682,877e0c6a1b08799cb54c78b0ada34244c7e7324d0ee48cd3c02015a331883b6b
runs/sfm_dataset1_sfm_1024_aliked_incremental_fullres_eval/ablation_eval/results_final.csv,129,6cf300cc3eaa1536de18eb4bdbeb47d3308e50e0dd2e0f8c8cbbee795a57b170
runs/sfm_dataset1_sfm_1024_aliked_incremental_fullres_eval/ablation_eval/results_sfm.csv,1192,bd21a1689fa5b13e74bc8303db7fdd6cfbe6ca3e4faca366becd6cbf8bb544e1
runs/sfm_dataset1_sfm_1024_aliked_incremental_fullres_eval/ablation_eval/results_splat.csv,298,39db4462af80f9c5d63208487ac3ac84ffe996ec2010f17b931958a3ddb3a8cb
runs/sfm_dataset1_sfm_1024_aliked_incremental_fullres_eval/ablation_eval/splat_eval_selection.json,188,143de258cc1a5ad6641137b7dab6c5a6593afb7a9beca5f83021c90af7684864
runs/sfm_dataset1_sfm_1024_aliked_incremental_fullres_eval/diagnostics/runs/sfm_dataset1_sfm_1024_aliked_incremental/logs/colmap.log,11256398,7ff5431b629aeb0dc338219c963e6b22043968e61d997ae919a73680d01502c2
runs/sfm_dataset1_sfm_1024_aliked_incremental_fullres_eval/diagnostics/runs/sfm_dataset1_sfm_1024_aliked_incremental/logs/pipeline.log,6108,e262720b0df287c11a7e8501fc792cd554925b6a8ec35b83b93fbca46cb92507
runs/sfm_dataset1_sfm_1024_aliked_incremental_fullres_eval/diagnostics/runs/sfm_dataset1_sfm_1024_aliked_incremental/logs/warnings.log,705,f3b9a30c33aaca94248f71f476cfaaaba8ec1100a5326af2758ec3bd45933567
runs/sfm_dataset1_sfm_1024_aliked_incremental_fullres_eval/diagnostics/runs/sfm_dataset1_sfm_1024_aliked_incremental/run_status.json,701,49e332e07a83e6dc86616b4ab3d08935ff09b431b6a5385d8c8f0a8cdf33d31b
runs/sfm_dataset1_sfm_1024_aliked_incremental_fullres_eval/diagnostics/runs/sfm_dataset1_sfm_1024_aliked_incremental/timings.json,2189,f3e20f3ce9e9787ddbdb5281b8481843661e34dd98da7a3ddc17965600bdc2be
runs/sfm_dataset1_sfm_1024_aliked_incremental_fullres_eval/diagnostics/runs/sfm_dataset1_sfm_1024_aliked_incremental_fullres_eval/resource_samples.csv,33010,1a779ad4934114a42e8836de06921aa64bcad07741e18e80c05ba548454003c7
runs/sfm_dataset1_sfm_1024_aliked_incremental_fullres_eval/diagnostics/runs/sfm_dataset1_sfm_1024_aliked_incremental_fullres_eval/resource_summary.json,148,1cb4fe38361fc29fdbdf1392ebdfe3a34e03cdac12e2e31790ddd2cbb9d80a8f
runs/sfm_dataset1_sfm_1024_aliked_incremental_fullres_eval/resource_samples.csv,33010,1a779ad4934114a42e8836de06921aa64bcad07741e18e80c05ba548454003c7
runs/sfm_dataset1_sfm_1024_aliked_incremental_fullres_eval/sfm_dataset1_sfm_1024_aliked_incremental_fullres_eval.exit,7,194ff5bca66278888f0f00be5c7ca523d15098ece958b14952533811089f6106
runs/sfm_dataset1_sfm_1024_aliked_incremental_fullres_eval/worker_identity.json,477,771ec18ac8718b556482f49e676332834252780fd17f2bb8dc3977c0a2a944fe
runs/sfm_dataset1_sfm_1024_sift_global_fullres_eval/ablation_eval/jobs/sfm_dataset1_sfm_1024_sift_global/resource_samples.csv,69796,e0125b1bbbffb18123f57f99148c6d8c3713445d282e4bebe41fed2105e3e23e
runs/sfm_dataset1_sfm_1024_sift_global_fullres_eval/ablation_eval/manifest.csv,1406,29dc354a6b621d0de09bf4c07409404db23bf3733ae8ff3750fbad0023721029
runs/sfm_dataset1_sfm_1024_sift_global_fullres_eval/ablation_eval/metrics_long.csv,16221,4854cc6146fe216155b0966718539638ccc82eb831418d0e96e097a1edd5e783
runs/sfm_dataset1_sfm_1024_sift_global_fullres_eval/ablation_eval/results_final.csv,129,6cf300cc3eaa1536de18eb4bdbeb47d3308e50e0dd2e0f8c8cbbee795a57b170
runs/sfm_dataset1_sfm_1024_sift_global_fullres_eval/ablation_eval/results_sfm.csv,1164,119b9a72be29b23799f459867d654a41c4c02b09bf69f6bf238973d81319bc55
runs/sfm_dataset1_sfm_1024_sift_global_fullres_eval/ablation_eval/results_splat.csv,3708,60ae5039c7fc15c31b55eca497414a8180054aea37fd0ba01abb03ff8992621b
runs/sfm_dataset1_sfm_1024_sift_global_fullres_eval/ablation_eval/splat_eval/sfm_dataset1_sfm_1024_sift_global/p000/attempt_1/lfs_eval_config.json,1356,cb2203da5d26ff25c0d3c42eadd03120278f181cccef913e88874a417c2f1132
runs/sfm_dataset1_sfm_1024_sift_global_fullres_eval/ablation_eval/splat_eval/sfm_dataset1_sfm_1024_sift_global/p000/attempt_1/loss_history.csv,8246,ef9754781b76712f0e0360135c06531a0f2d738f07f06b87a1dab38cf08a7ed0
runs/sfm_dataset1_sfm_1024_sift_global_fullres_eval/ablation_eval/splat_eval/sfm_dataset1_sfm_1024_sift_global/p000/attempt_1/metrics.csv,417,13b27a287d28ca9586b590868fb80562c34a56e571f64fd5f41ae25a78d94505
runs/sfm_dataset1_sfm_1024_sift_global_fullres_eval/ablation_eval/splat_eval/sfm_dataset1_sfm_1024_sift_global/p000/attempt_1/python_metrics.json,456,d539d135618dac7ea6d06722fe521fefb207ff96384a431aa6113af39413bc90
runs/sfm_dataset1_sfm_1024_sift_global_fullres_eval/ablation_eval/splat_eval/sfm_dataset1_sfm_1024_sift_global/p000/attempt_1/resource_samples.csv,16748,109eb779e195c66a53fb0be1f54ace75100d9466b05c188152067c25a66ce7d4
runs/sfm_dataset1_sfm_1024_sift_global_fullres_eval/ablation_eval/splat_eval/sfm_dataset1_sfm_1024_sift_global/p000/attempt_1/training_status.json,2104,b78b1c0b16da682de2cb0243df4c587f0d0135d937a4c9b1b2a81267ba67a74e
runs/sfm_dataset1_sfm_1024_sift_global_fullres_eval/ablation_eval/splat_eval/sfm_dataset1_sfm_1024_sift_global/p004/attempt_1/lfs_eval_config.json,1356,cb2203da5d26ff25c0d3c42eadd03120278f181cccef913e88874a417c2f1132
runs/sfm_dataset1_sfm_1024_sift_global_fullres_eval/ablation_eval/splat_eval/sfm_dataset1_sfm_1024_sift_global/p004/attempt_1/loss_history.csv,8246,1241937a9f5b429963d519bc74be1388497599753896881278161549a3dc253c
runs/sfm_dataset1_sfm_1024_sift_global_fullres_eval/ablation_eval/splat_eval/sfm_dataset1_sfm_1024_sift_global/p004/attempt_1/metrics.csv,417,2d8e096db499658e7149287f725603bf2a96a8dee22ad35c5c4a91c825d1ef7a
runs/sfm_dataset1_sfm_1024_sift_global_fullres_eval/ablation_eval/splat_eval/sfm_dataset1_sfm_1024_sift_global/p004/attempt_1/python_metrics.json,456,d539d135618dac7ea6d06722fe521fefb207ff96384a431aa6113af39413bc90
runs/sfm_dataset1_sfm_1024_sift_global_fullres_eval/ablation_eval/splat_eval/sfm_dataset1_sfm_1024_sift_global/p004/attempt_1/resource_samples.csv,16646,1c0e752a23fa9dd7ece38d79d6ee62e7d558f4ee3e2c2684871e5c966f1c63fd
runs/sfm_dataset1_sfm_1024_sift_global_fullres_eval/ablation_eval/splat_eval/sfm_dataset1_sfm_1024_sift_global/p004/attempt_1/training_status.json,2107,5a36740b6713e470f3da5cc9a1bf2c41710a53b4a796f73f26eb38cc3b5cdd38
runs/sfm_dataset1_sfm_1024_sift_global_fullres_eval/ablation_eval/splat_eval/sfm_dataset1_sfm_1024_sift_global/p007/attempt_1/lfs_eval_config.json,1356,cb2203da5d26ff25c0d3c42eadd03120278f181cccef913e88874a417c2f1132
runs/sfm_dataset1_sfm_1024_sift_global_fullres_eval/ablation_eval/splat_eval/sfm_dataset1_sfm_1024_sift_global/p007/attempt_1/loss_history.csv,8254,a15e87de425ca1844fc320d9aa49641a60f516cef1613df8ae40b70fda4c571f
runs/sfm_dataset1_sfm_1024_sift_global_fullres_eval/ablation_eval/splat_eval/sfm_dataset1_sfm_1024_sift_global/p007/attempt_1/metrics.csv,417,ff2186b4500da401cbbb1ddc604482921346b73860fda19231b1f36c4f98e023
runs/sfm_dataset1_sfm_1024_sift_global_fullres_eval/ablation_eval/splat_eval/sfm_dataset1_sfm_1024_sift_global/p007/attempt_1/python_metrics.json,456,d539d135618dac7ea6d06722fe521fefb207ff96384a431aa6113af39413bc90
runs/sfm_dataset1_sfm_1024_sift_global_fullres_eval/ablation_eval/splat_eval/sfm_dataset1_sfm_1024_sift_global/p007/attempt_1/resource_samples.csv,15723,d4e7ccfdc96e08cd70a6b9101f0e1d964d537726cd23fd0076f3b43359556970
runs/sfm_dataset1_sfm_1024_sift_global_fullres_eval/ablation_eval/splat_eval/sfm_dataset1_sfm_1024_sift_global/p007/attempt_1/training_status.json,2107,9e1120266f8c355858108268137247ae1e3007ea225d342e5f1aa01746786244
runs/sfm_dataset1_sfm_1024_sift_global_fullres_eval/ablation_eval/splat_eval/sfm_dataset1_sfm_1024_sift_global/p011/attempt_1/lfs_eval_config.json,1356,cb2203da5d26ff25c0d3c42eadd03120278f181cccef913e88874a417c2f1132
runs/sfm_dataset1_sfm_1024_sift_global_fullres_eval/ablation_eval/splat_eval/sfm_dataset1_sfm_1024_sift_global/p011/attempt_1/loss_history.csv,8244,21ad43ade45093c6ba0c00fbb1f3b28a2d34a8a2dca1c78a7344e32efb0c664f
runs/sfm_dataset1_sfm_1024_sift_global_fullres_eval/ablation_eval/splat_eval/sfm_dataset1_sfm_1024_sift_global/p011/attempt_1/metrics.csv,417,da0192a0f40eb14f73f74a470c3485a5a564cc6400ec786e3ad04dbf76f3276a
runs/sfm_dataset1_sfm_1024_sift_global_fullres_eval/ablation_eval/splat_eval/sfm_dataset1_sfm_1024_sift_global/p011/attempt_1/python_metrics.json,456,d539d135618dac7ea6d06722fe521fefb207ff96384a431aa6113af39413bc90
runs/sfm_dataset1_sfm_1024_sift_global_fullres_eval/ablation_eval/splat_eval/sfm_dataset1_sfm_1024_sift_global/p011/attempt_1/resource_samples.csv,15859,7b857124bf3a2c9e1d4fa924f5b59e9bb629eae9b9ba20bfa4408c82c3171463
runs/sfm_dataset1_sfm_1024_sift_global_fullres_eval/ablation_eval/splat_eval/sfm_dataset1_sfm_1024_sift_global/p011/attempt_1/training_status.json,2109,50108f5d0477e4b47aff2b4baf4220f02eb8e9bcd6a22f4bdb07748f7445bd25
runs/sfm_dataset1_sfm_1024_sift_global_fullres_eval/ablation_eval/splat_eval/sfm_dataset1_sfm_1024_sift_global/p014/attempt_1/lfs_eval_config.json,1356,cb2203da5d26ff25c0d3c42eadd03120278f181cccef913e88874a417c2f1132
runs/sfm_dataset1_sfm_1024_sift_global_fullres_eval/ablation_eval/splat_eval/sfm_dataset1_sfm_1024_sift_global/p014/attempt_1/loss_history.csv,8236,1a1a6f1b2e1bf1a86e0ee6ab1930c47ec5a799259963a578f0b7237e9bca49c1
runs/sfm_dataset1_sfm_1024_sift_global_fullres_eval/ablation_eval/splat_eval/sfm_dataset1_sfm_1024_sift_global/p014/attempt_1/metrics.csv,417,a875d652d801efe70e5582776183308c700df04e6cecbc85749461e7870582dd
runs/sfm_dataset1_sfm_1024_sift_global_fullres_eval/ablation_eval/splat_eval/sfm_dataset1_sfm_1024_sift_global/p014/attempt_1/python_metrics.json,456,d539d135618dac7ea6d06722fe521fefb207ff96384a431aa6113af39413bc90
runs/sfm_dataset1_sfm_1024_sift_global_fullres_eval/ablation_eval/splat_eval/sfm_dataset1_sfm_1024_sift_global/p014/attempt_1/resource_samples.csv,15682,03ebacd8c4096d0f250b09a4d4c5f60fa1e1569640302bb3dee849f26010c5a8
runs/sfm_dataset1_sfm_1024_sift_global_fullres_eval/ablation_eval/splat_eval/sfm_dataset1_sfm_1024_sift_global/p014/attempt_1/training_status.json,2106,2adffe75199ab40c5d279e8add3d0f7691f167fdedcb30b3ef880049eca61a77
runs/sfm_dataset1_sfm_1024_sift_global_fullres_eval/ablation_eval/splat_eval/sfm_dataset1_sfm_1024_sift_global/p018/attempt_1/lfs_eval_config.json,1356,cb2203da5d26ff25c0d3c42eadd03120278f181cccef913e88874a417c2f1132
runs/sfm_dataset1_sfm_1024_sift_global_fullres_eval/ablation_eval/splat_eval/sfm_dataset1_sfm_1024_sift_global/p018/attempt_1/loss_history.csv,8244,2ee29515a073f47b5d7ad8a736c0a33ee46503641c382e8978b5c510b01e0e23
runs/sfm_dataset1_sfm_1024_sift_global_fullres_eval/ablation_eval/splat_eval/sfm_dataset1_sfm_1024_sift_global/p018/attempt_1/metrics.csv,417,4e1e7feb26b3a4aa76680710fa1d1dbc29c39542776f4fed48058fc9cb26cbd6
runs/sfm_dataset1_sfm_1024_sift_global_fullres_eval/ablation_eval/splat_eval/sfm_dataset1_sfm_1024_sift_global/p018/attempt_1/python_metrics.json,456,d539d135618dac7ea6d06722fe521fefb207ff96384a431aa6113af39413bc90
runs/sfm_dataset1_sfm_1024_sift_global_fullres_eval/ablation_eval/splat_eval/sfm_dataset1_sfm_1024_sift_global/p018/attempt_1/resource_samples.csv,15998,a4b9b5854709441a85f218b9f663ac9705d0254b39ba2e22915a4cf3cad8ef2b
runs/sfm_dataset1_sfm_1024_sift_global_fullres_eval/ablation_eval/splat_eval/sfm_dataset1_sfm_1024_sift_global/p018/attempt_1/training_status.json,2105,cd9a1ce11a230bc8dd6b8e0225a121d78a8fec4890de7108aaa4073e75fd28c6
runs/sfm_dataset1_sfm_1024_sift_global_fullres_eval/ablation_eval/splat_eval/sfm_dataset1_sfm_1024_sift_global/p021/attempt_1/lfs_eval_config.json,1356,cb2203da5d26ff25c0d3c42eadd03120278f181cccef913e88874a417c2f1132
runs/sfm_dataset1_sfm_1024_sift_global_fullres_eval/ablation_eval/splat_eval/sfm_dataset1_sfm_1024_sift_global/p021/attempt_1/loss_history.csv,8244,c2225b11b523e12ba45a581f52bb0cf800011456aefa9cf8731e8f84f46891d6
runs/sfm_dataset1_sfm_1024_sift_global_fullres_eval/ablation_eval/splat_eval/sfm_dataset1_sfm_1024_sift_global/p021/attempt_1/metrics.csv,417,d71f7f60e8f8acf096db4ddff21a7b78b67b76de6d9f81bbe679f29e528d1898
runs/sfm_dataset1_sfm_1024_sift_global_fullres_eval/ablation_eval/splat_eval/sfm_dataset1_sfm_1024_sift_global/p021/attempt_1/python_metrics.json,456,d539d135618dac7ea6d06722fe521fefb207ff96384a431aa6113af39413bc90
runs/sfm_dataset1_sfm_1024_sift_global_fullres_eval/ablation_eval/splat_eval/sfm_dataset1_sfm_1024_sift_global/p021/attempt_1/resource_samples.csv,16638,152d7a396e6238983dba45caf43fd99dcbc09d5ed6c7ae8b8a9516d8a740c340
runs/sfm_dataset1_sfm_1024_sift_global_fullres_eval/ablation_eval/splat_eval/sfm_dataset1_sfm_1024_sift_global/p021/attempt_1/training_status.json,2108,ffdb3b1a0163d9c73f512b315b3336ce069df7927bf1d8c95c2de8ff70b9e837
runs/sfm_dataset1_sfm_1024_sift_global_fullres_eval/ablation_eval/splat_eval/sfm_dataset1_sfm_1024_sift_global/p025/attempt_1/lfs_eval_config.json,1356,cb2203da5d26ff25c0d3c42eadd03120278f181cccef913e88874a417c2f1132
runs/sfm_dataset1_sfm_1024_sift_global_fullres_eval/ablation_eval/splat_eval/sfm_dataset1_sfm_1024_sift_global/p025/attempt_1/loss_history.csv,8245,5531de885234807c9a564243a0c38e055a1e35bd64663dc0942372fd7a8d08f2
runs/sfm_dataset1_sfm_1024_sift_global_fullres_eval/ablation_eval/splat_eval/sfm_dataset1_sfm_1024_sift_global/p025/attempt_1/metrics.csv,417,27d11635ffb6021059a3adcf7a0359a8c22237264d919b2845f3482f2b22793a
runs/sfm_dataset1_sfm_1024_sift_global_fullres_eval/ablation_eval/splat_eval/sfm_dataset1_sfm_1024_sift_global/p025/attempt_1/python_metrics.json,456,d539d135618dac7ea6d06722fe521fefb207ff96384a431aa6113af39413bc90
runs/sfm_dataset1_sfm_1024_sift_global_fullres_eval/ablation_eval/splat_eval/sfm_dataset1_sfm_1024_sift_global/p025/attempt_1/resource_samples.csv,16503,adf6ac0ecde123dbe0a519ebb650ecfedc9680ec687289b02004f0eb278229d7
runs/sfm_dataset1_sfm_1024_sift_global_fullres_eval/ablation_eval/splat_eval/sfm_dataset1_sfm_1024_sift_global/p025/attempt_1/training_status.json,2107,0d8c92663f323d6bdc763f2af39fd0b18388adb1249be938dc46132171ae9ef0
runs/sfm_dataset1_sfm_1024_sift_global_fullres_eval/ablation_eval/splat_eval/sfm_dataset1_sfm_1024_sift_global/p028/attempt_1/lfs_eval_config.json,1356,cb2203da5d26ff25c0d3c42eadd03120278f181cccef913e88874a417c2f1132
runs/sfm_dataset1_sfm_1024_sift_global_fullres_eval/ablation_eval/splat_eval/sfm_dataset1_sfm_1024_sift_global/p028/attempt_1/loss_history.csv,8238,9fe01bbc7cab292cfa857106860332f83a469b7d785e43d09874cb87727b17fc
runs/sfm_dataset1_sfm_1024_sift_global_fullres_eval/ablation_eval/splat_eval/sfm_dataset1_sfm_1024_sift_global/p028/attempt_1/metrics.csv,417,1c4c551cff9d0736ea8e6aa5a44b5b11e5e4f283a071e0b582f90fcd2724c225
runs/sfm_dataset1_sfm_1024_sift_global_fullres_eval/ablation_eval/splat_eval/sfm_dataset1_sfm_1024_sift_global/p028/attempt_1/python_metrics.json,456,d539d135618dac7ea6d06722fe521fefb207ff96384a431aa6113af39413bc90
runs/sfm_dataset1_sfm_1024_sift_global_fullres_eval/ablation_eval/splat_eval/sfm_dataset1_sfm_1024_sift_global/p028/attempt_1/resource_samples.csv,13516,d741b5e7b4c37d86fda96b318bb1a1ebcb9e1a2244e53f686a3c2f688ce2b714
runs/sfm_dataset1_sfm_1024_sift_global_fullres_eval/ablation_eval/splat_eval/sfm_dataset1_sfm_1024_sift_global/p028/attempt_1/training_status.json,2107,aef6106fec958e45b90105fefb6a249ce725a277cdc7d5799966d1a7cb1cfbe8
runs/sfm_dataset1_sfm_1024_sift_global_fullres_eval/ablation_eval/splat_eval/sfm_dataset1_sfm_1024_sift_global/p032/attempt_1/lfs_eval_config.json,1356,cb2203da5d26ff25c0d3c42eadd03120278f181cccef913e88874a417c2f1132
runs/sfm_dataset1_sfm_1024_sift_global_fullres_eval/ablation_eval/splat_eval/sfm_dataset1_sfm_1024_sift_global/p032/attempt_1/loss_history.csv,8249,3dd7479f8fda4285d9f4dddd30f0b24a051551906f6ced9dd5b21ea18b9de4e9
runs/sfm_dataset1_sfm_1024_sift_global_fullres_eval/ablation_eval/splat_eval/sfm_dataset1_sfm_1024_sift_global/p032/attempt_1/metrics.csv,417,78974873a8c176eedfe089b279015ac8a6acf95ec94f4db6d4edd54de8d0b4ad
runs/sfm_dataset1_sfm_1024_sift_global_fullres_eval/ablation_eval/splat_eval/sfm_dataset1_sfm_1024_sift_global/p032/attempt_1/python_metrics.json,456,d539d135618dac7ea6d06722fe521fefb207ff96384a431aa6113af39413bc90
runs/sfm_dataset1_sfm_1024_sift_global_fullres_eval/ablation_eval/splat_eval/sfm_dataset1_sfm_1024_sift_global/p032/attempt_1/resource_samples.csv,15973,2c9138979fe65390f176fab586fb5fa969913fc81bfb7e21032a671cd76c7728
runs/sfm_dataset1_sfm_1024_sift_global_fullres_eval/ablation_eval/splat_eval/sfm_dataset1_sfm_1024_sift_global/p032/attempt_1/training_status.json,2109,9cd82b750506d479ca8a84196504272929d0df967719f064fd31c529d5714962
runs/sfm_dataset1_sfm_1024_sift_global_fullres_eval/ablation_eval/splat_eval_selection.json,558,23e0c173e3f5e421c95475f89e46ad79c85b2adb7d62b7044a50e6cb5e893e20
runs/sfm_dataset1_sfm_1024_sift_global_fullres_eval/diagnostics/runs/sfm_dataset1_sfm_1024_sift_global/logs/colmap.log,13552476,3cf1deb1bcd6b6e5159450f2828d4f6848447eab9ffede14c9e48d88932e4218
runs/sfm_dataset1_sfm_1024_sift_global_fullres_eval/diagnostics/runs/sfm_dataset1_sfm_1024_sift_global/logs/pipeline.log,5293,86df87bd9e5dc275882c12ae78eac6863a3c710cdc6c01599acb046fccfab020
runs/sfm_dataset1_sfm_1024_sift_global_fullres_eval/diagnostics/runs/sfm_dataset1_sfm_1024_sift_global/logs/warnings.log,354,0f161092e31be96f1919df00d856239ac5b8b998dd9d55fac48d79f17a8a5d5d
runs/sfm_dataset1_sfm_1024_sift_global_fullres_eval/diagnostics/runs/sfm_dataset1_sfm_1024_sift_global/run_status.json,701,4f2932a5ee9cad7fec14df3629ea2d53408a86570ac1c0836924044a7adaa2d1
runs/sfm_dataset1_sfm_1024_sift_global_fullres_eval/diagnostics/runs/sfm_dataset1_sfm_1024_sift_global/timings.json,2193,a17384c3a87512c3a77e69628ef5a19af1f1abeeaee632e7709635294ba6907e
runs/sfm_dataset1_sfm_1024_sift_global_fullres_eval/diagnostics/runs/sfm_dataset1_sfm_1024_sift_global_fullres_eval/resource_samples.csv,137760,64814c433fe9ebeb34eaab136f999fd44a17c8c6d65fc84a8336e1c28452b5a1
runs/sfm_dataset1_sfm_1024_sift_global_fullres_eval/diagnostics/runs/sfm_dataset1_sfm_1024_sift_global_fullres_eval/resource_summary.json,152,3389571357a43c2147e7f1e52e61b7cd3b01fb32306d9df702c162f302db33ea
runs/sfm_dataset1_sfm_1024_sift_global_fullres_eval/resource_samples.csv,137760,64814c433fe9ebeb34eaab136f999fd44a17c8c6d65fc84a8336e1c28452b5a1
runs/sfm_dataset1_sfm_1024_sift_global_fullres_eval/sfm_dataset1_sfm_1024_sift_global_fullres_eval.exit,7,194ff5bca66278888f0f00be5c7ca523d15098ece958b14952533811089f6106
runs/sfm_dataset1_sfm_1024_sift_global_fullres_eval/worker_identity.json,470,844067373ca5f5cb73d0c0a5987dab48ceff3c06555141c1539aad76fcc2d3f7
runs/sfm_dataset1_sfm_1024_sift_incremental_fullres_eval/ablation_eval/jobs/sfm_dataset1_sfm_1024_sift_incremental/resource_samples.csv,125884,f59890f90a9670403d4f723cb4021682ced8879ea18f5516fab108424a0a4ab2
runs/sfm_dataset1_sfm_1024_sift_incremental_fullres_eval/ablation_eval/manifest.csv,1469,299e260d959ae8c01796baae7f5ec8d471335c8d5a30788555548081920f5769
runs/sfm_dataset1_sfm_1024_sift_incremental_fullres_eval/ablation_eval/results_final.csv,129,6cf300cc3eaa1536de18eb4bdbeb47d3308e50e0dd2e0f8c8cbbee795a57b170
runs/sfm_dataset1_sfm_1024_sift_incremental_fullres_eval/ablation_eval/results_sfm.csv,860,0d1b09ff9b98165733c3be40ae1b1a0adbe679c3bd9207ba3f0e5dcb84af24c9
runs/sfm_dataset1_sfm_1024_sift_incremental_fullres_eval/ablation_eval/results_splat.csv,298,39db4462af80f9c5d63208487ac3ac84ffe996ec2010f17b931958a3ddb3a8cb
runs/sfm_dataset1_sfm_1024_sift_incremental_fullres_eval/ablation_eval/splat_eval_selection.json,188,143de258cc1a5ad6641137b7dab6c5a6593afb7a9beca5f83021c90af7684864
runs/sfm_dataset1_sfm_1024_sift_incremental_fullres_eval/diagnostics/runs/sfm_dataset1_sfm_1024_sift_incremental/logs/colmap.log,9718403,d4786f0315a8624683a478c2a192df0433b7f4fa03585fd81dc50ef70fe4c9c9
runs/sfm_dataset1_sfm_1024_sift_incremental_fullres_eval/diagnostics/runs/sfm_dataset1_sfm_1024_sift_incremental/logs/pipeline.log,2385,9b560945b858d7dd835f4c97af4586ffefd8b174c5d1526347993281ad95e1a4
runs/sfm_dataset1_sfm_1024_sift_incremental_fullres_eval/diagnostics/runs/sfm_dataset1_sfm_1024_sift_incremental/run_status.json,1460,9fc5c4b3608c80e97f89a58625982c687bedabe84113df5f5fccbe8f383c78ae
runs/sfm_dataset1_sfm_1024_sift_incremental_fullres_eval/diagnostics/runs/sfm_dataset1_sfm_1024_sift_incremental/timings.json,4045,fc0ce67026b0408a43c5b28aa816fe61072f9f85e7715573af8f4023e43b9bed
runs/sfm_dataset1_sfm_1024_sift_incremental_fullres_eval/diagnostics/runs/sfm_dataset1_sfm_1024_sift_incremental_fullres_eval/resource_samples.csv,114054,8df75974f79205d01770daeae1fceedb27c79da2c3d7e94d00e1b0380278ed9c
runs/sfm_dataset1_sfm_1024_sift_incremental_fullres_eval/diagnostics/runs/sfm_dataset1_sfm_1024_sift_incremental_fullres_eval/resource_summary.json,150,952ba9ea63c4c3c23e0b59d9e7e0cc99baf67e11ffc2f077088dda15faa259ad
runs/sfm_dataset1_sfm_1024_sift_incremental_fullres_eval/resource_samples.csv,114054,8df75974f79205d01770daeae1fceedb27c79da2c3d7e94d00e1b0380278ed9c
runs/sfm_dataset1_sfm_1024_sift_incremental_fullres_eval/sfm_dataset1_sfm_1024_sift_incremental_fullres_eval.exit,7,194ff5bca66278888f0f00be5c7ca523d15098ece958b14952533811089f6106
runs/sfm_dataset1_sfm_1024_sift_incremental_fullres_eval/worker_identity.json,475,c1922ec2762c042e6c430f61476e03be4bfa7c9b953cef617a030ad8c06ddbc1
runs/sfm_dataset1_sfm_2048_aliked_global_fullres_eval/ablation_eval/jobs/sfm_dataset1_sfm_2048_aliked_global/resource_samples.csv,17932,221acaef6f355c3ae010b2946f15bf567a81e33fdf6ee7bde28c404696af0055
runs/sfm_dataset1_sfm_2048_aliked_global_fullres_eval/ablation_eval/manifest.csv,1619,72a1b639dc8ca074272e513d7d3357c6e7c8056b994b174f8e21e31c9e24d28c
runs/sfm_dataset1_sfm_2048_aliked_global_fullres_eval/ablation_eval/metrics_long.csv,6720,3bdfab257c078247f10e1b06e67575fa7fe6bcc0b761ff10c3989b1274a5fc61
runs/sfm_dataset1_sfm_2048_aliked_global_fullres_eval/ablation_eval/results_final.csv,129,6cf300cc3eaa1536de18eb4bdbeb47d3308e50e0dd2e0f8c8cbbee795a57b170
runs/sfm_dataset1_sfm_2048_aliked_global_fullres_eval/ablation_eval/results_sfm.csv,1131,83c8a4ec972484b15dcebd035cb4a39f4f2b25b2a1f6a5c0ccc4645c398dd954
runs/sfm_dataset1_sfm_2048_aliked_global_fullres_eval/ablation_eval/results_splat.csv,1678,ee4aa7ae192e0fde746293a30dbf392de23bd22caaeef186600b48fc60c44aa7
runs/sfm_dataset1_sfm_2048_aliked_global_fullres_eval/ablation_eval/splat_eval/sfm_dataset1_sfm_2048_aliked_global/p000/attempt_1/lfs_eval_config.json,1356,cb2203da5d26ff25c0d3c42eadd03120278f181cccef913e88874a417c2f1132
runs/sfm_dataset1_sfm_2048_aliked_global_fullres_eval/ablation_eval/splat_eval/sfm_dataset1_sfm_2048_aliked_global/p000/attempt_1/loss_history.csv,8204,c721b08e5a93d39c7ff6c520363bf527448c30a4f4835c3a35c29ce986c8616a
runs/sfm_dataset1_sfm_2048_aliked_global_fullres_eval/ablation_eval/splat_eval/sfm_dataset1_sfm_2048_aliked_global/p000/attempt_1/metrics.csv,417,cf88e3386e7f6d78f4e0c3782074a76c299874e4d5cc5691547bc0126f338f09
runs/sfm_dataset1_sfm_2048_aliked_global_fullres_eval/ablation_eval/splat_eval/sfm_dataset1_sfm_2048_aliked_global/p000/attempt_1/python_metrics.json,456,a9db5acfd49b8fab7a5866fb33b410d2629d5c0f6408c51d2073b608d7b9472a
runs/sfm_dataset1_sfm_2048_aliked_global_fullres_eval/ablation_eval/splat_eval/sfm_dataset1_sfm_2048_aliked_global/p000/attempt_1/resource_samples.csv,15956,13e1a3c3b194429b8a3de3b64683f844a6038a5cdac6bf3f7069229a1b574f0f
runs/sfm_dataset1_sfm_2048_aliked_global_fullres_eval/ablation_eval/splat_eval/sfm_dataset1_sfm_2048_aliked_global/p000/attempt_1/training_status.json,2116,719b044b1ed252e248d1044914515b0a88feebda7d14951fa55b55ff5c58106e
runs/sfm_dataset1_sfm_2048_aliked_global_fullres_eval/ablation_eval/splat_eval/sfm_dataset1_sfm_2048_aliked_global/p001/attempt_1/lfs_eval_config.json,1356,cb2203da5d26ff25c0d3c42eadd03120278f181cccef913e88874a417c2f1132
runs/sfm_dataset1_sfm_2048_aliked_global_fullres_eval/ablation_eval/splat_eval/sfm_dataset1_sfm_2048_aliked_global/p001/attempt_1/loss_history.csv,8200,e6f64086f467645a922228f3ad332e0d3f2823ba4990d26a7c3f18cdac09a80e
runs/sfm_dataset1_sfm_2048_aliked_global_fullres_eval/ablation_eval/splat_eval/sfm_dataset1_sfm_2048_aliked_global/p001/attempt_1/metrics.csv,417,e9f1ec03b22db50baf9a1968aeca5a71ad91f513ef100dc6fec64dfbe01b054c
runs/sfm_dataset1_sfm_2048_aliked_global_fullres_eval/ablation_eval/splat_eval/sfm_dataset1_sfm_2048_aliked_global/p001/attempt_1/python_metrics.json,456,a9db5acfd49b8fab7a5866fb33b410d2629d5c0f6408c51d2073b608d7b9472a
runs/sfm_dataset1_sfm_2048_aliked_global_fullres_eval/ablation_eval/splat_eval/sfm_dataset1_sfm_2048_aliked_global/p001/attempt_1/resource_samples.csv,15029,df50534e6ae01711a32f0a0976786819e1fc72c1fb1323e7e69324610a73d450
runs/sfm_dataset1_sfm_2048_aliked_global_fullres_eval/ablation_eval/splat_eval/sfm_dataset1_sfm_2048_aliked_global/p001/attempt_1/training_status.json,2122,3a8bba4017d7bcdc308ebece97135dce44ccc09715804ca9de87a0c2ec26347d
runs/sfm_dataset1_sfm_2048_aliked_global_fullres_eval/ablation_eval/splat_eval/sfm_dataset1_sfm_2048_aliked_global/p002/attempt_1/lfs_eval_config.json,1356,cb2203da5d26ff25c0d3c42eadd03120278f181cccef913e88874a417c2f1132
runs/sfm_dataset1_sfm_2048_aliked_global_fullres_eval/ablation_eval/splat_eval/sfm_dataset1_sfm_2048_aliked_global/p002/attempt_1/loss_history.csv,8233,d8b71650eff28ef5a791d4af2785271908fdff977c35f71cf794a1aa60eb7a43
runs/sfm_dataset1_sfm_2048_aliked_global_fullres_eval/ablation_eval/splat_eval/sfm_dataset1_sfm_2048_aliked_global/p002/attempt_1/metrics.csv,417,ec8d6fc768a12a397bc35130a9ffdac6d48b884b8fa25d9b94555b868c2dc32f
runs/sfm_dataset1_sfm_2048_aliked_global_fullres_eval/ablation_eval/splat_eval/sfm_dataset1_sfm_2048_aliked_global/p002/attempt_1/python_metrics.json,456,a9db5acfd49b8fab7a5866fb33b410d2629d5c0f6408c51d2073b608d7b9472a
runs/sfm_dataset1_sfm_2048_aliked_global_fullres_eval/ablation_eval/splat_eval/sfm_dataset1_sfm_2048_aliked_global/p002/attempt_1/resource_samples.csv,15775,630c0481469a3184bce467a9abe1dae1d9077a722df4f6f257c3775d4ce79ee7
runs/sfm_dataset1_sfm_2048_aliked_global_fullres_eval/ablation_eval/splat_eval/sfm_dataset1_sfm_2048_aliked_global/p002/attempt_1/training_status.json,2123,30252285e16ddd522f361d62197d914315abbc3ddadeb3cf31ffb17acc68b5d8
runs/sfm_dataset1_sfm_2048_aliked_global_fullres_eval/ablation_eval/splat_eval/sfm_dataset1_sfm_2048_aliked_global/p003/attempt_1/lfs_eval_config.json,1356,cb2203da5d26ff25c0d3c42eadd03120278f181cccef913e88874a417c2f1132
runs/sfm_dataset1_sfm_2048_aliked_global_fullres_eval/ablation_eval/splat_eval/sfm_dataset1_sfm_2048_aliked_global/p003/attempt_1/loss_history.csv,8191,3b8d737055cf8d6032a8d800ef3823695cb8e0c9429d42f4f094cdedcd5eae93
runs/sfm_dataset1_sfm_2048_aliked_global_fullres_eval/ablation_eval/splat_eval/sfm_dataset1_sfm_2048_aliked_global/p003/attempt_1/metrics.csv,417,b81de8d1f2e1f589536e1114b5281048d5618ec799e51890ca93431aa08a78e2
runs/sfm_dataset1_sfm_2048_aliked_global_fullres_eval/ablation_eval/splat_eval/sfm_dataset1_sfm_2048_aliked_global/p003/attempt_1/python_metrics.json,456,a9db5acfd49b8fab7a5866fb33b410d2629d5c0f6408c51d2073b608d7b9472a
runs/sfm_dataset1_sfm_2048_aliked_global_fullres_eval/ablation_eval/splat_eval/sfm_dataset1_sfm_2048_aliked_global/p003/attempt_1/resource_samples.csv,12931,2fd923d14d7d234911a491fa133de3849bc069ea22c4db63799e71dde8bf3827
runs/sfm_dataset1_sfm_2048_aliked_global_fullres_eval/ablation_eval/splat_eval/sfm_dataset1_sfm_2048_aliked_global/p003/attempt_1/training_status.json,2123,74b8033d40f2df3103897f8c197e9f278a54b85bac971ce382fd8dc4983f567c
runs/sfm_dataset1_sfm_2048_aliked_global_fullres_eval/ablation_eval/splat_eval_selection.json,464,3dbf9254b9ccb7c3afd92779710bda5faa8b7bb4519a3c2d45f919b65e374533
runs/sfm_dataset1_sfm_2048_aliked_global_fullres_eval/diagnostics/runs/sfm_dataset1_sfm_2048_aliked_global/logs/colmap.log,9412395,afc761bfa1cebe52e879b7c317c9334631a628ccadab0ebb279868821a44bc68
runs/sfm_dataset1_sfm_2048_aliked_global_fullres_eval/diagnostics/runs/sfm_dataset1_sfm_2048_aliked_global/logs/pipeline.log,5934,db73c14db986db1ae16d7412803f2906e8b94fb980aef387b0808fc731f978f6
runs/sfm_dataset1_sfm_2048_aliked_global_fullres_eval/diagnostics/runs/sfm_dataset1_sfm_2048_aliked_global/logs/warnings.log,562,535d89f1a980df7ce65c834c779aaf3f68a1110b73fb3d1cb9101d4f73daa488
runs/sfm_dataset1_sfm_2048_aliked_global_fullres_eval/diagnostics/runs/sfm_dataset1_sfm_2048_aliked_global/run_status.json,701,3a51ba135f6b5d7c3162fb0598c8af010a161593a04c9b215760944d8fd2a2d7
runs/sfm_dataset1_sfm_2048_aliked_global_fullres_eval/diagnostics/runs/sfm_dataset1_sfm_2048_aliked_global/timings.json,2190,75972d1080476c66af210034245b15d4ce4321c8ff5765c3ebac46bc55d177c1
runs/sfm_dataset1_sfm_2048_aliked_global_fullres_eval/diagnostics/runs/sfm_dataset1_sfm_2048_aliked_global_fullres_eval/resource_samples.csv,43970,dc880b9c4d47d79c00cbe6d2bfecf74f33cbba2c9be4ba55ca46ea5938bd9653
runs/sfm_dataset1_sfm_2048_aliked_global_fullres_eval/diagnostics/runs/sfm_dataset1_sfm_2048_aliked_global_fullres_eval/resource_summary.json,152,936dc398de871d5f4217829f0b17e27eb16ab1b0dc91997b9c3a36ee3455f754
runs/sfm_dataset1_sfm_2048_aliked_global_fullres_eval/resource_samples.csv,43970,dc880b9c4d47d79c00cbe6d2bfecf74f33cbba2c9be4ba55ca46ea5938bd9653
runs/sfm_dataset1_sfm_2048_aliked_global_fullres_eval/sfm_dataset1_sfm_2048_aliked_global_fullres_eval.exit,7,194ff5bca66278888f0f00be5c7ca523d15098ece958b14952533811089f6106
runs/sfm_dataset1_sfm_2048_aliked_global_fullres_eval/worker_identity.json,472,6ddbab249c6c6e8fcf996a6666723850d7bce7b7b06d55384490db20156a5a2a
runs/sfm_dataset1_sfm_2048_aliked_incremental_fullres_eval/ablation_eval/jobs/sfm_dataset1_sfm_2048_aliked_incremental/resource_samples.csv,39196,93335b6c44a17065c97c9a6cd0cae0aa51c04aa6f45784a976bd1eb6be1359eb
runs/sfm_dataset1_sfm_2048_aliked_incremental_fullres_eval/ablation_eval/manifest.csv,1682,77210f567ec0e6c997fbdce77ad82ac55fb4fca156d4ab8abfb2f121589b1ad8
runs/sfm_dataset1_sfm_2048_aliked_incremental_fullres_eval/ablation_eval/results_final.csv,129,6cf300cc3eaa1536de18eb4bdbeb47d3308e50e0dd2e0f8c8cbbee795a57b170
runs/sfm_dataset1_sfm_2048_aliked_incremental_fullres_eval/ablation_eval/results_sfm.csv,1191,22cba49a25d3c2a2b3bc9e91c53b9eb56a8f37251105ed2ec35238282061b2ec
runs/sfm_dataset1_sfm_2048_aliked_incremental_fullres_eval/ablation_eval/results_splat.csv,298,39db4462af80f9c5d63208487ac3ac84ffe996ec2010f17b931958a3ddb3a8cb
runs/sfm_dataset1_sfm_2048_aliked_incremental_fullres_eval/ablation_eval/splat_eval_selection.json,188,143de258cc1a5ad6641137b7dab6c5a6593afb7a9beca5f83021c90af7684864
runs/sfm_dataset1_sfm_2048_aliked_incremental_fullres_eval/diagnostics/runs/sfm_dataset1_sfm_2048_aliked_incremental/logs/colmap.log,11215094,c91b1d53b94f279560880e30e1221f7efeebea40bbc4920d212cab4306d8efba
runs/sfm_dataset1_sfm_2048_aliked_incremental_fullres_eval/diagnostics/runs/sfm_dataset1_sfm_2048_aliked_incremental/logs/pipeline.log,6109,14e62aa1405a56da29635befe30a175f48831c27fae345905704f5e7c9f75c31
runs/sfm_dataset1_sfm_2048_aliked_incremental_fullres_eval/diagnostics/runs/sfm_dataset1_sfm_2048_aliked_incremental/logs/warnings.log,705,9c0f2509440e74d06832f57c53a56b069e7c756168d0bd5fd73f2b2996a6f93c
runs/sfm_dataset1_sfm_2048_aliked_incremental_fullres_eval/diagnostics/runs/sfm_dataset1_sfm_2048_aliked_incremental/run_status.json,701,c299aec75fecb24e8ad76a6f1776bdd19cafd5d6e109fdeceda4b2c1e443da0f
runs/sfm_dataset1_sfm_2048_aliked_incremental_fullres_eval/diagnostics/runs/sfm_dataset1_sfm_2048_aliked_incremental/timings.json,2190,e696b7b1e900dd02a5af1c0011a2e112380f5fc4410c805b6e777e939ba3d910
runs/sfm_dataset1_sfm_2048_aliked_incremental_fullres_eval/diagnostics/runs/sfm_dataset1_sfm_2048_aliked_incremental_fullres_eval/resource_samples.csv,35718,7162cf1b963f09fe3ae2ab18acafc1f3d4c5cf14963c9459c1e2b02ebbf5e3c0
runs/sfm_dataset1_sfm_2048_aliked_incremental_fullres_eval/diagnostics/runs/sfm_dataset1_sfm_2048_aliked_incremental_fullres_eval/resource_summary.json,149,79bfeb09a319544fe9d8182bd908c0bf21ea61cdabfbbb563c0929c6d6c09e68
runs/sfm_dataset1_sfm_2048_aliked_incremental_fullres_eval/resource_samples.csv,35718,7162cf1b963f09fe3ae2ab18acafc1f3d4c5cf14963c9459c1e2b02ebbf5e3c0
runs/sfm_dataset1_sfm_2048_aliked_incremental_fullres_eval/sfm_dataset1_sfm_2048_aliked_incremental_fullres_eval.exit,7,194ff5bca66278888f0f00be5c7ca523d15098ece958b14952533811089f6106
runs/sfm_dataset1_sfm_2048_aliked_incremental_fullres_eval/worker_identity.json,477,ea67002cd9e2564927d84e266aeb50521c9daf971c2cf186574343033cb2d539
runs/sfm_dataset1_sfm_2048_sift_global_fullres_eval/ablation_eval/jobs/sfm_dataset1_sfm_2048_sift_global/resource_samples.csv,75539,3b90f12ce77eb29e96dd6d47d0a9859cbecf8e955ae6dc27afab00f39b575f6f
runs/sfm_dataset1_sfm_2048_sift_global_fullres_eval/ablation_eval/manifest.csv,1406,6d255e2fa031230142b2181dd3c4dc68b2713f4f578f95130655979a99e80043
runs/sfm_dataset1_sfm_2048_sift_global_fullres_eval/ablation_eval/metrics_long.csv,16226,a583b7fba582192391af749a92006f5c7568c41808b80b2cc1b5931279b9573e
runs/sfm_dataset1_sfm_2048_sift_global_fullres_eval/ablation_eval/results_final.csv,129,6cf300cc3eaa1536de18eb4bdbeb47d3308e50e0dd2e0f8c8cbbee795a57b170
runs/sfm_dataset1_sfm_2048_sift_global_fullres_eval/ablation_eval/results_sfm.csv,1165,d4276ae4a733486361e903a886db5b65367972b409802d1ad53cf3a73619d88f
runs/sfm_dataset1_sfm_2048_sift_global_fullres_eval/ablation_eval/results_splat.csv,3711,e18dfc515f2dcc57ea1b9b1ed0668b405212209a08be995ebd9fb939775f68ee
runs/sfm_dataset1_sfm_2048_sift_global_fullres_eval/ablation_eval/splat_eval/sfm_dataset1_sfm_2048_sift_global/p000/attempt_1/lfs_eval_config.json,1356,cb2203da5d26ff25c0d3c42eadd03120278f181cccef913e88874a417c2f1132
runs/sfm_dataset1_sfm_2048_sift_global_fullres_eval/ablation_eval/splat_eval/sfm_dataset1_sfm_2048_sift_global/p000/attempt_1/loss_history.csv,8244,b02ab3268bd2f598ba6add41b980b793ae2e6983a5b48db597394ba0857d4641
runs/sfm_dataset1_sfm_2048_sift_global_fullres_eval/ablation_eval/splat_eval/sfm_dataset1_sfm_2048_sift_global/p000/attempt_1/metrics.csv,417,c24d03fab6caa9242344a5f6fc2f3f13cefc86be2858c41ff2263f26ee7bfa6a
runs/sfm_dataset1_sfm_2048_sift_global_fullres_eval/ablation_eval/splat_eval/sfm_dataset1_sfm_2048_sift_global/p000/attempt_1/python_metrics.json,456,09956cf49ecf24e6a0bacf262e0fd7f4670f7ce9548b55b98f0002f015ab166c
runs/sfm_dataset1_sfm_2048_sift_global_fullres_eval/ablation_eval/splat_eval/sfm_dataset1_sfm_2048_sift_global/p000/attempt_1/resource_samples.csv,15767,1491e7bd9745a77c6f4d2c73ceb6cde4877289290f569c15d50407eb74db90a8
runs/sfm_dataset1_sfm_2048_sift_global_fullres_eval/ablation_eval/splat_eval/sfm_dataset1_sfm_2048_sift_global/p000/attempt_1/training_status.json,2108,3b01cd1b8c4bc31800082292740788da647d74c29889e5ea1b32fe0e40676bea
runs/sfm_dataset1_sfm_2048_sift_global_fullres_eval/ablation_eval/splat_eval/sfm_dataset1_sfm_2048_sift_global/p004/attempt_1/lfs_eval_config.json,1356,cb2203da5d26ff25c0d3c42eadd03120278f181cccef913e88874a417c2f1132
runs/sfm_dataset1_sfm_2048_sift_global_fullres_eval/ablation_eval/splat_eval/sfm_dataset1_sfm_2048_sift_global/p004/attempt_1/loss_history.csv,8248,4bbdcb7a18d847506eef6a5aa96d6517ec2df88d595620c620f1d8a9229d2c06
runs/sfm_dataset1_sfm_2048_sift_global_fullres_eval/ablation_eval/splat_eval/sfm_dataset1_sfm_2048_sift_global/p004/attempt_1/metrics.csv,417,3d54592ba2d874406a652f7de1fbb09ea2c92ff01b2ef7b0149d0dcda17b1fce
runs/sfm_dataset1_sfm_2048_sift_global_fullres_eval/ablation_eval/splat_eval/sfm_dataset1_sfm_2048_sift_global/p004/attempt_1/python_metrics.json,456,09956cf49ecf24e6a0bacf262e0fd7f4670f7ce9548b55b98f0002f015ab166c
runs/sfm_dataset1_sfm_2048_sift_global_fullres_eval/ablation_eval/splat_eval/sfm_dataset1_sfm_2048_sift_global/p004/attempt_1/resource_samples.csv,15868,4147c5c70b45d51a0cbb8a078a6301d1d495c86ebb56439a94571ddce48e7ead
runs/sfm_dataset1_sfm_2048_sift_global_fullres_eval/ablation_eval/splat_eval/sfm_dataset1_sfm_2048_sift_global/p004/attempt_1/training_status.json,2109,0882d2e50135f5cbb30b03aefc578195a2206842062a0eda7607581159a77774
runs/sfm_dataset1_sfm_2048_sift_global_fullres_eval/ablation_eval/splat_eval/sfm_dataset1_sfm_2048_sift_global/p007/attempt_1/lfs_eval_config.json,1356,cb2203da5d26ff25c0d3c42eadd03120278f181cccef913e88874a417c2f1132
runs/sfm_dataset1_sfm_2048_sift_global_fullres_eval/ablation_eval/splat_eval/sfm_dataset1_sfm_2048_sift_global/p007/attempt_1/loss_history.csv,8259,d5dded76d8cd5f3d7ef31c3e7626d8d9ff902ef49eef3743fcb5fe66fab0e068
runs/sfm_dataset1_sfm_2048_sift_global_fullres_eval/ablation_eval/splat_eval/sfm_dataset1_sfm_2048_sift_global/p007/attempt_1/metrics.csv,417,c2d75bc82e4005e66ec0133da01e47eabadb5306d3ff60c22341a21a62cf11f7
runs/sfm_dataset1_sfm_2048_sift_global_fullres_eval/ablation_eval/splat_eval/sfm_dataset1_sfm_2048_sift_global/p007/attempt_1/python_metrics.json,456,09956cf49ecf24e6a0bacf262e0fd7f4670f7ce9548b55b98f0002f015ab166c
runs/sfm_dataset1_sfm_2048_sift_global_fullres_eval/ablation_eval/splat_eval/sfm_dataset1_sfm_2048_sift_global/p007/attempt_1/resource_samples.csv,15880,71bfa1530067d38802c21e478af9d7f4d064d86c12403ce1308ddb705421eced
runs/sfm_dataset1_sfm_2048_sift_global_fullres_eval/ablation_eval/splat_eval/sfm_dataset1_sfm_2048_sift_global/p007/attempt_1/training_status.json,2107,202d3fd6d16228fe10374094f2bb4daa4965117e479995b921aa5ddc9cc98cc9
runs/sfm_dataset1_sfm_2048_sift_global_fullres_eval/ablation_eval/splat_eval/sfm_dataset1_sfm_2048_sift_global/p011/attempt_1/lfs_eval_config.json,1356,cb2203da5d26ff25c0d3c42eadd03120278f181cccef913e88874a417c2f1132
runs/sfm_dataset1_sfm_2048_sift_global_fullres_eval/ablation_eval/splat_eval/sfm_dataset1_sfm_2048_sift_global/p011/attempt_1/loss_history.csv,8255,2a36eb17d0329e48ad257afcce5b414a98eee435c3552af477b9a307570127ff
runs/sfm_dataset1_sfm_2048_sift_global_fullres_eval/ablation_eval/splat_eval/sfm_dataset1_sfm_2048_sift_global/p011/attempt_1/metrics.csv,417,d8ce271544f8a3e041d42128b869a6602f195ed0dfa1a23116f4928ef3121fa8
runs/sfm_dataset1_sfm_2048_sift_global_fullres_eval/ablation_eval/splat_eval/sfm_dataset1_sfm_2048_sift_global/p011/attempt_1/python_metrics.json,456,09956cf49ecf24e6a0bacf262e0fd7f4670f7ce9548b55b98f0002f015ab166c
runs/sfm_dataset1_sfm_2048_sift_global_fullres_eval/ablation_eval/splat_eval/sfm_dataset1_sfm_2048_sift_global/p011/attempt_1/resource_samples.csv,15011,7976315b1d4711d949dd8d03cc2b5c060cbd3a2d568303a54b277c5495eab09e
runs/sfm_dataset1_sfm_2048_sift_global_fullres_eval/ablation_eval/splat_eval/sfm_dataset1_sfm_2048_sift_global/p011/attempt_1/training_status.json,2109,dfe2a13ce3c3628a21356808286b4a666e5109fffec08221ce90b6ad20762de1
runs/sfm_dataset1_sfm_2048_sift_global_fullres_eval/ablation_eval/splat_eval/sfm_dataset1_sfm_2048_sift_global/p014/attempt_1/lfs_eval_config.json,1356,cb2203da5d26ff25c0d3c42eadd03120278f181cccef913e88874a417c2f1132
runs/sfm_dataset1_sfm_2048_sift_global_fullres_eval/ablation_eval/splat_eval/sfm_dataset1_sfm_2048_sift_global/p014/attempt_1/loss_history.csv,8235,e63f54b9cc4e23770fd633316a852ec466314655fbb663f73e15190a759bfe1d
runs/sfm_dataset1_sfm_2048_sift_global_fullres_eval/ablation_eval/splat_eval/sfm_dataset1_sfm_2048_sift_global/p014/attempt_1/metrics.csv,417,1fd5e71c4ee8a461c5f7a4e3ed24f3646e5e62203fa87b4714e824e6d89eef3a
runs/sfm_dataset1_sfm_2048_sift_global_fullres_eval/ablation_eval/splat_eval/sfm_dataset1_sfm_2048_sift_global/p014/attempt_1/python_metrics.json,456,09956cf49ecf24e6a0bacf262e0fd7f4670f7ce9548b55b98f0002f015ab166c
runs/sfm_dataset1_sfm_2048_sift_global_fullres_eval/ablation_eval/splat_eval/sfm_dataset1_sfm_2048_sift_global/p014/attempt_1/resource_samples.csv,15820,ac9300984f52c4e6f365e7ca8281d6efe376b72af6d35ecf7b7b7933c02212d8
runs/sfm_dataset1_sfm_2048_sift_global_fullres_eval/ablation_eval/splat_eval/sfm_dataset1_sfm_2048_sift_global/p014/attempt_1/training_status.json,2105,0b4321a106f812c2c37ebad5bf7bf1194409a5237f14aef2c56ef38049aca220
runs/sfm_dataset1_sfm_2048_sift_global_fullres_eval/ablation_eval/splat_eval/sfm_dataset1_sfm_2048_sift_global/p018/attempt_1/lfs_eval_config.json,1356,cb2203da5d26ff25c0d3c42eadd03120278f181cccef913e88874a417c2f1132
runs/sfm_dataset1_sfm_2048_sift_global_fullres_eval/ablation_eval/splat_eval/sfm_dataset1_sfm_2048_sift_global/p018/attempt_1/loss_history.csv,8240,b428a7ee6744d2a66b534ab781f84781275f9fed51f16fb3390d290883223185
runs/sfm_dataset1_sfm_2048_sift_global_fullres_eval/ablation_eval/splat_eval/sfm_dataset1_sfm_2048_sift_global/p018/attempt_1/metrics.csv,417,b0544c6933c5371def64cb7b8c4cfdbbf11906d97348a5f1bf3dc3a557a4ad7c
runs/sfm_dataset1_sfm_2048_sift_global_fullres_eval/ablation_eval/splat_eval/sfm_dataset1_sfm_2048_sift_global/p018/attempt_1/python_metrics.json,456,09956cf49ecf24e6a0bacf262e0fd7f4670f7ce9548b55b98f0002f015ab166c
runs/sfm_dataset1_sfm_2048_sift_global_fullres_eval/ablation_eval/splat_eval/sfm_dataset1_sfm_2048_sift_global/p018/attempt_1/resource_samples.csv,15873,60df09b09077bc37d077367adcf20cb1e8a82f7284db2050411e000d8a0a03c6
runs/sfm_dataset1_sfm_2048_sift_global_fullres_eval/ablation_eval/splat_eval/sfm_dataset1_sfm_2048_sift_global/p018/attempt_1/training_status.json,2109,be7dcc5529fb0360ac045e274b625efd4b28c26a43b237e7328e36a3688b7c72
runs/sfm_dataset1_sfm_2048_sift_global_fullres_eval/ablation_eval/splat_eval/sfm_dataset1_sfm_2048_sift_global/p021/attempt_1/lfs_eval_config.json,1356,cb2203da5d26ff25c0d3c42eadd03120278f181cccef913e88874a417c2f1132
runs/sfm_dataset1_sfm_2048_sift_global_fullres_eval/ablation_eval/splat_eval/sfm_dataset1_sfm_2048_sift_global/p021/attempt_1/loss_history.csv,8239,2fcf1b089184434602dfdb4ac2e83cb8d0ec771605a2af4663226c808a336ec7
runs/sfm_dataset1_sfm_2048_sift_global_fullres_eval/ablation_eval/splat_eval/sfm_dataset1_sfm_2048_sift_global/p021/attempt_1/metrics.csv,417,51704824d21612127abfc108e5f4620a916ac2eedd2fa08c8fccf3b5c858f777
runs/sfm_dataset1_sfm_2048_sift_global_fullres_eval/ablation_eval/splat_eval/sfm_dataset1_sfm_2048_sift_global/p021/attempt_1/python_metrics.json,456,09956cf49ecf24e6a0bacf262e0fd7f4670f7ce9548b55b98f0002f015ab166c
runs/sfm_dataset1_sfm_2048_sift_global_fullres_eval/ablation_eval/splat_eval/sfm_dataset1_sfm_2048_sift_global/p021/attempt_1/resource_samples.csv,15644,72642660a89ee7e177de773f03890fd9aa099a717d1760242a25fd3b86f84a96
runs/sfm_dataset1_sfm_2048_sift_global_fullres_eval/ablation_eval/splat_eval/sfm_dataset1_sfm_2048_sift_global/p021/attempt_1/training_status.json,2106,020a4561a564209ea1fb496aea12175a0af442685ae9f45ac08487b505c7546b
runs/sfm_dataset1_sfm_2048_sift_global_fullres_eval/ablation_eval/splat_eval/sfm_dataset1_sfm_2048_sift_global/p025/attempt_1/lfs_eval_config.json,1356,cb2203da5d26ff25c0d3c42eadd03120278f181cccef913e88874a417c2f1132
runs/sfm_dataset1_sfm_2048_sift_global_fullres_eval/ablation_eval/splat_eval/sfm_dataset1_sfm_2048_sift_global/p025/attempt_1/loss_history.csv,8255,f337c3de280d7a5544479d37f949bd83e5f550b20b7a4b574e9fd0518ec67518
runs/sfm_dataset1_sfm_2048_sift_global_fullres_eval/ablation_eval/splat_eval/sfm_dataset1_sfm_2048_sift_global/p025/attempt_1/metrics.csv,417,6dc2285b3cba51ddafcb8ffbb7b7d5d8a371ac4743acbbd7f814b54b46744360
runs/sfm_dataset1_sfm_2048_sift_global_fullres_eval/ablation_eval/splat_eval/sfm_dataset1_sfm_2048_sift_global/p025/attempt_1/python_metrics.json,456,09956cf49ecf24e6a0bacf262e0fd7f4670f7ce9548b55b98f0002f015ab166c
runs/sfm_dataset1_sfm_2048_sift_global_fullres_eval/ablation_eval/splat_eval/sfm_dataset1_sfm_2048_sift_global/p025/attempt_1/resource_samples.csv,15234,fdbc392219ac0cdcf8c89f10ec665597184723e3bd3cbad4067c0b16ce454c18
runs/sfm_dataset1_sfm_2048_sift_global_fullres_eval/ablation_eval/splat_eval/sfm_dataset1_sfm_2048_sift_global/p025/attempt_1/training_status.json,2108,4e12712305cfd74f3c17b7676e27f7fe47f40b9cd04bf970efcfd73161b225e5
runs/sfm_dataset1_sfm_2048_sift_global_fullres_eval/ablation_eval/splat_eval/sfm_dataset1_sfm_2048_sift_global/p028/attempt_1/lfs_eval_config.json,1356,cb2203da5d26ff25c0d3c42eadd03120278f181cccef913e88874a417c2f1132
runs/sfm_dataset1_sfm_2048_sift_global_fullres_eval/ablation_eval/splat_eval/sfm_dataset1_sfm_2048_sift_global/p028/attempt_1/loss_history.csv,8255,bf3c9adf3b21cdbe81d5183490bbd874a85e4ba36680d3d73db58d33408578d1
runs/sfm_dataset1_sfm_2048_sift_global_fullres_eval/ablation_eval/splat_eval/sfm_dataset1_sfm_2048_sift_global/p028/attempt_1/metrics.csv,417,20a5b6238ea52808f5cbc5360e3b737eca7db5433279b604d06ce7835ed1ca52
runs/sfm_dataset1_sfm_2048_sift_global_fullres_eval/ablation_eval/splat_eval/sfm_dataset1_sfm_2048_sift_global/p028/attempt_1/python_metrics.json,456,09956cf49ecf24e6a0bacf262e0fd7f4670f7ce9548b55b98f0002f015ab166c
runs/sfm_dataset1_sfm_2048_sift_global_fullres_eval/ablation_eval/splat_eval/sfm_dataset1_sfm_2048_sift_global/p028/attempt_1/resource_samples.csv,15968,3a480c37676578be885dc3e9bf982d00fa9f020ead7e9c4ff4c3f9f7b7ea6f03
runs/sfm_dataset1_sfm_2048_sift_global_fullres_eval/ablation_eval/splat_eval/sfm_dataset1_sfm_2048_sift_global/p028/attempt_1/training_status.json,2109,10da7216dd635d316b3d3a9f367020c84d4e150de723975e55c4155c9b8735b9
runs/sfm_dataset1_sfm_2048_sift_global_fullres_eval/ablation_eval/splat_eval/sfm_dataset1_sfm_2048_sift_global/p032/attempt_1/lfs_eval_config.json,1356,cb2203da5d26ff25c0d3c42eadd03120278f181cccef913e88874a417c2f1132
runs/sfm_dataset1_sfm_2048_sift_global_fullres_eval/ablation_eval/splat_eval/sfm_dataset1_sfm_2048_sift_global/p032/attempt_1/loss_history.csv,8244,9ff304f48701ed243e92546506921ceb9768c2a3933f1a78ecb39666c3e8216c
runs/sfm_dataset1_sfm_2048_sift_global_fullres_eval/ablation_eval/splat_eval/sfm_dataset1_sfm_2048_sift_global/p032/attempt_1/metrics.csv,417,1a07eb523c4d6e159b8bc1c7e9fad9202baa8a46b9e842e625dab18d1cd07d30
runs/sfm_dataset1_sfm_2048_sift_global_fullres_eval/ablation_eval/splat_eval/sfm_dataset1_sfm_2048_sift_global/p032/attempt_1/python_metrics.json,456,09956cf49ecf24e6a0bacf262e0fd7f4670f7ce9548b55b98f0002f015ab166c
runs/sfm_dataset1_sfm_2048_sift_global_fullres_eval/ablation_eval/splat_eval/sfm_dataset1_sfm_2048_sift_global/p032/attempt_1/resource_samples.csv,15299,c2557dac39db331e3ac71d4992cd2a43dd823025602ad8c9df78d9373035a050
runs/sfm_dataset1_sfm_2048_sift_global_fullres_eval/ablation_eval/splat_eval/sfm_dataset1_sfm_2048_sift_global/p032/attempt_1/training_status.json,2107,16db3c82b503b5691b335bb00f02d860a75d4bfd5c02e0aa6ff064c3ed3bcbe8
runs/sfm_dataset1_sfm_2048_sift_global_fullres_eval/ablation_eval/splat_eval_selection.json,558,524f012270c1f0a46c30e5c765c2c53191e22d6d9628b9b436adeb52dd46d50b
runs/sfm_dataset1_sfm_2048_sift_global_fullres_eval/diagnostics/runs/sfm_dataset1_sfm_2048_sift_global/logs/colmap.log,13553053,0341b0175c575792fab7dd939b29d49ba0c88f3e6cd8f8c51e699d66bc1afb2d
runs/sfm_dataset1_sfm_2048_sift_global_fullres_eval/diagnostics/runs/sfm_dataset1_sfm_2048_sift_global/logs/pipeline.log,5293,b01f1a8800a6dfd2c854ee5cadb9e82aea82fbc2176fe386ae370f8d14cf01fb
runs/sfm_dataset1_sfm_2048_sift_global_fullres_eval/diagnostics/runs/sfm_dataset1_sfm_2048_sift_global/logs/warnings.log,354,bd5aa86d1c7bd7d52751003a559cc05d4cbe0996dddc2635d65d7cb0ea884325
runs/sfm_dataset1_sfm_2048_sift_global_fullres_eval/diagnostics/runs/sfm_dataset1_sfm_2048_sift_global/run_status.json,701,d17b5b95d9763bcba7d81cce150cfa3148e097708430052b3f012677be98dae6
runs/sfm_dataset1_sfm_2048_sift_global_fullres_eval/diagnostics/runs/sfm_dataset1_sfm_2048_sift_global/timings.json,2195,70fe97bc9fe6110d89f929ae259255030e0755f1d54f650aaf3f162a94f6a7b6
runs/sfm_dataset1_sfm_2048_sift_global_fullres_eval/diagnostics/runs/sfm_dataset1_sfm_2048_sift_global_fullres_eval/resource_samples.csv,141625,160b38e4ba01c7963aacd4f6846b645f50a91e193343868978d9b1efa73f0488
runs/sfm_dataset1_sfm_2048_sift_global_fullres_eval/diagnostics/runs/sfm_dataset1_sfm_2048_sift_global_fullres_eval/resource_summary.json,152,81f47a248dc9ac95967ebec63f405d710bf26d0af69cf2a2cba23eb28649d193
runs/sfm_dataset1_sfm_2048_sift_global_fullres_eval/resource_samples.csv,141625,160b38e4ba01c7963aacd4f6846b645f50a91e193343868978d9b1efa73f0488
runs/sfm_dataset1_sfm_2048_sift_global_fullres_eval/sfm_dataset1_sfm_2048_sift_global_fullres_eval.exit,7,194ff5bca66278888f0f00be5c7ca523d15098ece958b14952533811089f6106
runs/sfm_dataset1_sfm_2048_sift_global_fullres_eval/worker_identity.json,470,b334a319b3fa268c9bf86491af6796652e4c657b6c9e0f86fddb11f7ab3f7036
runs/sfm_dataset1_sfm_2048_sift_incremental_fullres_eval/ablation_eval/jobs/sfm_dataset1_sfm_2048_sift_incremental/resource_samples.csv,126119,4d0236c6f3dbe6b24ba1b0beb420e736b8a30b1d1ee511f77ba169d150145726
runs/sfm_dataset1_sfm_2048_sift_incremental_fullres_eval/ablation_eval/manifest.csv,1469,67b056b4f9c5520fbb03af0f5e73ca02acd1dd8c45088bd5a79ff23cf0ea5656
runs/sfm_dataset1_sfm_2048_sift_incremental_fullres_eval/ablation_eval/results_final.csv,129,6cf300cc3eaa1536de18eb4bdbeb47d3308e50e0dd2e0f8c8cbbee795a57b170
runs/sfm_dataset1_sfm_2048_sift_incremental_fullres_eval/ablation_eval/results_sfm.csv,860,d1ce65f225f7aa8a96fb029bb420d1b01ba690ce3a49dddb7dee82f667afa050
runs/sfm_dataset1_sfm_2048_sift_incremental_fullres_eval/ablation_eval/results_splat.csv,298,39db4462af80f9c5d63208487ac3ac84ffe996ec2010f17b931958a3ddb3a8cb
runs/sfm_dataset1_sfm_2048_sift_incremental_fullres_eval/ablation_eval/splat_eval_selection.json,188,143de258cc1a5ad6641137b7dab6c5a6593afb7a9beca5f83021c90af7684864
runs/sfm_dataset1_sfm_2048_sift_incremental_fullres_eval/diagnostics/runs/sfm_dataset1_sfm_2048_sift_incremental/logs/colmap.log,9686353,f1f63209810dd882a438775eb6b0d6c4b8ffe22c2389ff1624a4dfc9c66356d6
runs/sfm_dataset1_sfm_2048_sift_incremental_fullres_eval/diagnostics/runs/sfm_dataset1_sfm_2048_sift_incremental/logs/pipeline.log,2385,2e96f6b659377a4b6861582242974d06efcc5a8883f93d52783b2f8fc61f5bb6
runs/sfm_dataset1_sfm_2048_sift_incremental_fullres_eval/diagnostics/runs/sfm_dataset1_sfm_2048_sift_incremental/run_status.json,1460,0c7eb8be26dffee92872954b608a4709b52e7d041e19ff5ecb499023b829fb59
runs/sfm_dataset1_sfm_2048_sift_incremental_fullres_eval/diagnostics/runs/sfm_dataset1_sfm_2048_sift_incremental/timings.json,4043,b6983c2df9ca6275f469c053f8b146760abb7a49545f716ba2a8e9dc44adc6b8
runs/sfm_dataset1_sfm_2048_sift_incremental_fullres_eval/diagnostics/runs/sfm_dataset1_sfm_2048_sift_incremental_fullres_eval/resource_samples.csv,114217,cd343a0c0d39c12b53ffc25309fad9a082a4bbfbe25022ca1d143791d74f5041
runs/sfm_dataset1_sfm_2048_sift_incremental_fullres_eval/diagnostics/runs/sfm_dataset1_sfm_2048_sift_incremental_fullres_eval/resource_summary.json,150,8aa2dff25421e79d4a68b6a4eeb25d1021af5ededf2442dce694c6c16b1fa8ca
runs/sfm_dataset1_sfm_2048_sift_incremental_fullres_eval/resource_samples.csv,114217,cd343a0c0d39c12b53ffc25309fad9a082a4bbfbe25022ca1d143791d74f5041
runs/sfm_dataset1_sfm_2048_sift_incremental_fullres_eval/sfm_dataset1_sfm_2048_sift_incremental_fullres_eval.exit,7,194ff5bca66278888f0f00be5c7ca523d15098ece958b14952533811089f6106
runs/sfm_dataset1_sfm_2048_sift_incremental_fullres_eval/worker_identity.json,475,4afb66daab7ac77959454024e4fd5324817dd84335979bb9e0a64241d82de410
runs/sfm_dataset1_sfm_full_aliked_global_fullres_eval/ablation_eval/jobs/sfm_dataset1_sfm_full_aliked_global/resource_samples.csv,16600,e3b4fbcef36d75e4eaafa10307ce6ce49fd89cc3cd28fe1ed4f6a0a4ab9fd9e0
runs/sfm_dataset1_sfm_full_aliked_global_fullres_eval/ablation_eval/manifest.csv,1563,440db37cc3fbb74f960e239b703acc4bc1ced0d7ee8b02bf58ece972f332f6ee
runs/sfm_dataset1_sfm_full_aliked_global_fullres_eval/ablation_eval/metrics_long.csv,6722,30ef809be8056c4614e6c2076286d0088c411033b0fd6f8fa4ee246662124aa2
runs/sfm_dataset1_sfm_full_aliked_global_fullres_eval/ablation_eval/results_final.csv,129,6cf300cc3eaa1536de18eb4bdbeb47d3308e50e0dd2e0f8c8cbbee795a57b170
runs/sfm_dataset1_sfm_full_aliked_global_fullres_eval/ablation_eval/results_sfm.csv,1134,506d69cbea75bea34b97fca78de0a3d8effb0013751ffbcdb562f16c28b610f3
runs/sfm_dataset1_sfm_full_aliked_global_fullres_eval/ablation_eval/results_splat.csv,1681,186bc916dc9deacea504ee597f48eb4c51bfd187586a6154a6c7b0b76ac0590a
runs/sfm_dataset1_sfm_full_aliked_global_fullres_eval/ablation_eval/splat_eval/sfm_dataset1_sfm_full_aliked_global/p000/attempt_1/lfs_eval_config.json,1356,cb2203da5d26ff25c0d3c42eadd03120278f181cccef913e88874a417c2f1132
runs/sfm_dataset1_sfm_full_aliked_global_fullres_eval/ablation_eval/splat_eval/sfm_dataset1_sfm_full_aliked_global/p000/attempt_1/loss_history.csv,8215,00226416a619bd857946e064a3baa55d728761d19c8b0e0114346b77829c1556
runs/sfm_dataset1_sfm_full_aliked_global_fullres_eval/ablation_eval/splat_eval/sfm_dataset1_sfm_full_aliked_global/p000/attempt_1/metrics.csv,417,8f632ab6bbbd873c3e799ea73b920e0d8b6e7c801c8e1ada25121a93f10f6087
runs/sfm_dataset1_sfm_full_aliked_global_fullres_eval/ablation_eval/splat_eval/sfm_dataset1_sfm_full_aliked_global/p000/attempt_1/python_metrics.json,456,f22a6648f63cd34e3013bc283dcf49d2f65509a3657714ce190310702a22bd37
runs/sfm_dataset1_sfm_full_aliked_global_fullres_eval/ablation_eval/splat_eval/sfm_dataset1_sfm_full_aliked_global/p000/attempt_1/resource_samples.csv,16308,f97ce20532ca956b0bee0aefd89666734ca964076ae305d9a77bebfd0b94ddfc
runs/sfm_dataset1_sfm_full_aliked_global_fullres_eval/ablation_eval/splat_eval/sfm_dataset1_sfm_full_aliked_global/p000/attempt_1/training_status.json,2122,f77ea5d654a63b34d02cfadb7a0fedc831d80d87bd707ea86d15cca3f7305884
runs/sfm_dataset1_sfm_full_aliked_global_fullres_eval/ablation_eval/splat_eval/sfm_dataset1_sfm_full_aliked_global/p001/attempt_1/lfs_eval_config.json,1356,cb2203da5d26ff25c0d3c42eadd03120278f181cccef913e88874a417c2f1132
runs/sfm_dataset1_sfm_full_aliked_global_fullres_eval/ablation_eval/splat_eval/sfm_dataset1_sfm_full_aliked_global/p001/attempt_1/loss_history.csv,8207,6db2673248238b361f0f5428bad30e61a710e5d228f129a0180825717242231c
runs/sfm_dataset1_sfm_full_aliked_global_fullres_eval/ablation_eval/splat_eval/sfm_dataset1_sfm_full_aliked_global/p001/attempt_1/metrics.csv,417,9cf3d0d93cbe3e24bafc48906c95210c14b693a991a58c2eefc1a6b8376b89bb
runs/sfm_dataset1_sfm_full_aliked_global_fullres_eval/ablation_eval/splat_eval/sfm_dataset1_sfm_full_aliked_global/p001/attempt_1/python_metrics.json,456,f22a6648f63cd34e3013bc283dcf49d2f65509a3657714ce190310702a22bd37
runs/sfm_dataset1_sfm_full_aliked_global_fullres_eval/ablation_eval/splat_eval/sfm_dataset1_sfm_full_aliked_global/p001/attempt_1/resource_samples.csv,15150,417bf952a475fc7b1ff78359db3ed0e4fa4455d96887bf1e66e4c5de8db36adc
runs/sfm_dataset1_sfm_full_aliked_global_fullres_eval/ablation_eval/splat_eval/sfm_dataset1_sfm_full_aliked_global/p001/attempt_1/training_status.json,2123,13de70e064f8bcde005176ecac2032b460bd99121929e5ac54ae8c3a3a0a59e6
runs/sfm_dataset1_sfm_full_aliked_global_fullres_eval/ablation_eval/splat_eval/sfm_dataset1_sfm_full_aliked_global/p002/attempt_1/lfs_eval_config.json,1356,cb2203da5d26ff25c0d3c42eadd03120278f181cccef913e88874a417c2f1132
runs/sfm_dataset1_sfm_full_aliked_global_fullres_eval/ablation_eval/splat_eval/sfm_dataset1_sfm_full_aliked_global/p002/attempt_1/loss_history.csv,8240,8205b344fb328867ae8cbc4f2fff3d62899921dfc3128e81760d98774d4346d6
runs/sfm_dataset1_sfm_full_aliked_global_fullres_eval/ablation_eval/splat_eval/sfm_dataset1_sfm_full_aliked_global/p002/attempt_1/metrics.csv,417,aa9861c325dbea15df93bc517441be4c9043750de309832625f26948f5b3dba7
runs/sfm_dataset1_sfm_full_aliked_global_fullres_eval/ablation_eval/splat_eval/sfm_dataset1_sfm_full_aliked_global/p002/attempt_1/python_metrics.json,456,f22a6648f63cd34e3013bc283dcf49d2f65509a3657714ce190310702a22bd37
runs/sfm_dataset1_sfm_full_aliked_global_fullres_eval/ablation_eval/splat_eval/sfm_dataset1_sfm_full_aliked_global/p002/attempt_1/resource_samples.csv,16312,58c00ffbb40e15abc57bac347a721e6712cb939215a4f0d8eeee4fa9c15be1b8
runs/sfm_dataset1_sfm_full_aliked_global_fullres_eval/ablation_eval/splat_eval/sfm_dataset1_sfm_full_aliked_global/p002/attempt_1/training_status.json,2123,02fb627f4539d7f7fe5271b13fa20300adadf0f828b18a4cfbcf95479599b601
runs/sfm_dataset1_sfm_full_aliked_global_fullres_eval/ablation_eval/splat_eval/sfm_dataset1_sfm_full_aliked_global/p003/attempt_1/lfs_eval_config.json,1356,cb2203da5d26ff25c0d3c42eadd03120278f181cccef913e88874a417c2f1132
runs/sfm_dataset1_sfm_full_aliked_global_fullres_eval/ablation_eval/splat_eval/sfm_dataset1_sfm_full_aliked_global/p003/attempt_1/loss_history.csv,8182,7aeac6ee1744d2750a997cea9153e49c8310d1b4c5a970eba384561b6d702d14
runs/sfm_dataset1_sfm_full_aliked_global_fullres_eval/ablation_eval/splat_eval/sfm_dataset1_sfm_full_aliked_global/p003/attempt_1/metrics.csv,417,1375b8e5e2b2750afec8ed4d3eb02f9488c713f1ca13962ee277bbd87984aca0
runs/sfm_dataset1_sfm_full_aliked_global_fullres_eval/ablation_eval/splat_eval/sfm_dataset1_sfm_full_aliked_global/p003/attempt_1/python_metrics.json,456,f22a6648f63cd34e3013bc283dcf49d2f65509a3657714ce190310702a22bd37
runs/sfm_dataset1_sfm_full_aliked_global_fullres_eval/ablation_eval/splat_eval/sfm_dataset1_sfm_full_aliked_global/p003/attempt_1/resource_samples.csv,13594,ddf2f91f0e9fd9edc242b4b9acb7668c2aa6e04f4b7462435c63036f4104a4c4
runs/sfm_dataset1_sfm_full_aliked_global_fullres_eval/ablation_eval/splat_eval/sfm_dataset1_sfm_full_aliked_global/p003/attempt_1/training_status.json,2123,6cd6c185bcc5855069b266a2a546a5ac7314c3dc4f355e9909e1a134b1ff546b
runs/sfm_dataset1_sfm_full_aliked_global_fullres_eval/ablation_eval/splat_eval_selection.json,464,83c1702d0972ccdc934b23f6c6021873aabc05bdf9620d0a3e285fe10878db2f
runs/sfm_dataset1_sfm_full_aliked_global_fullres_eval/diagnostics/runs/sfm_dataset1_sfm_full_aliked_global/logs/colmap.log,9412610,b5d05403267ee4d65e0a124c249d80ea095f54ea20528a66336ed5e687ac0726
runs/sfm_dataset1_sfm_full_aliked_global_fullres_eval/diagnostics/runs/sfm_dataset1_sfm_full_aliked_global/logs/pipeline.log,5934,76cca148f82f12913c54542b4035aa56bd814a39eb09d8c7c6291c8109441fc8
runs/sfm_dataset1_sfm_full_aliked_global_fullres_eval/diagnostics/runs/sfm_dataset1_sfm_full_aliked_global/logs/warnings.log,562,9b1ef94cb21e6c721c71e5438efb002c9adca76dafba368d111f149095525f3c
runs/sfm_dataset1_sfm_full_aliked_global_fullres_eval/diagnostics/runs/sfm_dataset1_sfm_full_aliked_global/run_status.json,701,9bc6badf8971d11673cc9b46b6b75329b003307e9625864d1d9ad5cff2685332
runs/sfm_dataset1_sfm_full_aliked_global_fullres_eval/diagnostics/runs/sfm_dataset1_sfm_full_aliked_global/timings.json,2188,49b94ba7d81676dcb15ac47892d48d589c0b3e78a5e1a415f0db67aad1472b5e
runs/sfm_dataset1_sfm_full_aliked_global_fullres_eval/diagnostics/runs/sfm_dataset1_sfm_full_aliked_global_fullres_eval/resource_samples.csv,43466,045159f755d6e68baac113193f9ff0cd36339cd4f3e17349e46384510acac005
runs/sfm_dataset1_sfm_full_aliked_global_fullres_eval/diagnostics/runs/sfm_dataset1_sfm_full_aliked_global_fullres_eval/resource_summary.json,152,0d42a0d53467ad44f6e2d0538d1ebf38ac1a3a11facf2ac172c69ad12630f672
runs/sfm_dataset1_sfm_full_aliked_global_fullres_eval/resource_samples.csv,43466,045159f755d6e68baac113193f9ff0cd36339cd4f3e17349e46384510acac005
runs/sfm_dataset1_sfm_full_aliked_global_fullres_eval/sfm_dataset1_sfm_full_aliked_global_fullres_eval.exit,7,194ff5bca66278888f0f00be5c7ca523d15098ece958b14952533811089f6106
runs/sfm_dataset1_sfm_full_aliked_global_fullres_eval/worker_identity.json,472,55a13e15b720e210f040ce63a089d2ee6fa6950990cb9f20bb8efd5ea81a15b8
runs/sfm_dataset1_sfm_full_aliked_incremental_fullres_eval/ablation_eval/jobs/sfm_dataset1_sfm_full_aliked_incremental/resource_samples.csv,41699,cefa3fe7cf2058776f3ecc8215802714a265c70133f2ea83a3e75e07b796e401
runs/sfm_dataset1_sfm_full_aliked_incremental_fullres_eval/ablation_eval/manifest.csv,1626,5c924f47cd1b3921e70aa8649fde20fc9800b86b97dbba4928af5d1339baa106
runs/sfm_dataset1_sfm_full_aliked_incremental_fullres_eval/ablation_eval/results_final.csv,129,6cf300cc3eaa1536de18eb4bdbeb47d3308e50e0dd2e0f8c8cbbee795a57b170
runs/sfm_dataset1_sfm_full_aliked_incremental_fullres_eval/ablation_eval/results_sfm.csv,1194,9226b6aae0d6c75b45af9639427d5c6d679ae861be7f2189ca933096e9944352
runs/sfm_dataset1_sfm_full_aliked_incremental_fullres_eval/ablation_eval/results_splat.csv,298,39db4462af80f9c5d63208487ac3ac84ffe996ec2010f17b931958a3ddb3a8cb
runs/sfm_dataset1_sfm_full_aliked_incremental_fullres_eval/ablation_eval/splat_eval_selection.json,188,143de258cc1a5ad6641137b7dab6c5a6593afb7a9beca5f83021c90af7684864
runs/sfm_dataset1_sfm_full_aliked_incremental_fullres_eval/diagnostics/runs/sfm_dataset1_sfm_full_aliked_incremental/logs/colmap.log,11223590,d50b823c2ae87c36ec85369a17790939d7825b0d2bab147016eb44a6c57ecf95
runs/sfm_dataset1_sfm_full_aliked_incremental_fullres_eval/diagnostics/runs/sfm_dataset1_sfm_full_aliked_incremental/logs/pipeline.log,6109,68373d2ae6c476ff37dfb12da40a9e44b0093f88d36590926f5d9d43de46144d
runs/sfm_dataset1_sfm_full_aliked_incremental_fullres_eval/diagnostics/runs/sfm_dataset1_sfm_full_aliked_incremental/logs/warnings.log,705,39d3ec4ae42d0dcc6f633e4949728ad3ba0487eb493b7f4464834f5e219f8643
runs/sfm_dataset1_sfm_full_aliked_incremental_fullres_eval/diagnostics/runs/sfm_dataset1_sfm_full_aliked_incremental/run_status.json,701,2d831b7e06a8fce283fe036b034943f97bd7c65c5613ba058fd784f9ddc84cbb
runs/sfm_dataset1_sfm_full_aliked_incremental_fullres_eval/diagnostics/runs/sfm_dataset1_sfm_full_aliked_incremental/timings.json,2190,e08b597239c17c589a1e89db741dfefaab248b910a8fff5f85a19259b923ec21
runs/sfm_dataset1_sfm_full_aliked_incremental_fullres_eval/diagnostics/runs/sfm_dataset1_sfm_full_aliked_incremental_fullres_eval/resource_samples.csv,37970,50674a237de2f9681cfc76f912bcd205b64fa8fbaeb78aa6e2c5718d1c8a541b
runs/sfm_dataset1_sfm_full_aliked_incremental_fullres_eval/diagnostics/runs/sfm_dataset1_sfm_full_aliked_incremental_fullres_eval/resource_summary.json,149,e06c6460fb8665c2ecda79387acd89a28404407594e10c49999f42bf4c19cf2e
runs/sfm_dataset1_sfm_full_aliked_incremental_fullres_eval/resource_samples.csv,37970,50674a237de2f9681cfc76f912bcd205b64fa8fbaeb78aa6e2c5718d1c8a541b
runs/sfm_dataset1_sfm_full_aliked_incremental_fullres_eval/sfm_dataset1_sfm_full_aliked_incremental_fullres_eval.exit,7,194ff5bca66278888f0f00be5c7ca523d15098ece958b14952533811089f6106
runs/sfm_dataset1_sfm_full_aliked_incremental_fullres_eval/worker_identity.json,477,f68e7494336f91cc17f71116c1cd7e80fe48faefcdeeabc24159e7f23e7602c2
runs/sfm_dataset1_sfm_full_sift_global_fullres_eval/ablation_eval/jobs/sfm_dataset1_sfm_full_sift_global/resource_samples.csv,77349,f8722e1e82aaeea609b84b5cba3b6211220c797852c7d44ea9e120be7f91ce46
runs/sfm_dataset1_sfm_full_sift_global_fullres_eval/ablation_eval/manifest.csv,1351,7c97db0c3d18c1d5978a1f5c72a8c03a1dcb6db9cf5ceb2803a3634d42b98a43
runs/sfm_dataset1_sfm_full_sift_global_fullres_eval/ablation_eval/metrics_long.csv,16222,f8208be702d68a2d1cc9a167b385ac2301095d242ea98d422862446c990c1a8b
runs/sfm_dataset1_sfm_full_sift_global_fullres_eval/ablation_eval/results_final.csv,129,6cf300cc3eaa1536de18eb4bdbeb47d3308e50e0dd2e0f8c8cbbee795a57b170
runs/sfm_dataset1_sfm_full_sift_global_fullres_eval/ablation_eval/results_sfm.csv,1163,c1e5f394ec8136de5fc2b8a046b3e6d653b01afe8cf4f0d0fd809f1d5586a2ff
runs/sfm_dataset1_sfm_full_sift_global_fullres_eval/ablation_eval/results_splat.csv,3709,44bdc77929d04832f370b7f8ad16bf2e6f8a96a66d3a16ecde932ee579c5a30b
runs/sfm_dataset1_sfm_full_sift_global_fullres_eval/ablation_eval/splat_eval/sfm_dataset1_sfm_full_sift_global/p000/attempt_1/lfs_eval_config.json,1356,cb2203da5d26ff25c0d3c42eadd03120278f181cccef913e88874a417c2f1132
runs/sfm_dataset1_sfm_full_sift_global_fullres_eval/ablation_eval/splat_eval/sfm_dataset1_sfm_full_sift_global/p000/attempt_1/loss_history.csv,8249,33c5065593bcaf2463bbbf02b649ea5b1a97718522ec0d1b8249c3a40c865a79
runs/sfm_dataset1_sfm_full_sift_global_fullres_eval/ablation_eval/splat_eval/sfm_dataset1_sfm_full_sift_global/p000/attempt_1/metrics.csv,417,88826c9be6d017251bda078b3185a6becfcb50332cceaf5d1bd9fd8f63a7dd98
runs/sfm_dataset1_sfm_full_sift_global_fullres_eval/ablation_eval/splat_eval/sfm_dataset1_sfm_full_sift_global/p000/attempt_1/python_metrics.json,456,6f21f2f5b6a73202cd65416f9d4952e8c26fccc6df08f2c5dc65f2345d469bc9
runs/sfm_dataset1_sfm_full_sift_global_fullres_eval/ablation_eval/splat_eval/sfm_dataset1_sfm_full_sift_global/p000/attempt_1/resource_samples.csv,16384,058f98f30fb1c2e2a56f1dce2c3172f6f287e40aa679d518618994aa927e4a5d
runs/sfm_dataset1_sfm_full_sift_global_fullres_eval/ablation_eval/splat_eval/sfm_dataset1_sfm_full_sift_global/p000/attempt_1/training_status.json,2106,d2a14b987847bab10baf5f719c52c28f7738fd3f1321cacaf62033ac9affa2ce
runs/sfm_dataset1_sfm_full_sift_global_fullres_eval/ablation_eval/splat_eval/sfm_dataset1_sfm_full_sift_global/p004/attempt_1/lfs_eval_config.json,1356,cb2203da5d26ff25c0d3c42eadd03120278f181cccef913e88874a417c2f1132
runs/sfm_dataset1_sfm_full_sift_global_fullres_eval/ablation_eval/splat_eval/sfm_dataset1_sfm_full_sift_global/p004/attempt_1/loss_history.csv,8238,66539d4e2ac6e41d6e1d014d07b37e9c4c7251e812240a6d8261b82e0874f7de
runs/sfm_dataset1_sfm_full_sift_global_fullres_eval/ablation_eval/splat_eval/sfm_dataset1_sfm_full_sift_global/p004/attempt_1/metrics.csv,417,3d5ae39ba8f52b6da6f4562a8590066cfb9f8ed4728a84b0944c4396df371110
runs/sfm_dataset1_sfm_full_sift_global_fullres_eval/ablation_eval/splat_eval/sfm_dataset1_sfm_full_sift_global/p004/attempt_1/python_metrics.json,456,6f21f2f5b6a73202cd65416f9d4952e8c26fccc6df08f2c5dc65f2345d469bc9
runs/sfm_dataset1_sfm_full_sift_global_fullres_eval/ablation_eval/splat_eval/sfm_dataset1_sfm_full_sift_global/p004/attempt_1/resource_samples.csv,13657,3f43ca030ae1cb8f6ee20742e79b9a0f23ff339233d7b8e56365435fe5291b39
runs/sfm_dataset1_sfm_full_sift_global_fullres_eval/ablation_eval/splat_eval/sfm_dataset1_sfm_full_sift_global/p004/attempt_1/training_status.json,2107,82b420304cedcaf599936a122c03bbcee74b89feddbc642801f781183e5a6675
runs/sfm_dataset1_sfm_full_sift_global_fullres_eval/ablation_eval/splat_eval/sfm_dataset1_sfm_full_sift_global/p008/attempt_1/lfs_eval_config.json,1356,cb2203da5d26ff25c0d3c42eadd03120278f181cccef913e88874a417c2f1132
runs/sfm_dataset1_sfm_full_sift_global_fullres_eval/ablation_eval/splat_eval/sfm_dataset1_sfm_full_sift_global/p008/attempt_1/loss_history.csv,8227,5ba08b0606bb25e9728256bd2559ae7dc971121a4a48f0f91a2e6684f7f3f416
runs/sfm_dataset1_sfm_full_sift_global_fullres_eval/ablation_eval/splat_eval/sfm_dataset1_sfm_full_sift_global/p008/attempt_1/metrics.csv,417,4c1e61592597c32d39fae256cf485e2016303693d581c36c3e1118d2a62c65e8
runs/sfm_dataset1_sfm_full_sift_global_fullres_eval/ablation_eval/splat_eval/sfm_dataset1_sfm_full_sift_global/p008/attempt_1/python_metrics.json,456,6f21f2f5b6a73202cd65416f9d4952e8c26fccc6df08f2c5dc65f2345d469bc9
runs/sfm_dataset1_sfm_full_sift_global_fullres_eval/ablation_eval/splat_eval/sfm_dataset1_sfm_full_sift_global/p008/attempt_1/resource_samples.csv,14821,da3a20c479a861293ebadc2356ddee8478e18b26265c50526faa16a53912025e
runs/sfm_dataset1_sfm_full_sift_global_fullres_eval/ablation_eval/splat_eval/sfm_dataset1_sfm_full_sift_global/p008/attempt_1/training_status.json,2103,ffdcc76f10fa3ae65d85d7f6558f0f7cfecf7a2d09a703aaeb4e86eb615529c5
runs/sfm_dataset1_sfm_full_sift_global_fullres_eval/ablation_eval/splat_eval/sfm_dataset1_sfm_full_sift_global/p011/attempt_1/lfs_eval_config.json,1356,cb2203da5d26ff25c0d3c42eadd03120278f181cccef913e88874a417c2f1132
runs/sfm_dataset1_sfm_full_sift_global_fullres_eval/ablation_eval/splat_eval/sfm_dataset1_sfm_full_sift_global/p011/attempt_1/loss_history.csv,8248,3d6a40ab5e7ff274b0ddce61e5a9de1b1b1cb4caf4f6a8e3da6d2cf627b950de
runs/sfm_dataset1_sfm_full_sift_global_fullres_eval/ablation_eval/splat_eval/sfm_dataset1_sfm_full_sift_global/p011/attempt_1/metrics.csv,417,c62497cf6c345801428ea8e6a14451c4d9dba091c9a94f19e72ebd2418832fa5
runs/sfm_dataset1_sfm_full_sift_global_fullres_eval/ablation_eval/splat_eval/sfm_dataset1_sfm_full_sift_global/p011/attempt_1/python_metrics.json,456,6f21f2f5b6a73202cd65416f9d4952e8c26fccc6df08f2c5dc65f2345d469bc9
runs/sfm_dataset1_sfm_full_sift_global_fullres_eval/ablation_eval/splat_eval/sfm_dataset1_sfm_full_sift_global/p011/attempt_1/resource_samples.csv,15545,0311c6ee4b1b11744a69820bb57935a96115ddd404642a411b30cbeec20aaf0f
runs/sfm_dataset1_sfm_full_sift_global_fullres_eval/ablation_eval/splat_eval/sfm_dataset1_sfm_full_sift_global/p011/attempt_1/training_status.json,2109,97dd227091fd6cf993e87977f6bbd9b8cabb5a1d392b09bd0cb65d130acf526d
runs/sfm_dataset1_sfm_full_sift_global_fullres_eval/ablation_eval/splat_eval/sfm_dataset1_sfm_full_sift_global/p015/attempt_1/lfs_eval_config.json,1356,cb2203da5d26ff25c0d3c42eadd03120278f181cccef913e88874a417c2f1132
runs/sfm_dataset1_sfm_full_sift_global_fullres_eval/ablation_eval/splat_eval/sfm_dataset1_sfm_full_sift_global/p015/attempt_1/loss_history.csv,8243,6f609aa5745cb25da0f3a59edf334136917960da2e5ea595b9449a7450623879
runs/sfm_dataset1_sfm_full_sift_global_fullres_eval/ablation_eval/splat_eval/sfm_dataset1_sfm_full_sift_global/p015/attempt_1/metrics.csv,417,3eda0567b418124724741f86f7b4ec53c2ff08dda45242077d39c2e85e7218bb
runs/sfm_dataset1_sfm_full_sift_global_fullres_eval/ablation_eval/splat_eval/sfm_dataset1_sfm_full_sift_global/p015/attempt_1/python_metrics.json,456,6f21f2f5b6a73202cd65416f9d4952e8c26fccc6df08f2c5dc65f2345d469bc9
runs/sfm_dataset1_sfm_full_sift_global_fullres_eval/ablation_eval/splat_eval/sfm_dataset1_sfm_full_sift_global/p015/attempt_1/resource_samples.csv,16370,f319d54af4686a08a5f6245d0440750b19cb1786c4abff383330e2c671016b1d
runs/sfm_dataset1_sfm_full_sift_global_fullres_eval/ablation_eval/splat_eval/sfm_dataset1_sfm_full_sift_global/p015/attempt_1/training_status.json,2106,8992163236367466e367e6f8702fe35e3ec0737a81298a46ac0e354ed3381c1c
runs/sfm_dataset1_sfm_full_sift_global_fullres_eval/ablation_eval/splat_eval/sfm_dataset1_sfm_full_sift_global/p019/attempt_1/lfs_eval_config.json,1356,cb2203da5d26ff25c0d3c42eadd03120278f181cccef913e88874a417c2f1132
runs/sfm_dataset1_sfm_full_sift_global_fullres_eval/ablation_eval/splat_eval/sfm_dataset1_sfm_full_sift_global/p019/attempt_1/loss_history.csv,8250,47fb116583f29a615cca524ca5aeee606fb1248ca1901e80cc9b890bd0f0699e
runs/sfm_dataset1_sfm_full_sift_global_fullres_eval/ablation_eval/splat_eval/sfm_dataset1_sfm_full_sift_global/p019/attempt_1/metrics.csv,417,5f20f61108740bbb088b0c62635b563d5d82c97f3503e6f89580b98625591a15
runs/sfm_dataset1_sfm_full_sift_global_fullres_eval/ablation_eval/splat_eval/sfm_dataset1_sfm_full_sift_global/p019/attempt_1/python_metrics.json,456,6f21f2f5b6a73202cd65416f9d4952e8c26fccc6df08f2c5dc65f2345d469bc9
runs/sfm_dataset1_sfm_full_sift_global_fullres_eval/ablation_eval/splat_eval/sfm_dataset1_sfm_full_sift_global/p019/attempt_1/resource_samples.csv,16817,9f9c15166a8f3e692d89da00e3a2452b04b4ea91a89ac04261195533c6dd2007
runs/sfm_dataset1_sfm_full_sift_global_fullres_eval/ablation_eval/splat_eval/sfm_dataset1_sfm_full_sift_global/p019/attempt_1/training_status.json,2105,1e2ba1cd636207d34c25857b1c71b73caf9f44f778bd353a60cf67e807e341fe
runs/sfm_dataset1_sfm_full_sift_global_fullres_eval/ablation_eval/splat_eval/sfm_dataset1_sfm_full_sift_global/p023/attempt_1/lfs_eval_config.json,1356,cb2203da5d26ff25c0d3c42eadd03120278f181cccef913e88874a417c2f1132
runs/sfm_dataset1_sfm_full_sift_global_fullres_eval/ablation_eval/splat_eval/sfm_dataset1_sfm_full_sift_global/p023/attempt_1/loss_history.csv,8240,c2a0dafab2da43be63cfaf52613b1f86e5844f9c889145e816fba57b344b505d
runs/sfm_dataset1_sfm_full_sift_global_fullres_eval/ablation_eval/splat_eval/sfm_dataset1_sfm_full_sift_global/p023/attempt_1/metrics.csv,417,de2958552f5056c85695158c7386f8bf29ba503c8d69a4341589714fbf3d3be4
runs/sfm_dataset1_sfm_full_sift_global_fullres_eval/ablation_eval/splat_eval/sfm_dataset1_sfm_full_sift_global/p023/attempt_1/python_metrics.json,456,6f21f2f5b6a73202cd65416f9d4952e8c26fccc6df08f2c5dc65f2345d469bc9
runs/sfm_dataset1_sfm_full_sift_global_fullres_eval/ablation_eval/splat_eval/sfm_dataset1_sfm_full_sift_global/p023/attempt_1/resource_samples.csv,16094,48ae58f29fdea6d0018fd1d089c9670788125336cb9ea1ea5efbd450ced47040
runs/sfm_dataset1_sfm_full_sift_global_fullres_eval/ablation_eval/splat_eval/sfm_dataset1_sfm_full_sift_global/p023/attempt_1/training_status.json,2109,16db02baf8deda15581bc9b08fa1e689aec48fed9cc673ae5c3322b997674356
runs/sfm_dataset1_sfm_full_sift_global_fullres_eval/ablation_eval/splat_eval/sfm_dataset1_sfm_full_sift_global/p026/attempt_1/lfs_eval_config.json,1356,cb2203da5d26ff25c0d3c42eadd03120278f181cccef913e88874a417c2f1132
runs/sfm_dataset1_sfm_full_sift_global_fullres_eval/ablation_eval/splat_eval/sfm_dataset1_sfm_full_sift_global/p026/attempt_1/loss_history.csv,8244,52b5ee890159a409ea689b883f52d1170f45413df80f5b2ad6b854704558e850
runs/sfm_dataset1_sfm_full_sift_global_fullres_eval/ablation_eval/splat_eval/sfm_dataset1_sfm_full_sift_global/p026/attempt_1/metrics.csv,417,97369f57f80498e1c1bcd587845a1bb8d5ab3643f6321fd4a60cf8cb6b3fd35d
runs/sfm_dataset1_sfm_full_sift_global_fullres_eval/ablation_eval/splat_eval/sfm_dataset1_sfm_full_sift_global/p026/attempt_1/python_metrics.json,456,6f21f2f5b6a73202cd65416f9d4952e8c26fccc6df08f2c5dc65f2345d469bc9
runs/sfm_dataset1_sfm_full_sift_global_fullres_eval/ablation_eval/splat_eval/sfm_dataset1_sfm_full_sift_global/p026/attempt_1/resource_samples.csv,15535,49459eb2725709fb0934ef9cbb030423d829d040b65b7282e726b58a67cea7c3
runs/sfm_dataset1_sfm_full_sift_global_fullres_eval/ablation_eval/splat_eval/sfm_dataset1_sfm_full_sift_global/p026/attempt_1/training_status.json,2109,1390e4fa9ef8ef254823913cb8c65d64f3fe028bb4ac8e84ab5c50d4bac1aaf0
runs/sfm_dataset1_sfm_full_sift_global_fullres_eval/ablation_eval/splat_eval/sfm_dataset1_sfm_full_sift_global/p030/attempt_1/lfs_eval_config.json,1356,cb2203da5d26ff25c0d3c42eadd03120278f181cccef913e88874a417c2f1132
runs/sfm_dataset1_sfm_full_sift_global_fullres_eval/ablation_eval/splat_eval/sfm_dataset1_sfm_full_sift_global/p030/attempt_1/loss_history.csv,8248,8912e04bee9722825b961b8ea2c16ebf2adf9ebf446b699861bc2fe369fb143f
runs/sfm_dataset1_sfm_full_sift_global_fullres_eval/ablation_eval/splat_eval/sfm_dataset1_sfm_full_sift_global/p030/attempt_1/metrics.csv,417,e2aed4046dfac675e3cb43583502396a292422be0b7d41d30b8f42c752f9909b
runs/sfm_dataset1_sfm_full_sift_global_fullres_eval/ablation_eval/splat_eval/sfm_dataset1_sfm_full_sift_global/p030/attempt_1/python_metrics.json,456,6f21f2f5b6a73202cd65416f9d4952e8c26fccc6df08f2c5dc65f2345d469bc9
runs/sfm_dataset1_sfm_full_sift_global_fullres_eval/ablation_eval/splat_eval/sfm_dataset1_sfm_full_sift_global/p030/attempt_1/resource_samples.csv,16930,4c31a0d0bbad96098647ec17b3074474ff992bd27989bde37996941034ad7400
runs/sfm_dataset1_sfm_full_sift_global_fullres_eval/ablation_eval/splat_eval/sfm_dataset1_sfm_full_sift_global/p030/attempt_1/training_status.json,2107,77143b21cc1c5eb235550fe81f8b21c5234b18ac8767c2a123d6da903d1a6226
runs/sfm_dataset1_sfm_full_sift_global_fullres_eval/ablation_eval/splat_eval/sfm_dataset1_sfm_full_sift_global/p034/attempt_1/lfs_eval_config.json,1356,cb2203da5d26ff25c0d3c42eadd03120278f181cccef913e88874a417c2f1132
runs/sfm_dataset1_sfm_full_sift_global_fullres_eval/ablation_eval/splat_eval/sfm_dataset1_sfm_full_sift_global/p034/attempt_1/loss_history.csv,8256,e43cc50bbbeb47b558e024fc5933a455fd2d25707ab8fa40f6809473140f459d
runs/sfm_dataset1_sfm_full_sift_global_fullres_eval/ablation_eval/splat_eval/sfm_dataset1_sfm_full_sift_global/p034/attempt_1/metrics.csv,417,309380e9af5c802ae622e88125cd5e648ea0909c1c7229eb76fad393ded47d0f
runs/sfm_dataset1_sfm_full_sift_global_fullres_eval/ablation_eval/splat_eval/sfm_dataset1_sfm_full_sift_global/p034/attempt_1/python_metrics.json,456,6f21f2f5b6a73202cd65416f9d4952e8c26fccc6df08f2c5dc65f2345d469bc9
runs/sfm_dataset1_sfm_full_sift_global_fullres_eval/ablation_eval/splat_eval/sfm_dataset1_sfm_full_sift_global/p034/attempt_1/resource_samples.csv,15189,a77d417e3c2b2977c8c84f81a89e52d2bee3050813f937bb8d278b6b79804da0
runs/sfm_dataset1_sfm_full_sift_global_fullres_eval/ablation_eval/splat_eval/sfm_dataset1_sfm_full_sift_global/p034/attempt_1/training_status.json,2109,1035d39d412d06006531ce9adeb4a0296aeabd73ec726b7206a4b692395b9673
runs/sfm_dataset1_sfm_full_sift_global_fullres_eval/ablation_eval/splat_eval_selection.json,558,9cfdb1bf144f7ad3d60e56bfa27b8431455819b9bd7f16a97399e0cdf249e0da
runs/sfm_dataset1_sfm_full_sift_global_fullres_eval/diagnostics/runs/sfm_dataset1_sfm_full_sift_global/logs/colmap.log,13553501,61f441558545fb55bf589e2a17006c59625f10f2cb8cbf155b53be557f6893fe
runs/sfm_dataset1_sfm_full_sift_global_fullres_eval/diagnostics/runs/sfm_dataset1_sfm_full_sift_global/logs/pipeline.log,5293,e094efa36111f2e290b9bf933153d95286e0afe7ab8ea3413d8398d5037b5cf4
runs/sfm_dataset1_sfm_full_sift_global_fullres_eval/diagnostics/runs/sfm_dataset1_sfm_full_sift_global/logs/warnings.log,354,289bf2f3acd9b8f90882da6217ac8b5454ef3c56e9c148648122911df4e43cf9
runs/sfm_dataset1_sfm_full_sift_global_fullres_eval/diagnostics/runs/sfm_dataset1_sfm_full_sift_global/run_status.json,701,bae19fcb260986ad01ac35481c6a3097051f8a51873e011fc4bc5c041652dad3
runs/sfm_dataset1_sfm_full_sift_global_fullres_eval/diagnostics/runs/sfm_dataset1_sfm_full_sift_global/timings.json,2196,4863cda25dcbda85718a040d30281d9bbbd2255ab2c9d6fabb1481a77647b5a2
runs/sfm_dataset1_sfm_full_sift_global_fullres_eval/diagnostics/runs/sfm_dataset1_sfm_full_sift_global_fullres_eval/resource_samples.csv,143501,9fb09ee523072a934f79762a8c8a04c7dc6e320ec5d4176e8d6702b87302632a
runs/sfm_dataset1_sfm_full_sift_global_fullres_eval/diagnostics/runs/sfm_dataset1_sfm_full_sift_global_fullres_eval/resource_summary.json,152,4c9848bbfdbd56c78ef5855a8780ba4e3598f45ea301ef2a3e2f2f2ae2941a5e
runs/sfm_dataset1_sfm_full_sift_global_fullres_eval/resource_samples.csv,143501,9fb09ee523072a934f79762a8c8a04c7dc6e320ec5d4176e8d6702b87302632a
runs/sfm_dataset1_sfm_full_sift_global_fullres_eval/sfm_dataset1_sfm_full_sift_global_fullres_eval.exit,7,194ff5bca66278888f0f00be5c7ca523d15098ece958b14952533811089f6106
runs/sfm_dataset1_sfm_full_sift_global_fullres_eval/worker_identity.json,470,08e3c8aae76b528cf82762be7b0cf09c6399954e116a1f0d33e6e03bdc4261e4
runs/sfm_dataset1_sfm_full_sift_incremental_fullres_eval/ablation_eval/jobs/sfm_dataset1_sfm_full_sift_incremental/resource_samples.csv,126028,b770e7455b34b9bdacfb6839f535b43d4ce6a4db3a67d488cb55f336a704d5ee
runs/sfm_dataset1_sfm_full_sift_incremental_fullres_eval/ablation_eval/manifest.csv,1413,66bd4cb7d479abcbffe8f998a443ecd50aca8687b12bf76461e68f3c41f9ad83
runs/sfm_dataset1_sfm_full_sift_incremental_fullres_eval/ablation_eval/results_final.csv,129,6cf300cc3eaa1536de18eb4bdbeb47d3308e50e0dd2e0f8c8cbbee795a57b170
runs/sfm_dataset1_sfm_full_sift_incremental_fullres_eval/ablation_eval/results_sfm.csv,860,56466d2f2c62f1adba9d6e53a59004b137c9c5958b134025fbf9ca1d7a0556fa
runs/sfm_dataset1_sfm_full_sift_incremental_fullres_eval/ablation_eval/results_splat.csv,298,39db4462af80f9c5d63208487ac3ac84ffe996ec2010f17b931958a3ddb3a8cb
runs/sfm_dataset1_sfm_full_sift_incremental_fullres_eval/ablation_eval/splat_eval_selection.json,188,143de258cc1a5ad6641137b7dab6c5a6593afb7a9beca5f83021c90af7684864
runs/sfm_dataset1_sfm_full_sift_incremental_fullres_eval/diagnostics/runs/sfm_dataset1_sfm_full_sift_incremental/logs/colmap.log,9714326,553ce0ec3aff3b4606e2fe4676e322a0fcebc79a5162bf78379536996119e215
runs/sfm_dataset1_sfm_full_sift_incremental_fullres_eval/diagnostics/runs/sfm_dataset1_sfm_full_sift_incremental/logs/pipeline.log,2385,645fe374583ff0d25b19837420012097a25c66633111919f3314aa105daa931a
runs/sfm_dataset1_sfm_full_sift_incremental_fullres_eval/diagnostics/runs/sfm_dataset1_sfm_full_sift_incremental/run_status.json,1460,ae21e551378e3850b61b1a577aa6d9fe52f6d67d2868568b3fcd96170047e81e
runs/sfm_dataset1_sfm_full_sift_incremental_fullres_eval/diagnostics/runs/sfm_dataset1_sfm_full_sift_incremental/timings.json,4045,b381233b123c034c9fa0363a32649004c9f663c8b3922389e5f39df483d9f6ae
runs/sfm_dataset1_sfm_full_sift_incremental_fullres_eval/diagnostics/runs/sfm_dataset1_sfm_full_sift_incremental_fullres_eval/resource_samples.csv,114117,04123d175184cf8513f2db43df5b72389cc25988d55953162ea17ed28f627edb
runs/sfm_dataset1_sfm_full_sift_incremental_fullres_eval/diagnostics/runs/sfm_dataset1_sfm_full_sift_incremental_fullres_eval/resource_summary.json,150,69b605afb1030b96263f069af68a792727a240efbc0b62f0ae1f2eb5ff82d866
runs/sfm_dataset1_sfm_full_sift_incremental_fullres_eval/resource_samples.csv,114117,04123d175184cf8513f2db43df5b72389cc25988d55953162ea17ed28f627edb
runs/sfm_dataset1_sfm_full_sift_incremental_fullres_eval/sfm_dataset1_sfm_full_sift_incremental_fullres_eval.exit,7,194ff5bca66278888f0f00be5c7ca523d15098ece958b14952533811089f6106
runs/sfm_dataset1_sfm_full_sift_incremental_fullres_eval/worker_identity.json,475,f0e84dd6aeb187f0422cf4ad2064f02c27726f8243c78a54968341d65cc45c54
runs/sfm_dataset2_sfm_1024_aliked_global_fullres_eval/ablation_eval/jobs/sfm_dataset2_sfm_1024_aliked_global/resource_samples.csv,15532,91597e1fcf1ec6b84bb2d3f3746d1160ef1723fa4a9322593a1801544e1a46b6
runs/sfm_dataset2_sfm_1024_aliked_global_fullres_eval/ablation_eval/manifest.csv,1619,307daa99946f0e000995608fa42f13b49766efeeb09efc332522f446ff4ea7e2
runs/sfm_dataset2_sfm_1024_aliked_global_fullres_eval/ablation_eval/metrics_long.csv,11591,fae56038596f7195a3686dcc326703192f101b7010c0a9cf8b065956f318cdc1
runs/sfm_dataset2_sfm_1024_aliked_global_fullres_eval/ablation_eval/results_final.csv,129,6cf300cc3eaa1536de18eb4bdbeb47d3308e50e0dd2e0f8c8cbbee795a57b170
runs/sfm_dataset2_sfm_1024_aliked_global_fullres_eval/ablation_eval/results_sfm.csv,1149,cf4dc8bca95cd1b3e8c6e9db91ab1d887adcfe7362ce115d2d1caba063f80835
runs/sfm_dataset2_sfm_1024_aliked_global_fullres_eval/ablation_eval/results_splat.csv,2716,e16a07266b775374003509045f3d4848d03218a0d274708bac51205abaa320e7
runs/sfm_dataset2_sfm_1024_aliked_global_fullres_eval/ablation_eval/splat_eval/sfm_dataset2_sfm_1024_aliked_global/p000/attempt_1/lfs_eval_config.json,1356,cb2203da5d26ff25c0d3c42eadd03120278f181cccef913e88874a417c2f1132
runs/sfm_dataset2_sfm_1024_aliked_global_fullres_eval/ablation_eval/splat_eval/sfm_dataset2_sfm_1024_aliked_global/p000/attempt_1/loss_history.csv,8201,a1d4d86d06a172f1938ba3e359f95fcbfee9da0531638c0d99312c39db852b97
runs/sfm_dataset2_sfm_1024_aliked_global_fullres_eval/ablation_eval/splat_eval/sfm_dataset2_sfm_1024_aliked_global/p000/attempt_1/metrics.csv,417,a2dd0aed037a81122db1fa0daa66e95b9a9945e001cf122865065bda5a53db8e
runs/sfm_dataset2_sfm_1024_aliked_global_fullres_eval/ablation_eval/splat_eval/sfm_dataset2_sfm_1024_aliked_global/p000/attempt_1/python_metrics.json,456,30b1ea0dd66ecd01b5834641f5241ae73ca309ff3a0204d175f2e6b5ef3179e0
runs/sfm_dataset2_sfm_1024_aliked_global_fullres_eval/ablation_eval/splat_eval/sfm_dataset2_sfm_1024_aliked_global/p000/attempt_1/resource_samples.csv,13375,5bb4c5a2084d53e6a966b718a678ec7aaaead745f837cb853f71f4c86af38339
runs/sfm_dataset2_sfm_1024_aliked_global_fullres_eval/ablation_eval/splat_eval/sfm_dataset2_sfm_1024_aliked_global/p000/attempt_1/training_status.json,2120,dab5adf978abc132ba2febb890a6bed2fc0a750a6a1c69c33b7070b7e8c4a54d
runs/sfm_dataset2_sfm_1024_aliked_global_fullres_eval/ablation_eval/splat_eval/sfm_dataset2_sfm_1024_aliked_global/p001/attempt_1/lfs_eval_config.json,1356,cb2203da5d26ff25c0d3c42eadd03120278f181cccef913e88874a417c2f1132
runs/sfm_dataset2_sfm_1024_aliked_global_fullres_eval/ablation_eval/splat_eval/sfm_dataset2_sfm_1024_aliked_global/p001/attempt_1/loss_history.csv,8210,7fb8eec63968ae5dcafbe65a03a3ecff18409869c9d7397f482b72195d23a6b8
runs/sfm_dataset2_sfm_1024_aliked_global_fullres_eval/ablation_eval/splat_eval/sfm_dataset2_sfm_1024_aliked_global/p001/attempt_1/metrics.csv,417,8ab5b5554cfeb3d53099c7cae5b40877ec6328564a7ab1d900265c08d6fea603
runs/sfm_dataset2_sfm_1024_aliked_global_fullres_eval/ablation_eval/splat_eval/sfm_dataset2_sfm_1024_aliked_global/p001/attempt_1/python_metrics.json,456,30b1ea0dd66ecd01b5834641f5241ae73ca309ff3a0204d175f2e6b5ef3179e0
runs/sfm_dataset2_sfm_1024_aliked_global_fullres_eval/ablation_eval/splat_eval/sfm_dataset2_sfm_1024_aliked_global/p001/attempt_1/resource_samples.csv,14652,8c6c37118694e34075fc7029f9ad2037f936a088c5969afc9fb56b1b7794251f
runs/sfm_dataset2_sfm_1024_aliked_global_fullres_eval/ablation_eval/splat_eval/sfm_dataset2_sfm_1024_aliked_global/p001/attempt_1/training_status.json,2122,db9635d1653f989fcd7d1dc5e592f02f0b5c399f39b6e273fcf7102ad85ac789
runs/sfm_dataset2_sfm_1024_aliked_global_fullres_eval/ablation_eval/splat_eval/sfm_dataset2_sfm_1024_aliked_global/p002/attempt_1/lfs_eval_config.json,1356,cb2203da5d26ff25c0d3c42eadd03120278f181cccef913e88874a417c2f1132
runs/sfm_dataset2_sfm_1024_aliked_global_fullres_eval/ablation_eval/splat_eval/sfm_dataset2_sfm_1024_aliked_global/p002/attempt_1/loss_history.csv,8193,15303194defec3c6e3aa84bf5bf4be3a28abcaa3ba104f11c45fc154d307a8d5
runs/sfm_dataset2_sfm_1024_aliked_global_fullres_eval/ablation_eval/splat_eval/sfm_dataset2_sfm_1024_aliked_global/p002/attempt_1/metrics.csv,417,6098b8835490765bd8204ee2e75743051a7afeea855e7a1af0532371bf938a20
runs/sfm_dataset2_sfm_1024_aliked_global_fullres_eval/ablation_eval/splat_eval/sfm_dataset2_sfm_1024_aliked_global/p002/attempt_1/python_metrics.json,456,30b1ea0dd66ecd01b5834641f5241ae73ca309ff3a0204d175f2e6b5ef3179e0
runs/sfm_dataset2_sfm_1024_aliked_global_fullres_eval/ablation_eval/splat_eval/sfm_dataset2_sfm_1024_aliked_global/p002/attempt_1/resource_samples.csv,14350,41b3d9eccb4688921333e07cec89544f7c25df5923024cc312f789672515bcf2
runs/sfm_dataset2_sfm_1024_aliked_global_fullres_eval/ablation_eval/splat_eval/sfm_dataset2_sfm_1024_aliked_global/p002/attempt_1/training_status.json,2123,6eb5bd113f90c229a6497e369d95de57d27e8285437c5e565166f4ad2069a209
runs/sfm_dataset2_sfm_1024_aliked_global_fullres_eval/ablation_eval/splat_eval/sfm_dataset2_sfm_1024_aliked_global/p003/attempt_1/lfs_eval_config.json,1356,cb2203da5d26ff25c0d3c42eadd03120278f181cccef913e88874a417c2f1132
runs/sfm_dataset2_sfm_1024_aliked_global_fullres_eval/ablation_eval/splat_eval/sfm_dataset2_sfm_1024_aliked_global/p003/attempt_1/loss_history.csv,8208,c67553487de13e8c1dcc6038c69c91252179740948b89a983837f4db1dc12b35
runs/sfm_dataset2_sfm_1024_aliked_global_fullres_eval/ablation_eval/splat_eval/sfm_dataset2_sfm_1024_aliked_global/p003/attempt_1/metrics.csv,417,6721085a0ccf7d591d837042a7a686551685c7314086d498d4c0d1d03137d32b
runs/sfm_dataset2_sfm_1024_aliked_global_fullres_eval/ablation_eval/splat_eval/sfm_dataset2_sfm_1024_aliked_global/p003/attempt_1/python_metrics.json,456,30b1ea0dd66ecd01b5834641f5241ae73ca309ff3a0204d175f2e6b5ef3179e0
runs/sfm_dataset2_sfm_1024_aliked_global_fullres_eval/ablation_eval/splat_eval/sfm_dataset2_sfm_1024_aliked_global/p003/attempt_1/resource_samples.csv,14442,b2d8848d0a18def3e15934307567106578cb8a53974c4213c0612d11760bf51f
runs/sfm_dataset2_sfm_1024_aliked_global_fullres_eval/ablation_eval/splat_eval/sfm_dataset2_sfm_1024_aliked_global/p003/attempt_1/training_status.json,2119,99771097ea1384b7d35c3072a328a2b6941e74155d22ae5a8b0963e295757bf2
runs/sfm_dataset2_sfm_1024_aliked_global_fullres_eval/ablation_eval/splat_eval/sfm_dataset2_sfm_1024_aliked_global/p004/attempt_1/lfs_eval_config.json,1356,cb2203da5d26ff25c0d3c42eadd03120278f181cccef913e88874a417c2f1132
runs/sfm_dataset2_sfm_1024_aliked_global_fullres_eval/ablation_eval/splat_eval/sfm_dataset2_sfm_1024_aliked_global/p004/attempt_1/loss_history.csv,8198,a50752e48acb2923a7129d7f1300b68275c2e2a8b144a00b6b380e7651e3eb50
runs/sfm_dataset2_sfm_1024_aliked_global_fullres_eval/ablation_eval/splat_eval/sfm_dataset2_sfm_1024_aliked_global/p004/attempt_1/metrics.csv,417,bc75a77e7ce5549be3e8ebe1f06650be70c80abaf0c550ff8fef165fc141f377
runs/sfm_dataset2_sfm_1024_aliked_global_fullres_eval/ablation_eval/splat_eval/sfm_dataset2_sfm_1024_aliked_global/p004/attempt_1/python_metrics.json,456,30b1ea0dd66ecd01b5834641f5241ae73ca309ff3a0204d175f2e6b5ef3179e0
runs/sfm_dataset2_sfm_1024_aliked_global_fullres_eval/ablation_eval/splat_eval/sfm_dataset2_sfm_1024_aliked_global/p004/attempt_1/resource_samples.csv,14663,cc0188e8b8eade8b833129ae9ea057604a0b85863235475cb074f4c2e5e528e8
runs/sfm_dataset2_sfm_1024_aliked_global_fullres_eval/ablation_eval/splat_eval/sfm_dataset2_sfm_1024_aliked_global/p004/attempt_1/training_status.json,2123,5b7fa9ecc9e0b5be98ddac1507d7c24129fd9d04896ff446064f403195183b45
runs/sfm_dataset2_sfm_1024_aliked_global_fullres_eval/ablation_eval/splat_eval/sfm_dataset2_sfm_1024_aliked_global/p005/attempt_1/lfs_eval_config.json,1356,cb2203da5d26ff25c0d3c42eadd03120278f181cccef913e88874a417c2f1132
runs/sfm_dataset2_sfm_1024_aliked_global_fullres_eval/ablation_eval/splat_eval/sfm_dataset2_sfm_1024_aliked_global/p005/attempt_1/loss_history.csv,8200,8fb5b50bedc92e33d2a29dd57e3f1d2e559a12d32cbf85fc50d9927dbf5c49f4
runs/sfm_dataset2_sfm_1024_aliked_global_fullres_eval/ablation_eval/splat_eval/sfm_dataset2_sfm_1024_aliked_global/p005/attempt_1/metrics.csv,417,ec16c0603b85ebc1135a20b37ac10e89471b4add514c75875e6e82bb52e72631
runs/sfm_dataset2_sfm_1024_aliked_global_fullres_eval/ablation_eval/splat_eval/sfm_dataset2_sfm_1024_aliked_global/p005/attempt_1/python_metrics.json,456,30b1ea0dd66ecd01b5834641f5241ae73ca309ff3a0204d175f2e6b5ef3179e0
runs/sfm_dataset2_sfm_1024_aliked_global_fullres_eval/ablation_eval/splat_eval/sfm_dataset2_sfm_1024_aliked_global/p005/attempt_1/resource_samples.csv,14434,e0b60b0cae5f075128c53b85967550f6063e39b3f830f6bc7e2fe284ee183ab3
runs/sfm_dataset2_sfm_1024_aliked_global_fullres_eval/ablation_eval/splat_eval/sfm_dataset2_sfm_1024_aliked_global/p005/attempt_1/training_status.json,2123,33602341c91248d7ae6703b4bc537a07701917ed0a12fdfc766cf7546a7cad9e
runs/sfm_dataset2_sfm_1024_aliked_global_fullres_eval/ablation_eval/splat_eval/sfm_dataset2_sfm_1024_aliked_global/p006/attempt_1/lfs_eval_config.json,1356,cb2203da5d26ff25c0d3c42eadd03120278f181cccef913e88874a417c2f1132
runs/sfm_dataset2_sfm_1024_aliked_global_fullres_eval/ablation_eval/splat_eval/sfm_dataset2_sfm_1024_aliked_global/p006/attempt_1/loss_history.csv,8181,d64eea0d1d473354d7e58ec15177fc05b7a860ed5f37cc5dc11c4c7d4e4ec49e
runs/sfm_dataset2_sfm_1024_aliked_global_fullres_eval/ablation_eval/splat_eval/sfm_dataset2_sfm_1024_aliked_global/p006/attempt_1/metrics.csv,417,6ad798c266ad14ad945d77519751c23ebcbaa7ac7d67a774dfc5d3a875e2d613
runs/sfm_dataset2_sfm_1024_aliked_global_fullres_eval/ablation_eval/splat_eval/sfm_dataset2_sfm_1024_aliked_global/p006/attempt_1/python_metrics.json,456,30b1ea0dd66ecd01b5834641f5241ae73ca309ff3a0204d175f2e6b5ef3179e0
runs/sfm_dataset2_sfm_1024_aliked_global_fullres_eval/ablation_eval/splat_eval/sfm_dataset2_sfm_1024_aliked_global/p006/attempt_1/resource_samples.csv,12913,69d51ce31bae7cbaa7ff6c9fafe0bbbfbd6a8c2442145d9c33ed2d668756cd2a
runs/sfm_dataset2_sfm_1024_aliked_global_fullres_eval/ablation_eval/splat_eval/sfm_dataset2_sfm_1024_aliked_global/p006/attempt_1/training_status.json,2123,e99f6461a255d07736d3bb959b367f2e936b1f53d77a91302190c59692b50e15
runs/sfm_dataset2_sfm_1024_aliked_global_fullres_eval/ablation_eval/splat_eval_selection.json,512,7b7a143972cab10baca7d705aecc3c13234060e5fc0aafe093184351e9dcc4ad
runs/sfm_dataset2_sfm_1024_aliked_global_fullres_eval/diagnostics/runs/sfm_dataset2_sfm_1024_aliked_global/logs/colmap.log,7663236,309b86ecaddb097c44746bf4205cf686dc7ef8477f92267b47f2da2282da1bc3
runs/sfm_dataset2_sfm_1024_aliked_global_fullres_eval/diagnostics/runs/sfm_dataset2_sfm_1024_aliked_global/logs/pipeline.log,5749,994ff34ecdd11c45b97cd36f80d089c72a59bf699c8427ef4863a3276bea11ea
runs/sfm_dataset2_sfm_1024_aliked_global_fullres_eval/diagnostics/runs/sfm_dataset2_sfm_1024_aliked_global/logs/warnings.log,378,1ffbe475e9606f1964ca01bf514f2eecef8409f432aca3a855a6345188532dfc
runs/sfm_dataset2_sfm_1024_aliked_global_fullres_eval/diagnostics/runs/sfm_dataset2_sfm_1024_aliked_global/run_status.json,701,e2a87a3dd0c364ea7e6b4f0881d29bdc18d17bf8101910b8f193481a7368a62c
runs/sfm_dataset2_sfm_1024_aliked_global_fullres_eval/diagnostics/runs/sfm_dataset2_sfm_1024_aliked_global/timings.json,2191,90dc65c85466084db99fd5a84547c64dac5699580783fb3e14fdce3e9a2b3a47
runs/sfm_dataset2_sfm_1024_aliked_global_fullres_eval/diagnostics/runs/sfm_dataset2_sfm_1024_aliked_global_fullres_eval/resource_samples.csv,59692,c114f2a83a78ca5fc53737520a85e232a1aee2f41bfd818fc473c0a16b898012
runs/sfm_dataset2_sfm_1024_aliked_global_fullres_eval/diagnostics/runs/sfm_dataset2_sfm_1024_aliked_global_fullres_eval/resource_summary.json,152,de3100c25f2bc6b460cc4169dc070a12eda57984dad19175a3f209bc4b33f083
runs/sfm_dataset2_sfm_1024_aliked_global_fullres_eval/resource_samples.csv,59692,c114f2a83a78ca5fc53737520a85e232a1aee2f41bfd818fc473c0a16b898012
runs/sfm_dataset2_sfm_1024_aliked_global_fullres_eval/sfm_dataset2_sfm_1024_aliked_global_fullres_eval.exit,7,194ff5bca66278888f0f00be5c7ca523d15098ece958b14952533811089f6106
runs/sfm_dataset2_sfm_1024_aliked_global_fullres_eval/worker_identity.json,472,e871f127ec560c6004eff94e9bd07b3b77c3830d7c5f9053c7107e0ff31435fd
runs/sfm_dataset2_sfm_1024_aliked_incremental_fullres_eval/ablation_eval/jobs/sfm_dataset2_sfm_1024_aliked_incremental/resource_samples.csv,21091,44fcf012ec016a4cab5d88002fab011ad62f5614ee9cd1d96eaed2b8d75c0454
runs/sfm_dataset2_sfm_1024_aliked_incremental_fullres_eval/ablation_eval/manifest.csv,1682,50dd413f08cb18d2fd19da8355dae4c714817ce5c06388ecb826fbdc018c9da5
runs/sfm_dataset2_sfm_1024_aliked_incremental_fullres_eval/ablation_eval/results_final.csv,129,6cf300cc3eaa1536de18eb4bdbeb47d3308e50e0dd2e0f8c8cbbee795a57b170
runs/sfm_dataset2_sfm_1024_aliked_incremental_fullres_eval/ablation_eval/results_sfm.csv,1177,e4e314de7b2d0cc194be91dde4ebcde0cdbac5fb2d563fcf40f730c5949f7098
runs/sfm_dataset2_sfm_1024_aliked_incremental_fullres_eval/ablation_eval/results_splat.csv,298,39db4462af80f9c5d63208487ac3ac84ffe996ec2010f17b931958a3ddb3a8cb
runs/sfm_dataset2_sfm_1024_aliked_incremental_fullres_eval/ablation_eval/splat_eval_selection.json,188,143de258cc1a5ad6641137b7dab6c5a6593afb7a9beca5f83021c90af7684864
runs/sfm_dataset2_sfm_1024_aliked_incremental_fullres_eval/diagnostics/runs/sfm_dataset2_sfm_1024_aliked_incremental/logs/colmap.log,8340582,40102f03810b0543eff5a5198c0987adea6764c6d8120f0da0441ba958fb2e17
runs/sfm_dataset2_sfm_1024_aliked_incremental_fullres_eval/diagnostics/runs/sfm_dataset2_sfm_1024_aliked_incremental/logs/pipeline.log,5918,939c92eb5e22a03d9b062c3b26636a9297393a365b8c1796d522657f52fb59b0
runs/sfm_dataset2_sfm_1024_aliked_incremental_fullres_eval/diagnostics/runs/sfm_dataset2_sfm_1024_aliked_incremental/logs/warnings.log,521,dd2916e615033ddbe91e2a3e1bcd1ad27a6d333c922f5cc16ded5dd4fca239b6
runs/sfm_dataset2_sfm_1024_aliked_incremental_fullres_eval/diagnostics/runs/sfm_dataset2_sfm_1024_aliked_incremental/run_status.json,701,74b5afee7b09377f003fb7c4ec464d462f797ecdf213d117f8831fe029902215
runs/sfm_dataset2_sfm_1024_aliked_incremental_fullres_eval/diagnostics/runs/sfm_dataset2_sfm_1024_aliked_incremental/timings.json,2189,0ae1f1431e103fe148f389cf292e8798175be1ad9b08ad91d6928fe7de9d7e86
runs/sfm_dataset2_sfm_1024_aliked_incremental_fullres_eval/diagnostics/runs/sfm_dataset2_sfm_1024_aliked_incremental_fullres_eval/resource_samples.csv,19266,2f7a95163b37f31041b363e6ebf8c5f516980d161b6462cb8a51b1780e1dc0e1
runs/sfm_dataset2_sfm_1024_aliked_incremental_fullres_eval/diagnostics/runs/sfm_dataset2_sfm_1024_aliked_incremental_fullres_eval/resource_summary.json,148,c9f04a28770d1b3e7505d1f44f8c0369de4869a2eec2ee8a80de3271f4889d60
runs/sfm_dataset2_sfm_1024_aliked_incremental_fullres_eval/resource_samples.csv,19266,2f7a95163b37f31041b363e6ebf8c5f516980d161b6462cb8a51b1780e1dc0e1
runs/sfm_dataset2_sfm_1024_aliked_incremental_fullres_eval/sfm_dataset2_sfm_1024_aliked_incremental_fullres_eval.exit,7,194ff5bca66278888f0f00be5c7ca523d15098ece958b14952533811089f6106
runs/sfm_dataset2_sfm_1024_aliked_incremental_fullres_eval/worker_identity.json,477,403f907020ee142472480a0ab017a48adb19dd80ee63eaa054d1626f252f92e1
runs/sfm_dataset2_sfm_1024_sift_global_fullres_eval/ablation_eval/jobs/sfm_dataset2_sfm_1024_sift_global/resource_samples.csv,48867,c8f1e77ad5fdac69b58699a8798121e0cadb87713783331cc27df41fb8fc835d
runs/sfm_dataset2_sfm_1024_sift_global_fullres_eval/ablation_eval/manifest.csv,1406,ad7580e39ffdc9c4d465248514178e21c63c21c89f31f4dda25d45d01d3cd4e6
runs/sfm_dataset2_sfm_1024_sift_global_fullres_eval/ablation_eval/metrics_long.csv,16229,d692b35763d80961628bf3a68cd9e9d51d924ad2112586dbca4a193eb84b103c
runs/sfm_dataset2_sfm_1024_sift_global_fullres_eval/ablation_eval/results_final.csv,129,6cf300cc3eaa1536de18eb4bdbeb47d3308e50e0dd2e0f8c8cbbee795a57b170
runs/sfm_dataset2_sfm_1024_sift_global_fullres_eval/ablation_eval/results_sfm.csv,1164,cccb25110a8a8e429c4cdf6f05d6d30d5fd10ec41ea223ce7a0c252ab6acacca
runs/sfm_dataset2_sfm_1024_sift_global_fullres_eval/ablation_eval/results_splat.csv,3710,eee6ef4b7d6bbc1b7b2cea6962031c14096b103c0c1e716c5fbc99d4ead9241c
runs/sfm_dataset2_sfm_1024_sift_global_fullres_eval/ablation_eval/splat_eval/sfm_dataset2_sfm_1024_sift_global/p000/attempt_1/lfs_eval_config.json,1356,cb2203da5d26ff25c0d3c42eadd03120278f181cccef913e88874a417c2f1132
runs/sfm_dataset2_sfm_1024_sift_global_fullres_eval/ablation_eval/splat_eval/sfm_dataset2_sfm_1024_sift_global/p000/attempt_1/loss_history.csv,8240,c1038ef952c17fe5f71254bb21a79b75b5401a4a096a3e2b2805596c52ee69e2
runs/sfm_dataset2_sfm_1024_sift_global_fullres_eval/ablation_eval/splat_eval/sfm_dataset2_sfm_1024_sift_global/p000/attempt_1/metrics.csv,417,8902d214166ce72767f79eb216a753ccea2872ce6b3f8550fc1271d1389541c9
runs/sfm_dataset2_sfm_1024_sift_global_fullres_eval/ablation_eval/splat_eval/sfm_dataset2_sfm_1024_sift_global/p000/attempt_1/python_metrics.json,456,274f2f267c327bf918bde98945ed5ff7c13135c5d8b869fd591a4355fe3390c8
runs/sfm_dataset2_sfm_1024_sift_global_fullres_eval/ablation_eval/splat_eval/sfm_dataset2_sfm_1024_sift_global/p000/attempt_1/resource_samples.csv,15723,e8e4ea0a422ded8900a1bc9b7333e82cc70a8992fc08674b977a38487e171588
runs/sfm_dataset2_sfm_1024_sift_global_fullres_eval/ablation_eval/splat_eval/sfm_dataset2_sfm_1024_sift_global/p000/attempt_1/training_status.json,2108,8215c84dc7551629aa2ed4a474b1bf9ef1e4dc8b71a8e33a3386dad1c0009b8c
runs/sfm_dataset2_sfm_1024_sift_global_fullres_eval/ablation_eval/splat_eval/sfm_dataset2_sfm_1024_sift_global/p002/attempt_1/lfs_eval_config.json,1356,cb2203da5d26ff25c0d3c42eadd03120278f181cccef913e88874a417c2f1132
runs/sfm_dataset2_sfm_1024_sift_global_fullres_eval/ablation_eval/splat_eval/sfm_dataset2_sfm_1024_sift_global/p002/attempt_1/loss_history.csv,8259,4a3dc314fda22ecece378a104b67e0442d56edc2187624209c42684c237fb385
runs/sfm_dataset2_sfm_1024_sift_global_fullres_eval/ablation_eval/splat_eval/sfm_dataset2_sfm_1024_sift_global/p002/attempt_1/metrics.csv,417,1a2996371c4f329c39217826969350665a8b674799c628c179ea1f11eaf63e35
runs/sfm_dataset2_sfm_1024_sift_global_fullres_eval/ablation_eval/splat_eval/sfm_dataset2_sfm_1024_sift_global/p002/attempt_1/python_metrics.json,456,274f2f267c327bf918bde98945ed5ff7c13135c5d8b869fd591a4355fe3390c8
runs/sfm_dataset2_sfm_1024_sift_global_fullres_eval/ablation_eval/splat_eval/sfm_dataset2_sfm_1024_sift_global/p002/attempt_1/resource_samples.csv,14393,d1b10d3214394ac8c3d99d1494dfee06154c9b85c3dc85ad21d945fc5cf4deaa
runs/sfm_dataset2_sfm_1024_sift_global_fullres_eval/ablation_eval/splat_eval/sfm_dataset2_sfm_1024_sift_global/p002/attempt_1/training_status.json,2107,8f16dab6e3c678a0007d6d230d14489a25e09d25cd6baf12671e0213d969ad79
runs/sfm_dataset2_sfm_1024_sift_global_fullres_eval/ablation_eval/splat_eval/sfm_dataset2_sfm_1024_sift_global/p005/attempt_1/lfs_eval_config.json,1356,cb2203da5d26ff25c0d3c42eadd03120278f181cccef913e88874a417c2f1132
runs/sfm_dataset2_sfm_1024_sift_global_fullres_eval/ablation_eval/splat_eval/sfm_dataset2_sfm_1024_sift_global/p005/attempt_1/loss_history.csv,8240,52efcd5f3109aaf1c57bdef89048a77d2741eb86131f0f61b0c3e65502d06e15
runs/sfm_dataset2_sfm_1024_sift_global_fullres_eval/ablation_eval/splat_eval/sfm_dataset2_sfm_1024_sift_global/p005/attempt_1/metrics.csv,417,e0f46e808ed08987175f7c01ecf2fcae5222fe2db9a6b3b2680cc0f8c11c2983
runs/sfm_dataset2_sfm_1024_sift_global_fullres_eval/ablation_eval/splat_eval/sfm_dataset2_sfm_1024_sift_global/p005/attempt_1/python_metrics.json,456,274f2f267c327bf918bde98945ed5ff7c13135c5d8b869fd591a4355fe3390c8
runs/sfm_dataset2_sfm_1024_sift_global_fullres_eval/ablation_eval/splat_eval/sfm_dataset2_sfm_1024_sift_global/p005/attempt_1/resource_samples.csv,15063,93bff20305deedc425adc522edb94984a75c75f272c6184bf1c741e043281c6e
runs/sfm_dataset2_sfm_1024_sift_global_fullres_eval/ablation_eval/splat_eval/sfm_dataset2_sfm_1024_sift_global/p005/attempt_1/training_status.json,2107,de3499ed8ffd8500f1171fa4dc12156909551c7018a841c021d045ba50665ae8
runs/sfm_dataset2_sfm_1024_sift_global_fullres_eval/ablation_eval/splat_eval/sfm_dataset2_sfm_1024_sift_global/p007/attempt_1/lfs_eval_config.json,1356,cb2203da5d26ff25c0d3c42eadd03120278f181cccef913e88874a417c2f1132
runs/sfm_dataset2_sfm_1024_sift_global_fullres_eval/ablation_eval/splat_eval/sfm_dataset2_sfm_1024_sift_global/p007/attempt_1/loss_history.csv,8243,dd0909245ac24b29557fbde55de419794298fea6d03239b5f5f813e7e8b3bf84
runs/sfm_dataset2_sfm_1024_sift_global_fullres_eval/ablation_eval/splat_eval/sfm_dataset2_sfm_1024_sift_global/p007/attempt_1/metrics.csv,417,56d014de77c4f27e3ba64c8d8df9821f3fc2660e2f2d8c1e080da5cd5474e1ba
runs/sfm_dataset2_sfm_1024_sift_global_fullres_eval/ablation_eval/splat_eval/sfm_dataset2_sfm_1024_sift_global/p007/attempt_1/python_metrics.json,456,274f2f267c327bf918bde98945ed5ff7c13135c5d8b869fd591a4355fe3390c8
runs/sfm_dataset2_sfm_1024_sift_global_fullres_eval/ablation_eval/splat_eval/sfm_dataset2_sfm_1024_sift_global/p007/attempt_1/resource_samples.csv,13565,9c1eec8a3ccb728a42127423dad43c9f08ec567e118f13cd9165893821e6ede4
runs/sfm_dataset2_sfm_1024_sift_global_fullres_eval/ablation_eval/splat_eval/sfm_dataset2_sfm_1024_sift_global/p007/attempt_1/training_status.json,2109,48b1ca7561def907bbbf5c6c1977b57d22b347e4f975e848ac1e1ffb1b41063a
runs/sfm_dataset2_sfm_1024_sift_global_fullres_eval/ablation_eval/splat_eval/sfm_dataset2_sfm_1024_sift_global/p010/attempt_1/lfs_eval_config.json,1356,cb2203da5d26ff25c0d3c42eadd03120278f181cccef913e88874a417c2f1132
runs/sfm_dataset2_sfm_1024_sift_global_fullres_eval/ablation_eval/splat_eval/sfm_dataset2_sfm_1024_sift_global/p010/attempt_1/loss_history.csv,8249,0a05b011bfa71ebc188ddcca4b0edabe45f543bbe05fea6fcbed5858842b6d8c
runs/sfm_dataset2_sfm_1024_sift_global_fullres_eval/ablation_eval/splat_eval/sfm_dataset2_sfm_1024_sift_global/p010/attempt_1/metrics.csv,417,8550176884b4287e1c1676e95c8eb51a5aa29d7e656df3b3ec1ef2fdbe73931a
runs/sfm_dataset2_sfm_1024_sift_global_fullres_eval/ablation_eval/splat_eval/sfm_dataset2_sfm_1024_sift_global/p010/attempt_1/python_metrics.json,456,274f2f267c327bf918bde98945ed5ff7c13135c5d8b869fd591a4355fe3390c8
runs/sfm_dataset2_sfm_1024_sift_global_fullres_eval/ablation_eval/splat_eval/sfm_dataset2_sfm_1024_sift_global/p010/attempt_1/resource_samples.csv,14389,5fd34849cdfcb54bc4d337a5ec85af5323541deaf0a5600713abf1da2b036b61
runs/sfm_dataset2_sfm_1024_sift_global_fullres_eval/ablation_eval/splat_eval/sfm_dataset2_sfm_1024_sift_global/p010/attempt_1/training_status.json,2104,c52de40bb483b334804e47cfa4962b3119757936386f391df2e9a5148b50194f
runs/sfm_dataset2_sfm_1024_sift_global_fullres_eval/ablation_eval/splat_eval/sfm_dataset2_sfm_1024_sift_global/p012/attempt_1/lfs_eval_config.json,1356,cb2203da5d26ff25c0d3c42eadd03120278f181cccef913e88874a417c2f1132
runs/sfm_dataset2_sfm_1024_sift_global_fullres_eval/ablation_eval/splat_eval/sfm_dataset2_sfm_1024_sift_global/p012/attempt_1/loss_history.csv,8248,fbcaffba5a9ccdc4aaa55156bc59aa25ef030daa75d8e14c1360aed57add4121
runs/sfm_dataset2_sfm_1024_sift_global_fullres_eval/ablation_eval/splat_eval/sfm_dataset2_sfm_1024_sift_global/p012/attempt_1/metrics.csv,417,bef3e5d144086f9c1b951c6da10375eb3e3c025209099ba9e4c1047d9f2b5a66
runs/sfm_dataset2_sfm_1024_sift_global_fullres_eval/ablation_eval/splat_eval/sfm_dataset2_sfm_1024_sift_global/p012/attempt_1/python_metrics.json,456,274f2f267c327bf918bde98945ed5ff7c13135c5d8b869fd591a4355fe3390c8
runs/sfm_dataset2_sfm_1024_sift_global_fullres_eval/ablation_eval/splat_eval/sfm_dataset2_sfm_1024_sift_global/p012/attempt_1/resource_samples.csv,13801,83ff997203a0ebd996b048c4aa0125a772316e7350faaaf655f1b5950f493ff3
runs/sfm_dataset2_sfm_1024_sift_global_fullres_eval/ablation_eval/splat_eval/sfm_dataset2_sfm_1024_sift_global/p012/attempt_1/training_status.json,2108,b88cd7b7fe985695078a9c3958ee33e4eac31c95e938da440e61f321b3ee50f3
runs/sfm_dataset2_sfm_1024_sift_global_fullres_eval/ablation_eval/splat_eval/sfm_dataset2_sfm_1024_sift_global/p015/attempt_1/lfs_eval_config.json,1356,cb2203da5d26ff25c0d3c42eadd03120278f181cccef913e88874a417c2f1132
runs/sfm_dataset2_sfm_1024_sift_global_fullres_eval/ablation_eval/splat_eval/sfm_dataset2_sfm_1024_sift_global/p015/attempt_1/loss_history.csv,8243,eae14df9cf0ef46de56b1cd0dbd70eec1b3a6a0b50fd7f0a6e1509a196d00bb6
runs/sfm_dataset2_sfm_1024_sift_global_fullres_eval/ablation_eval/splat_eval/sfm_dataset2_sfm_1024_sift_global/p015/attempt_1/metrics.csv,417,8d269afb485eac7a22eb3be9bd7872b8986500614c83619653e757755544e95c
runs/sfm_dataset2_sfm_1024_sift_global_fullres_eval/ablation_eval/splat_eval/sfm_dataset2_sfm_1024_sift_global/p015/attempt_1/python_metrics.json,456,274f2f267c327bf918bde98945ed5ff7c13135c5d8b869fd591a4355fe3390c8
runs/sfm_dataset2_sfm_1024_sift_global_fullres_eval/ablation_eval/splat_eval/sfm_dataset2_sfm_1024_sift_global/p015/attempt_1/resource_samples.csv,14156,8e77fa3a572f1b7bebe6caa68fef4dbf0fe776b31613a8957da230e9358d1832
runs/sfm_dataset2_sfm_1024_sift_global_fullres_eval/ablation_eval/splat_eval/sfm_dataset2_sfm_1024_sift_global/p015/attempt_1/training_status.json,2109,42ac90b607b27c0a70472005b644268d3696e351e7f29459e2d9be839d984abf
runs/sfm_dataset2_sfm_1024_sift_global_fullres_eval/ablation_eval/splat_eval/sfm_dataset2_sfm_1024_sift_global/p017/attempt_1/lfs_eval_config.json,1356,cb2203da5d26ff25c0d3c42eadd03120278f181cccef913e88874a417c2f1132
runs/sfm_dataset2_sfm_1024_sift_global_fullres_eval/ablation_eval/splat_eval/sfm_dataset2_sfm_1024_sift_global/p017/attempt_1/loss_history.csv,8248,215ba192deda4af77dddeb3e88bfa7433826e233bf2099145348c100aeff3b02
runs/sfm_dataset2_sfm_1024_sift_global_fullres_eval/ablation_eval/splat_eval/sfm_dataset2_sfm_1024_sift_global/p017/attempt_1/metrics.csv,417,b08fee87c028812db0c5250e6c87b4bd9cc4c00a21bce1b30196e170b4bc9798
runs/sfm_dataset2_sfm_1024_sift_global_fullres_eval/ablation_eval/splat_eval/sfm_dataset2_sfm_1024_sift_global/p017/attempt_1/python_metrics.json,456,274f2f267c327bf918bde98945ed5ff7c13135c5d8b869fd591a4355fe3390c8
runs/sfm_dataset2_sfm_1024_sift_global_fullres_eval/ablation_eval/splat_eval/sfm_dataset2_sfm_1024_sift_global/p017/attempt_1/resource_samples.csv,14197,f3ce04363a4b8e991326fb823f6d29e3fb75b6fe444de96191d255506bceab89
runs/sfm_dataset2_sfm_1024_sift_global_fullres_eval/ablation_eval/splat_eval/sfm_dataset2_sfm_1024_sift_global/p017/attempt_1/training_status.json,2107,39f82b404a2582559fdd4d55e41690e6b021d5336a9065dcb90dcd62ea2dba89
runs/sfm_dataset2_sfm_1024_sift_global_fullres_eval/ablation_eval/splat_eval/sfm_dataset2_sfm_1024_sift_global/p020/attempt_1/lfs_eval_config.json,1356,cb2203da5d26ff25c0d3c42eadd03120278f181cccef913e88874a417c2f1132
runs/sfm_dataset2_sfm_1024_sift_global_fullres_eval/ablation_eval/splat_eval/sfm_dataset2_sfm_1024_sift_global/p020/attempt_1/loss_history.csv,8256,6973e272709dbb2aeb3b7f5f743e161f8eff9da096700b2276311bcd2f488230
runs/sfm_dataset2_sfm_1024_sift_global_fullres_eval/ablation_eval/splat_eval/sfm_dataset2_sfm_1024_sift_global/p020/attempt_1/metrics.csv,417,fe52ffdd3f993c836c6423c6e082c3130fdaa38db52f3aa7f1b29d559bdabe99
runs/sfm_dataset2_sfm_1024_sift_global_fullres_eval/ablation_eval/splat_eval/sfm_dataset2_sfm_1024_sift_global/p020/attempt_1/python_metrics.json,456,274f2f267c327bf918bde98945ed5ff7c13135c5d8b869fd591a4355fe3390c8
runs/sfm_dataset2_sfm_1024_sift_global_fullres_eval/ablation_eval/splat_eval/sfm_dataset2_sfm_1024_sift_global/p020/attempt_1/resource_samples.csv,13838,618f1c96bfbbd7904151b5427e92fbd583931fb91322e26fc1e14a3350ecd7ce
runs/sfm_dataset2_sfm_1024_sift_global_fullres_eval/ablation_eval/splat_eval/sfm_dataset2_sfm_1024_sift_global/p020/attempt_1/training_status.json,2109,c7b5a17eb22db24c41ca3181b436bfbebc09a03c3120a694aa1d96e1fe56b20c
runs/sfm_dataset2_sfm_1024_sift_global_fullres_eval/ablation_eval/splat_eval/sfm_dataset2_sfm_1024_sift_global/p022/attempt_1/lfs_eval_config.json,1356,cb2203da5d26ff25c0d3c42eadd03120278f181cccef913e88874a417c2f1132
runs/sfm_dataset2_sfm_1024_sift_global_fullres_eval/ablation_eval/splat_eval/sfm_dataset2_sfm_1024_sift_global/p022/attempt_1/loss_history.csv,8234,f3f7b98328aca8353b7db187cd63714d2a8e4d9da9cae6b8468ca4cf33552d7e
runs/sfm_dataset2_sfm_1024_sift_global_fullres_eval/ablation_eval/splat_eval/sfm_dataset2_sfm_1024_sift_global/p022/attempt_1/metrics.csv,417,545c921c322e7a415ebd915ef2a3c2867782812aa00b8bba7bcd73f913f1f42a
runs/sfm_dataset2_sfm_1024_sift_global_fullres_eval/ablation_eval/splat_eval/sfm_dataset2_sfm_1024_sift_global/p022/attempt_1/python_metrics.json,456,274f2f267c327bf918bde98945ed5ff7c13135c5d8b869fd591a4355fe3390c8
runs/sfm_dataset2_sfm_1024_sift_global_fullres_eval/ablation_eval/splat_eval/sfm_dataset2_sfm_1024_sift_global/p022/attempt_1/resource_samples.csv,10679,3437a5fb006ee1cc4d0a48ca6d37338ea38e8fbac7b1d35293faabe3958f6ac8
runs/sfm_dataset2_sfm_1024_sift_global_fullres_eval/ablation_eval/splat_eval/sfm_dataset2_sfm_1024_sift_global/p022/attempt_1/training_status.json,2107,2b2ab1231aee671620d1af561dbf54d5e024bf5c001d1ecca1dc7f9f2f72abd7
runs/sfm_dataset2_sfm_1024_sift_global_fullres_eval/ablation_eval/splat_eval_selection.json,558,4fde6e2030595a2afef1086514405bcc308e59a7b0dafc5e83c7b5202efb5c1e
runs/sfm_dataset2_sfm_1024_sift_global_fullres_eval/diagnostics/runs/sfm_dataset2_sfm_1024_sift_global_fullres_eval/resource_samples.csv,109454,16b964641b3287a7635ff056482f45709c63edd94639f944f98d0dec4cf51275
runs/sfm_dataset2_sfm_1024_sift_global_fullres_eval/resource_samples.csv,109454,16b964641b3287a7635ff056482f45709c63edd94639f944f98d0dec4cf51275
runs/sfm_dataset2_sfm_1024_sift_global_fullres_eval/sfm_dataset2_sfm_1024_sift_global_fullres_eval.exit,32,aeb7fb11bf52cbddd6345591d2fde0597587b7b1cffe51a7219f9a75902d8158
runs/sfm_dataset2_sfm_1024_sift_global_fullres_eval/worker_identity.json,470,4752d9f14eef61279658e92144d50658189aa8e66dd5b630c7b6f25bb952da3b
runs/sfm_dataset2_sfm_1024_sift_incremental_fullres_eval/ablation_eval/jobs/sfm_dataset2_sfm_1024_sift_incremental/resource_samples.csv,126145,756b902ccacb0a87de566a434560861aec15ca1430a1ebb18efc722d25beea0c
runs/sfm_dataset2_sfm_1024_sift_incremental_fullres_eval/ablation_eval/manifest.csv,1469,7bfb41787e8794cf27b5eabd18f965f7fada16bcde6c17832f3df44f59ec2819
runs/sfm_dataset2_sfm_1024_sift_incremental_fullres_eval/ablation_eval/results_final.csv,129,6cf300cc3eaa1536de18eb4bdbeb47d3308e50e0dd2e0f8c8cbbee795a57b170
runs/sfm_dataset2_sfm_1024_sift_incremental_fullres_eval/ablation_eval/results_sfm.csv,860,caeecf71f076cccfbaf50d91e1fd192fce19c04cf9ba97a461b904f7c2db1042
runs/sfm_dataset2_sfm_1024_sift_incremental_fullres_eval/ablation_eval/results_splat.csv,298,39db4462af80f9c5d63208487ac3ac84ffe996ec2010f17b931958a3ddb3a8cb
runs/sfm_dataset2_sfm_1024_sift_incremental_fullres_eval/ablation_eval/splat_eval_selection.json,188,143de258cc1a5ad6641137b7dab6c5a6593afb7a9beca5f83021c90af7684864
runs/sfm_dataset2_sfm_1024_sift_incremental_fullres_eval/diagnostics/runs/sfm_dataset2_sfm_1024_sift_incremental/logs/colmap.log,7443013,5713ea60f34c227abc011e117095ab11b20d1138404d2759667ae08e18269d8a
runs/sfm_dataset2_sfm_1024_sift_incremental_fullres_eval/diagnostics/runs/sfm_dataset2_sfm_1024_sift_incremental/logs/pipeline.log,2384,39ba43f74b44009c8f4baf13a6c8e93c5e9e0bb9b7d9378f91c8f7d917ca79f0
runs/sfm_dataset2_sfm_1024_sift_incremental_fullres_eval/diagnostics/runs/sfm_dataset2_sfm_1024_sift_incremental/run_status.json,1405,699ffc40841688d05c41cfae6de40f527c79dda284f4fd0bd4a080734925bcfb
runs/sfm_dataset2_sfm_1024_sift_incremental_fullres_eval/diagnostics/runs/sfm_dataset2_sfm_1024_sift_incremental/timings.json,4041,f4fa59054b24453245b4ac40ef2fef913d3f5cfd3e0a04a73b8c3ccbaf2bf0fd
runs/sfm_dataset2_sfm_1024_sift_incremental_fullres_eval/diagnostics/runs/sfm_dataset2_sfm_1024_sift_incremental_fullres_eval/resource_samples.csv,114421,772a8aa93062f5bd8ba1d0a40872ab17344a1b22c10c1d7e5769bf2d0803e721
runs/sfm_dataset2_sfm_1024_sift_incremental_fullres_eval/diagnostics/runs/sfm_dataset2_sfm_1024_sift_incremental_fullres_eval/resource_summary.json,150,e22ceb2354627f57c5359f068fd9bbaacce53f659724487b3dfde2283cf56422
runs/sfm_dataset2_sfm_1024_sift_incremental_fullres_eval/resource_samples.csv,114421,772a8aa93062f5bd8ba1d0a40872ab17344a1b22c10c1d7e5769bf2d0803e721
runs/sfm_dataset2_sfm_1024_sift_incremental_fullres_eval/sfm_dataset2_sfm_1024_sift_incremental_fullres_eval.exit,7,194ff5bca66278888f0f00be5c7ca523d15098ece958b14952533811089f6106
runs/sfm_dataset2_sfm_1024_sift_incremental_fullres_eval/worker_identity.json,475,1ef112b529874bceba4237f1e906713e11fcabb793f8539715d3544e7a02795d
runs/sfm_dataset2_sfm_2048_aliked_global_fullres_eval/ablation_eval/jobs/sfm_dataset2_sfm_2048_aliked_global/resource_samples.csv,18401,e0b31b7d05b91def9bcc63f4186a9a58def65edcbe0eb04ad09aceb4dfe543ac
runs/sfm_dataset2_sfm_2048_aliked_global_fullres_eval/ablation_eval/manifest.csv,1619,7d08ec2f4f9f3f0a6450536d36a6b4d2110f159ec4351e17ccdc5cac19785ff6
runs/sfm_dataset2_sfm_2048_aliked_global_fullres_eval/ablation_eval/metrics_long.csv,11592,37200205151f37258a6b2a5406adaedd165c3760dcf67f501208ae3b9b415867
runs/sfm_dataset2_sfm_2048_aliked_global_fullres_eval/ablation_eval/results_final.csv,129,6cf300cc3eaa1536de18eb4bdbeb47d3308e50e0dd2e0f8c8cbbee795a57b170
runs/sfm_dataset2_sfm_2048_aliked_global_fullres_eval/ablation_eval/results_sfm.csv,1153,b1f9677ca898852b19f7ff35db0f6137f3df92d16f276d9077b33b15d599349c
runs/sfm_dataset2_sfm_2048_aliked_global_fullres_eval/ablation_eval/results_splat.csv,2713,4dc2364ee5f478422b5110e35f55f458627a64f3ee436865c72b05764a3346fc
runs/sfm_dataset2_sfm_2048_aliked_global_fullres_eval/ablation_eval/splat_eval/sfm_dataset2_sfm_2048_aliked_global/p000/attempt_1/lfs_eval_config.json,1356,cb2203da5d26ff25c0d3c42eadd03120278f181cccef913e88874a417c2f1132
runs/sfm_dataset2_sfm_2048_aliked_global_fullres_eval/ablation_eval/splat_eval/sfm_dataset2_sfm_2048_aliked_global/p000/attempt_1/loss_history.csv,8217,92cc6766bf38ed4c0c6553c4b5e174cf64734c15114a7abd0041879a40e7d70b
runs/sfm_dataset2_sfm_2048_aliked_global_fullres_eval/ablation_eval/splat_eval/sfm_dataset2_sfm_2048_aliked_global/p000/attempt_1/metrics.csv,417,5be91b1c77936b5417d86b6fb116c02e811eb16cb34d388e75448e2cb1f11ea9
runs/sfm_dataset2_sfm_2048_aliked_global_fullres_eval/ablation_eval/splat_eval/sfm_dataset2_sfm_2048_aliked_global/p000/attempt_1/python_metrics.json,456,f4011d224f185562e8c1692f3408916925dfa95ca1f0f804a15f7790499526ae
runs/sfm_dataset2_sfm_2048_aliked_global_fullres_eval/ablation_eval/splat_eval/sfm_dataset2_sfm_2048_aliked_global/p000/attempt_1/resource_samples.csv,13412,9a2217f507332f2efab49ebc13108617d4802966951381bba83b604fc4be83fb
runs/sfm_dataset2_sfm_2048_aliked_global_fullres_eval/ablation_eval/splat_eval/sfm_dataset2_sfm_2048_aliked_global/p000/attempt_1/training_status.json,2122,3e871f1c70d03f9b9bcad77ecbd6c63e943d6cf19089bc84783371ec70fef24a
runs/sfm_dataset2_sfm_2048_aliked_global_fullres_eval/ablation_eval/splat_eval/sfm_dataset2_sfm_2048_aliked_global/p001/attempt_1/lfs_eval_config.json,1356,cb2203da5d26ff25c0d3c42eadd03120278f181cccef913e88874a417c2f1132
runs/sfm_dataset2_sfm_2048_aliked_global_fullres_eval/ablation_eval/splat_eval/sfm_dataset2_sfm_2048_aliked_global/p001/attempt_1/loss_history.csv,8225,b708187269aacc9e7f71dfadbad3edf9ed5746d47229eac6a6a5b72f9a3b3586
runs/sfm_dataset2_sfm_2048_aliked_global_fullres_eval/ablation_eval/splat_eval/sfm_dataset2_sfm_2048_aliked_global/p001/attempt_1/metrics.csv,417,907b1f38d1a5c226929cdd6d806c809fa76c12955d0d4aff6b3db810813f6a77
runs/sfm_dataset2_sfm_2048_aliked_global_fullres_eval/ablation_eval/splat_eval/sfm_dataset2_sfm_2048_aliked_global/p001/attempt_1/python_metrics.json,456,f4011d224f185562e8c1692f3408916925dfa95ca1f0f804a15f7790499526ae
runs/sfm_dataset2_sfm_2048_aliked_global_fullres_eval/ablation_eval/splat_eval/sfm_dataset2_sfm_2048_aliked_global/p001/attempt_1/resource_samples.csv,15297,2bdd70c3cb88017c14056cb182776ccad6ec5acc168be55f2bb3e02007cf0b25
runs/sfm_dataset2_sfm_2048_aliked_global_fullres_eval/ablation_eval/splat_eval/sfm_dataset2_sfm_2048_aliked_global/p001/attempt_1/training_status.json,2121,23df5dd1ce7cfc25fda2fc4834eee2ebd19cd6d47b7fc44c132d285144181c82
runs/sfm_dataset2_sfm_2048_aliked_global_fullres_eval/ablation_eval/splat_eval/sfm_dataset2_sfm_2048_aliked_global/p002/attempt_1/lfs_eval_config.json,1356,cb2203da5d26ff25c0d3c42eadd03120278f181cccef913e88874a417c2f1132
runs/sfm_dataset2_sfm_2048_aliked_global_fullres_eval/ablation_eval/splat_eval/sfm_dataset2_sfm_2048_aliked_global/p002/attempt_1/loss_history.csv,8218,3ab07df281468b0209987a2f0747c3209152518b203192b11d67785e92270379
runs/sfm_dataset2_sfm_2048_aliked_global_fullres_eval/ablation_eval/splat_eval/sfm_dataset2_sfm_2048_aliked_global/p002/attempt_1/metrics.csv,417,48470a062e52db18e5472504abbfad286f3b1ea97d02d1045f0cf836e376eaf4
runs/sfm_dataset2_sfm_2048_aliked_global_fullres_eval/ablation_eval/splat_eval/sfm_dataset2_sfm_2048_aliked_global/p002/attempt_1/python_metrics.json,456,f4011d224f185562e8c1692f3408916925dfa95ca1f0f804a15f7790499526ae
runs/sfm_dataset2_sfm_2048_aliked_global_fullres_eval/ablation_eval/splat_eval/sfm_dataset2_sfm_2048_aliked_global/p002/attempt_1/resource_samples.csv,13573,d491109f9042c7bbd3bf9ad9a4bc7e7bb34dea02a76928af3ec4ba058df748a5
runs/sfm_dataset2_sfm_2048_aliked_global_fullres_eval/ablation_eval/splat_eval/sfm_dataset2_sfm_2048_aliked_global/p002/attempt_1/training_status.json,2121,ced8fef21ae6bf8a42b776a00eab6ef58a77cb5862eac7b2c729cfa444128b30
runs/sfm_dataset2_sfm_2048_aliked_global_fullres_eval/ablation_eval/splat_eval/sfm_dataset2_sfm_2048_aliked_global/p003/attempt_1/lfs_eval_config.json,1356,cb2203da5d26ff25c0d3c42eadd03120278f181cccef913e88874a417c2f1132
runs/sfm_dataset2_sfm_2048_aliked_global_fullres_eval/ablation_eval/splat_eval/sfm_dataset2_sfm_2048_aliked_global/p003/attempt_1/loss_history.csv,8227,df3de5096d4d0614cd31c4874dae1708ec751222ab055c7468e73a3888c1ea2a
runs/sfm_dataset2_sfm_2048_aliked_global_fullres_eval/ablation_eval/splat_eval/sfm_dataset2_sfm_2048_aliked_global/p003/attempt_1/metrics.csv,417,f49fd9bb232194f0fcf17475e8d783f8ac124839c65c3210e0fa5e4ace426bec
runs/sfm_dataset2_sfm_2048_aliked_global_fullres_eval/ablation_eval/splat_eval/sfm_dataset2_sfm_2048_aliked_global/p003/attempt_1/python_metrics.json,456,f4011d224f185562e8c1692f3408916925dfa95ca1f0f804a15f7790499526ae
runs/sfm_dataset2_sfm_2048_aliked_global_fullres_eval/ablation_eval/splat_eval/sfm_dataset2_sfm_2048_aliked_global/p003/attempt_1/resource_samples.csv,14442,abed1b7969bf83f1084b9090df3c64f2120a5e159bffe2135a9b088dd30e3fda
runs/sfm_dataset2_sfm_2048_aliked_global_fullres_eval/ablation_eval/splat_eval/sfm_dataset2_sfm_2048_aliked_global/p003/attempt_1/training_status.json,2121,33d5977631ab7600fd1eabe906f428055e1c948a271a449e0f5273bbfb19513f
runs/sfm_dataset2_sfm_2048_aliked_global_fullres_eval/ablation_eval/splat_eval/sfm_dataset2_sfm_2048_aliked_global/p004/attempt_1/lfs_eval_config.json,1356,cb2203da5d26ff25c0d3c42eadd03120278f181cccef913e88874a417c2f1132
runs/sfm_dataset2_sfm_2048_aliked_global_fullres_eval/ablation_eval/splat_eval/sfm_dataset2_sfm_2048_aliked_global/p004/attempt_1/loss_history.csv,8226,8318e540b544637810bc3854991cb7372c83ccdb1027b4030305bb4b137369f9
runs/sfm_dataset2_sfm_2048_aliked_global_fullres_eval/ablation_eval/splat_eval/sfm_dataset2_sfm_2048_aliked_global/p004/attempt_1/metrics.csv,417,84d748bbeec4acf045ae4eb6e444ac2a030128b9a298d02c82db750d8f1c7e4e
runs/sfm_dataset2_sfm_2048_aliked_global_fullres_eval/ablation_eval/splat_eval/sfm_dataset2_sfm_2048_aliked_global/p004/attempt_1/python_metrics.json,456,f4011d224f185562e8c1692f3408916925dfa95ca1f0f804a15f7790499526ae
runs/sfm_dataset2_sfm_2048_aliked_global_fullres_eval/ablation_eval/splat_eval/sfm_dataset2_sfm_2048_aliked_global/p004/attempt_1/resource_samples.csv,15452,e536a8286b3a9bedacb5e8deb3e288f57913c2bc6dce3583c678dc354922775d
runs/sfm_dataset2_sfm_2048_aliked_global_fullres_eval/ablation_eval/splat_eval/sfm_dataset2_sfm_2048_aliked_global/p004/attempt_1/training_status.json,2121,41a59793f0caa4d5357791e5f7b486a69df259dba862564687afcff370aa22ec
runs/sfm_dataset2_sfm_2048_aliked_global_fullres_eval/ablation_eval/splat_eval/sfm_dataset2_sfm_2048_aliked_global/p005/attempt_1/lfs_eval_config.json,1356,cb2203da5d26ff25c0d3c42eadd03120278f181cccef913e88874a417c2f1132
runs/sfm_dataset2_sfm_2048_aliked_global_fullres_eval/ablation_eval/splat_eval/sfm_dataset2_sfm_2048_aliked_global/p005/attempt_1/loss_history.csv,8223,22af751fe22d39606bcd7487757c961034facf55999ec94cd80e1e8c2f16cb2c
runs/sfm_dataset2_sfm_2048_aliked_global_fullres_eval/ablation_eval/splat_eval/sfm_dataset2_sfm_2048_aliked_global/p005/attempt_1/metrics.csv,417,8c747f6697a2814730c422f262731b75e958f95703467a069774e5d507e89739
runs/sfm_dataset2_sfm_2048_aliked_global_fullres_eval/ablation_eval/splat_eval/sfm_dataset2_sfm_2048_aliked_global/p005/attempt_1/python_metrics.json,456,f4011d224f185562e8c1692f3408916925dfa95ca1f0f804a15f7790499526ae
runs/sfm_dataset2_sfm_2048_aliked_global_fullres_eval/ablation_eval/splat_eval/sfm_dataset2_sfm_2048_aliked_global/p005/attempt_1/resource_samples.csv,14936,e04300b3fb22058c6aabfec74921a9e135768aaa27a0d6286a6110e762febacf
runs/sfm_dataset2_sfm_2048_aliked_global_fullres_eval/ablation_eval/splat_eval/sfm_dataset2_sfm_2048_aliked_global/p005/attempt_1/training_status.json,2121,a45b3ac747461dd2e032323947d4faec63fa729c63f952c6dcaca3ed41fa8871
runs/sfm_dataset2_sfm_2048_aliked_global_fullres_eval/ablation_eval/splat_eval/sfm_dataset2_sfm_2048_aliked_global/p006/attempt_1/lfs_eval_config.json,1356,cb2203da5d26ff25c0d3c42eadd03120278f181cccef913e88874a417c2f1132
runs/sfm_dataset2_sfm_2048_aliked_global_fullres_eval/ablation_eval/splat_eval/sfm_dataset2_sfm_2048_aliked_global/p006/attempt_1/loss_history.csv,8219,92b64c7da9d9020c6afaed4938818000ed18796923126c5b97a8761ab39b8772
runs/sfm_dataset2_sfm_2048_aliked_global_fullres_eval/ablation_eval/splat_eval/sfm_dataset2_sfm_2048_aliked_global/p006/attempt_1/metrics.csv,417,076c310c10a40b3a6e182cf2c18ce53b52fe22e83337908cfab3fe553abbbf5c
runs/sfm_dataset2_sfm_2048_aliked_global_fullres_eval/ablation_eval/splat_eval/sfm_dataset2_sfm_2048_aliked_global/p006/attempt_1/python_metrics.json,456,f4011d224f185562e8c1692f3408916925dfa95ca1f0f804a15f7790499526ae
runs/sfm_dataset2_sfm_2048_aliked_global_fullres_eval/ablation_eval/splat_eval/sfm_dataset2_sfm_2048_aliked_global/p006/attempt_1/resource_samples.csv,15510,32d997c38b43eccb2ec1c9fc8874754910b38a1595647a0258853835f48c8652
runs/sfm_dataset2_sfm_2048_aliked_global_fullres_eval/ablation_eval/splat_eval/sfm_dataset2_sfm_2048_aliked_global/p006/attempt_1/training_status.json,2121,aa98764516b3ffc43e4a5c27719f8ca1f9628f69fbfe33421a1b72faca444049
runs/sfm_dataset2_sfm_2048_aliked_global_fullres_eval/ablation_eval/splat_eval_selection.json,512,78b79c72dbb0194a636a7285791e54f619cc34a25f1a5e93e412ef22968c9169
runs/sfm_dataset2_sfm_2048_aliked_global_fullres_eval/diagnostics/runs/sfm_dataset2_sfm_2048_aliked_global/logs/colmap.log,7662717,e80b254bd8b1aa0ab85c4b40c5f55395f1c91ef00f0df02f413baecfcd435f9f
runs/sfm_dataset2_sfm_2048_aliked_global_fullres_eval/diagnostics/runs/sfm_dataset2_sfm_2048_aliked_global/logs/pipeline.log,5750,74e3d45d59b66091bbc971a0105355b1f977fe8262ddc43266da9db51f615b62
runs/sfm_dataset2_sfm_2048_aliked_global_fullres_eval/diagnostics/runs/sfm_dataset2_sfm_2048_aliked_global/logs/warnings.log,378,62bff7cba8eb1b19a0d05aa6dbef5f7ba317fce030ae6bc1656c201c166b76a1
runs/sfm_dataset2_sfm_2048_aliked_global_fullres_eval/diagnostics/runs/sfm_dataset2_sfm_2048_aliked_global/run_status.json,701,fe8b2cac4e97f5ad424e10285c43f5c7aad49616c6f0103e0cae19a7ec2eba79
runs/sfm_dataset2_sfm_2048_aliked_global_fullres_eval/diagnostics/runs/sfm_dataset2_sfm_2048_aliked_global/timings.json,2191,70f58d0fc3ed94e3c25e99a52087fda125455a36749e00eea11935c76e8b0d57
runs/sfm_dataset2_sfm_2048_aliked_global_fullres_eval/diagnostics/runs/sfm_dataset2_sfm_2048_aliked_global_fullres_eval/resource_samples.csv,64161,0c24ba07278a774ef792352576482cd2d1de29cab6de6a4b018ea8ee34557bf3
runs/sfm_dataset2_sfm_2048_aliked_global_fullres_eval/diagnostics/runs/sfm_dataset2_sfm_2048_aliked_global_fullres_eval/resource_summary.json,152,36ccb04ecd0c5b12a25bb2b0a90ae2a90c0adb03268103548b7d8ca5d104f0ba
runs/sfm_dataset2_sfm_2048_aliked_global_fullres_eval/resource_samples.csv,64161,0c24ba07278a774ef792352576482cd2d1de29cab6de6a4b018ea8ee34557bf3
runs/sfm_dataset2_sfm_2048_aliked_global_fullres_eval/sfm_dataset2_sfm_2048_aliked_global_fullres_eval.exit,7,194ff5bca66278888f0f00be5c7ca523d15098ece958b14952533811089f6106
runs/sfm_dataset2_sfm_2048_aliked_global_fullres_eval/worker_identity.json,472,401f79aa7c019f374de44cce0f3dfb8a22f0241ea2fac81f6ec4ea57b189a5c6
runs/sfm_dataset2_sfm_2048_aliked_incremental_fullres_eval/ablation_eval/jobs/sfm_dataset2_sfm_2048_aliked_incremental/resource_samples.csv,27576,d99b34541a45aea51839cba1847f4e65a7efaa6e14b996573880bda6963e7b2e
runs/sfm_dataset2_sfm_2048_aliked_incremental_fullres_eval/ablation_eval/manifest.csv,1682,493ee662c174d6a858dd71624b5692377cd22c757ef1c1fb08350148b9745c42
runs/sfm_dataset2_sfm_2048_aliked_incremental_fullres_eval/ablation_eval/results_final.csv,129,6cf300cc3eaa1536de18eb4bdbeb47d3308e50e0dd2e0f8c8cbbee795a57b170
runs/sfm_dataset2_sfm_2048_aliked_incremental_fullres_eval/ablation_eval/results_sfm.csv,1183,231e829d0adf3fe94097e1336d00e661e9843a725f747f17dc45cbf69f339abe
runs/sfm_dataset2_sfm_2048_aliked_incremental_fullres_eval/ablation_eval/results_splat.csv,298,39db4462af80f9c5d63208487ac3ac84ffe996ec2010f17b931958a3ddb3a8cb
runs/sfm_dataset2_sfm_2048_aliked_incremental_fullres_eval/ablation_eval/splat_eval_selection.json,188,143de258cc1a5ad6641137b7dab6c5a6593afb7a9beca5f83021c90af7684864
runs/sfm_dataset2_sfm_2048_aliked_incremental_fullres_eval/diagnostics/runs/sfm_dataset2_sfm_2048_aliked_incremental/logs/colmap.log,8500274,3ef17341b5445690cc0ecfcd7c48d17e98954920eedccadbf8adc0461138598b
runs/sfm_dataset2_sfm_2048_aliked_incremental_fullres_eval/diagnostics/runs/sfm_dataset2_sfm_2048_aliked_incremental/logs/pipeline.log,5922,fbba494a42c23103c1268db799571dd41d48a0a13faff84352fbb0dc985aab1c
runs/sfm_dataset2_sfm_2048_aliked_incremental_fullres_eval/diagnostics/runs/sfm_dataset2_sfm_2048_aliked_incremental/logs/warnings.log,521,1718aa0b08d0b2b9255d020e525d5aeaa857864890d4df0a135f928e01613053
runs/sfm_dataset2_sfm_2048_aliked_incremental_fullres_eval/diagnostics/runs/sfm_dataset2_sfm_2048_aliked_incremental/run_status.json,701,987204cfdeb348a89f303e708a418359429aa76942e626a569cb267bbb4b8a2d
runs/sfm_dataset2_sfm_2048_aliked_incremental_fullres_eval/diagnostics/runs/sfm_dataset2_sfm_2048_aliked_incremental/timings.json,2189,bc0338e4d8d606a36a1f26dc3e0b6d97a114e8cb4f9a815937bc35bec42acb3b
runs/sfm_dataset2_sfm_2048_aliked_incremental_fullres_eval/diagnostics/runs/sfm_dataset2_sfm_2048_aliked_incremental_fullres_eval/resource_samples.csv,25184,12eec5ed5a41762cff5acba5eb845a4b10a832e253da090449a0f748183cc558
runs/sfm_dataset2_sfm_2048_aliked_incremental_fullres_eval/diagnostics/runs/sfm_dataset2_sfm_2048_aliked_incremental_fullres_eval/resource_summary.json,149,59a41f2be5457df4bb448e4256346d8b2c293815632ee201358b5d40f847e6dc
runs/sfm_dataset2_sfm_2048_aliked_incremental_fullres_eval/resource_samples.csv,25184,12eec5ed5a41762cff5acba5eb845a4b10a832e253da090449a0f748183cc558
runs/sfm_dataset2_sfm_2048_aliked_incremental_fullres_eval/sfm_dataset2_sfm_2048_aliked_incremental_fullres_eval.exit,7,194ff5bca66278888f0f00be5c7ca523d15098ece958b14952533811089f6106
runs/sfm_dataset2_sfm_2048_aliked_incremental_fullres_eval/worker_identity.json,477,5a38c120f82ac032295a97126bbb98f58e60fc9b55e1b501e70ef0e53832a6e4
runs/sfm_dataset2_sfm_2048_sift_global_fullres_eval/ablation_eval/jobs/sfm_dataset2_sfm_2048_sift_global/resource_samples.csv,50515,a877dcf2859c0b975a3d6e5509f84a48ceaf0b3d82c192c160268e974f2a1a74
runs/sfm_dataset2_sfm_2048_sift_global_fullres_eval/ablation_eval/manifest.csv,1406,fc15fa317702d802681ca74ea634eadbb71fdff9eee3a0785be8e1fb9ff1ea24
runs/sfm_dataset2_sfm_2048_sift_global_fullres_eval/ablation_eval/metrics_long.csv,16233,caba52cdbbfef4482940e2980b764652494efa131ffdbfc4fc8775e22424b458
runs/sfm_dataset2_sfm_2048_sift_global_fullres_eval/ablation_eval/results_final.csv,129,6cf300cc3eaa1536de18eb4bdbeb47d3308e50e0dd2e0f8c8cbbee795a57b170
runs/sfm_dataset2_sfm_2048_sift_global_fullres_eval/ablation_eval/results_sfm.csv,1164,e7223fcf0e1b99e2388d397522903081391da361e5ef6f619ba3afb2ff8712b0
runs/sfm_dataset2_sfm_2048_sift_global_fullres_eval/ablation_eval/results_splat.csv,3709,973b09ddd1543a2429ff8acc89c4930eecfbc0963bf5bb9ab09c38ae95821ba2
runs/sfm_dataset2_sfm_2048_sift_global_fullres_eval/ablation_eval/splat_eval/sfm_dataset2_sfm_2048_sift_global/p000/attempt_1/lfs_eval_config.json,1356,cb2203da5d26ff25c0d3c42eadd03120278f181cccef913e88874a417c2f1132
runs/sfm_dataset2_sfm_2048_sift_global_fullres_eval/ablation_eval/splat_eval/sfm_dataset2_sfm_2048_sift_global/p000/attempt_1/loss_history.csv,8248,a880866d3751d52c233a33cce94e3753aac79a393b27a036006a39b2742502cd
runs/sfm_dataset2_sfm_2048_sift_global_fullres_eval/ablation_eval/splat_eval/sfm_dataset2_sfm_2048_sift_global/p000/attempt_1/metrics.csv,417,b807d9b2288bb243801a6b599db95127710d1354bcc45be502b5e25e2c5790d5
runs/sfm_dataset2_sfm_2048_sift_global_fullres_eval/ablation_eval/splat_eval/sfm_dataset2_sfm_2048_sift_global/p000/attempt_1/python_metrics.json,456,274f2f267c327bf918bde98945ed5ff7c13135c5d8b869fd591a4355fe3390c8
runs/sfm_dataset2_sfm_2048_sift_global_fullres_eval/ablation_eval/splat_eval/sfm_dataset2_sfm_2048_sift_global/p000/attempt_1/resource_samples.csv,15667,a2b40c48812a33af5a36b17eef56ce13853b04b179e7f33f934b6e83c84b5f3b
runs/sfm_dataset2_sfm_2048_sift_global_fullres_eval/ablation_eval/splat_eval/sfm_dataset2_sfm_2048_sift_global/p000/attempt_1/training_status.json,2108,646a23e54ed5a9c89b9260fb446a0c8928c7ebee0837623acae4542f41a90e85
runs/sfm_dataset2_sfm_2048_sift_global_fullres_eval/ablation_eval/splat_eval/sfm_dataset2_sfm_2048_sift_global/p002/attempt_1/lfs_eval_config.json,1356,cb2203da5d26ff25c0d3c42eadd03120278f181cccef913e88874a417c2f1132
runs/sfm_dataset2_sfm_2048_sift_global_fullres_eval/ablation_eval/splat_eval/sfm_dataset2_sfm_2048_sift_global/p002/attempt_1/loss_history.csv,8243,9ce5bc4082ac711cc8091e145c7995a6ce0e57ae3a59bf6f164a5af53a686343
runs/sfm_dataset2_sfm_2048_sift_global_fullres_eval/ablation_eval/splat_eval/sfm_dataset2_sfm_2048_sift_global/p002/attempt_1/metrics.csv,417,47c2bd49f57c70e1448b6c9a824bdb4f579ff33849e8484b334cafae7653d1ba
runs/sfm_dataset2_sfm_2048_sift_global_fullres_eval/ablation_eval/splat_eval/sfm_dataset2_sfm_2048_sift_global/p002/attempt_1/python_metrics.json,456,274f2f267c327bf918bde98945ed5ff7c13135c5d8b869fd591a4355fe3390c8
runs/sfm_dataset2_sfm_2048_sift_global_fullres_eval/ablation_eval/splat_eval/sfm_dataset2_sfm_2048_sift_global/p002/attempt_1/resource_samples.csv,14077,1087ca7f06da556f6ca0e449ab4ad4afbf29470ad03f6af814e54552cb31553c
runs/sfm_dataset2_sfm_2048_sift_global_fullres_eval/ablation_eval/splat_eval/sfm_dataset2_sfm_2048_sift_global/p002/attempt_1/training_status.json,2107,58a48850aaf5500c986e17a4c19d44b81f3933cf519795c00a4c64079e813493
runs/sfm_dataset2_sfm_2048_sift_global_fullres_eval/ablation_eval/splat_eval/sfm_dataset2_sfm_2048_sift_global/p005/attempt_1/lfs_eval_config.json,1356,cb2203da5d26ff25c0d3c42eadd03120278f181cccef913e88874a417c2f1132
runs/sfm_dataset2_sfm_2048_sift_global_fullres_eval/ablation_eval/splat_eval/sfm_dataset2_sfm_2048_sift_global/p005/attempt_1/loss_history.csv,8247,b1c61fc35d8a294d22711e36be81625dfdcbab22462900138f7372820a2e4197
runs/sfm_dataset2_sfm_2048_sift_global_fullres_eval/ablation_eval/splat_eval/sfm_dataset2_sfm_2048_sift_global/p005/attempt_1/metrics.csv,417,39a391b42fdd7639552c324f1d8fe10f610f1ecb136a2bf193f0d0b43d45fbc5
runs/sfm_dataset2_sfm_2048_sift_global_fullres_eval/ablation_eval/splat_eval/sfm_dataset2_sfm_2048_sift_global/p005/attempt_1/python_metrics.json,456,274f2f267c327bf918bde98945ed5ff7c13135c5d8b869fd591a4355fe3390c8
runs/sfm_dataset2_sfm_2048_sift_global_fullres_eval/ablation_eval/splat_eval/sfm_dataset2_sfm_2048_sift_global/p005/attempt_1/resource_samples.csv,14907,075e6765881c5b753af94482f3313b796c91bea00e9fed338fec55b43485e327
runs/sfm_dataset2_sfm_2048_sift_global_fullres_eval/ablation_eval/splat_eval/sfm_dataset2_sfm_2048_sift_global/p005/attempt_1/training_status.json,2103,724396eb450b725e3e4ee7858620ad9a9829aa038cc436c6900bb89012155639
runs/sfm_dataset2_sfm_2048_sift_global_fullres_eval/ablation_eval/splat_eval/sfm_dataset2_sfm_2048_sift_global/p007/attempt_1/lfs_eval_config.json,1356,cb2203da5d26ff25c0d3c42eadd03120278f181cccef913e88874a417c2f1132
runs/sfm_dataset2_sfm_2048_sift_global_fullres_eval/ablation_eval/splat_eval/sfm_dataset2_sfm_2048_sift_global/p007/attempt_1/loss_history.csv,8245,049fc9d8d9b48220745dc0394764f4b37c857c4e76bb6137a622fad5a7228438
runs/sfm_dataset2_sfm_2048_sift_global_fullres_eval/ablation_eval/splat_eval/sfm_dataset2_sfm_2048_sift_global/p007/attempt_1/metrics.csv,417,08e112d39e0b4dd4342a95270ed20c2949893310764bbf3dd0aa992c8d8b2e47
runs/sfm_dataset2_sfm_2048_sift_global_fullres_eval/ablation_eval/splat_eval/sfm_dataset2_sfm_2048_sift_global/p007/attempt_1/python_metrics.json,456,274f2f267c327bf918bde98945ed5ff7c13135c5d8b869fd591a4355fe3390c8
runs/sfm_dataset2_sfm_2048_sift_global_fullres_eval/ablation_eval/splat_eval/sfm_dataset2_sfm_2048_sift_global/p007/attempt_1/resource_samples.csv,13519,6a900e54adab21446a7baa7453e2bd3a33c41f10ff056d240ba7b3d19f598c59
runs/sfm_dataset2_sfm_2048_sift_global_fullres_eval/ablation_eval/splat_eval/sfm_dataset2_sfm_2048_sift_global/p007/attempt_1/training_status.json,2109,05ae2d12bb4a03b004e933e07a354733fd941a6c84fefce2cd78d72fa5fb438f
runs/sfm_dataset2_sfm_2048_sift_global_fullres_eval/ablation_eval/splat_eval/sfm_dataset2_sfm_2048_sift_global/p010/attempt_1/lfs_eval_config.json,1356,cb2203da5d26ff25c0d3c42eadd03120278f181cccef913e88874a417c2f1132
runs/sfm_dataset2_sfm_2048_sift_global_fullres_eval/ablation_eval/splat_eval/sfm_dataset2_sfm_2048_sift_global/p010/attempt_1/loss_history.csv,8241,b26e71ce719c9253fb2750c3472646329ad8c8b9c89c99d901c00edda559a496
runs/sfm_dataset2_sfm_2048_sift_global_fullres_eval/ablation_eval/splat_eval/sfm_dataset2_sfm_2048_sift_global/p010/attempt_1/metrics.csv,417,1e73a37ba9db14248f3cb5bd91ae7ffb928fae21ab4c6c72a38e6bfa10894feb
runs/sfm_dataset2_sfm_2048_sift_global_fullres_eval/ablation_eval/splat_eval/sfm_dataset2_sfm_2048_sift_global/p010/attempt_1/python_metrics.json,456,274f2f267c327bf918bde98945ed5ff7c13135c5d8b869fd591a4355fe3390c8
runs/sfm_dataset2_sfm_2048_sift_global_fullres_eval/ablation_eval/splat_eval/sfm_dataset2_sfm_2048_sift_global/p010/attempt_1/resource_samples.csv,14531,85137c9cbe4ca1aec67b714e6f04e405d6d63a2c4691678a9529cc75cb74f929
runs/sfm_dataset2_sfm_2048_sift_global_fullres_eval/ablation_eval/splat_eval/sfm_dataset2_sfm_2048_sift_global/p010/attempt_1/training_status.json,2109,39804fadb45c2ddf024121ea7f945c4b0aa403873ec2a68505251ab5cfa99e13
runs/sfm_dataset2_sfm_2048_sift_global_fullres_eval/ablation_eval/splat_eval/sfm_dataset2_sfm_2048_sift_global/p012/attempt_1/lfs_eval_config.json,1356,cb2203da5d26ff25c0d3c42eadd03120278f181cccef913e88874a417c2f1132
runs/sfm_dataset2_sfm_2048_sift_global_fullres_eval/ablation_eval/splat_eval/sfm_dataset2_sfm_2048_sift_global/p012/attempt_1/loss_history.csv,8255,c8b19178f1829890fefa6968ba861f56f77168b6a3e3962bb0de82d5689d270d
runs/sfm_dataset2_sfm_2048_sift_global_fullres_eval/ablation_eval/splat_eval/sfm_dataset2_sfm_2048_sift_global/p012/attempt_1/metrics.csv,417,d5d041756d166a80914e8eae43dec9defcfedc1abb6c5b6b9d4ae0928f339d80
runs/sfm_dataset2_sfm_2048_sift_global_fullres_eval/ablation_eval/splat_eval/sfm_dataset2_sfm_2048_sift_global/p012/attempt_1/python_metrics.json,456,274f2f267c327bf918bde98945ed5ff7c13135c5d8b869fd591a4355fe3390c8
runs/sfm_dataset2_sfm_2048_sift_global_fullres_eval/ablation_eval/splat_eval/sfm_dataset2_sfm_2048_sift_global/p012/attempt_1/resource_samples.csv,13659,0bb69631c9158f5305b6f90b8fe16f8239d01db2f4e5a72b197cd0744da0e8bc
runs/sfm_dataset2_sfm_2048_sift_global_fullres_eval/ablation_eval/splat_eval/sfm_dataset2_sfm_2048_sift_global/p012/attempt_1/training_status.json,2109,6b57788aa324a8a5870c3cc27b0cd2c3fe4cc16fe099212ee02dcf632b8444b1
runs/sfm_dataset2_sfm_2048_sift_global_fullres_eval/ablation_eval/splat_eval/sfm_dataset2_sfm_2048_sift_global/p015/attempt_1/lfs_eval_config.json,1356,cb2203da5d26ff25c0d3c42eadd03120278f181cccef913e88874a417c2f1132
runs/sfm_dataset2_sfm_2048_sift_global_fullres_eval/ablation_eval/splat_eval/sfm_dataset2_sfm_2048_sift_global/p015/attempt_1/loss_history.csv,8247,031061b1e08863fca74d89d5b01bb0ceed6cf28dba4611b3abed9293ee296033
runs/sfm_dataset2_sfm_2048_sift_global_fullres_eval/ablation_eval/splat_eval/sfm_dataset2_sfm_2048_sift_global/p015/attempt_1/metrics.csv,417,bc62e2732c56c9fa3a53afcb03e3f4c12241c04c2bff07baeef56f46badaf0e7
runs/sfm_dataset2_sfm_2048_sift_global_fullres_eval/ablation_eval/splat_eval/sfm_dataset2_sfm_2048_sift_global/p015/attempt_1/python_metrics.json,456,274f2f267c327bf918bde98945ed5ff7c13135c5d8b869fd591a4355fe3390c8
runs/sfm_dataset2_sfm_2048_sift_global_fullres_eval/ablation_eval/splat_eval/sfm_dataset2_sfm_2048_sift_global/p015/attempt_1/resource_samples.csv,13796,627ad821257d86b2f53f9aee6eb3b86bf2cd699f963b05d05a1e6218eb9f5f2c
runs/sfm_dataset2_sfm_2048_sift_global_fullres_eval/ablation_eval/splat_eval/sfm_dataset2_sfm_2048_sift_global/p015/attempt_1/training_status.json,2107,8b2461a92c28169bda3309a02cb965017d6ebcf9429011c3cf4b8fc8f6a156b4
runs/sfm_dataset2_sfm_2048_sift_global_fullres_eval/ablation_eval/splat_eval/sfm_dataset2_sfm_2048_sift_global/p017/attempt_1/lfs_eval_config.json,1356,cb2203da5d26ff25c0d3c42eadd03120278f181cccef913e88874a417c2f1132
runs/sfm_dataset2_sfm_2048_sift_global_fullres_eval/ablation_eval/splat_eval/sfm_dataset2_sfm_2048_sift_global/p017/attempt_1/loss_history.csv,8243,096fb7b62cccd783364be05f3cf44fd31a8e54f25b07fb4af123cd672e7be95b
runs/sfm_dataset2_sfm_2048_sift_global_fullres_eval/ablation_eval/splat_eval/sfm_dataset2_sfm_2048_sift_global/p017/attempt_1/metrics.csv,417,93f11d422ff7ebaac49673d7d4befbb89d237f48d9c7c811889f9c458885a232
runs/sfm_dataset2_sfm_2048_sift_global_fullres_eval/ablation_eval/splat_eval/sfm_dataset2_sfm_2048_sift_global/p017/attempt_1/python_metrics.json,456,274f2f267c327bf918bde98945ed5ff7c13135c5d8b869fd591a4355fe3390c8
runs/sfm_dataset2_sfm_2048_sift_global_fullres_eval/ablation_eval/splat_eval/sfm_dataset2_sfm_2048_sift_global/p017/attempt_1/resource_samples.csv,13609,45e3172952d177d29201de91076478dd871c0d62f3adf21a8821f1c5d6f48fb5
runs/sfm_dataset2_sfm_2048_sift_global_fullres_eval/ablation_eval/splat_eval/sfm_dataset2_sfm_2048_sift_global/p017/attempt_1/training_status.json,2109,f7761370a7d32ce2e7337f7f75a211599ec8c676b24987d108a2b91a84fc9eb6
runs/sfm_dataset2_sfm_2048_sift_global_fullres_eval/ablation_eval/splat_eval/sfm_dataset2_sfm_2048_sift_global/p020/attempt_1/lfs_eval_config.json,1356,cb2203da5d26ff25c0d3c42eadd03120278f181cccef913e88874a417c2f1132
runs/sfm_dataset2_sfm_2048_sift_global_fullres_eval/ablation_eval/splat_eval/sfm_dataset2_sfm_2048_sift_global/p020/attempt_1/loss_history.csv,8250,5ba93c815c63cfd58f6de83ba64c83388862917175eb88c8d30a1b71a6090a0d
runs/sfm_dataset2_sfm_2048_sift_global_fullres_eval/ablation_eval/splat_eval/sfm_dataset2_sfm_2048_sift_global/p020/attempt_1/metrics.csv,417,1d01114e9f2ff0878653545dc786255ffacb84556ef2235896a811e05b44ee38
runs/sfm_dataset2_sfm_2048_sift_global_fullres_eval/ablation_eval/splat_eval/sfm_dataset2_sfm_2048_sift_global/p020/attempt_1/python_metrics.json,456,274f2f267c327bf918bde98945ed5ff7c13135c5d8b869fd591a4355fe3390c8
runs/sfm_dataset2_sfm_2048_sift_global_fullres_eval/ablation_eval/splat_eval/sfm_dataset2_sfm_2048_sift_global/p020/attempt_1/resource_samples.csv,13565,1f0a16cdf52ddf38814b85f4f020b0324b278822783184368897a0626bd8ea89
runs/sfm_dataset2_sfm_2048_sift_global_fullres_eval/ablation_eval/splat_eval/sfm_dataset2_sfm_2048_sift_global/p020/attempt_1/training_status.json,2105,d4524d869b3a7381ad791e93a3c854972175b3f542558971d12524904f9e46ed
runs/sfm_dataset2_sfm_2048_sift_global_fullres_eval/ablation_eval/splat_eval/sfm_dataset2_sfm_2048_sift_global/p022/attempt_1/lfs_eval_config.json,1356,cb2203da5d26ff25c0d3c42eadd03120278f181cccef913e88874a417c2f1132
runs/sfm_dataset2_sfm_2048_sift_global_fullres_eval/ablation_eval/splat_eval/sfm_dataset2_sfm_2048_sift_global/p022/attempt_1/loss_history.csv,8250,31f44cad94c0f2c2e1ab57d39778b63d98006b8af59ffd94cd06a2b491972bac
runs/sfm_dataset2_sfm_2048_sift_global_fullres_eval/ablation_eval/splat_eval/sfm_dataset2_sfm_2048_sift_global/p022/attempt_1/metrics.csv,417,9745ffac1bdc654522a8f4f99e1a029a6e9fde8ca6db70b740ac9a142e05bbcd
runs/sfm_dataset2_sfm_2048_sift_global_fullres_eval/ablation_eval/splat_eval/sfm_dataset2_sfm_2048_sift_global/p022/attempt_1/python_metrics.json,456,274f2f267c327bf918bde98945ed5ff7c13135c5d8b869fd591a4355fe3390c8
runs/sfm_dataset2_sfm_2048_sift_global_fullres_eval/ablation_eval/splat_eval/sfm_dataset2_sfm_2048_sift_global/p022/attempt_1/resource_samples.csv,13402,d37869cecaa3a80a893fbedfcc5a738fcab85c9531dab6fa66f17f0014d62197
runs/sfm_dataset2_sfm_2048_sift_global_fullres_eval/ablation_eval/splat_eval/sfm_dataset2_sfm_2048_sift_global/p022/attempt_1/training_status.json,2108,c708a6a6c3143ef80465916cb594be1083f787af3aff1095bcd8b18d2f95fc4f
runs/sfm_dataset2_sfm_2048_sift_global_fullres_eval/ablation_eval/splat_eval_selection.json,558,6b72d66d64806af9d5f06642949e60151de315c95094a4376e362fe7c43278f6
runs/sfm_dataset2_sfm_2048_sift_global_fullres_eval/diagnostics/runs/sfm_dataset2_sfm_2048_sift_global/logs/colmap.log,10109561,2479c49d8a3ec19e318ef9a274a362dca4f93a473896c63798c6fbe1a0184ec5
runs/sfm_dataset2_sfm_2048_sift_global_fullres_eval/diagnostics/runs/sfm_dataset2_sfm_2048_sift_global/logs/pipeline.log,5106,66b7c0306fdf94804203fd4968a528d54bde63b1715ea472bb1327048544d0e3
runs/sfm_dataset2_sfm_2048_sift_global_fullres_eval/diagnostics/runs/sfm_dataset2_sfm_2048_sift_global/logs/warnings.log,170,e4c02e95932b129d359a36c9357390144f4c2482ed4b427afa25613f0ef73288
runs/sfm_dataset2_sfm_2048_sift_global_fullres_eval/diagnostics/runs/sfm_dataset2_sfm_2048_sift_global/run_status.json,701,05bac30949720830bdaeedbcf7218079f155ea7f5379676ca9b999bee04d059a
runs/sfm_dataset2_sfm_2048_sift_global_fullres_eval/diagnostics/runs/sfm_dataset2_sfm_2048_sift_global/timings.json,2196,95565776a6b531ab167c0ac37401dfe698203dcf31dc62352ad2653d38327183
runs/sfm_dataset2_sfm_2048_sift_global_fullres_eval/diagnostics/runs/sfm_dataset2_sfm_2048_sift_global_fullres_eval/resource_samples.csv,111319,ad5466f95806ea9616d26f90a0b2ef8add4d5666d1e70359678545e8db165752
runs/sfm_dataset2_sfm_2048_sift_global_fullres_eval/diagnostics/runs/sfm_dataset2_sfm_2048_sift_global_fullres_eval/resource_summary.json,152,249907810bc90edc5cf38d3a16e9e8713e10095f909aa9fff770986b40e1ca5f
runs/sfm_dataset2_sfm_2048_sift_global_fullres_eval/resource_samples.csv,111319,ad5466f95806ea9616d26f90a0b2ef8add4d5666d1e70359678545e8db165752
runs/sfm_dataset2_sfm_2048_sift_global_fullres_eval/sfm_dataset2_sfm_2048_sift_global_fullres_eval.exit,7,194ff5bca66278888f0f00be5c7ca523d15098ece958b14952533811089f6106
runs/sfm_dataset2_sfm_2048_sift_global_fullres_eval/worker_identity.json,470,4b4decbdf815b0310378903ef909bbe2fa50d783738568dddbc5fac955f38d8d
runs/sfm_dataset2_sfm_2048_sift_incremental_fullres_eval/ablation_eval/jobs/sfm_dataset2_sfm_2048_sift_incremental/resource_samples.csv,126362,a123c07f5fd101e7808e9148da0f1309afa8d506577fd8353127c60ad130c277
runs/sfm_dataset2_sfm_2048_sift_incremental_fullres_eval/ablation_eval/manifest.csv,1469,df65fda2b0aa8932a3c1e57a3498fc6e48be731cb3b4da5bbb353423950f89d5
runs/sfm_dataset2_sfm_2048_sift_incremental_fullres_eval/ablation_eval/results_final.csv,129,6cf300cc3eaa1536de18eb4bdbeb47d3308e50e0dd2e0f8c8cbbee795a57b170
runs/sfm_dataset2_sfm_2048_sift_incremental_fullres_eval/ablation_eval/results_sfm.csv,860,b5384ff4b2430b1cab3939196e1cc4966611094fba126888fb812b42477c720d
runs/sfm_dataset2_sfm_2048_sift_incremental_fullres_eval/ablation_eval/results_splat.csv,298,39db4462af80f9c5d63208487ac3ac84ffe996ec2010f17b931958a3ddb3a8cb
runs/sfm_dataset2_sfm_2048_sift_incremental_fullres_eval/ablation_eval/splat_eval_selection.json,188,143de258cc1a5ad6641137b7dab6c5a6593afb7a9beca5f83021c90af7684864
runs/sfm_dataset2_sfm_2048_sift_incremental_fullres_eval/diagnostics/runs/sfm_dataset2_sfm_2048_sift_incremental/logs/colmap.log,7422939,379cc2fe10a95a1d30c862ff8630964cd188cd76ffb450f5a00e60ba54079b69
runs/sfm_dataset2_sfm_2048_sift_incremental_fullres_eval/diagnostics/runs/sfm_dataset2_sfm_2048_sift_incremental/logs/pipeline.log,2384,cffa4eba503f74052d44acd8623dbadad27d3f86ba254f0c414d9dc184444c57
runs/sfm_dataset2_sfm_2048_sift_incremental_fullres_eval/diagnostics/runs/sfm_dataset2_sfm_2048_sift_incremental/run_status.json,1405,e5d96d7944a5eda0298519f419576653474cb45d08f2c87e59c52e59a92220f5
runs/sfm_dataset2_sfm_2048_sift_incremental_fullres_eval/diagnostics/runs/sfm_dataset2_sfm_2048_sift_incremental/timings.json,4044,7d4673bd6b3a68717ecbedc37cc559922fd3fcf2141ce826c9abbc7eacb41d70
runs/sfm_dataset2_sfm_2048_sift_incremental_fullres_eval/diagnostics/runs/sfm_dataset2_sfm_2048_sift_incremental_fullres_eval/resource_samples.csv,114572,8d809604ad4f6399167dbd31a1195c2aef2f059133a76256142db793b5334651
runs/sfm_dataset2_sfm_2048_sift_incremental_fullres_eval/diagnostics/runs/sfm_dataset2_sfm_2048_sift_incremental_fullres_eval/resource_summary.json,150,e2856a3a3f4c580e21481bdf2c0f272ed91e106a1e461a9d29442bb36aeb60d0
runs/sfm_dataset2_sfm_2048_sift_incremental_fullres_eval/resource_samples.csv,114572,8d809604ad4f6399167dbd31a1195c2aef2f059133a76256142db793b5334651
runs/sfm_dataset2_sfm_2048_sift_incremental_fullres_eval/sfm_dataset2_sfm_2048_sift_incremental_fullres_eval.exit,7,194ff5bca66278888f0f00be5c7ca523d15098ece958b14952533811089f6106
runs/sfm_dataset2_sfm_2048_sift_incremental_fullres_eval/worker_identity.json,475,54496d3ca01ce72bef19d1d8355837b8749a940ba8d985ccd45fdf441f418ab0
runs/sfm_dataset2_sfm_full_aliked_global_fullres_eval/ablation_eval/jobs/sfm_dataset2_sfm_full_aliked_global/resource_samples.csv,19506,11b2e7b780c2bd2de1d4ba242c021b7151628aa7e52ac804103ee27e6841d95b
runs/sfm_dataset2_sfm_full_aliked_global_fullres_eval/ablation_eval/manifest.csv,1563,8651ed1c83cad89e133f44e848191f2c39014935b1b00f6c905053801332e945
runs/sfm_dataset2_sfm_full_aliked_global_fullres_eval/ablation_eval/metrics_long.csv,11588,56616fd984cc4c3daff55cfad458e0265f4cc85c8c9fe6823fd3b508062bdd65
runs/sfm_dataset2_sfm_full_aliked_global_fullres_eval/ablation_eval/results_final.csv,129,6cf300cc3eaa1536de18eb4bdbeb47d3308e50e0dd2e0f8c8cbbee795a57b170
runs/sfm_dataset2_sfm_full_aliked_global_fullres_eval/ablation_eval/results_sfm.csv,1153,b4b1afd675fc127242678e1232b7031582accdb18c0e54ae175c3934ecc2841e
runs/sfm_dataset2_sfm_full_aliked_global_fullres_eval/ablation_eval/results_splat.csv,2716,e56f1be69d61930ec5461cee94cdf69db9dbb40ae130477597535147f63f54ac
runs/sfm_dataset2_sfm_full_aliked_global_fullres_eval/ablation_eval/splat_eval/sfm_dataset2_sfm_full_aliked_global/p000/attempt_1/lfs_eval_config.json,1356,cb2203da5d26ff25c0d3c42eadd03120278f181cccef913e88874a417c2f1132
runs/sfm_dataset2_sfm_full_aliked_global_fullres_eval/ablation_eval/splat_eval/sfm_dataset2_sfm_full_aliked_global/p000/attempt_1/loss_history.csv,8240,c771856a19aa4fb5ce169a3de2c87d145326785c49e57c89d7e3b05a5981f922
runs/sfm_dataset2_sfm_full_aliked_global_fullres_eval/ablation_eval/splat_eval/sfm_dataset2_sfm_full_aliked_global/p000/attempt_1/metrics.csv,417,b8d9bfaa6db707b4c581c329dcdcad4d60ea47014b9b5818d2a868064e3c8817
runs/sfm_dataset2_sfm_full_aliked_global_fullres_eval/ablation_eval/splat_eval/sfm_dataset2_sfm_full_aliked_global/p000/attempt_1/python_metrics.json,456,e1ca99c8ccf35bd439678c12fc1be3a50eda23c1c639593e8e2c2b491922e1ef
runs/sfm_dataset2_sfm_full_aliked_global_fullres_eval/ablation_eval/splat_eval/sfm_dataset2_sfm_full_aliked_global/p000/attempt_1/resource_samples.csv,14387,92729cdccce5b99fbe14148e3b52c4b165c5c2af9ac67bdff6e00aae386ac68b
runs/sfm_dataset2_sfm_full_aliked_global_fullres_eval/ablation_eval/splat_eval/sfm_dataset2_sfm_full_aliked_global/p000/attempt_1/training_status.json,2122,3edd8e7aaffe3c6e948548c969af236e5541fe76f3d3cd21269d7b29d6a68574
runs/sfm_dataset2_sfm_full_aliked_global_fullres_eval/ablation_eval/splat_eval/sfm_dataset2_sfm_full_aliked_global/p001/attempt_1/lfs_eval_config.json,1356,cb2203da5d26ff25c0d3c42eadd03120278f181cccef913e88874a417c2f1132
runs/sfm_dataset2_sfm_full_aliked_global_fullres_eval/ablation_eval/splat_eval/sfm_dataset2_sfm_full_aliked_global/p001/attempt_1/loss_history.csv,8232,5f7f238eed1a9d1476686306c20fb9bbc6f103e571690df8cb38fd60211a7a07
runs/sfm_dataset2_sfm_full_aliked_global_fullres_eval/ablation_eval/splat_eval/sfm_dataset2_sfm_full_aliked_global/p001/attempt_1/metrics.csv,417,58bbc0d246522a6304c41988de0f289fd8507258e9c289d8b547ac452dd9b991
runs/sfm_dataset2_sfm_full_aliked_global_fullres_eval/ablation_eval/splat_eval/sfm_dataset2_sfm_full_aliked_global/p001/attempt_1/python_metrics.json,456,e1ca99c8ccf35bd439678c12fc1be3a50eda23c1c639593e8e2c2b491922e1ef
runs/sfm_dataset2_sfm_full_aliked_global_fullres_eval/ablation_eval/splat_eval/sfm_dataset2_sfm_full_aliked_global/p001/attempt_1/resource_samples.csv,14881,edcdb997d6648e568a10a8594a6e282c805eacd71866a7f3b8290135b4d2c463
runs/sfm_dataset2_sfm_full_aliked_global_fullres_eval/ablation_eval/splat_eval/sfm_dataset2_sfm_full_aliked_global/p001/attempt_1/training_status.json,2123,cff44766a2dfa405c63d4f2495a15eef9f4cc1bd7c1e0f8fdf87500e3f9507ec
runs/sfm_dataset2_sfm_full_aliked_global_fullres_eval/ablation_eval/splat_eval/sfm_dataset2_sfm_full_aliked_global/p002/attempt_1/lfs_eval_config.json,1356,cb2203da5d26ff25c0d3c42eadd03120278f181cccef913e88874a417c2f1132
runs/sfm_dataset2_sfm_full_aliked_global_fullres_eval/ablation_eval/splat_eval/sfm_dataset2_sfm_full_aliked_global/p002/attempt_1/loss_history.csv,8239,22b7a6be967b38c63a5fa22f2232205f69b03b5a82755dd9f19eb03e469e445e
runs/sfm_dataset2_sfm_full_aliked_global_fullres_eval/ablation_eval/splat_eval/sfm_dataset2_sfm_full_aliked_global/p002/attempt_1/metrics.csv,417,a02ff7f97d065ab0dc26eb8d95bbddcbc287e40a3e2030f8c6f2760b346b443b
runs/sfm_dataset2_sfm_full_aliked_global_fullres_eval/ablation_eval/splat_eval/sfm_dataset2_sfm_full_aliked_global/p002/attempt_1/python_metrics.json,456,e1ca99c8ccf35bd439678c12fc1be3a50eda23c1c639593e8e2c2b491922e1ef
runs/sfm_dataset2_sfm_full_aliked_global_fullres_eval/ablation_eval/splat_eval/sfm_dataset2_sfm_full_aliked_global/p002/attempt_1/resource_samples.csv,15062,dd120ea999d04de2da20dfa56170a2dcde1f9104040d412d3e2699d73299d9fb
runs/sfm_dataset2_sfm_full_aliked_global_fullres_eval/ablation_eval/splat_eval/sfm_dataset2_sfm_full_aliked_global/p002/attempt_1/training_status.json,2123,2f602510552510a387fd24714a1f5f3f3c61890e809ae2c8e438083b727b528a
runs/sfm_dataset2_sfm_full_aliked_global_fullres_eval/ablation_eval/splat_eval/sfm_dataset2_sfm_full_aliked_global/p003/attempt_1/lfs_eval_config.json,1356,cb2203da5d26ff25c0d3c42eadd03120278f181cccef913e88874a417c2f1132
runs/sfm_dataset2_sfm_full_aliked_global_fullres_eval/ablation_eval/splat_eval/sfm_dataset2_sfm_full_aliked_global/p003/attempt_1/loss_history.csv,8226,57b29bc07befdb3491be2dd27c8892c059e05bf2689278710bf8aced4888606d
runs/sfm_dataset2_sfm_full_aliked_global_fullres_eval/ablation_eval/splat_eval/sfm_dataset2_sfm_full_aliked_global/p003/attempt_1/metrics.csv,417,f10aec166ef614938950075b683ad93db303b3685d63e0ff827ae953bbc191ca
runs/sfm_dataset2_sfm_full_aliked_global_fullres_eval/ablation_eval/splat_eval/sfm_dataset2_sfm_full_aliked_global/p003/attempt_1/python_metrics.json,456,e1ca99c8ccf35bd439678c12fc1be3a50eda23c1c639593e8e2c2b491922e1ef
runs/sfm_dataset2_sfm_full_aliked_global_fullres_eval/ablation_eval/splat_eval/sfm_dataset2_sfm_full_aliked_global/p003/attempt_1/resource_samples.csv,15574,ea9cbfb0c1f76dcccbbf78f5abbb42ea2b48bf1e225a0b24dfbd413f6ca56af5
runs/sfm_dataset2_sfm_full_aliked_global_fullres_eval/ablation_eval/splat_eval/sfm_dataset2_sfm_full_aliked_global/p003/attempt_1/training_status.json,2121,a715d5031280b7a813d2d1017a67b17561aa8db2a89ea06dd0d8bd3b21102ffa
runs/sfm_dataset2_sfm_full_aliked_global_fullres_eval/ablation_eval/splat_eval/sfm_dataset2_sfm_full_aliked_global/p004/attempt_1/lfs_eval_config.json,1356,cb2203da5d26ff25c0d3c42eadd03120278f181cccef913e88874a417c2f1132
runs/sfm_dataset2_sfm_full_aliked_global_fullres_eval/ablation_eval/splat_eval/sfm_dataset2_sfm_full_aliked_global/p004/attempt_1/loss_history.csv,8220,0993c7c76a26088229a4359cf71bc9f0dd0145001816c5691638188b8065f062
runs/sfm_dataset2_sfm_full_aliked_global_fullres_eval/ablation_eval/splat_eval/sfm_dataset2_sfm_full_aliked_global/p004/attempt_1/metrics.csv,417,34203333a4b3cfd407193107a436475f192efc5139fc6a80c982e282c15c169b
runs/sfm_dataset2_sfm_full_aliked_global_fullres_eval/ablation_eval/splat_eval/sfm_dataset2_sfm_full_aliked_global/p004/attempt_1/python_metrics.json,456,e1ca99c8ccf35bd439678c12fc1be3a50eda23c1c639593e8e2c2b491922e1ef
runs/sfm_dataset2_sfm_full_aliked_global_fullres_eval/ablation_eval/splat_eval/sfm_dataset2_sfm_full_aliked_global/p004/attempt_1/resource_samples.csv,15205,970375979ae20d9133fddb8b0079079270ec21885b23dee51e5c76c0905f3c17
runs/sfm_dataset2_sfm_full_aliked_global_fullres_eval/ablation_eval/splat_eval/sfm_dataset2_sfm_full_aliked_global/p004/attempt_1/training_status.json,2119,85cc678c706f1d76ca0ddf5e67ff217fd707e4bb6b783e11e5e3bd80d9fd905f
runs/sfm_dataset2_sfm_full_aliked_global_fullres_eval/ablation_eval/splat_eval/sfm_dataset2_sfm_full_aliked_global/p005/attempt_1/lfs_eval_config.json,1356,cb2203da5d26ff25c0d3c42eadd03120278f181cccef913e88874a417c2f1132
runs/sfm_dataset2_sfm_full_aliked_global_fullres_eval/ablation_eval/splat_eval/sfm_dataset2_sfm_full_aliked_global/p005/attempt_1/loss_history.csv,8198,861a109b9b7e206147ff9aa7668488216f9ced302da1c9d8b0f3b10b6f5f3e93
runs/sfm_dataset2_sfm_full_aliked_global_fullres_eval/ablation_eval/splat_eval/sfm_dataset2_sfm_full_aliked_global/p005/attempt_1/metrics.csv,417,941a867dc95b40fac1019c809d98ee885bb72fa8693343a21260a2b36327a988
runs/sfm_dataset2_sfm_full_aliked_global_fullres_eval/ablation_eval/splat_eval/sfm_dataset2_sfm_full_aliked_global/p005/attempt_1/python_metrics.json,456,e1ca99c8ccf35bd439678c12fc1be3a50eda23c1c639593e8e2c2b491922e1ef
runs/sfm_dataset2_sfm_full_aliked_global_fullres_eval/ablation_eval/splat_eval/sfm_dataset2_sfm_full_aliked_global/p005/attempt_1/resource_samples.csv,12746,cd1b76f9ff5c0c5a3962b2b951c7f6d2616ff8b1b4ce3cb836eb50a8158a8f80
runs/sfm_dataset2_sfm_full_aliked_global_fullres_eval/ablation_eval/splat_eval/sfm_dataset2_sfm_full_aliked_global/p005/attempt_1/training_status.json,2123,ff361037d8eb1d24340570c534ef5c76aed79de99e2117f1b72470abd9a4c473
runs/sfm_dataset2_sfm_full_aliked_global_fullres_eval/ablation_eval/splat_eval/sfm_dataset2_sfm_full_aliked_global/p006/attempt_1/lfs_eval_config.json,1356,cb2203da5d26ff25c0d3c42eadd03120278f181cccef913e88874a417c2f1132
runs/sfm_dataset2_sfm_full_aliked_global_fullres_eval/ablation_eval/splat_eval/sfm_dataset2_sfm_full_aliked_global/p006/attempt_1/loss_history.csv,8228,3f1f6cc8db40b4c7e98deaacc17e480a8a86fb88311e01bda419eaa542cd7373
runs/sfm_dataset2_sfm_full_aliked_global_fullres_eval/ablation_eval/splat_eval/sfm_dataset2_sfm_full_aliked_global/p006/attempt_1/metrics.csv,417,a14b073a9b6be614e731c51bc3ce79f2900135d065d342c60104eb8e95f2f078
runs/sfm_dataset2_sfm_full_aliked_global_fullres_eval/ablation_eval/splat_eval/sfm_dataset2_sfm_full_aliked_global/p006/attempt_1/python_metrics.json,456,e1ca99c8ccf35bd439678c12fc1be3a50eda23c1c639593e8e2c2b491922e1ef
runs/sfm_dataset2_sfm_full_aliked_global_fullres_eval/ablation_eval/splat_eval/sfm_dataset2_sfm_full_aliked_global/p006/attempt_1/resource_samples.csv,16254,7f312a268235a6b5918c7965d4c51874b97ae49c60b6ae21c3d05615a43f4617
runs/sfm_dataset2_sfm_full_aliked_global_fullres_eval/ablation_eval/splat_eval/sfm_dataset2_sfm_full_aliked_global/p006/attempt_1/training_status.json,2123,a030f566af0b04ded002b86e10856febcc9d395a2d0aa3ac61fd74837f29e3f0
runs/sfm_dataset2_sfm_full_aliked_global_fullres_eval/ablation_eval/splat_eval_selection.json,512,445575c0c168586df6a2c5d4830d5cd6fad938cc4166b028553e15e73047244f
runs/sfm_dataset2_sfm_full_aliked_global_fullres_eval/diagnostics/runs/sfm_dataset2_sfm_full_aliked_global/logs/colmap.log,7673354,82a976293a7044779b1d9352316286e913146f273c3ff36971c2a3d49487559b
runs/sfm_dataset2_sfm_full_aliked_global_fullres_eval/diagnostics/runs/sfm_dataset2_sfm_full_aliked_global/logs/pipeline.log,5750,4a164878df715bf2ef343bc8b12cd902445e61372b5cac3046474a33cf0591c6
runs/sfm_dataset2_sfm_full_aliked_global_fullres_eval/diagnostics/runs/sfm_dataset2_sfm_full_aliked_global/logs/warnings.log,378,1b277440ed3594dd0719781c4b1d3eb6c8eed49b39bf831039fcf3b0b89f2c9c
runs/sfm_dataset2_sfm_full_aliked_global_fullres_eval/diagnostics/runs/sfm_dataset2_sfm_full_aliked_global/run_status.json,701,7e5c13451ec86ab2e3c516a67097af64f7608cbfeee50b3081d053fe5fdae6af
runs/sfm_dataset2_sfm_full_aliked_global_fullres_eval/diagnostics/runs/sfm_dataset2_sfm_full_aliked_global/timings.json,2191,e3375c19204815594837f4f535adf6ddfb897fe78d3e234dc0c5b08e110efd95
runs/sfm_dataset2_sfm_full_aliked_global_fullres_eval/diagnostics/runs/sfm_dataset2_sfm_full_aliked_global_fullres_eval/resource_samples.csv,65796,c58f0d87c7908a43e71d2b95434a22041b548d2f8f541db3df67641a3610a230
runs/sfm_dataset2_sfm_full_aliked_global_fullres_eval/diagnostics/runs/sfm_dataset2_sfm_full_aliked_global_fullres_eval/resource_summary.json,151,fb10b544b3b5fb84ce02102c41bcf9d8855016eb9c067b1a6565703c1442434b
runs/sfm_dataset2_sfm_full_aliked_global_fullres_eval/resource_samples.csv,65796,c58f0d87c7908a43e71d2b95434a22041b548d2f8f541db3df67641a3610a230
runs/sfm_dataset2_sfm_full_aliked_global_fullres_eval/sfm_dataset2_sfm_full_aliked_global_fullres_eval.exit,7,194ff5bca66278888f0f00be5c7ca523d15098ece958b14952533811089f6106
runs/sfm_dataset2_sfm_full_aliked_global_fullres_eval/worker_identity.json,472,a59336fa5695f5b8c2aaa85acac38cd5331e7b54cfe23ba70655f60cbc4b4d92
runs/sfm_dataset2_sfm_full_aliked_incremental_fullres_eval/ablation_eval/jobs/sfm_dataset2_sfm_full_aliked_incremental/resource_samples.csv,28785,698b5ca4405f00ad40c5a5cbbbbea5682a1d64ad320f569af11c5093c9e3addb
runs/sfm_dataset2_sfm_full_aliked_incremental_fullres_eval/ablation_eval/manifest.csv,1626,86f477621813e3ca3fe0f6c2f19d019c8bcbbf7cc732e258b497811e5a8d2fd0
runs/sfm_dataset2_sfm_full_aliked_incremental_fullres_eval/ablation_eval/results_final.csv,129,6cf300cc3eaa1536de18eb4bdbeb47d3308e50e0dd2e0f8c8cbbee795a57b170
runs/sfm_dataset2_sfm_full_aliked_incremental_fullres_eval/ablation_eval/results_sfm.csv,1185,a44dde17fe16bfcd03f18e638ddd572159284fff98464029124b40529a314523
runs/sfm_dataset2_sfm_full_aliked_incremental_fullres_eval/ablation_eval/results_splat.csv,298,39db4462af80f9c5d63208487ac3ac84ffe996ec2010f17b931958a3ddb3a8cb
runs/sfm_dataset2_sfm_full_aliked_incremental_fullres_eval/ablation_eval/splat_eval_selection.json,188,143de258cc1a5ad6641137b7dab6c5a6593afb7a9beca5f83021c90af7684864
runs/sfm_dataset2_sfm_full_aliked_incremental_fullres_eval/diagnostics/runs/sfm_dataset2_sfm_full_aliked_incremental/logs/colmap.log,8522262,03a996af9f96f0a92a528fcc34ca2f21a46c34866b6057e35b23948fe6fe4617
runs/sfm_dataset2_sfm_full_aliked_incremental_fullres_eval/diagnostics/runs/sfm_dataset2_sfm_full_aliked_incremental/logs/pipeline.log,5922,b2561a80c916d248c9b830fc53c357eb769ea0a9928f30f7e8de1169cfbed0f8
runs/sfm_dataset2_sfm_full_aliked_incremental_fullres_eval/diagnostics/runs/sfm_dataset2_sfm_full_aliked_incremental/logs/warnings.log,521,5b9fb3605cde9fcfd7d89480efef5746a60d8982eefa581b950d5d57b3be4c42
runs/sfm_dataset2_sfm_full_aliked_incremental_fullres_eval/diagnostics/runs/sfm_dataset2_sfm_full_aliked_incremental/run_status.json,701,c2375f821842b1b3cf6779835ff9ffb814ceb9eb8e98dbb28be774c8962e7877
runs/sfm_dataset2_sfm_full_aliked_incremental_fullres_eval/diagnostics/runs/sfm_dataset2_sfm_full_aliked_incremental/timings.json,2190,700b1caf48179c43c67dfb39aaf419ecd0cb29956b348f0f45108c548608d2e8
runs/sfm_dataset2_sfm_full_aliked_incremental_fullres_eval/diagnostics/runs/sfm_dataset2_sfm_full_aliked_incremental_fullres_eval/resource_samples.csv,26229,9ea11b35a99a5f77cbad37a8f400b38f851317656547784548019d482af4d6fe
runs/sfm_dataset2_sfm_full_aliked_incremental_fullres_eval/diagnostics/runs/sfm_dataset2_sfm_full_aliked_incremental_fullres_eval/resource_summary.json,149,11e2265a13c658f7a46391cf0d5f8cd6187eb7c89799dd8cad721c166dab7018
runs/sfm_dataset2_sfm_full_aliked_incremental_fullres_eval/resource_samples.csv,26229,9ea11b35a99a5f77cbad37a8f400b38f851317656547784548019d482af4d6fe
runs/sfm_dataset2_sfm_full_aliked_incremental_fullres_eval/sfm_dataset2_sfm_full_aliked_incremental_fullres_eval.exit,7,194ff5bca66278888f0f00be5c7ca523d15098ece958b14952533811089f6106
runs/sfm_dataset2_sfm_full_aliked_incremental_fullres_eval/worker_identity.json,477,b95e5a779c5d90a276dd4c276296c2f4c0c3f5b2bd145a53809c1ed771fbf9d3
runs/sfm_dataset2_sfm_full_sift_global_fullres_eval/ablation_eval/jobs/sfm_dataset2_sfm_full_sift_global/resource_samples.csv,56364,1b89dad0d4fcc088b51bfbb693236afe79114e1238b37918c8158b9bea63c3e0
runs/sfm_dataset2_sfm_full_sift_global_fullres_eval/ablation_eval/manifest.csv,1351,a00dcf286bc89f6e10d4bdd1a449c3afd0a91c68a9d809f2e2f9d36064f54f68
runs/sfm_dataset2_sfm_full_sift_global_fullres_eval/ablation_eval/metrics_long.csv,16236,45f76767ac424ddf82ddf140858a1c5b9727968e0536fe030daefaa04088f530
runs/sfm_dataset2_sfm_full_sift_global_fullres_eval/ablation_eval/results_final.csv,129,6cf300cc3eaa1536de18eb4bdbeb47d3308e50e0dd2e0f8c8cbbee795a57b170
runs/sfm_dataset2_sfm_full_sift_global_fullres_eval/ablation_eval/results_sfm.csv,1163,37364ef3479df24c4d7b1cc8091c43d3e2e5d66b48613789131eb2d68527c6bc
runs/sfm_dataset2_sfm_full_sift_global_fullres_eval/ablation_eval/results_splat.csv,3712,5342028c386574d8df3e4f4ea916275dae9f7a5b1c09302497d33237dd1e1ca4
runs/sfm_dataset2_sfm_full_sift_global_fullres_eval/ablation_eval/splat_eval/sfm_dataset2_sfm_full_sift_global/p000/attempt_1/lfs_eval_config.json,1356,cb2203da5d26ff25c0d3c42eadd03120278f181cccef913e88874a417c2f1132
runs/sfm_dataset2_sfm_full_sift_global_fullres_eval/ablation_eval/splat_eval/sfm_dataset2_sfm_full_sift_global/p000/attempt_1/loss_history.csv,8247,7dfa8deda8ea77d3e5ff43f692b236dc7132a4b6f78a76248bdcf9ec52abbbc0
runs/sfm_dataset2_sfm_full_sift_global_fullres_eval/ablation_eval/splat_eval/sfm_dataset2_sfm_full_sift_global/p000/attempt_1/metrics.csv,417,e0f0e1e320f5bb3d55f004f662ac92d6781ce1b8dd4a853ecc5990a7ee0088d7
runs/sfm_dataset2_sfm_full_sift_global_fullres_eval/ablation_eval/splat_eval/sfm_dataset2_sfm_full_sift_global/p000/attempt_1/python_metrics.json,456,274f2f267c327bf918bde98945ed5ff7c13135c5d8b869fd591a4355fe3390c8
runs/sfm_dataset2_sfm_full_sift_global_fullres_eval/ablation_eval/splat_eval/sfm_dataset2_sfm_full_sift_global/p000/attempt_1/resource_samples.csv,16344,9019e3a70a0099411e164697fbb69e36daa5715690c14bb672dbedb732f92bd3
runs/sfm_dataset2_sfm_full_sift_global_fullres_eval/ablation_eval/splat_eval/sfm_dataset2_sfm_full_sift_global/p000/attempt_1/training_status.json,2108,2484689cd36a29fd96c73bf9530c5d025c8d3e4f0ab300ba185a486f6e985a80
runs/sfm_dataset2_sfm_full_sift_global_fullres_eval/ablation_eval/splat_eval/sfm_dataset2_sfm_full_sift_global/p002/attempt_1/lfs_eval_config.json,1356,cb2203da5d26ff25c0d3c42eadd03120278f181cccef913e88874a417c2f1132
runs/sfm_dataset2_sfm_full_sift_global_fullres_eval/ablation_eval/splat_eval/sfm_dataset2_sfm_full_sift_global/p002/attempt_1/loss_history.csv,8251,df0c54cbbeca9ac4dd71fe8a14bf0bf4f7d17843a4b414d56a9229fa7a3e2e63
runs/sfm_dataset2_sfm_full_sift_global_fullres_eval/ablation_eval/splat_eval/sfm_dataset2_sfm_full_sift_global/p002/attempt_1/metrics.csv,417,6810a2a25666063ea506ccccacbdc379884609e9609c3769b7ee54d4daa1ecfe
runs/sfm_dataset2_sfm_full_sift_global_fullres_eval/ablation_eval/splat_eval/sfm_dataset2_sfm_full_sift_global/p002/attempt_1/python_metrics.json,456,274f2f267c327bf918bde98945ed5ff7c13135c5d8b869fd591a4355fe3390c8
runs/sfm_dataset2_sfm_full_sift_global_fullres_eval/ablation_eval/splat_eval/sfm_dataset2_sfm_full_sift_global/p002/attempt_1/resource_samples.csv,13435,1ac3911e1703f217c0af12f49ffa6b02a5e1e25a8be3a1cb498a7ecd21ae7588
runs/sfm_dataset2_sfm_full_sift_global_fullres_eval/ablation_eval/splat_eval/sfm_dataset2_sfm_full_sift_global/p002/attempt_1/training_status.json,2107,cb9e35c842d0b31363065b6e071b4d66bd1f53031679da9dd140808a07d84874
runs/sfm_dataset2_sfm_full_sift_global_fullres_eval/ablation_eval/splat_eval/sfm_dataset2_sfm_full_sift_global/p005/attempt_1/lfs_eval_config.json,1356,cb2203da5d26ff25c0d3c42eadd03120278f181cccef913e88874a417c2f1132
runs/sfm_dataset2_sfm_full_sift_global_fullres_eval/ablation_eval/splat_eval/sfm_dataset2_sfm_full_sift_global/p005/attempt_1/loss_history.csv,8244,f82f855a450f8e0004883dd5d68eec32ab8fa683e7a3b4b38df3ebe81b16222f
runs/sfm_dataset2_sfm_full_sift_global_fullres_eval/ablation_eval/splat_eval/sfm_dataset2_sfm_full_sift_global/p005/attempt_1/metrics.csv,417,cfe37ccbf10dfdd92805f78b2e14ae3ca13a3f3a350d0cf793661caf2efbd8c2
runs/sfm_dataset2_sfm_full_sift_global_fullres_eval/ablation_eval/splat_eval/sfm_dataset2_sfm_full_sift_global/p005/attempt_1/python_metrics.json,456,274f2f267c327bf918bde98945ed5ff7c13135c5d8b869fd591a4355fe3390c8
runs/sfm_dataset2_sfm_full_sift_global_fullres_eval/ablation_eval/splat_eval/sfm_dataset2_sfm_full_sift_global/p005/attempt_1/resource_samples.csv,13877,f2843de5654c70a6bb68cdaa93336f9ecd9a72719a0a6c704129fca81e3a1bc6
runs/sfm_dataset2_sfm_full_sift_global_fullres_eval/ablation_eval/splat_eval/sfm_dataset2_sfm_full_sift_global/p005/attempt_1/training_status.json,2109,8f436547fd298b2d71aed79e436a4df4aa32145717a6165e877d1b86537a263b
runs/sfm_dataset2_sfm_full_sift_global_fullres_eval/ablation_eval/splat_eval/sfm_dataset2_sfm_full_sift_global/p007/attempt_1/lfs_eval_config.json,1356,cb2203da5d26ff25c0d3c42eadd03120278f181cccef913e88874a417c2f1132
runs/sfm_dataset2_sfm_full_sift_global_fullres_eval/ablation_eval/splat_eval/sfm_dataset2_sfm_full_sift_global/p007/attempt_1/loss_history.csv,8249,b4fd483f43ac7b9d631ef8773592e349f5b2b453ba89a850d51585330384b4cd
runs/sfm_dataset2_sfm_full_sift_global_fullres_eval/ablation_eval/splat_eval/sfm_dataset2_sfm_full_sift_global/p007/attempt_1/metrics.csv,417,40d3144da3480bd28d9b8913ea78899b76dfa00acec00cbd281bde63236c6386
runs/sfm_dataset2_sfm_full_sift_global_fullres_eval/ablation_eval/splat_eval/sfm_dataset2_sfm_full_sift_global/p007/attempt_1/python_metrics.json,456,274f2f267c327bf918bde98945ed5ff7c13135c5d8b869fd591a4355fe3390c8
runs/sfm_dataset2_sfm_full_sift_global_fullres_eval/ablation_eval/splat_eval/sfm_dataset2_sfm_full_sift_global/p007/attempt_1/resource_samples.csv,14065,dec77d9020c3c2419e4d0007c1161deb33656d05bee17f1a2314e1cfca60936e
runs/sfm_dataset2_sfm_full_sift_global_fullres_eval/ablation_eval/splat_eval/sfm_dataset2_sfm_full_sift_global/p007/attempt_1/training_status.json,2109,0651a9ed0f9462c6ab2a7dd880da202c05ff736e92e168f6cdbf2d90eadbf16f
runs/sfm_dataset2_sfm_full_sift_global_fullres_eval/ablation_eval/splat_eval/sfm_dataset2_sfm_full_sift_global/p010/attempt_1/lfs_eval_config.json,1356,cb2203da5d26ff25c0d3c42eadd03120278f181cccef913e88874a417c2f1132
runs/sfm_dataset2_sfm_full_sift_global_fullres_eval/ablation_eval/splat_eval/sfm_dataset2_sfm_full_sift_global/p010/attempt_1/loss_history.csv,8247,68f06ae8432533fa21c779083c6b62f504b22a18954dfd4044c8584e2de599d5
runs/sfm_dataset2_sfm_full_sift_global_fullres_eval/ablation_eval/splat_eval/sfm_dataset2_sfm_full_sift_global/p010/attempt_1/metrics.csv,417,94599bb66cb6cbff8d7d3234b5edd603c1d161f43c6d150033447207e02fd3e1
runs/sfm_dataset2_sfm_full_sift_global_fullres_eval/ablation_eval/splat_eval/sfm_dataset2_sfm_full_sift_global/p010/attempt_1/python_metrics.json,456,274f2f267c327bf918bde98945ed5ff7c13135c5d8b869fd591a4355fe3390c8
runs/sfm_dataset2_sfm_full_sift_global_fullres_eval/ablation_eval/splat_eval/sfm_dataset2_sfm_full_sift_global/p010/attempt_1/resource_samples.csv,14062,0ee517d9a199a9533e37549ed407423d0f2d1f250c1432c7474dd4beceed06f9
runs/sfm_dataset2_sfm_full_sift_global_fullres_eval/ablation_eval/splat_eval/sfm_dataset2_sfm_full_sift_global/p010/attempt_1/training_status.json,2109,6062f2cc60321f65b4af0eb4495b69ee27bd7e52160e3bfaf59205f954ec4fd0
runs/sfm_dataset2_sfm_full_sift_global_fullres_eval/ablation_eval/splat_eval/sfm_dataset2_sfm_full_sift_global/p012/attempt_1/lfs_eval_config.json,1356,cb2203da5d26ff25c0d3c42eadd03120278f181cccef913e88874a417c2f1132
runs/sfm_dataset2_sfm_full_sift_global_fullres_eval/ablation_eval/splat_eval/sfm_dataset2_sfm_full_sift_global/p012/attempt_1/loss_history.csv,8251,766fe11811b0ce23dc8d93c9e511e329ce6a142d2e82218bd2397e5bcd4c4d7e
runs/sfm_dataset2_sfm_full_sift_global_fullres_eval/ablation_eval/splat_eval/sfm_dataset2_sfm_full_sift_global/p012/attempt_1/metrics.csv,417,54719b92888cc1b7db35c80d6d08d0827f741a260f0d6f43a0562368e213d28f
runs/sfm_dataset2_sfm_full_sift_global_fullres_eval/ablation_eval/splat_eval/sfm_dataset2_sfm_full_sift_global/p012/attempt_1/python_metrics.json,456,274f2f267c327bf918bde98945ed5ff7c13135c5d8b869fd591a4355fe3390c8
runs/sfm_dataset2_sfm_full_sift_global_fullres_eval/ablation_eval/splat_eval/sfm_dataset2_sfm_full_sift_global/p012/attempt_1/resource_samples.csv,13981,6ac17eaccb774fd45fa25684720f8c11f090db82113c6eaf0b8602484a1152a2
runs/sfm_dataset2_sfm_full_sift_global_fullres_eval/ablation_eval/splat_eval/sfm_dataset2_sfm_full_sift_global/p012/attempt_1/training_status.json,2109,df8b49e80f71ac9d9d1a943af29c819560773d0fb63653d89272e9d0d4cbedb5
runs/sfm_dataset2_sfm_full_sift_global_fullres_eval/ablation_eval/splat_eval/sfm_dataset2_sfm_full_sift_global/p015/attempt_1/lfs_eval_config.json,1356,cb2203da5d26ff25c0d3c42eadd03120278f181cccef913e88874a417c2f1132
runs/sfm_dataset2_sfm_full_sift_global_fullres_eval/ablation_eval/splat_eval/sfm_dataset2_sfm_full_sift_global/p015/attempt_1/loss_history.csv,8241,7cbcd41e82ae0d5d4cf1c14dec1babaf2cd34cc7d82794628d1225a136d32901
runs/sfm_dataset2_sfm_full_sift_global_fullres_eval/ablation_eval/splat_eval/sfm_dataset2_sfm_full_sift_global/p015/attempt_1/metrics.csv,417,7d5c4038c5d09ed2c9877e085bcf6f92b10ec52101f94fb605ab09933144274e
runs/sfm_dataset2_sfm_full_sift_global_fullres_eval/ablation_eval/splat_eval/sfm_dataset2_sfm_full_sift_global/p015/attempt_1/python_metrics.json,456,274f2f267c327bf918bde98945ed5ff7c13135c5d8b869fd591a4355fe3390c8
runs/sfm_dataset2_sfm_full_sift_global_fullres_eval/ablation_eval/splat_eval/sfm_dataset2_sfm_full_sift_global/p015/attempt_1/resource_samples.csv,13928,b8cdeac9656634a93c9342e883fc5162b7095a84af70c266170d845ab49b04aa
runs/sfm_dataset2_sfm_full_sift_global_fullres_eval/ablation_eval/splat_eval/sfm_dataset2_sfm_full_sift_global/p015/attempt_1/training_status.json,2107,4e92d662fe7a2dd5fa6f07f70e54def1d0f97d3cec1f837c0a2c18c40a9875d2
runs/sfm_dataset2_sfm_full_sift_global_fullres_eval/ablation_eval/splat_eval/sfm_dataset2_sfm_full_sift_global/p017/attempt_1/lfs_eval_config.json,1356,cb2203da5d26ff25c0d3c42eadd03120278f181cccef913e88874a417c2f1132
runs/sfm_dataset2_sfm_full_sift_global_fullres_eval/ablation_eval/splat_eval/sfm_dataset2_sfm_full_sift_global/p017/attempt_1/loss_history.csv,8252,f2948d4afddcc6bdf44cf4bd45b362ea43f0066636e2919f595cd54c04e841c9
runs/sfm_dataset2_sfm_full_sift_global_fullres_eval/ablation_eval/splat_eval/sfm_dataset2_sfm_full_sift_global/p017/attempt_1/metrics.csv,417,c8a0b35fbda01155e12583a659974d36ddb10bd672956560e0dae26acd406569
runs/sfm_dataset2_sfm_full_sift_global_fullres_eval/ablation_eval/splat_eval/sfm_dataset2_sfm_full_sift_global/p017/attempt_1/python_metrics.json,456,274f2f267c327bf918bde98945ed5ff7c13135c5d8b869fd591a4355fe3390c8
runs/sfm_dataset2_sfm_full_sift_global_fullres_eval/ablation_eval/splat_eval/sfm_dataset2_sfm_full_sift_global/p017/attempt_1/resource_samples.csv,13792,bbeddf646f6940e493c7fa9b110d145670247dc6afadfc44c39e4c473b5cdcff
runs/sfm_dataset2_sfm_full_sift_global_fullres_eval/ablation_eval/splat_eval/sfm_dataset2_sfm_full_sift_global/p017/attempt_1/training_status.json,2106,2147335c6ae8f67ce8e2c9d220f661640e4ac94205ce47980260f86482a4380e
runs/sfm_dataset2_sfm_full_sift_global_fullres_eval/ablation_eval/splat_eval/sfm_dataset2_sfm_full_sift_global/p020/attempt_1/lfs_eval_config.json,1356,cb2203da5d26ff25c0d3c42eadd03120278f181cccef913e88874a417c2f1132
runs/sfm_dataset2_sfm_full_sift_global_fullres_eval/ablation_eval/splat_eval/sfm_dataset2_sfm_full_sift_global/p020/attempt_1/loss_history.csv,8247,317bdb5c9ec3ecceeff09eeeb89b079f66f0b09cb1fade95ef39cadf213a3fc1
runs/sfm_dataset2_sfm_full_sift_global_fullres_eval/ablation_eval/splat_eval/sfm_dataset2_sfm_full_sift_global/p020/attempt_1/metrics.csv,417,e4efc0b5803420519f97c5614dfc6e93364f86f4bee313742e07688f60c84371
runs/sfm_dataset2_sfm_full_sift_global_fullres_eval/ablation_eval/splat_eval/sfm_dataset2_sfm_full_sift_global/p020/attempt_1/python_metrics.json,456,274f2f267c327bf918bde98945ed5ff7c13135c5d8b869fd591a4355fe3390c8
runs/sfm_dataset2_sfm_full_sift_global_fullres_eval/ablation_eval/splat_eval/sfm_dataset2_sfm_full_sift_global/p020/attempt_1/resource_samples.csv,13607,b9f6fe0e3761e0b1cf2b503dae55e9608556378c696b6355876d02360560368e
runs/sfm_dataset2_sfm_full_sift_global_fullres_eval/ablation_eval/splat_eval/sfm_dataset2_sfm_full_sift_global/p020/attempt_1/training_status.json,2107,d80e3d06b953fc9adabd3464042789c4d6e574dcd6b172b3d401e4563ccad19b
runs/sfm_dataset2_sfm_full_sift_global_fullres_eval/ablation_eval/splat_eval/sfm_dataset2_sfm_full_sift_global/p022/attempt_1/lfs_eval_config.json,1356,cb2203da5d26ff25c0d3c42eadd03120278f181cccef913e88874a417c2f1132
runs/sfm_dataset2_sfm_full_sift_global_fullres_eval/ablation_eval/splat_eval/sfm_dataset2_sfm_full_sift_global/p022/attempt_1/loss_history.csv,8251,17ff2b68d146a0c4b861a1b82c2a9fa974605250cd0126d6d46c2bcc9dd45d52
runs/sfm_dataset2_sfm_full_sift_global_fullres_eval/ablation_eval/splat_eval/sfm_dataset2_sfm_full_sift_global/p022/attempt_1/metrics.csv,417,be7e0ccf6e30e061e3a6c4e935fa88e346e0bfd82a3858f8417b8852686514d0
runs/sfm_dataset2_sfm_full_sift_global_fullres_eval/ablation_eval/splat_eval/sfm_dataset2_sfm_full_sift_global/p022/attempt_1/python_metrics.json,456,274f2f267c327bf918bde98945ed5ff7c13135c5d8b869fd591a4355fe3390c8
runs/sfm_dataset2_sfm_full_sift_global_fullres_eval/ablation_eval/splat_eval/sfm_dataset2_sfm_full_sift_global/p022/attempt_1/resource_samples.csv,13422,b274d66f0478bde10f066d66bb106c5555f3213d599f4e16ba7811d70c5f15e9
runs/sfm_dataset2_sfm_full_sift_global_fullres_eval/ablation_eval/splat_eval/sfm_dataset2_sfm_full_sift_global/p022/attempt_1/training_status.json,2107,4e00f8e8ecbba5c6ed0b18afa87c4b499a291372ded9ce78df9287ebf27277b6
runs/sfm_dataset2_sfm_full_sift_global_fullres_eval/ablation_eval/splat_eval_selection.json,558,b7d3b653f04ccadd6089abf09fefe4402e0cf50efff13eb8be8325c1303f2e48
runs/sfm_dataset2_sfm_full_sift_global_fullres_eval/diagnostics/runs/sfm_dataset2_sfm_full_sift_global/logs/colmap.log,10109867,0d037417fae1e1531559d0823041aa7fdc1f69d02123f3d6a0f8e43a3b935adb
runs/sfm_dataset2_sfm_full_sift_global_fullres_eval/diagnostics/runs/sfm_dataset2_sfm_full_sift_global/logs/pipeline.log,5107,1fc66fe3debe1209734547cc51b7507e97b69d2a459e8cbb39ba17f3205ee688
runs/sfm_dataset2_sfm_full_sift_global_fullres_eval/diagnostics/runs/sfm_dataset2_sfm_full_sift_global/logs/warnings.log,170,f524e85d0624ac92458e5757c8edfbd3f0e39fb018795c2699ce91d8554fa5e0
runs/sfm_dataset2_sfm_full_sift_global_fullres_eval/diagnostics/runs/sfm_dataset2_sfm_full_sift_global/run_status.json,701,40be23b23efa03c9434ae40a1a6b85ab155048e786e7df737c59c6230cdbc2d4
runs/sfm_dataset2_sfm_full_sift_global_fullres_eval/diagnostics/runs/sfm_dataset2_sfm_full_sift_global/timings.json,2192,d3506fccd146fde23431a8cea09d6b4145cd7b3ba1dea1f98ba1d0acd737155c
runs/sfm_dataset2_sfm_full_sift_global_fullres_eval/diagnostics/runs/sfm_dataset2_sfm_full_sift_global_fullres_eval/resource_samples.csv,116401,73d0b20216300edb01006c12c21ec10b752a7098a0f30118beb13a228893e755
runs/sfm_dataset2_sfm_full_sift_global_fullres_eval/diagnostics/runs/sfm_dataset2_sfm_full_sift_global_fullres_eval/resource_summary.json,152,959e6234d29c66b4b62a2dec7a509a87f09f6602ffc6d7718e63d877bba208dd
runs/sfm_dataset2_sfm_full_sift_global_fullres_eval/resource_samples.csv,116401,73d0b20216300edb01006c12c21ec10b752a7098a0f30118beb13a228893e755
runs/sfm_dataset2_sfm_full_sift_global_fullres_eval/sfm_dataset2_sfm_full_sift_global_fullres_eval.exit,7,194ff5bca66278888f0f00be5c7ca523d15098ece958b14952533811089f6106
runs/sfm_dataset2_sfm_full_sift_global_fullres_eval/worker_identity.json,470,356940573833ef9bd9f9c91d3fc16c64074e3144398e1910d514b39469629a4c
runs/sfm_dataset2_sfm_full_sift_incremental_fullres_eval/ablation_eval/jobs/sfm_dataset2_sfm_full_sift_incremental/resource_samples.csv,126277,c1cb5aa9300fc84bf05f0ec0fa90b86016204ef0bb9e14e904ae1e39a284f7c1
runs/sfm_dataset2_sfm_full_sift_incremental_fullres_eval/ablation_eval/manifest.csv,1413,980a4abe6d6b5ba0779284bbf2e4fe323b4f292324d8906b3db62edea058b094
runs/sfm_dataset2_sfm_full_sift_incremental_fullres_eval/ablation_eval/results_final.csv,129,6cf300cc3eaa1536de18eb4bdbeb47d3308e50e0dd2e0f8c8cbbee795a57b170
runs/sfm_dataset2_sfm_full_sift_incremental_fullres_eval/ablation_eval/results_sfm.csv,860,c05808507c56de3a7fc8bcf5cdb7cb1d991defea34893366fc59a905111a808c
runs/sfm_dataset2_sfm_full_sift_incremental_fullres_eval/ablation_eval/results_splat.csv,298,39db4462af80f9c5d63208487ac3ac84ffe996ec2010f17b931958a3ddb3a8cb
runs/sfm_dataset2_sfm_full_sift_incremental_fullres_eval/ablation_eval/splat_eval_selection.json,188,143de258cc1a5ad6641137b7dab6c5a6593afb7a9beca5f83021c90af7684864
runs/sfm_dataset2_sfm_full_sift_incremental_fullres_eval/diagnostics/runs/sfm_dataset2_sfm_full_sift_incremental/logs/colmap.log,7430426,6ac518d835bb5d036c935439cc95287cccc879ab6934f11736f4a9f8605b84f3
runs/sfm_dataset2_sfm_full_sift_incremental_fullres_eval/diagnostics/runs/sfm_dataset2_sfm_full_sift_incremental/logs/pipeline.log,2385,a1bf1158f11a89e1061847639af6c82ed9372670065c5e27163c1c60d56471fb
runs/sfm_dataset2_sfm_full_sift_incremental_fullres_eval/diagnostics/runs/sfm_dataset2_sfm_full_sift_incremental/run_status.json,1405,0ab5c1e2da7e58db784da850a6e97a417565aa1583fdc32bdba1f6efac8f18db
runs/sfm_dataset2_sfm_full_sift_incremental_fullres_eval/diagnostics/runs/sfm_dataset2_sfm_full_sift_incremental/timings.json,4043,a3b213cab6a56b6ada967b9d4a8126015b1703f4c51b008630338fc8661f0a29
runs/sfm_dataset2_sfm_full_sift_incremental_fullres_eval/diagnostics/runs/sfm_dataset2_sfm_full_sift_incremental_fullres_eval/resource_samples.csv,114449,e0b231fd8be20a9b80eaf5bce8604f866972cec9a58f91d0f45bccdbe0ad88bf
runs/sfm_dataset2_sfm_full_sift_incremental_fullres_eval/diagnostics/runs/sfm_dataset2_sfm_full_sift_incremental_fullres_eval/resource_summary.json,150,0aabfe21ba0be529ba20023fbfcadb44fe4acbe97ecd7010675706c94f27ca34
runs/sfm_dataset2_sfm_full_sift_incremental_fullres_eval/resource_samples.csv,114449,e0b231fd8be20a9b80eaf5bce8604f866972cec9a58f91d0f45bccdbe0ad88bf
runs/sfm_dataset2_sfm_full_sift_incremental_fullres_eval/sfm_dataset2_sfm_full_sift_incremental_fullres_eval.exit,7,194ff5bca66278888f0f00be5c7ca523d15098ece958b14952533811089f6106
runs/sfm_dataset2_sfm_full_sift_incremental_fullres_eval/worker_identity.json,475,082f831d6e2b7895c828dfae0e206347a75f5747d2a9a13d58383cbe7fee0b43
runs/sfm_dataset3_sfm_1024_aliked_global_fullres_eval/ablation_eval/jobs/sfm_dataset3_sfm_1024_aliked_global/resource_samples.csv,11863,8e5951522cfe905cce6071b1daf584dcb8a44cb89ac85734bb88ea2c50694524
runs/sfm_dataset3_sfm_1024_aliked_global_fullres_eval/ablation_eval/manifest.csv,1619,a053d25849a433826e526c5e62eb2cd9f45e10cd648a8166e8fe7bd062ba8d48
runs/sfm_dataset3_sfm_1024_aliked_global_fullres_eval/ablation_eval/metrics_long.csv,13224,fdf1743c46c819a0d472c3f7ef3fe3a6c5280eaf21e22437edce077c2ff96375
runs/sfm_dataset3_sfm_1024_aliked_global_fullres_eval/ablation_eval/results_final.csv,129,6cf300cc3eaa1536de18eb4bdbeb47d3308e50e0dd2e0f8c8cbbee795a57b170
runs/sfm_dataset3_sfm_1024_aliked_global_fullres_eval/ablation_eval/results_sfm.csv,1153,245fda23558c0ffe7e30e2eea03040e5bcc8f11426218631d7023b02cc8e4862
runs/sfm_dataset3_sfm_1024_aliked_global_fullres_eval/ablation_eval/results_splat.csv,3062,9e1642704ad58b6bd35ed250a86b2f4ac6b1198ad82c019d06f81916e2a4308b
runs/sfm_dataset3_sfm_1024_aliked_global_fullres_eval/ablation_eval/splat_eval/sfm_dataset3_sfm_1024_aliked_global/p000/attempt_1/lfs_eval_config.json,1356,cb2203da5d26ff25c0d3c42eadd03120278f181cccef913e88874a417c2f1132
runs/sfm_dataset3_sfm_1024_aliked_global_fullres_eval/ablation_eval/splat_eval/sfm_dataset3_sfm_1024_aliked_global/p000/attempt_1/loss_history.csv,8199,d8ec37ee5d2a72fbd59202483a44a8977ac74537a3102e41c5ad66a154964325
runs/sfm_dataset3_sfm_1024_aliked_global_fullres_eval/ablation_eval/splat_eval/sfm_dataset3_sfm_1024_aliked_global/p000/attempt_1/metrics.csv,417,a23fdcb61be109de1131469d3f617cbec82c329ae138464694f6b85d8b8dfb45
runs/sfm_dataset3_sfm_1024_aliked_global_fullres_eval/ablation_eval/splat_eval/sfm_dataset3_sfm_1024_aliked_global/p000/attempt_1/python_metrics.json,456,bb5d0356a1dfeb3416f7a54c51e604acd9939c7924d6a0246de79b43d7eff2ee
runs/sfm_dataset3_sfm_1024_aliked_global_fullres_eval/ablation_eval/splat_eval/sfm_dataset3_sfm_1024_aliked_global/p000/attempt_1/resource_samples.csv,12677,b0c80ea7ee77080213f3c5eddcf259156d54ebee6d53a68bf93c67ad2461a6bb
runs/sfm_dataset3_sfm_1024_aliked_global_fullres_eval/ablation_eval/splat_eval/sfm_dataset3_sfm_1024_aliked_global/p000/attempt_1/training_status.json,2120,c8fd1007ad87717cf11c8c8e32721ef28e5c0b77f8105e2d9269d680332a121d
runs/sfm_dataset3_sfm_1024_aliked_global_fullres_eval/ablation_eval/splat_eval/sfm_dataset3_sfm_1024_aliked_global/p001/attempt_1/lfs_eval_config.json,1356,cb2203da5d26ff25c0d3c42eadd03120278f181cccef913e88874a417c2f1132
runs/sfm_dataset3_sfm_1024_aliked_global_fullres_eval/ablation_eval/splat_eval/sfm_dataset3_sfm_1024_aliked_global/p001/attempt_1/loss_history.csv,8218,447cd9b4e68afd2d837f1e95b6fe4bdda9a1c584d119fbd84d675972a6ff0370
runs/sfm_dataset3_sfm_1024_aliked_global_fullres_eval/ablation_eval/splat_eval/sfm_dataset3_sfm_1024_aliked_global/p001/attempt_1/metrics.csv,417,f9ea50afe437daafab60a8737780b8271861cb102fb713ce1c5275d1dd099691
runs/sfm_dataset3_sfm_1024_aliked_global_fullres_eval/ablation_eval/splat_eval/sfm_dataset3_sfm_1024_aliked_global/p001/attempt_1/python_metrics.json,456,bb5d0356a1dfeb3416f7a54c51e604acd9939c7924d6a0246de79b43d7eff2ee
runs/sfm_dataset3_sfm_1024_aliked_global_fullres_eval/ablation_eval/splat_eval/sfm_dataset3_sfm_1024_aliked_global/p001/attempt_1/resource_samples.csv,13670,384c2e544f37574c690dc699f54d51eb78d5da36c25261ea2fdd61e8bff7f9cc
runs/sfm_dataset3_sfm_1024_aliked_global_fullres_eval/ablation_eval/splat_eval/sfm_dataset3_sfm_1024_aliked_global/p001/attempt_1/training_status.json,2123,06281b3cd22611d2764c654f1f3ed4cef816c0baffc3033a33678b4b4eba555e
runs/sfm_dataset3_sfm_1024_aliked_global_fullres_eval/ablation_eval/splat_eval/sfm_dataset3_sfm_1024_aliked_global/p002/attempt_1/lfs_eval_config.json,1356,cb2203da5d26ff25c0d3c42eadd03120278f181cccef913e88874a417c2f1132
runs/sfm_dataset3_sfm_1024_aliked_global_fullres_eval/ablation_eval/splat_eval/sfm_dataset3_sfm_1024_aliked_global/p002/attempt_1/loss_history.csv,8219,dff44c9a569886bacdd0ad452fc9a11d2c58fe0a7c3671ff979f503066bedee5
runs/sfm_dataset3_sfm_1024_aliked_global_fullres_eval/ablation_eval/splat_eval/sfm_dataset3_sfm_1024_aliked_global/p002/attempt_1/metrics.csv,417,0d696b6d69b878fb328dab757372ae4bdf6c24a75f3d3ba06d5aac1a4e176ca8
runs/sfm_dataset3_sfm_1024_aliked_global_fullres_eval/ablation_eval/splat_eval/sfm_dataset3_sfm_1024_aliked_global/p002/attempt_1/python_metrics.json,456,bb5d0356a1dfeb3416f7a54c51e604acd9939c7924d6a0246de79b43d7eff2ee
runs/sfm_dataset3_sfm_1024_aliked_global_fullres_eval/ablation_eval/splat_eval/sfm_dataset3_sfm_1024_aliked_global/p002/attempt_1/resource_samples.csv,13669,3d1351266e1f71f36e27a3d4903a00b41f773b06d0950bc7751b16b24a1ecbfd
runs/sfm_dataset3_sfm_1024_aliked_global_fullres_eval/ablation_eval/splat_eval/sfm_dataset3_sfm_1024_aliked_global/p002/attempt_1/training_status.json,2123,4ea8e109e742cbe2a87119bb899007a9b5110836035e1c7b176d359496aca610
runs/sfm_dataset3_sfm_1024_aliked_global_fullres_eval/ablation_eval/splat_eval/sfm_dataset3_sfm_1024_aliked_global/p003/attempt_1/lfs_eval_config.json,1356,cb2203da5d26ff25c0d3c42eadd03120278f181cccef913e88874a417c2f1132
runs/sfm_dataset3_sfm_1024_aliked_global_fullres_eval/ablation_eval/splat_eval/sfm_dataset3_sfm_1024_aliked_global/p003/attempt_1/loss_history.csv,8199,445a38e2035653e16319da1e19a5121b1676064ce2edfbca9ac76622f3283eb7
runs/sfm_dataset3_sfm_1024_aliked_global_fullres_eval/ablation_eval/splat_eval/sfm_dataset3_sfm_1024_aliked_global/p003/attempt_1/metrics.csv,417,e6f1f46f881e6f3a4a293c11e8e7336ea8b3c1e3c031c45401b1834427a2651a
runs/sfm_dataset3_sfm_1024_aliked_global_fullres_eval/ablation_eval/splat_eval/sfm_dataset3_sfm_1024_aliked_global/p003/attempt_1/python_metrics.json,456,bb5d0356a1dfeb3416f7a54c51e604acd9939c7924d6a0246de79b43d7eff2ee
runs/sfm_dataset3_sfm_1024_aliked_global_fullres_eval/ablation_eval/splat_eval/sfm_dataset3_sfm_1024_aliked_global/p003/attempt_1/resource_samples.csv,13441,8a761bf87b5c12e8faa6ab78c0fe74e05c7d7eb5a61d69333debebac81708f30
runs/sfm_dataset3_sfm_1024_aliked_global_fullres_eval/ablation_eval/splat_eval/sfm_dataset3_sfm_1024_aliked_global/p003/attempt_1/training_status.json,2123,f94619f812db62c5004687e63c864f224f90c452b6b74791dc793347424a4aee
runs/sfm_dataset3_sfm_1024_aliked_global_fullres_eval/ablation_eval/splat_eval/sfm_dataset3_sfm_1024_aliked_global/p004/attempt_1/lfs_eval_config.json,1356,cb2203da5d26ff25c0d3c42eadd03120278f181cccef913e88874a417c2f1132
runs/sfm_dataset3_sfm_1024_aliked_global_fullres_eval/ablation_eval/splat_eval/sfm_dataset3_sfm_1024_aliked_global/p004/attempt_1/loss_history.csv,8214,f06427aa215b771310d33a61c576dbe3fd013d9e2cfedb841bbbabf1c420db47
runs/sfm_dataset3_sfm_1024_aliked_global_fullres_eval/ablation_eval/splat_eval/sfm_dataset3_sfm_1024_aliked_global/p004/attempt_1/metrics.csv,417,27aa9975e7044b8e346fa3cad93c2e631614c79c643d2f8144ac9c68256c5ad8
runs/sfm_dataset3_sfm_1024_aliked_global_fullres_eval/ablation_eval/splat_eval/sfm_dataset3_sfm_1024_aliked_global/p004/attempt_1/python_metrics.json,456,bb5d0356a1dfeb3416f7a54c51e604acd9939c7924d6a0246de79b43d7eff2ee
runs/sfm_dataset3_sfm_1024_aliked_global_fullres_eval/ablation_eval/splat_eval/sfm_dataset3_sfm_1024_aliked_global/p004/attempt_1/resource_samples.csv,12255,2a21065418cb16b73b8a83739146f9a03166c258e99c2f68604b8daac0f7cd9e
runs/sfm_dataset3_sfm_1024_aliked_global_fullres_eval/ablation_eval/splat_eval/sfm_dataset3_sfm_1024_aliked_global/p004/attempt_1/training_status.json,2119,1a90a156c052113a03e11682ff0b1d0f54933cb10f9c92c32fa07a923c51ab5e
runs/sfm_dataset3_sfm_1024_aliked_global_fullres_eval/ablation_eval/splat_eval/sfm_dataset3_sfm_1024_aliked_global/p005/attempt_1/lfs_eval_config.json,1356,cb2203da5d26ff25c0d3c42eadd03120278f181cccef913e88874a417c2f1132
runs/sfm_dataset3_sfm_1024_aliked_global_fullres_eval/ablation_eval/splat_eval/sfm_dataset3_sfm_1024_aliked_global/p005/attempt_1/loss_history.csv,8205,d6726e27be385f350513dccfa1e1fc44bf7c743957045ee0d4d05a67010c3786
runs/sfm_dataset3_sfm_1024_aliked_global_fullres_eval/ablation_eval/splat_eval/sfm_dataset3_sfm_1024_aliked_global/p005/attempt_1/metrics.csv,417,81846fd7e0d5167a66407e0af5cfc6fa60acb2990455e1e41af8d468804e500d
runs/sfm_dataset3_sfm_1024_aliked_global_fullres_eval/ablation_eval/splat_eval/sfm_dataset3_sfm_1024_aliked_global/p005/attempt_1/python_metrics.json,456,bb5d0356a1dfeb3416f7a54c51e604acd9939c7924d6a0246de79b43d7eff2ee
runs/sfm_dataset3_sfm_1024_aliked_global_fullres_eval/ablation_eval/splat_eval/sfm_dataset3_sfm_1024_aliked_global/p005/attempt_1/resource_samples.csv,13629,26bc66f1b1ffee3b3babffe502fa45c6a310a57d871a664823711086736352b5
runs/sfm_dataset3_sfm_1024_aliked_global_fullres_eval/ablation_eval/splat_eval/sfm_dataset3_sfm_1024_aliked_global/p005/attempt_1/training_status.json,2123,f17d06fbbed2dc05bc28136215db795c5a36475114c7d0a264296a9281c3c075
runs/sfm_dataset3_sfm_1024_aliked_global_fullres_eval/ablation_eval/splat_eval/sfm_dataset3_sfm_1024_aliked_global/p006/attempt_1/lfs_eval_config.json,1356,cb2203da5d26ff25c0d3c42eadd03120278f181cccef913e88874a417c2f1132
runs/sfm_dataset3_sfm_1024_aliked_global_fullres_eval/ablation_eval/splat_eval/sfm_dataset3_sfm_1024_aliked_global/p006/attempt_1/loss_history.csv,8200,d05123faeef8c49d6c0c66706acf50806ca1ec943199c8b679afe489635f96d5
runs/sfm_dataset3_sfm_1024_aliked_global_fullres_eval/ablation_eval/splat_eval/sfm_dataset3_sfm_1024_aliked_global/p006/attempt_1/metrics.csv,417,59dabd961c6a80ba71208ae95c5f352d75ccea4a3c0aaaef0adee4e77e8f756e
runs/sfm_dataset3_sfm_1024_aliked_global_fullres_eval/ablation_eval/splat_eval/sfm_dataset3_sfm_1024_aliked_global/p006/attempt_1/python_metrics.json,456,bb5d0356a1dfeb3416f7a54c51e604acd9939c7924d6a0246de79b43d7eff2ee
runs/sfm_dataset3_sfm_1024_aliked_global_fullres_eval/ablation_eval/splat_eval/sfm_dataset3_sfm_1024_aliked_global/p006/attempt_1/resource_samples.csv,13630,62f7b7673fde112cfa16b0c4bb4d59eb7318321a8ac971a65277193ae77a482c
runs/sfm_dataset3_sfm_1024_aliked_global_fullres_eval/ablation_eval/splat_eval/sfm_dataset3_sfm_1024_aliked_global/p006/attempt_1/training_status.json,2123,3eaa668108aa6c124b4361468663204372223312dca302985060ae070697b5ea
runs/sfm_dataset3_sfm_1024_aliked_global_fullres_eval/ablation_eval/splat_eval/sfm_dataset3_sfm_1024_aliked_global/p007/attempt_1/lfs_eval_config.json,1356,cb2203da5d26ff25c0d3c42eadd03120278f181cccef913e88874a417c2f1132
runs/sfm_dataset3_sfm_1024_aliked_global_fullres_eval/ablation_eval/splat_eval/sfm_dataset3_sfm_1024_aliked_global/p007/attempt_1/loss_history.csv,8197,69fb66cd35197b57305fcbd2eebc62a5e27da5b945ab9a863552296385edd953
runs/sfm_dataset3_sfm_1024_aliked_global_fullres_eval/ablation_eval/splat_eval/sfm_dataset3_sfm_1024_aliked_global/p007/attempt_1/metrics.csv,417,d8530f74c94399057783448e3a613901fe813b10c33a7c9be32166f9c6473a13
runs/sfm_dataset3_sfm_1024_aliked_global_fullres_eval/ablation_eval/splat_eval/sfm_dataset3_sfm_1024_aliked_global/p007/attempt_1/python_metrics.json,456,bb5d0356a1dfeb3416f7a54c51e604acd9939c7924d6a0246de79b43d7eff2ee
runs/sfm_dataset3_sfm_1024_aliked_global_fullres_eval/ablation_eval/splat_eval/sfm_dataset3_sfm_1024_aliked_global/p007/attempt_1/resource_samples.csv,12266,9c33b8f6eed111d2cf20277141df68da33e3bfcfef871d7d15fc5f4e08f4f58a
runs/sfm_dataset3_sfm_1024_aliked_global_fullres_eval/ablation_eval/splat_eval/sfm_dataset3_sfm_1024_aliked_global/p007/attempt_1/training_status.json,2123,150ee514af1e1337a85dc4ef902a59e840982dc9699288d82bb6950e1c88e594
runs/sfm_dataset3_sfm_1024_aliked_global_fullres_eval/ablation_eval/splat_eval_selection.json,528,59a3ee8e78833c784ab3070d838ce02dad56e4a84ce0adca493888098995465d
runs/sfm_dataset3_sfm_1024_aliked_global_fullres_eval/diagnostics/runs/sfm_dataset3_sfm_1024_aliked_global/logs/colmap.log,3788293,e980ebdae281e0a511d84754fad368ac76a1b45378208b4f8f9e37eab3dc02d8
runs/sfm_dataset3_sfm_1024_aliked_global_fullres_eval/diagnostics/runs/sfm_dataset3_sfm_1024_aliked_global/logs/pipeline.log,6298,84ed19546d3cac2048086fa8645b20a10e5eb5ae1133b1b728578ae4dc333bbe
runs/sfm_dataset3_sfm_1024_aliked_global_fullres_eval/diagnostics/runs/sfm_dataset3_sfm_1024_aliked_global/logs/warnings.log,926,11b169fcb8a47b599e378ed343ac2a943821b7565d58b845aa0b2837c5cf6d80
runs/sfm_dataset3_sfm_1024_aliked_global_fullres_eval/diagnostics/runs/sfm_dataset3_sfm_1024_aliked_global/run_status.json,701,0cc4831b5563b4160e641bb2f77aeabf7370b0f87533c8995df21227bfa1ec27
runs/sfm_dataset3_sfm_1024_aliked_global_fullres_eval/diagnostics/runs/sfm_dataset3_sfm_1024_aliked_global/timings.json,2191,f2c4e04fdaf17c4d7270a56ff833279f6e7d93a12066d3c628926974218496f6
runs/sfm_dataset3_sfm_1024_aliked_global_fullres_eval/diagnostics/runs/sfm_dataset3_sfm_1024_aliked_global_fullres_eval/resource_samples.csv,59396,d84dccabae6f12a64c1606cb7bd61cd465c9d349b4291afa0bdfd451767ea20a
runs/sfm_dataset3_sfm_1024_aliked_global_fullres_eval/diagnostics/runs/sfm_dataset3_sfm_1024_aliked_global_fullres_eval/resource_summary.json,152,2722246df651c349a20b9d7b765bcbe9d668221e85931eb92f14a85ba6ce055b
runs/sfm_dataset3_sfm_1024_aliked_global_fullres_eval/resource_samples.csv,59396,d84dccabae6f12a64c1606cb7bd61cd465c9d349b4291afa0bdfd451767ea20a
runs/sfm_dataset3_sfm_1024_aliked_global_fullres_eval/sfm_dataset3_sfm_1024_aliked_global_fullres_eval.exit,7,194ff5bca66278888f0f00be5c7ca523d15098ece958b14952533811089f6106
runs/sfm_dataset3_sfm_1024_aliked_global_fullres_eval/worker_identity.json,472,1a663224b566fed48fa33ee1c2d0c9338ab73005e66ddf7b320112ffc143afa5
runs/sfm_dataset3_sfm_1024_aliked_incremental_fullres_eval/ablation_eval/jobs/sfm_dataset3_sfm_1024_aliked_incremental/resource_samples.csv,17723,edf2d9bc736a3a7af89230ec4bd88ac7985ed0870e78f3c4e5a83bd4f13e31d1
runs/sfm_dataset3_sfm_1024_aliked_incremental_fullres_eval/ablation_eval/manifest.csv,1682,9f36e6d441bc93373453be5865eaf189bc5332c64c21bb4189b71e6428bec5a0
runs/sfm_dataset3_sfm_1024_aliked_incremental_fullres_eval/ablation_eval/results_final.csv,129,6cf300cc3eaa1536de18eb4bdbeb47d3308e50e0dd2e0f8c8cbbee795a57b170
runs/sfm_dataset3_sfm_1024_aliked_incremental_fullres_eval/ablation_eval/results_sfm.csv,1207,9bd7d692f7940cb93c5f94d02ed4cbd67714bbd4e6246dd36240b0a5ec43daf0
runs/sfm_dataset3_sfm_1024_aliked_incremental_fullres_eval/ablation_eval/results_splat.csv,298,39db4462af80f9c5d63208487ac3ac84ffe996ec2010f17b931958a3ddb3a8cb
runs/sfm_dataset3_sfm_1024_aliked_incremental_fullres_eval/ablation_eval/splat_eval_selection.json,188,143de258cc1a5ad6641137b7dab6c5a6593afb7a9beca5f83021c90af7684864
runs/sfm_dataset3_sfm_1024_aliked_incremental_fullres_eval/diagnostics/runs/sfm_dataset3_sfm_1024_aliked_incremental/logs/colmap.log,4315460,4f64c13647f5b325f667db80673dda88dfd906ff351380c8fb9006b57f32e3ac
runs/sfm_dataset3_sfm_1024_aliked_incremental_fullres_eval/diagnostics/runs/sfm_dataset3_sfm_1024_aliked_incremental/logs/pipeline.log,5807,614a8b898abacfc6be3df1e3b45bb7686dfe0addbaf23417787942f97e3ab5bc
runs/sfm_dataset3_sfm_1024_aliked_incremental_fullres_eval/diagnostics/runs/sfm_dataset3_sfm_1024_aliked_incremental/logs/warnings.log,861,6c02c84db681dcc5d9f9729c7ca5ee6dd1c8361cdbb32dc0635195fec53a4995
runs/sfm_dataset3_sfm_1024_aliked_incremental_fullres_eval/diagnostics/runs/sfm_dataset3_sfm_1024_aliked_incremental/run_status.json,701,8851ba47a7f0951b752364893ef3458a09a050e56c735f28e71c6afba11ae80e
runs/sfm_dataset3_sfm_1024_aliked_incremental_fullres_eval/diagnostics/runs/sfm_dataset3_sfm_1024_aliked_incremental/timings.json,2191,7207c6965f53e055b1fab11c844c512a3656262671f18c01e1636830546b1adf
runs/sfm_dataset3_sfm_1024_aliked_incremental_fullres_eval/diagnostics/runs/sfm_dataset3_sfm_1024_aliked_incremental_fullres_eval/resource_samples.csv,16068,41d4d2a553485477bacab8cfb2bf4ad094d60c89e2493fff34d5a238259b703c
runs/sfm_dataset3_sfm_1024_aliked_incremental_fullres_eval/diagnostics/runs/sfm_dataset3_sfm_1024_aliked_incremental_fullres_eval/resource_summary.json,148,c227ea935eb8a26af079311c33020e04d2f97a984978e2fc510097e2f1bf838a
runs/sfm_dataset3_sfm_1024_aliked_incremental_fullres_eval/resource_samples.csv,16068,41d4d2a553485477bacab8cfb2bf4ad094d60c89e2493fff34d5a238259b703c
runs/sfm_dataset3_sfm_1024_aliked_incremental_fullres_eval/sfm_dataset3_sfm_1024_aliked_incremental_fullres_eval.exit,32,aeb7fb11bf52cbddd6345591d2fde0597587b7b1cffe51a7219f9a75902d8158
runs/sfm_dataset3_sfm_1024_aliked_incremental_fullres_eval/worker_identity.json,477,4b5d7ab354ad4632fa0ecac043c6e560d5bdc545713e8bb5953ebdc41ef4d179
runs/sfm_dataset3_sfm_1024_sift_global_fullres_eval/ablation_eval/jobs/sfm_dataset3_sfm_1024_sift_global/resource_samples.csv,22114,1f9694f5c25cda1ee3ad7b38efe70d043054d6fb64b6c907916568d62ac673f5
runs/sfm_dataset3_sfm_1024_sift_global_fullres_eval/ablation_eval/manifest.csv,1406,8345d0ac5f07664be9026f6b81492bd9f1ed152a5f70c2714b2739487f5d84c7
runs/sfm_dataset3_sfm_1024_sift_global_fullres_eval/ablation_eval/metrics_long.csv,14623,83e971173c62c9a7f3ead381a1ec2ddc3098dd73ad9311e27dddb00699d5c8b4
runs/sfm_dataset3_sfm_1024_sift_global_fullres_eval/ablation_eval/results_final.csv,129,6cf300cc3eaa1536de18eb4bdbeb47d3308e50e0dd2e0f8c8cbbee795a57b170
runs/sfm_dataset3_sfm_1024_sift_global_fullres_eval/ablation_eval/results_sfm.csv,1153,ea3dd0c6cbf40bcc7d82213193b8ef528301a07f8ae6c9d944d616e9ca44a25b
runs/sfm_dataset3_sfm_1024_sift_global_fullres_eval/ablation_eval/results_splat.csv,3366,f8cc6c05d477d842cc9f6f8743de0e6b7d3c0872e196aefec40f41dbb5a4796d
runs/sfm_dataset3_sfm_1024_sift_global_fullres_eval/ablation_eval/splat_eval/sfm_dataset3_sfm_1024_sift_global/p000/attempt_1/lfs_eval_config.json,1356,cb2203da5d26ff25c0d3c42eadd03120278f181cccef913e88874a417c2f1132
runs/sfm_dataset3_sfm_1024_sift_global_fullres_eval/ablation_eval/splat_eval/sfm_dataset3_sfm_1024_sift_global/p000/attempt_1/loss_history.csv,8257,59560a7c24f25cfa578d39a6554b15f767b79be4e3461650a57843d61b7e41a9
runs/sfm_dataset3_sfm_1024_sift_global_fullres_eval/ablation_eval/splat_eval/sfm_dataset3_sfm_1024_sift_global/p000/attempt_1/metrics.csv,417,e532d87459195474a6bc8dc92386b20b6024ad7978cbaa965a154ae6566bc8b8
runs/sfm_dataset3_sfm_1024_sift_global_fullres_eval/ablation_eval/splat_eval/sfm_dataset3_sfm_1024_sift_global/p000/attempt_1/python_metrics.json,456,c2eb7c7e9c5864a769af6eef852c3eeccefddf8591d9471c868c0b4ea7cc0b5b
runs/sfm_dataset3_sfm_1024_sift_global_fullres_eval/ablation_eval/splat_eval/sfm_dataset3_sfm_1024_sift_global/p000/attempt_1/resource_samples.csv,12380,8a374ddb2c1d02bcd60a795b8df0544eee958d39b8261de98626f1bbe30e3932
runs/sfm_dataset3_sfm_1024_sift_global_fullres_eval/ablation_eval/splat_eval/sfm_dataset3_sfm_1024_sift_global/p000/attempt_1/training_status.json,2104,5115b56eceb3d7d22be2d14b7edf2370eab345478b107b833a95402a11814e7c
runs/sfm_dataset3_sfm_1024_sift_global_fullres_eval/ablation_eval/splat_eval/sfm_dataset3_sfm_1024_sift_global/p001/attempt_1/lfs_eval_config.json,1356,cb2203da5d26ff25c0d3c42eadd03120278f181cccef913e88874a417c2f1132
runs/sfm_dataset3_sfm_1024_sift_global_fullres_eval/ablation_eval/splat_eval/sfm_dataset3_sfm_1024_sift_global/p001/attempt_1/loss_history.csv,8249,f3178fcbbbe82e21d0ed96c1458216fceb26e506cebcd408a6b09d6ec9af69ef
runs/sfm_dataset3_sfm_1024_sift_global_fullres_eval/ablation_eval/splat_eval/sfm_dataset3_sfm_1024_sift_global/p001/attempt_1/metrics.csv,417,b7f89915a09e10ab4ec663c8fc02c8de58f7e4453894d2d2f361d14b12856779
runs/sfm_dataset3_sfm_1024_sift_global_fullres_eval/ablation_eval/splat_eval/sfm_dataset3_sfm_1024_sift_global/p001/attempt_1/python_metrics.json,456,c2eb7c7e9c5864a769af6eef852c3eeccefddf8591d9471c868c0b4ea7cc0b5b
runs/sfm_dataset3_sfm_1024_sift_global_fullres_eval/ablation_eval/splat_eval/sfm_dataset3_sfm_1024_sift_global/p001/attempt_1/resource_samples.csv,13288,7d0767383b832b32dffc725ecba6cc631e5bbb343b62c18c4d9dbc75c107e36f
runs/sfm_dataset3_sfm_1024_sift_global_fullres_eval/ablation_eval/splat_eval/sfm_dataset3_sfm_1024_sift_global/p001/attempt_1/training_status.json,2107,2ad48ad9c7a362cf6880420a91664cc7dd2135109857dbdcdc3da312a656446b
runs/sfm_dataset3_sfm_1024_sift_global_fullres_eval/ablation_eval/splat_eval/sfm_dataset3_sfm_1024_sift_global/p002/attempt_1/lfs_eval_config.json,1356,cb2203da5d26ff25c0d3c42eadd03120278f181cccef913e88874a417c2f1132
runs/sfm_dataset3_sfm_1024_sift_global_fullres_eval/ablation_eval/splat_eval/sfm_dataset3_sfm_1024_sift_global/p002/attempt_1/loss_history.csv,8262,272f913c626aa578e375d680e7347fdee430a20b5d35b1561e1d02269793ca99
runs/sfm_dataset3_sfm_1024_sift_global_fullres_eval/ablation_eval/splat_eval/sfm_dataset3_sfm_1024_sift_global/p002/attempt_1/metrics.csv,417,f9f25a66c97336dc658d4a96118161eec3f685c662c6901b19d62e3b38376d07
runs/sfm_dataset3_sfm_1024_sift_global_fullres_eval/ablation_eval/splat_eval/sfm_dataset3_sfm_1024_sift_global/p002/attempt_1/python_metrics.json,456,c2eb7c7e9c5864a769af6eef852c3eeccefddf8591d9471c868c0b4ea7cc0b5b
runs/sfm_dataset3_sfm_1024_sift_global_fullres_eval/ablation_eval/splat_eval/sfm_dataset3_sfm_1024_sift_global/p002/attempt_1/resource_samples.csv,12112,3f53426d0c4655deb9df452b8691899589e98da6eb05ec7c302a214a16583492
runs/sfm_dataset3_sfm_1024_sift_global_fullres_eval/ablation_eval/splat_eval/sfm_dataset3_sfm_1024_sift_global/p002/attempt_1/training_status.json,2109,79778e1ae89f2b09d8089873fe076dbf187503e40792e4b0c74a338d70a5948f
runs/sfm_dataset3_sfm_1024_sift_global_fullres_eval/ablation_eval/splat_eval/sfm_dataset3_sfm_1024_sift_global/p003/attempt_1/lfs_eval_config.json,1356,cb2203da5d26ff25c0d3c42eadd03120278f181cccef913e88874a417c2f1132
runs/sfm_dataset3_sfm_1024_sift_global_fullres_eval/ablation_eval/splat_eval/sfm_dataset3_sfm_1024_sift_global/p003/attempt_1/loss_history.csv,8234,f3bae508b98d31a43d26f6ab8a6602ae283def89d12fa4258300a81b9d7b473c
runs/sfm_dataset3_sfm_1024_sift_global_fullres_eval/ablation_eval/splat_eval/sfm_dataset3_sfm_1024_sift_global/p003/attempt_1/metrics.csv,417,727409f727b3b8ad43365d28e6affec6807bcc421179ca123f53914b74afca9c
runs/sfm_dataset3_sfm_1024_sift_global_fullres_eval/ablation_eval/splat_eval/sfm_dataset3_sfm_1024_sift_global/p003/attempt_1/python_metrics.json,456,c2eb7c7e9c5864a769af6eef852c3eeccefddf8591d9471c868c0b4ea7cc0b5b
runs/sfm_dataset3_sfm_1024_sift_global_fullres_eval/ablation_eval/splat_eval/sfm_dataset3_sfm_1024_sift_global/p003/attempt_1/resource_samples.csv,11346,dfbd154d3a365076bc40ec5f70df69043a25a6bd5c0e4c88b8f0ea9d0cabf419
runs/sfm_dataset3_sfm_1024_sift_global_fullres_eval/ablation_eval/splat_eval/sfm_dataset3_sfm_1024_sift_global/p003/attempt_1/training_status.json,2107,e058466fb7a85d7210beebe76600c78780d96878ed5fcd6a41ffdf7d8ea8f4a4
runs/sfm_dataset3_sfm_1024_sift_global_fullres_eval/ablation_eval/splat_eval/sfm_dataset3_sfm_1024_sift_global/p004/attempt_1/lfs_eval_config.json,1356,cb2203da5d26ff25c0d3c42eadd03120278f181cccef913e88874a417c2f1132
runs/sfm_dataset3_sfm_1024_sift_global_fullres_eval/ablation_eval/splat_eval/sfm_dataset3_sfm_1024_sift_global/p004/attempt_1/loss_history.csv,8255,0933040975019ee29597675db75f45aad19e91e42c5ef5a367ad16851f59d97f
runs/sfm_dataset3_sfm_1024_sift_global_fullres_eval/ablation_eval/splat_eval/sfm_dataset3_sfm_1024_sift_global/p004/attempt_1/metrics.csv,417,4ec5eccb3eb38397129130f0b10063a386a7aa374e69db52df32671957740e7c
runs/sfm_dataset3_sfm_1024_sift_global_fullres_eval/ablation_eval/splat_eval/sfm_dataset3_sfm_1024_sift_global/p004/attempt_1/python_metrics.json,456,c2eb7c7e9c5864a769af6eef852c3eeccefddf8591d9471c868c0b4ea7cc0b5b
runs/sfm_dataset3_sfm_1024_sift_global_fullres_eval/ablation_eval/splat_eval/sfm_dataset3_sfm_1024_sift_global/p004/attempt_1/resource_samples.csv,12329,ac4231c1522e5ca9fc972a3f6b42a91dfb787f357801e78c243402592b7f1b72
runs/sfm_dataset3_sfm_1024_sift_global_fullres_eval/ablation_eval/splat_eval/sfm_dataset3_sfm_1024_sift_global/p004/attempt_1/training_status.json,2109,ce6a0c9b7bb99ec00df89bd5df8484fe66a8bfcdc826a1c184a9810ea043bf6e
runs/sfm_dataset3_sfm_1024_sift_global_fullres_eval/ablation_eval/splat_eval/sfm_dataset3_sfm_1024_sift_global/p005/attempt_1/lfs_eval_config.json,1356,cb2203da5d26ff25c0d3c42eadd03120278f181cccef913e88874a417c2f1132
runs/sfm_dataset3_sfm_1024_sift_global_fullres_eval/ablation_eval/splat_eval/sfm_dataset3_sfm_1024_sift_global/p005/attempt_1/loss_history.csv,8255,cf9c9aa35da5e3ab458535f6dafb072889ebf88c6fff47da791db4c787991a22
runs/sfm_dataset3_sfm_1024_sift_global_fullres_eval/ablation_eval/splat_eval/sfm_dataset3_sfm_1024_sift_global/p005/attempt_1/metrics.csv,417,aa3cedf7e0bca9e52fb86fe66e193451130768858283d5a18aedb95133930dee
runs/sfm_dataset3_sfm_1024_sift_global_fullres_eval/ablation_eval/splat_eval/sfm_dataset3_sfm_1024_sift_global/p005/attempt_1/python_metrics.json,456,c2eb7c7e9c5864a769af6eef852c3eeccefddf8591d9471c868c0b4ea7cc0b5b
runs/sfm_dataset3_sfm_1024_sift_global_fullres_eval/ablation_eval/splat_eval/sfm_dataset3_sfm_1024_sift_global/p005/attempt_1/resource_samples.csv,12884,200e24445a03d50a65e3a8f3f84a7f3d5a548a22506ae2691da65641681f1740
runs/sfm_dataset3_sfm_1024_sift_global_fullres_eval/ablation_eval/splat_eval/sfm_dataset3_sfm_1024_sift_global/p005/attempt_1/training_status.json,2109,251559aa54291bb6296ad7a699ece10b3c6f53c3d3c4e03c7c0efac369936e72
runs/sfm_dataset3_sfm_1024_sift_global_fullres_eval/ablation_eval/splat_eval/sfm_dataset3_sfm_1024_sift_global/p006/attempt_1/lfs_eval_config.json,1356,cb2203da5d26ff25c0d3c42eadd03120278f181cccef913e88874a417c2f1132
runs/sfm_dataset3_sfm_1024_sift_global_fullres_eval/ablation_eval/splat_eval/sfm_dataset3_sfm_1024_sift_global/p006/attempt_1/loss_history.csv,8235,60a6748c2442df833ec90636af56b6ad19ae7e4c1486f8b56642ee330656ea65
runs/sfm_dataset3_sfm_1024_sift_global_fullres_eval/ablation_eval/splat_eval/sfm_dataset3_sfm_1024_sift_global/p006/attempt_1/metrics.csv,417,1b2d5fe8b69f9581f44ad2631bc6729078ce9e0fac0d221ec727dff26b316eea
runs/sfm_dataset3_sfm_1024_sift_global_fullres_eval/ablation_eval/splat_eval/sfm_dataset3_sfm_1024_sift_global/p006/attempt_1/python_metrics.json,456,c2eb7c7e9c5864a769af6eef852c3eeccefddf8591d9471c868c0b4ea7cc0b5b
runs/sfm_dataset3_sfm_1024_sift_global_fullres_eval/ablation_eval/splat_eval/sfm_dataset3_sfm_1024_sift_global/p006/attempt_1/resource_samples.csv,12346,e3305b8678d15a4a27294eb8ee76dd4b6a861636ca961990e27b786ae440effc
runs/sfm_dataset3_sfm_1024_sift_global_fullres_eval/ablation_eval/splat_eval/sfm_dataset3_sfm_1024_sift_global/p006/attempt_1/training_status.json,2109,4d93837c95d660c81d4252b27787a250e1fb1d126d2881d0229835083486d4d7
runs/sfm_dataset3_sfm_1024_sift_global_fullres_eval/ablation_eval/splat_eval/sfm_dataset3_sfm_1024_sift_global/p007/attempt_1/lfs_eval_config.json,1356,cb2203da5d26ff25c0d3c42eadd03120278f181cccef913e88874a417c2f1132
runs/sfm_dataset3_sfm_1024_sift_global_fullres_eval/ablation_eval/splat_eval/sfm_dataset3_sfm_1024_sift_global/p007/attempt_1/loss_history.csv,8225,d99907d5c419f74f26ee494a5ff348766ce304e72266fe53c07a2ecaa4af0abc
runs/sfm_dataset3_sfm_1024_sift_global_fullres_eval/ablation_eval/splat_eval/sfm_dataset3_sfm_1024_sift_global/p007/attempt_1/metrics.csv,417,4d41bf0751ab27c197fa3d8eb92f56c2a45eea8d60f9b436650570f03032bd2a
runs/sfm_dataset3_sfm_1024_sift_global_fullres_eval/ablation_eval/splat_eval/sfm_dataset3_sfm_1024_sift_global/p007/attempt_1/python_metrics.json,456,c2eb7c7e9c5864a769af6eef852c3eeccefddf8591d9471c868c0b4ea7cc0b5b
runs/sfm_dataset3_sfm_1024_sift_global_fullres_eval/ablation_eval/splat_eval/sfm_dataset3_sfm_1024_sift_global/p007/attempt_1/resource_samples.csv,10746,4a0d175a018ea120548b776c003434ca27bf7059fcbb9c12bc831acf5eb108d6
runs/sfm_dataset3_sfm_1024_sift_global_fullres_eval/ablation_eval/splat_eval/sfm_dataset3_sfm_1024_sift_global/p007/attempt_1/training_status.json,2105,5ad4424301d11b98d9ac53d8b34169214c838633e6ef95b566eb26ddc4915eb5
runs/sfm_dataset3_sfm_1024_sift_global_fullres_eval/ablation_eval/splat_eval/sfm_dataset3_sfm_1024_sift_global/p008/attempt_1/lfs_eval_config.json,1356,cb2203da5d26ff25c0d3c42eadd03120278f181cccef913e88874a417c2f1132
runs/sfm_dataset3_sfm_1024_sift_global_fullres_eval/ablation_eval/splat_eval/sfm_dataset3_sfm_1024_sift_global/p008/attempt_1/loss_history.csv,8158,8902ac49e33b1fe76ac9074adbf4b9ac524de134812563004207e02dbc7a5d0b
runs/sfm_dataset3_sfm_1024_sift_global_fullres_eval/ablation_eval/splat_eval/sfm_dataset3_sfm_1024_sift_global/p008/attempt_1/metrics.csv,417,0be70038993a28a6985988f025c3c410fbef64b9794850fb907e570b8e5d907f
runs/sfm_dataset3_sfm_1024_sift_global_fullres_eval/ablation_eval/splat_eval/sfm_dataset3_sfm_1024_sift_global/p008/attempt_1/python_metrics.json,456,c2eb7c7e9c5864a769af6eef852c3eeccefddf8591d9471c868c0b4ea7cc0b5b
runs/sfm_dataset3_sfm_1024_sift_global_fullres_eval/ablation_eval/splat_eval/sfm_dataset3_sfm_1024_sift_global/p008/attempt_1/resource_samples.csv,8446,4877df3a179279fc1a38f1556fb1de53342228f8b89c7bbebbd3646df1c482da
runs/sfm_dataset3_sfm_1024_sift_global_fullres_eval/ablation_eval/splat_eval/sfm_dataset3_sfm_1024_sift_global/p008/attempt_1/training_status.json,2104,283580083e62cf63f24f0129df8e2ff526cdb78520144f60ba57e9aabbccbdb5
runs/sfm_dataset3_sfm_1024_sift_global_fullres_eval/ablation_eval/splat_eval_selection.json,540,b52385c41b4da59adfe02dfa01ed8c4e62d917ed03a0da67c1ee5ce275596fc2
runs/sfm_dataset3_sfm_1024_sift_global_fullres_eval/diagnostics/runs/sfm_dataset3_sfm_1024_sift_global/logs/colmap.log,3874339,398e1ecdf03a68ee63f61e28983d222eceb1a12dad46488c29bea9e3c63ff34f
runs/sfm_dataset3_sfm_1024_sift_global_fullres_eval/diagnostics/runs/sfm_dataset3_sfm_1024_sift_global/logs/pipeline.log,5646,5a72a999da18091dadfb0a167451b5b6b2f2f2ad7bf94dbbd6b3238017712805
runs/sfm_dataset3_sfm_1024_sift_global_fullres_eval/diagnostics/runs/sfm_dataset3_sfm_1024_sift_global/logs/warnings.log,718,999890c6b779e68313c2765be4b3c783ad5a83a6d32665cb957b5422a6537433
runs/sfm_dataset3_sfm_1024_sift_global_fullres_eval/diagnostics/runs/sfm_dataset3_sfm_1024_sift_global/run_status.json,701,c17df46b5a4ff9256c36fe112d1bc88a5dce4dc40164f8300e82bfff0a1a058c
runs/sfm_dataset3_sfm_1024_sift_global_fullres_eval/diagnostics/runs/sfm_dataset3_sfm_1024_sift_global/timings.json,2195,37b333c80b18509af92e7305974536d7e1c233a89d20f99433041b536b861c58
runs/sfm_dataset3_sfm_1024_sift_global_fullres_eval/diagnostics/runs/sfm_dataset3_sfm_1024_sift_global_fullres_eval/resource_samples.csv,69283,ec2b6f5dabda0a0094f069b106627991b61d0f3da6981de9dd4738df692dac9e
runs/sfm_dataset3_sfm_1024_sift_global_fullres_eval/diagnostics/runs/sfm_dataset3_sfm_1024_sift_global_fullres_eval/resource_summary.json,151,6cfc59df520109956390c3531b3c841a44613392a21c2f35c2e1901c0999fb96
runs/sfm_dataset3_sfm_1024_sift_global_fullres_eval/resource_samples.csv,69283,ec2b6f5dabda0a0094f069b106627991b61d0f3da6981de9dd4738df692dac9e
runs/sfm_dataset3_sfm_1024_sift_global_fullres_eval/sfm_dataset3_sfm_1024_sift_global_fullres_eval.exit,7,194ff5bca66278888f0f00be5c7ca523d15098ece958b14952533811089f6106
runs/sfm_dataset3_sfm_1024_sift_global_fullres_eval/worker_identity.json,470,01f6891615192a20d31e19fb6b62660e28e9a209615f04018bf6cbb3f6c04547
runs/sfm_dataset3_sfm_1024_sift_incremental_fullres_eval/ablation_eval/jobs/sfm_dataset3_sfm_1024_sift_incremental/resource_samples.csv,67179,14b1352ea7bade35025d6bb99c25f8b3552132d31c4dec3d97c038de86eabbf3
runs/sfm_dataset3_sfm_1024_sift_incremental_fullres_eval/ablation_eval/manifest.csv,1469,2cf67703adf220b5f50bf40f178b271a550a05029d1a9b05d57ad786bf625745
runs/sfm_dataset3_sfm_1024_sift_incremental_fullres_eval/ablation_eval/metrics_long.csv,15161,3eb0ccc0b2bfbc58bb56cf16d9024115559c9f09c48a4173b3c0693452f0bec4
runs/sfm_dataset3_sfm_1024_sift_incremental_fullres_eval/ablation_eval/results_final.csv,129,6cf300cc3eaa1536de18eb4bdbeb47d3308e50e0dd2e0f8c8cbbee795a57b170
runs/sfm_dataset3_sfm_1024_sift_incremental_fullres_eval/ablation_eval/results_sfm.csv,1168,ed08dcf3d1ec67b68e65ebc356c21ac67aa4dd887e97d6db7138bc82c9298770
runs/sfm_dataset3_sfm_1024_sift_incremental_fullres_eval/ablation_eval/results_splat.csv,3456,e0d903f344bffcf9b23009270fe3e90c8a211b110d63bb52c34c967bfb216c35
runs/sfm_dataset3_sfm_1024_sift_incremental_fullres_eval/ablation_eval/splat_eval/sfm_dataset3_sfm_1024_sift_incremental/p000/attempt_1/lfs_eval_config.json,1356,cb2203da5d26ff25c0d3c42eadd03120278f181cccef913e88874a417c2f1132
runs/sfm_dataset3_sfm_1024_sift_incremental_fullres_eval/ablation_eval/splat_eval/sfm_dataset3_sfm_1024_sift_incremental/p000/attempt_1/loss_history.csv,8258,858eab42d2ef8a30bbdcf50b7e8b311525d22830f9fcbf7ed0d7dcff9384616f
runs/sfm_dataset3_sfm_1024_sift_incremental_fullres_eval/ablation_eval/splat_eval/sfm_dataset3_sfm_1024_sift_incremental/p000/attempt_1/metrics.csv,417,d7de15955621070a7fe34c466a372e62de8cb9d88d3ddf1459774c5c82909fbc
runs/sfm_dataset3_sfm_1024_sift_incremental_fullres_eval/ablation_eval/splat_eval/sfm_dataset3_sfm_1024_sift_incremental/p000/attempt_1/python_metrics.json,456,b34f8ff45d332c378888b956a7e43a22d849d2ee90dc87a6fbeb9e37357ec132
runs/sfm_dataset3_sfm_1024_sift_incremental_fullres_eval/ablation_eval/splat_eval/sfm_dataset3_sfm_1024_sift_incremental/p000/attempt_1/resource_samples.csv,12197,11478786d6a52478d64dcad4245cd026e35eb2d599638138434b16905dd9e717
runs/sfm_dataset3_sfm_1024_sift_incremental_fullres_eval/ablation_eval/splat_eval/sfm_dataset3_sfm_1024_sift_incremental/p000/attempt_1/training_status.json,2140,79892117fd80c346e5f5cec759fe107204d5d71bcbcb29227dbd3b5f19632150
runs/sfm_dataset3_sfm_1024_sift_incremental_fullres_eval/ablation_eval/splat_eval/sfm_dataset3_sfm_1024_sift_incremental/p001/attempt_1/lfs_eval_config.json,1356,cb2203da5d26ff25c0d3c42eadd03120278f181cccef913e88874a417c2f1132
runs/sfm_dataset3_sfm_1024_sift_incremental_fullres_eval/ablation_eval/splat_eval/sfm_dataset3_sfm_1024_sift_incremental/p001/attempt_1/loss_history.csv,8255,18fefd947af3b1c61aa0b655fed1c05423f2a16a43a160236cbaa0499b6e845e
runs/sfm_dataset3_sfm_1024_sift_incremental_fullres_eval/ablation_eval/splat_eval/sfm_dataset3_sfm_1024_sift_incremental/p001/attempt_1/metrics.csv,417,a873c8ddbf3775f90bb5e564dcf47f1d099ba7e77c821cccc17e350729789821
runs/sfm_dataset3_sfm_1024_sift_incremental_fullres_eval/ablation_eval/splat_eval/sfm_dataset3_sfm_1024_sift_incremental/p001/attempt_1/python_metrics.json,456,b34f8ff45d332c378888b956a7e43a22d849d2ee90dc87a6fbeb9e37357ec132
runs/sfm_dataset3_sfm_1024_sift_incremental_fullres_eval/ablation_eval/splat_eval/sfm_dataset3_sfm_1024_sift_incremental/p001/attempt_1/resource_samples.csv,12102,5d9476a2ad695240497109040908e28eeda4a54111736e2e382a925d171d68f1
runs/sfm_dataset3_sfm_1024_sift_incremental_fullres_eval/ablation_eval/splat_eval/sfm_dataset3_sfm_1024_sift_incremental/p001/attempt_1/training_status.json,2142,c7f8e3e207226cb5716c3ca0ba1ed26e10cae020bfd39dc6a566dbc6ba4ad869
runs/sfm_dataset3_sfm_1024_sift_incremental_fullres_eval/ablation_eval/splat_eval/sfm_dataset3_sfm_1024_sift_incremental/p002/attempt_1/lfs_eval_config.json,1356,cb2203da5d26ff25c0d3c42eadd03120278f181cccef913e88874a417c2f1132
runs/sfm_dataset3_sfm_1024_sift_incremental_fullres_eval/ablation_eval/splat_eval/sfm_dataset3_sfm_1024_sift_incremental/p002/attempt_1/loss_history.csv,8251,dbddbac47468864398889ccb4633bc2f6e2057f9eb7716deae6ee47707e3e49a
runs/sfm_dataset3_sfm_1024_sift_incremental_fullres_eval/ablation_eval/splat_eval/sfm_dataset3_sfm_1024_sift_incremental/p002/attempt_1/metrics.csv,417,688d399303abc91f4d9351aedc85e43a94d4a2b24f7c2d67a3e43aceede3bc96
runs/sfm_dataset3_sfm_1024_sift_incremental_fullres_eval/ablation_eval/splat_eval/sfm_dataset3_sfm_1024_sift_incremental/p002/attempt_1/python_metrics.json,456,b34f8ff45d332c378888b956a7e43a22d849d2ee90dc87a6fbeb9e37357ec132
runs/sfm_dataset3_sfm_1024_sift_incremental_fullres_eval/ablation_eval/splat_eval/sfm_dataset3_sfm_1024_sift_incremental/p002/attempt_1/resource_samples.csv,13815,6d7c906b12bfa51c583d2b29b9432349ef55df0333b4ac182da393e37e9a4af8
runs/sfm_dataset3_sfm_1024_sift_incremental_fullres_eval/ablation_eval/splat_eval/sfm_dataset3_sfm_1024_sift_incremental/p002/attempt_1/training_status.json,2143,42c96d2a8ffd52b7a67a0d8172c6698026e9b150cfa655a736d398c9f498871a
runs/sfm_dataset3_sfm_1024_sift_incremental_fullres_eval/ablation_eval/splat_eval/sfm_dataset3_sfm_1024_sift_incremental/p003/attempt_1/lfs_eval_config.json,1356,cb2203da5d26ff25c0d3c42eadd03120278f181cccef913e88874a417c2f1132
runs/sfm_dataset3_sfm_1024_sift_incremental_fullres_eval/ablation_eval/splat_eval/sfm_dataset3_sfm_1024_sift_incremental/p003/attempt_1/loss_history.csv,8253,ced6b0556b8a48ff8f8a4e353bd2893217b738407c6041b8434c0eb94c359388
runs/sfm_dataset3_sfm_1024_sift_incremental_fullres_eval/ablation_eval/splat_eval/sfm_dataset3_sfm_1024_sift_incremental/p003/attempt_1/metrics.csv,417,2a41c94bc6f150d8c5f598e7a1cfe93de3470fc2c1cee9665754ba1c7cf72cc8
runs/sfm_dataset3_sfm_1024_sift_incremental_fullres_eval/ablation_eval/splat_eval/sfm_dataset3_sfm_1024_sift_incremental/p003/attempt_1/python_metrics.json,456,b34f8ff45d332c378888b956a7e43a22d849d2ee90dc87a6fbeb9e37357ec132
runs/sfm_dataset3_sfm_1024_sift_incremental_fullres_eval/ablation_eval/splat_eval/sfm_dataset3_sfm_1024_sift_incremental/p003/attempt_1/resource_samples.csv,12412,83dcbfbf69ac017b45b0d12e2ae8e68b23d05aedfaae291cb0117867c290258d
runs/sfm_dataset3_sfm_1024_sift_incremental_fullres_eval/ablation_eval/splat_eval/sfm_dataset3_sfm_1024_sift_incremental/p003/attempt_1/training_status.json,2142,7620875743807c9e6d45ddd43b357c215d40f5e5e802ea4e08b99726c6d8a386
runs/sfm_dataset3_sfm_1024_sift_incremental_fullres_eval/ablation_eval/splat_eval/sfm_dataset3_sfm_1024_sift_incremental/p004/attempt_1/lfs_eval_config.json,1356,cb2203da5d26ff25c0d3c42eadd03120278f181cccef913e88874a417c2f1132
runs/sfm_dataset3_sfm_1024_sift_incremental_fullres_eval/ablation_eval/splat_eval/sfm_dataset3_sfm_1024_sift_incremental/p004/attempt_1/loss_history.csv,8251,595f9f31cfae4b1a669515869c17cc4b36f0ee1d4e3baf4ce1f83489551cd73b
runs/sfm_dataset3_sfm_1024_sift_incremental_fullres_eval/ablation_eval/splat_eval/sfm_dataset3_sfm_1024_sift_incremental/p004/attempt_1/metrics.csv,417,3bc26634656ff55d3050bd15771324956b8999da531e916d67bbf57643fe9f27
runs/sfm_dataset3_sfm_1024_sift_incremental_fullres_eval/ablation_eval/splat_eval/sfm_dataset3_sfm_1024_sift_incremental/p004/attempt_1/python_metrics.json,456,b34f8ff45d332c378888b956a7e43a22d849d2ee90dc87a6fbeb9e37357ec132
runs/sfm_dataset3_sfm_1024_sift_incremental_fullres_eval/ablation_eval/splat_eval/sfm_dataset3_sfm_1024_sift_incremental/p004/attempt_1/resource_samples.csv,11742,57786fa74861a55f3479ef4c631ccb5c11cc2b78cee90aaa5f133d9284de93ff
runs/sfm_dataset3_sfm_1024_sift_incremental_fullres_eval/ablation_eval/splat_eval/sfm_dataset3_sfm_1024_sift_incremental/p004/attempt_1/training_status.json,2143,79eb36e754b0d2e3659c928da166467ce7132a9eb0f69910545f26416ea9caa3
runs/sfm_dataset3_sfm_1024_sift_incremental_fullres_eval/ablation_eval/splat_eval/sfm_dataset3_sfm_1024_sift_incremental/p005/attempt_1/lfs_eval_config.json,1356,cb2203da5d26ff25c0d3c42eadd03120278f181cccef913e88874a417c2f1132
runs/sfm_dataset3_sfm_1024_sift_incremental_fullres_eval/ablation_eval/splat_eval/sfm_dataset3_sfm_1024_sift_incremental/p005/attempt_1/loss_history.csv,8244,20edb6fd98f424a75148427a078fa123244e38efe951d9476e95b923bb7a29cc
runs/sfm_dataset3_sfm_1024_sift_incremental_fullres_eval/ablation_eval/splat_eval/sfm_dataset3_sfm_1024_sift_incremental/p005/attempt_1/metrics.csv,417,b122498ebeb0366f0d5d808a2aeaafcb8c66dafb8da1dc315b3720874614d3c7
runs/sfm_dataset3_sfm_1024_sift_incremental_fullres_eval/ablation_eval/splat_eval/sfm_dataset3_sfm_1024_sift_incremental/p005/attempt_1/python_metrics.json,456,b34f8ff45d332c378888b956a7e43a22d849d2ee90dc87a6fbeb9e37357ec132
runs/sfm_dataset3_sfm_1024_sift_incremental_fullres_eval/ablation_eval/splat_eval/sfm_dataset3_sfm_1024_sift_incremental/p005/attempt_1/resource_samples.csv,11876,e3cf088d5781a2dfd1e93d1d36548ad6efc16a4aa462bacd152950f421fb9c48
runs/sfm_dataset3_sfm_1024_sift_incremental_fullres_eval/ablation_eval/splat_eval/sfm_dataset3_sfm_1024_sift_incremental/p005/attempt_1/training_status.json,2143,4cc1579d987998938a67f792d9c6918fe9ebb3de068db5e0e3b524a9e45d8c79
runs/sfm_dataset3_sfm_1024_sift_incremental_fullres_eval/ablation_eval/splat_eval/sfm_dataset3_sfm_1024_sift_incremental/p006/attempt_1/lfs_eval_config.json,1356,cb2203da5d26ff25c0d3c42eadd03120278f181cccef913e88874a417c2f1132
runs/sfm_dataset3_sfm_1024_sift_incremental_fullres_eval/ablation_eval/splat_eval/sfm_dataset3_sfm_1024_sift_incremental/p006/attempt_1/loss_history.csv,8249,1abd494c9ff929bfb7a48e75005d4b23b5dedf8c8668184c4afe03bc33fb8657
runs/sfm_dataset3_sfm_1024_sift_incremental_fullres_eval/ablation_eval/splat_eval/sfm_dataset3_sfm_1024_sift_incremental/p006/attempt_1/metrics.csv,417,ff7d4f729881dd0f6d304edec14d63692fe75c304a31c2c0d26c0870e9da1ae6
runs/sfm_dataset3_sfm_1024_sift_incremental_fullres_eval/ablation_eval/splat_eval/sfm_dataset3_sfm_1024_sift_incremental/p006/attempt_1/python_metrics.json,456,b34f8ff45d332c378888b956a7e43a22d849d2ee90dc87a6fbeb9e37357ec132
runs/sfm_dataset3_sfm_1024_sift_incremental_fullres_eval/ablation_eval/splat_eval/sfm_dataset3_sfm_1024_sift_incremental/p006/attempt_1/resource_samples.csv,12014,91a6ff84866a161ab49c388f67a66d7a8617e527e9f10070f8e5438c7241ff2b
runs/sfm_dataset3_sfm_1024_sift_incremental_fullres_eval/ablation_eval/splat_eval/sfm_dataset3_sfm_1024_sift_incremental/p006/attempt_1/training_status.json,2142,8281d41213b6438fed04dc85d424e4b2e15de951757ad7b7641113c2a037e0fb
runs/sfm_dataset3_sfm_1024_sift_incremental_fullres_eval/ablation_eval/splat_eval/sfm_dataset3_sfm_1024_sift_incremental/p007/attempt_1/lfs_eval_config.json,1356,cb2203da5d26ff25c0d3c42eadd03120278f181cccef913e88874a417c2f1132
runs/sfm_dataset3_sfm_1024_sift_incremental_fullres_eval/ablation_eval/splat_eval/sfm_dataset3_sfm_1024_sift_incremental/p007/attempt_1/loss_history.csv,8259,4b9f8499f7faa9eb9fab81c8de6d3d7a2d04e4f02befb19016302f74fc32f9bc
runs/sfm_dataset3_sfm_1024_sift_incremental_fullres_eval/ablation_eval/splat_eval/sfm_dataset3_sfm_1024_sift_incremental/p007/attempt_1/metrics.csv,417,58986969be568ce5b0e7e4de4b384aa1d566e4be15b8bbfd2d70f89018a93f24
runs/sfm_dataset3_sfm_1024_sift_incremental_fullres_eval/ablation_eval/splat_eval/sfm_dataset3_sfm_1024_sift_incremental/p007/attempt_1/python_metrics.json,456,b34f8ff45d332c378888b956a7e43a22d849d2ee90dc87a6fbeb9e37357ec132
runs/sfm_dataset3_sfm_1024_sift_incremental_fullres_eval/ablation_eval/splat_eval/sfm_dataset3_sfm_1024_sift_incremental/p007/attempt_1/resource_samples.csv,12817,e50c68ed46d60535924ac72f20a8844eef143a093bd63dd3bca1b1b9f52b3d97
runs/sfm_dataset3_sfm_1024_sift_incremental_fullres_eval/ablation_eval/splat_eval/sfm_dataset3_sfm_1024_sift_incremental/p007/attempt_1/training_status.json,2142,57505a1c1d76de85cf30236b3fa0cd7c277e89b044882610268abdcea91833e9
runs/sfm_dataset3_sfm_1024_sift_incremental_fullres_eval/ablation_eval/splat_eval/sfm_dataset3_sfm_1024_sift_incremental/p008/attempt_1/lfs_eval_config.json,1356,cb2203da5d26ff25c0d3c42eadd03120278f181cccef913e88874a417c2f1132
runs/sfm_dataset3_sfm_1024_sift_incremental_fullres_eval/ablation_eval/splat_eval/sfm_dataset3_sfm_1024_sift_incremental/p008/attempt_1/loss_history.csv,8253,7f82ee295226acc552c686df6a60d4a533e21143d31be2eae2c0c8f59ccb924e
runs/sfm_dataset3_sfm_1024_sift_incremental_fullres_eval/ablation_eval/splat_eval/sfm_dataset3_sfm_1024_sift_incremental/p008/attempt_1/metrics.csv,417,7edcf3a58b580bee3efa3a24e7cc43dcfe0dad694bddd26e97efb0a3e55c74cc
runs/sfm_dataset3_sfm_1024_sift_incremental_fullres_eval/ablation_eval/splat_eval/sfm_dataset3_sfm_1024_sift_incremental/p008/attempt_1/python_metrics.json,456,b34f8ff45d332c378888b956a7e43a22d849d2ee90dc87a6fbeb9e37357ec132
runs/sfm_dataset3_sfm_1024_sift_incremental_fullres_eval/ablation_eval/splat_eval/sfm_dataset3_sfm_1024_sift_incremental/p008/attempt_1/resource_samples.csv,12142,fdd079a6e4e55973891784c477a36e0e79bb896fd933f8047efe8889f22d25c9
runs/sfm_dataset3_sfm_1024_sift_incremental_fullres_eval/ablation_eval/splat_eval/sfm_dataset3_sfm_1024_sift_incremental/p008/attempt_1/training_status.json,2142,f354b4d07cb0c4975fce8443b64ddbd10127eb36a8c613d51a632cc4dfc971d9
runs/sfm_dataset3_sfm_1024_sift_incremental_fullres_eval/ablation_eval/splat_eval_selection.json,550,6f8eec07dfa9731fcac65fb5065f8472aae496ffe830b3366c50eb294e0a3b83
runs/sfm_dataset3_sfm_1024_sift_incremental_fullres_eval/diagnostics/runs/sfm_dataset3_sfm_1024_sift_incremental/logs/colmap.log,4421102,d44c8b161e06e874cc9cf63e502ab257fee3df536bbcfe072f3e74b7a695ae31
runs/sfm_dataset3_sfm_1024_sift_incremental_fullres_eval/diagnostics/runs/sfm_dataset3_sfm_1024_sift_incremental/logs/pipeline.log,5668,4f021ada076e0192e0f2b025d32011f490e58e5391f8da99b4512fb9d4f415fa
runs/sfm_dataset3_sfm_1024_sift_incremental_fullres_eval/diagnostics/runs/sfm_dataset3_sfm_1024_sift_incremental/logs/warnings.log,718,4590d75f231daa2cf6774f30d0ba7e525f5d7992fe53f739cbb91fc0a02c1a65
runs/sfm_dataset3_sfm_1024_sift_incremental_fullres_eval/diagnostics/runs/sfm_dataset3_sfm_1024_sift_incremental/run_status.json,701,9393c6644c4784205673e13d6ba70a630db5a05d274e019d70fd1051b8b38c04
runs/sfm_dataset3_sfm_1024_sift_incremental_fullres_eval/diagnostics/runs/sfm_dataset3_sfm_1024_sift_incremental/timings.json,2193,d10cbaa20031fa71b012c5b3261ea98e0c2e798a528bdea38e627ab365f9f5d4
runs/sfm_dataset3_sfm_1024_sift_incremental_fullres_eval/diagnostics/runs/sfm_dataset3_sfm_1024_sift_incremental_fullres_eval/resource_samples.csv,112711,78006fa53034c035e87ce2672412b01f62e4c1d7bed2b277a1daea2ac2ccfc8d
runs/sfm_dataset3_sfm_1024_sift_incremental_fullres_eval/diagnostics/runs/sfm_dataset3_sfm_1024_sift_incremental_fullres_eval/resource_summary.json,152,6411d344724652342be59608f8633d6a7db93e0bd3e050de053dc4b9204bfeba
runs/sfm_dataset3_sfm_1024_sift_incremental_fullres_eval/resource_samples.csv,112711,78006fa53034c035e87ce2672412b01f62e4c1d7bed2b277a1daea2ac2ccfc8d
runs/sfm_dataset3_sfm_1024_sift_incremental_fullres_eval/sfm_dataset3_sfm_1024_sift_incremental_fullres_eval.exit,32,aeb7fb11bf52cbddd6345591d2fde0597587b7b1cffe51a7219f9a75902d8158
runs/sfm_dataset3_sfm_1024_sift_incremental_fullres_eval/worker_identity.json,475,d8b7ca5eaa3e46cce6d75fe451dd27896050b53aff13213a382ab56f8f1e0ef1
runs/sfm_dataset3_sfm_2048_aliked_global_fullres_eval/ablation_eval/jobs/sfm_dataset3_sfm_2048_aliked_global/resource_samples.csv,14562,9ec95270bafff9ec336b43cb86763a74c02a9c13f954657a9f70a40d5654fbc8
runs/sfm_dataset3_sfm_2048_aliked_global_fullres_eval/ablation_eval/manifest.csv,1619,876b605b6ff083c16e5b8fe0f629c613aa9af90faac574990c1c83483c42e5fd
runs/sfm_dataset3_sfm_2048_aliked_global_fullres_eval/ablation_eval/metrics_long.csv,13213,53d928ed705f43082900edd749268387c8beb413ad5efd635201541dc3c94877
runs/sfm_dataset3_sfm_2048_aliked_global_fullres_eval/ablation_eval/results_final.csv,129,6cf300cc3eaa1536de18eb4bdbeb47d3308e50e0dd2e0f8c8cbbee795a57b170
runs/sfm_dataset3_sfm_2048_aliked_global_fullres_eval/ablation_eval/results_sfm.csv,1156,e261897a410ae02abe4e0e4770ef5841ea2cf0d99775ebf087709073a3a1a8b3
runs/sfm_dataset3_sfm_2048_aliked_global_fullres_eval/ablation_eval/results_splat.csv,3057,d9f22fe17d7d2850d67defebf75261d1f8fb84d9a3a1023b96a4e89d3567c888
runs/sfm_dataset3_sfm_2048_aliked_global_fullres_eval/ablation_eval/splat_eval/sfm_dataset3_sfm_2048_aliked_global/p000/attempt_1/lfs_eval_config.json,1356,cb2203da5d26ff25c0d3c42eadd03120278f181cccef913e88874a417c2f1132
runs/sfm_dataset3_sfm_2048_aliked_global_fullres_eval/ablation_eval/splat_eval/sfm_dataset3_sfm_2048_aliked_global/p000/attempt_1/loss_history.csv,8238,a40e0939fd6528bb5fbf579ff44f4672de3bc648428c78177445899e7408c004
runs/sfm_dataset3_sfm_2048_aliked_global_fullres_eval/ablation_eval/splat_eval/sfm_dataset3_sfm_2048_aliked_global/p000/attempt_1/metrics.csv,417,52369c6c4fa60be1b6ee17ed4fa2c27a1f94ed1238f6be51d9868094ce67956d
runs/sfm_dataset3_sfm_2048_aliked_global_fullres_eval/ablation_eval/splat_eval/sfm_dataset3_sfm_2048_aliked_global/p000/attempt_1/python_metrics.json,456,3dcc44b708cdb92eab6aae55fa81cf9db99875e01d10022b321300bbb28e0260
runs/sfm_dataset3_sfm_2048_aliked_global_fullres_eval/ablation_eval/splat_eval/sfm_dataset3_sfm_2048_aliked_global/p000/attempt_1/resource_samples.csv,12176,2b88fdac97018435447d665b5ec52804c380d56d801e7c46d38ed8fd66992103
runs/sfm_dataset3_sfm_2048_aliked_global_fullres_eval/ablation_eval/splat_eval/sfm_dataset3_sfm_2048_aliked_global/p000/attempt_1/training_status.json,2116,7676ff13d7a40f8c3e64bd25811a012e714fae4865e58e63595a7871cea779d0
runs/sfm_dataset3_sfm_2048_aliked_global_fullres_eval/ablation_eval/splat_eval/sfm_dataset3_sfm_2048_aliked_global/p001/attempt_1/lfs_eval_config.json,1356,cb2203da5d26ff25c0d3c42eadd03120278f181cccef913e88874a417c2f1132
runs/sfm_dataset3_sfm_2048_aliked_global_fullres_eval/ablation_eval/splat_eval/sfm_dataset3_sfm_2048_aliked_global/p001/attempt_1/loss_history.csv,8243,94732de4ce7bbbb7267b9e1afe13a5472d778d2ea19d8d1d987e8b3dc4d12a7d
runs/sfm_dataset3_sfm_2048_aliked_global_fullres_eval/ablation_eval/splat_eval/sfm_dataset3_sfm_2048_aliked_global/p001/attempt_1/metrics.csv,417,183cd421aab6f2f145706785dcf9ffe863ce596294b85adc1d78c6f22329cd62
runs/sfm_dataset3_sfm_2048_aliked_global_fullres_eval/ablation_eval/splat_eval/sfm_dataset3_sfm_2048_aliked_global/p001/attempt_1/python_metrics.json,456,3dcc44b708cdb92eab6aae55fa81cf9db99875e01d10022b321300bbb28e0260
runs/sfm_dataset3_sfm_2048_aliked_global_fullres_eval/ablation_eval/splat_eval/sfm_dataset3_sfm_2048_aliked_global/p001/attempt_1/resource_samples.csv,13532,bbfc718a8594ae8c46ff5c92d2bc8544b47b8bc33f7bc24234256f937fbb4e62
runs/sfm_dataset3_sfm_2048_aliked_global_fullres_eval/ablation_eval/splat_eval/sfm_dataset3_sfm_2048_aliked_global/p001/attempt_1/training_status.json,2122,32aa96ff58261eaa900df349fd92efa6fc0fe5860dcc3c40e67b3e7e357ab1e7
runs/sfm_dataset3_sfm_2048_aliked_global_fullres_eval/ablation_eval/splat_eval/sfm_dataset3_sfm_2048_aliked_global/p002/attempt_1/lfs_eval_config.json,1356,cb2203da5d26ff25c0d3c42eadd03120278f181cccef913e88874a417c2f1132
runs/sfm_dataset3_sfm_2048_aliked_global_fullres_eval/ablation_eval/splat_eval/sfm_dataset3_sfm_2048_aliked_global/p002/attempt_1/loss_history.csv,8238,619aa77c6c0dd4f0486421983973b718edd03ae439260eeeae0addf98bc3f654
runs/sfm_dataset3_sfm_2048_aliked_global_fullres_eval/ablation_eval/splat_eval/sfm_dataset3_sfm_2048_aliked_global/p002/attempt_1/metrics.csv,417,040c907944444cdc318dc40ea4cf2522085b80d1189f0235a700d112727435d6
runs/sfm_dataset3_sfm_2048_aliked_global_fullres_eval/ablation_eval/splat_eval/sfm_dataset3_sfm_2048_aliked_global/p002/attempt_1/python_metrics.json,456,3dcc44b708cdb92eab6aae55fa81cf9db99875e01d10022b321300bbb28e0260
runs/sfm_dataset3_sfm_2048_aliked_global_fullres_eval/ablation_eval/splat_eval/sfm_dataset3_sfm_2048_aliked_global/p002/attempt_1/resource_samples.csv,13565,5d64f929f0061ec56daa9a24c02ddb0cd2aadeeb8aff6efef7438b08ece58729
runs/sfm_dataset3_sfm_2048_aliked_global_fullres_eval/ablation_eval/splat_eval/sfm_dataset3_sfm_2048_aliked_global/p002/attempt_1/training_status.json,2123,fb9ea931947e61f56c956e2e173332e99241a7c09809f65252377b65e3a388cf
runs/sfm_dataset3_sfm_2048_aliked_global_fullres_eval/ablation_eval/splat_eval/sfm_dataset3_sfm_2048_aliked_global/p003/attempt_1/lfs_eval_config.json,1356,cb2203da5d26ff25c0d3c42eadd03120278f181cccef913e88874a417c2f1132
runs/sfm_dataset3_sfm_2048_aliked_global_fullres_eval/ablation_eval/splat_eval/sfm_dataset3_sfm_2048_aliked_global/p003/attempt_1/loss_history.csv,8243,7a292d08ccb45aed8a1ea801461be19a3f0a2bee1b6dd01c158f13fde1c98519
runs/sfm_dataset3_sfm_2048_aliked_global_fullres_eval/ablation_eval/splat_eval/sfm_dataset3_sfm_2048_aliked_global/p003/attempt_1/metrics.csv,417,a9bd86ce8bc79eb5b949a4e19341fc2954786c1d1140fad685c5e20b5b07aef5
runs/sfm_dataset3_sfm_2048_aliked_global_fullres_eval/ablation_eval/splat_eval/sfm_dataset3_sfm_2048_aliked_global/p003/attempt_1/python_metrics.json,456,3dcc44b708cdb92eab6aae55fa81cf9db99875e01d10022b321300bbb28e0260
runs/sfm_dataset3_sfm_2048_aliked_global_fullres_eval/ablation_eval/splat_eval/sfm_dataset3_sfm_2048_aliked_global/p003/attempt_1/resource_samples.csv,13292,193867e3083d63d6fad0e6e074ef833098a407917ce1a5a3b2d8e926ef7d5b67
runs/sfm_dataset3_sfm_2048_aliked_global_fullres_eval/ablation_eval/splat_eval/sfm_dataset3_sfm_2048_aliked_global/p003/attempt_1/training_status.json,2119,c7bd179637171c1f5ea02fb3aea28381c7714f46c3622dd628092bf9444a25d8
runs/sfm_dataset3_sfm_2048_aliked_global_fullres_eval/ablation_eval/splat_eval/sfm_dataset3_sfm_2048_aliked_global/p004/attempt_1/lfs_eval_config.json,1356,cb2203da5d26ff25c0d3c42eadd03120278f181cccef913e88874a417c2f1132
runs/sfm_dataset3_sfm_2048_aliked_global_fullres_eval/ablation_eval/splat_eval/sfm_dataset3_sfm_2048_aliked_global/p004/attempt_1/loss_history.csv,8229,2643417b258cd4c9874430605ac79c8c07c766467a936c36f30cc6c483e1a854
runs/sfm_dataset3_sfm_2048_aliked_global_fullres_eval/ablation_eval/splat_eval/sfm_dataset3_sfm_2048_aliked_global/p004/attempt_1/metrics.csv,417,560fdc459eec394bc3b95dcb4b93a588cf02c3c342b5b720b7122bf21cd7946b
runs/sfm_dataset3_sfm_2048_aliked_global_fullres_eval/ablation_eval/splat_eval/sfm_dataset3_sfm_2048_aliked_global/p004/attempt_1/python_metrics.json,456,3dcc44b708cdb92eab6aae55fa81cf9db99875e01d10022b321300bbb28e0260
runs/sfm_dataset3_sfm_2048_aliked_global_fullres_eval/ablation_eval/splat_eval/sfm_dataset3_sfm_2048_aliked_global/p004/attempt_1/resource_samples.csv,11801,75cf935f1f871476cb7dcffb38b9a5dc39c36839ba19d5c966e6bad4c9292038
runs/sfm_dataset3_sfm_2048_aliked_global_fullres_eval/ablation_eval/splat_eval/sfm_dataset3_sfm_2048_aliked_global/p004/attempt_1/training_status.json,2123,a74d31a145da578b2731d74b37b0a87ef97494769d7a6e97c5d86db4cdca09d5
runs/sfm_dataset3_sfm_2048_aliked_global_fullres_eval/ablation_eval/splat_eval/sfm_dataset3_sfm_2048_aliked_global/p005/attempt_1/lfs_eval_config.json,1356,cb2203da5d26ff25c0d3c42eadd03120278f181cccef913e88874a417c2f1132
runs/sfm_dataset3_sfm_2048_aliked_global_fullres_eval/ablation_eval/splat_eval/sfm_dataset3_sfm_2048_aliked_global/p005/attempt_1/loss_history.csv,8232,1fc2ccc240cdc893fff8dfc431886bb0ded26f09466ee44309973beba6451b92
runs/sfm_dataset3_sfm_2048_aliked_global_fullres_eval/ablation_eval/splat_eval/sfm_dataset3_sfm_2048_aliked_global/p005/attempt_1/metrics.csv,417,9dfd0accf8e277a135b21a69203c6c093c80ccfc7ce983c38bd57802c4576f8a
runs/sfm_dataset3_sfm_2048_aliked_global_fullres_eval/ablation_eval/splat_eval/sfm_dataset3_sfm_2048_aliked_global/p005/attempt_1/python_metrics.json,456,3dcc44b708cdb92eab6aae55fa81cf9db99875e01d10022b321300bbb28e0260
runs/sfm_dataset3_sfm_2048_aliked_global_fullres_eval/ablation_eval/splat_eval/sfm_dataset3_sfm_2048_aliked_global/p005/attempt_1/resource_samples.csv,13020,c86be1929cf8c345eefc151c976b609b1c3a3c93ab1ec36013b74ac674bf7082
runs/sfm_dataset3_sfm_2048_aliked_global_fullres_eval/ablation_eval/splat_eval/sfm_dataset3_sfm_2048_aliked_global/p005/attempt_1/training_status.json,2121,775b39a084aed9cba7f5007298eabf9e23e50bde93c8240c6aea35681f9584c1
runs/sfm_dataset3_sfm_2048_aliked_global_fullres_eval/ablation_eval/splat_eval/sfm_dataset3_sfm_2048_aliked_global/p006/attempt_1/lfs_eval_config.json,1356,cb2203da5d26ff25c0d3c42eadd03120278f181cccef913e88874a417c2f1132
runs/sfm_dataset3_sfm_2048_aliked_global_fullres_eval/ablation_eval/splat_eval/sfm_dataset3_sfm_2048_aliked_global/p006/attempt_1/loss_history.csv,8239,1225473cc8421b843349f11aa709f73a247bff991544cd3da4a53b3babe1e6f1
runs/sfm_dataset3_sfm_2048_aliked_global_fullres_eval/ablation_eval/splat_eval/sfm_dataset3_sfm_2048_aliked_global/p006/attempt_1/metrics.csv,417,a47b3d118737989fb7b8a716fba481f1068cf067749411e4eb5d34a097fc3dab
runs/sfm_dataset3_sfm_2048_aliked_global_fullres_eval/ablation_eval/splat_eval/sfm_dataset3_sfm_2048_aliked_global/p006/attempt_1/python_metrics.json,456,3dcc44b708cdb92eab6aae55fa81cf9db99875e01d10022b321300bbb28e0260
runs/sfm_dataset3_sfm_2048_aliked_global_fullres_eval/ablation_eval/splat_eval/sfm_dataset3_sfm_2048_aliked_global/p006/attempt_1/resource_samples.csv,13267,6b1d1b74db9ca018445170b4bf9e7b83c9a76f2ed77884836bafb5f35b68e7fb
runs/sfm_dataset3_sfm_2048_aliked_global_fullres_eval/ablation_eval/splat_eval/sfm_dataset3_sfm_2048_aliked_global/p006/attempt_1/training_status.json,2118,236e149002b8402e912936d411d40392c09c04011adf7097c5702517fb321310
runs/sfm_dataset3_sfm_2048_aliked_global_fullres_eval/ablation_eval/splat_eval/sfm_dataset3_sfm_2048_aliked_global/p007/attempt_1/lfs_eval_config.json,1356,cb2203da5d26ff25c0d3c42eadd03120278f181cccef913e88874a417c2f1132
runs/sfm_dataset3_sfm_2048_aliked_global_fullres_eval/ablation_eval/splat_eval/sfm_dataset3_sfm_2048_aliked_global/p007/attempt_1/loss_history.csv,8235,dabf8ed86e9b601b837f6052bfcc1b38a3864593a1af11b80daa92a7e463e795
runs/sfm_dataset3_sfm_2048_aliked_global_fullres_eval/ablation_eval/splat_eval/sfm_dataset3_sfm_2048_aliked_global/p007/attempt_1/metrics.csv,417,a5ea78d79e1555e8b67a412eb674bd1123941461bd79c63d301a031c75e15b9f
runs/sfm_dataset3_sfm_2048_aliked_global_fullres_eval/ablation_eval/splat_eval/sfm_dataset3_sfm_2048_aliked_global/p007/attempt_1/python_metrics.json,456,3dcc44b708cdb92eab6aae55fa81cf9db99875e01d10022b321300bbb28e0260
runs/sfm_dataset3_sfm_2048_aliked_global_fullres_eval/ablation_eval/splat_eval/sfm_dataset3_sfm_2048_aliked_global/p007/attempt_1/resource_samples.csv,12877,89ca5493d54e51b6ab91eacc739fa82a1c9fde003980eda5b526b20ba00df291
runs/sfm_dataset3_sfm_2048_aliked_global_fullres_eval/ablation_eval/splat_eval/sfm_dataset3_sfm_2048_aliked_global/p007/attempt_1/training_status.json,2123,511f146995d99ddeaf69dd5f22637eca44f846ec2da20d5eef8b1f4aad4cd268
runs/sfm_dataset3_sfm_2048_aliked_global_fullres_eval/ablation_eval/splat_eval_selection.json,528,2e98bcf33a960a252d3936245750ee20f07388c9f4bcb00812cc8764cccb54e9
runs/sfm_dataset3_sfm_2048_aliked_global_fullres_eval/diagnostics/runs/sfm_dataset3_sfm_2048_aliked_global/logs/colmap.log,3799402,d9faefdca00879778324acde14a94290e836e4b796b52d8960bcfb8c3b46ee78
runs/sfm_dataset3_sfm_2048_aliked_global_fullres_eval/diagnostics/runs/sfm_dataset3_sfm_2048_aliked_global/logs/pipeline.log,6303,5e7c863bae752866cb9586f741ad62107610a988f14bbbc0c4d5f29e5e6aa511
runs/sfm_dataset3_sfm_2048_aliked_global_fullres_eval/diagnostics/runs/sfm_dataset3_sfm_2048_aliked_global/logs/warnings.log,926,e77be89346ba5dc41b7cfd881dfd37f61a26ed3417c5cdc984c81af72acaef29
runs/sfm_dataset3_sfm_2048_aliked_global_fullres_eval/diagnostics/runs/sfm_dataset3_sfm_2048_aliked_global/run_status.json,701,2333a647db9b6e327a482225278b9028028bd68a8c8ba2d022053e7f371535d6
runs/sfm_dataset3_sfm_2048_aliked_global_fullres_eval/diagnostics/runs/sfm_dataset3_sfm_2048_aliked_global/timings.json,2190,f4e4300b873cfb7ed9802e431e575e0ec91b67ce1d7c61225ce7b02452955678
runs/sfm_dataset3_sfm_2048_aliked_global_fullres_eval/diagnostics/runs/sfm_dataset3_sfm_2048_aliked_global_fullres_eval/resource_samples.csv,61146,c27f3c9ebe3cd3692e1590eacf7a7039e15716c06a8092ec106d40e1c1da2ae0
runs/sfm_dataset3_sfm_2048_aliked_global_fullres_eval/diagnostics/runs/sfm_dataset3_sfm_2048_aliked_global_fullres_eval/resource_summary.json,152,5fa57a1b616052a64437166c4c680ba401361c172df9917e5bac39042f286baa
runs/sfm_dataset3_sfm_2048_aliked_global_fullres_eval/resource_samples.csv,61146,c27f3c9ebe3cd3692e1590eacf7a7039e15716c06a8092ec106d40e1c1da2ae0
runs/sfm_dataset3_sfm_2048_aliked_global_fullres_eval/sfm_dataset3_sfm_2048_aliked_global_fullres_eval.exit,7,194ff5bca66278888f0f00be5c7ca523d15098ece958b14952533811089f6106
runs/sfm_dataset3_sfm_2048_aliked_global_fullres_eval/worker_identity.json,472,1b45facf5d7326b2b6b131b636b805eb7a90848a550e04eed0e62d3c0ca286a7
runs/sfm_dataset3_sfm_2048_aliked_incremental_fullres_eval/ablation_eval/jobs/sfm_dataset3_sfm_2048_aliked_incremental/resource_samples.csv,32997,67835964733e2bc3a1878d46bbdc36de147ff429245e7c72e9b5d2c2ef217ecb
runs/sfm_dataset3_sfm_2048_aliked_incremental_fullres_eval/ablation_eval/manifest.csv,1682,cb55f1918b71b08818fb5963ec048ad8229ab9a4d6cf10071bbd1bbfcf9674ef
runs/sfm_dataset3_sfm_2048_aliked_incremental_fullres_eval/ablation_eval/results_final.csv,129,6cf300cc3eaa1536de18eb4bdbeb47d3308e50e0dd2e0f8c8cbbee795a57b170
runs/sfm_dataset3_sfm_2048_aliked_incremental_fullres_eval/ablation_eval/results_sfm.csv,1210,254434693c8b14d22d3c175f4262ec4eacfb91fa56097e2575a1274b36688728
runs/sfm_dataset3_sfm_2048_aliked_incremental_fullres_eval/ablation_eval/results_splat.csv,298,39db4462af80f9c5d63208487ac3ac84ffe996ec2010f17b931958a3ddb3a8cb
runs/sfm_dataset3_sfm_2048_aliked_incremental_fullres_eval/ablation_eval/splat_eval_selection.json,188,143de258cc1a5ad6641137b7dab6c5a6593afb7a9beca5f83021c90af7684864
runs/sfm_dataset3_sfm_2048_aliked_incremental_fullres_eval/diagnostics/runs/sfm_dataset3_sfm_2048_aliked_incremental/logs/colmap.log,4358141,a60d11e266221686ee82ce0422dceaf726f892ebb0232384e8be5abb359d7e45
runs/sfm_dataset3_sfm_2048_aliked_incremental_fullres_eval/diagnostics/runs/sfm_dataset3_sfm_2048_aliked_incremental/logs/pipeline.log,5813,7b6f15f6139d018cdd5a1fb5cec950fd7d3999d0f1a22eaea4cbf8de7d4a6d1e
runs/sfm_dataset3_sfm_2048_aliked_incremental_fullres_eval/diagnostics/runs/sfm_dataset3_sfm_2048_aliked_incremental/logs/warnings.log,861,b342840747e2f317d2c4bd13b08e0031696aaf2a0aa3bd0110b07d34e74a3458
runs/sfm_dataset3_sfm_2048_aliked_incremental_fullres_eval/diagnostics/runs/sfm_dataset3_sfm_2048_aliked_incremental/run_status.json,701,691da115009d9c813c68e224a8d5b8258d9188af53c0e77bf3b2d606ad7ce21e
runs/sfm_dataset3_sfm_2048_aliked_incremental_fullres_eval/diagnostics/runs/sfm_dataset3_sfm_2048_aliked_incremental/timings.json,2191,7fff37734421f47c0b91e8cb970ce0c840f5b0a3a59e155b355da67834cc2839
runs/sfm_dataset3_sfm_2048_aliked_incremental_fullres_eval/diagnostics/runs/sfm_dataset3_sfm_2048_aliked_incremental_fullres_eval/resource_samples.csv,30019,bb48f720780a6927956732a0b4dd8db12eb964dccda213c5f469c2e8cbd0f18c
runs/sfm_dataset3_sfm_2048_aliked_incremental_fullres_eval/diagnostics/runs/sfm_dataset3_sfm_2048_aliked_incremental_fullres_eval/resource_summary.json,150,caa0f46afa150d22d107b517fb7864276759f8ee95fc4bea9a02efa1c2adacda
runs/sfm_dataset3_sfm_2048_aliked_incremental_fullres_eval/resource_samples.csv,30019,bb48f720780a6927956732a0b4dd8db12eb964dccda213c5f469c2e8cbd0f18c
runs/sfm_dataset3_sfm_2048_aliked_incremental_fullres_eval/sfm_dataset3_sfm_2048_aliked_incremental_fullres_eval.exit,32,aeb7fb11bf52cbddd6345591d2fde0597587b7b1cffe51a7219f9a75902d8158
runs/sfm_dataset3_sfm_2048_aliked_incremental_fullres_eval/worker_identity.json,477,67b8acd3945c86ca95c1bc0fec864769052ff7471a62911daa75a26ae17e6cbc
runs/sfm_dataset3_sfm_2048_sift_global_fullres_eval/ablation_eval/jobs/sfm_dataset3_sfm_2048_sift_global/resource_samples.csv,23629,51210e57b9c591ff6b84c04c1c64e07a305476e8a966d699bee435181611c62e
runs/sfm_dataset3_sfm_2048_sift_global_fullres_eval/ablation_eval/manifest.csv,1406,bcec71f8c033f3ffabbd1e1546fa77bd1d712ff4b5648ada0195e14fe10203c8
runs/sfm_dataset3_sfm_2048_sift_global_fullres_eval/ablation_eval/metrics_long.csv,16225,22f80a8dbc61dd3104c86ce07468deed0d88acd8ae1da7a96eeb915bb2763cb4
runs/sfm_dataset3_sfm_2048_sift_global_fullres_eval/ablation_eval/results_final.csv,129,6cf300cc3eaa1536de18eb4bdbeb47d3308e50e0dd2e0f8c8cbbee795a57b170
runs/sfm_dataset3_sfm_2048_sift_global_fullres_eval/ablation_eval/results_sfm.csv,1157,882cb41739d949b17d94628d2c1293f10ad0708c17e36f071841dd4becb9284b
runs/sfm_dataset3_sfm_2048_sift_global_fullres_eval/ablation_eval/results_splat.csv,3708,c8f6516fa9a142e0b977f2f08ad04be93b61acec1a62b919473b17b8ec212347
runs/sfm_dataset3_sfm_2048_sift_global_fullres_eval/ablation_eval/splat_eval/sfm_dataset3_sfm_2048_sift_global/p000/attempt_1/lfs_eval_config.json,1356,cb2203da5d26ff25c0d3c42eadd03120278f181cccef913e88874a417c2f1132
runs/sfm_dataset3_sfm_2048_sift_global_fullres_eval/ablation_eval/splat_eval/sfm_dataset3_sfm_2048_sift_global/p000/attempt_1/loss_history.csv,8228,b7175b603b34f0c45bffc9051f556ed19ac1d5ce3c027a30e9b443abda04bb4c
runs/sfm_dataset3_sfm_2048_sift_global_fullres_eval/ablation_eval/splat_eval/sfm_dataset3_sfm_2048_sift_global/p000/attempt_1/metrics.csv,417,1ed6090f11e6319756a7ba32fec3fe845036eaebc118403bdd09829a631e9c25
runs/sfm_dataset3_sfm_2048_sift_global_fullres_eval/ablation_eval/splat_eval/sfm_dataset3_sfm_2048_sift_global/p000/attempt_1/python_metrics.json,456,fd47f6b06a4cdfefcf9990325879f0c0a2c76b57c74a8a1e8f60676c3a43fd48
runs/sfm_dataset3_sfm_2048_sift_global_fullres_eval/ablation_eval/splat_eval/sfm_dataset3_sfm_2048_sift_global/p000/attempt_1/resource_samples.csv,11017,3835dcec3af2ab6e9ca280eba796efd5fcc0aac78cc757af8039644c168ec4d7
runs/sfm_dataset3_sfm_2048_sift_global_fullres_eval/ablation_eval/splat_eval/sfm_dataset3_sfm_2048_sift_global/p000/attempt_1/training_status.json,2108,2919c823d9b939c326063cf63704bfe180ba2bf9f5930322429b7a329082766c
runs/sfm_dataset3_sfm_2048_sift_global_fullres_eval/ablation_eval/splat_eval/sfm_dataset3_sfm_2048_sift_global/p001/attempt_1/lfs_eval_config.json,1356,cb2203da5d26ff25c0d3c42eadd03120278f181cccef913e88874a417c2f1132
runs/sfm_dataset3_sfm_2048_sift_global_fullres_eval/ablation_eval/splat_eval/sfm_dataset3_sfm_2048_sift_global/p001/attempt_1/loss_history.csv,8248,07e039e62c8f1f9492799affadea096c931e5155aae92c5587ae032323d66825
runs/sfm_dataset3_sfm_2048_sift_global_fullres_eval/ablation_eval/splat_eval/sfm_dataset3_sfm_2048_sift_global/p001/attempt_1/metrics.csv,417,a10ccdbdcfd1abb96c641b1d06d527f9cf96c7a2f67910d2181dee0f4a660e1f
runs/sfm_dataset3_sfm_2048_sift_global_fullres_eval/ablation_eval/splat_eval/sfm_dataset3_sfm_2048_sift_global/p001/attempt_1/python_metrics.json,456,fd47f6b06a4cdfefcf9990325879f0c0a2c76b57c74a8a1e8f60676c3a43fd48
runs/sfm_dataset3_sfm_2048_sift_global_fullres_eval/ablation_eval/splat_eval/sfm_dataset3_sfm_2048_sift_global/p001/attempt_1/resource_samples.csv,10557,079a1beb6f295bfb9fd9c2de72d3068e96d37ac362aca4158e8d0abfa097cb9f
runs/sfm_dataset3_sfm_2048_sift_global_fullres_eval/ablation_eval/splat_eval/sfm_dataset3_sfm_2048_sift_global/p001/attempt_1/training_status.json,2109,7bef2dda1bad564d8c61ba2e19806f99af7f4fbad3269f3d75127efd9c468151
runs/sfm_dataset3_sfm_2048_sift_global_fullres_eval/ablation_eval/splat_eval/sfm_dataset3_sfm_2048_sift_global/p002/attempt_1/lfs_eval_config.json,1356,cb2203da5d26ff25c0d3c42eadd03120278f181cccef913e88874a417c2f1132
runs/sfm_dataset3_sfm_2048_sift_global_fullres_eval/ablation_eval/splat_eval/sfm_dataset3_sfm_2048_sift_global/p002/attempt_1/loss_history.csv,8247,91ad9423b5752700713378c2b28e5d34cbb13db202e497546caba315e35fb6b4
runs/sfm_dataset3_sfm_2048_sift_global_fullres_eval/ablation_eval/splat_eval/sfm_dataset3_sfm_2048_sift_global/p002/attempt_1/metrics.csv,417,2ebaffcff7b35195cc77b420aed6cef81b20abfba488e447bf7740e55a2bd67b
runs/sfm_dataset3_sfm_2048_sift_global_fullres_eval/ablation_eval/splat_eval/sfm_dataset3_sfm_2048_sift_global/p002/attempt_1/python_metrics.json,456,fd47f6b06a4cdfefcf9990325879f0c0a2c76b57c74a8a1e8f60676c3a43fd48
runs/sfm_dataset3_sfm_2048_sift_global_fullres_eval/ablation_eval/splat_eval/sfm_dataset3_sfm_2048_sift_global/p002/attempt_1/resource_samples.csv,10465,9935760fa6328e4fdc2840f01b60cf148d0f0acb4c2ba899252113c5fe394bd7
runs/sfm_dataset3_sfm_2048_sift_global_fullres_eval/ablation_eval/splat_eval/sfm_dataset3_sfm_2048_sift_global/p002/attempt_1/training_status.json,2107,e7319d42113772f253f7717bb236f075a6605b511e3543a913b11dd39acb47ba
runs/sfm_dataset3_sfm_2048_sift_global_fullres_eval/ablation_eval/splat_eval/sfm_dataset3_sfm_2048_sift_global/p003/attempt_1/lfs_eval_config.json,1356,cb2203da5d26ff25c0d3c42eadd03120278f181cccef913e88874a417c2f1132
runs/sfm_dataset3_sfm_2048_sift_global_fullres_eval/ablation_eval/splat_eval/sfm_dataset3_sfm_2048_sift_global/p003/attempt_1/loss_history.csv,8242,f0e2e4f24eb4bfaaa8328050b8aad0fb6677ae5802a9deda09dbc5c971865042
runs/sfm_dataset3_sfm_2048_sift_global_fullres_eval/ablation_eval/splat_eval/sfm_dataset3_sfm_2048_sift_global/p003/attempt_1/metrics.csv,417,0cbefac8b4f847229ad885743313bc5768255f38b6ca51e4ef108abfb578fb0e
runs/sfm_dataset3_sfm_2048_sift_global_fullres_eval/ablation_eval/splat_eval/sfm_dataset3_sfm_2048_sift_global/p003/attempt_1/python_metrics.json,456,fd47f6b06a4cdfefcf9990325879f0c0a2c76b57c74a8a1e8f60676c3a43fd48
runs/sfm_dataset3_sfm_2048_sift_global_fullres_eval/ablation_eval/splat_eval/sfm_dataset3_sfm_2048_sift_global/p003/attempt_1/resource_samples.csv,11205,0578a44c127483aaf165f8cf12ef9b699cfb2ced57a0426f1ce3c47a4cde21c2
runs/sfm_dataset3_sfm_2048_sift_global_fullres_eval/ablation_eval/splat_eval/sfm_dataset3_sfm_2048_sift_global/p003/attempt_1/training_status.json,2107,5e37adb87305e6f0be9df76e25e7489d0c22fa151135508fdc37401897896aea
runs/sfm_dataset3_sfm_2048_sift_global_fullres_eval/ablation_eval/splat_eval/sfm_dataset3_sfm_2048_sift_global/p004/attempt_1/lfs_eval_config.json,1356,cb2203da5d26ff25c0d3c42eadd03120278f181cccef913e88874a417c2f1132
runs/sfm_dataset3_sfm_2048_sift_global_fullres_eval/ablation_eval/splat_eval/sfm_dataset3_sfm_2048_sift_global/p004/attempt_1/loss_history.csv,8244,d6a721dc355e5d279736f8b172cfe334d34ebaa2d4b14f4088befae2b444f497
runs/sfm_dataset3_sfm_2048_sift_global_fullres_eval/ablation_eval/splat_eval/sfm_dataset3_sfm_2048_sift_global/p004/attempt_1/metrics.csv,417,889b40c06d81d1eb94dd6e2fb1a934c7334a2093d830daaf774b6b0f907c84e0
runs/sfm_dataset3_sfm_2048_sift_global_fullres_eval/ablation_eval/splat_eval/sfm_dataset3_sfm_2048_sift_global/p004/attempt_1/python_metrics.json,456,fd47f6b06a4cdfefcf9990325879f0c0a2c76b57c74a8a1e8f60676c3a43fd48
runs/sfm_dataset3_sfm_2048_sift_global_fullres_eval/ablation_eval/splat_eval/sfm_dataset3_sfm_2048_sift_global/p004/attempt_1/resource_samples.csv,11340,698e76c5599838a127b1c87fc98cb858acc0c7328772855ee21c44e60773ff74
runs/sfm_dataset3_sfm_2048_sift_global_fullres_eval/ablation_eval/splat_eval/sfm_dataset3_sfm_2048_sift_global/p004/attempt_1/training_status.json,2109,abbaa32abe92726912bb4325c2d170a3a7dd734a60a41a750e2e95a2587797b9
runs/sfm_dataset3_sfm_2048_sift_global_fullres_eval/ablation_eval/splat_eval/sfm_dataset3_sfm_2048_sift_global/p005/attempt_1/lfs_eval_config.json,1356,cb2203da5d26ff25c0d3c42eadd03120278f181cccef913e88874a417c2f1132
runs/sfm_dataset3_sfm_2048_sift_global_fullres_eval/ablation_eval/splat_eval/sfm_dataset3_sfm_2048_sift_global/p005/attempt_1/loss_history.csv,8241,49f9b4062d5cec9e0485d15da313625b17a7165fac686b4363b8189e7da68430
runs/sfm_dataset3_sfm_2048_sift_global_fullres_eval/ablation_eval/splat_eval/sfm_dataset3_sfm_2048_sift_global/p005/attempt_1/metrics.csv,417,35b13dfcfcd08cfdbf518ebed618ebc722afff23d6018e58ca448cc7b4499f7f
runs/sfm_dataset3_sfm_2048_sift_global_fullres_eval/ablation_eval/splat_eval/sfm_dataset3_sfm_2048_sift_global/p005/attempt_1/python_metrics.json,456,fd47f6b06a4cdfefcf9990325879f0c0a2c76b57c74a8a1e8f60676c3a43fd48
runs/sfm_dataset3_sfm_2048_sift_global_fullres_eval/ablation_eval/splat_eval/sfm_dataset3_sfm_2048_sift_global/p005/attempt_1/resource_samples.csv,12055,45a2c6eac251665abe20f6d9b18986792fda32cc4d42ce3f8e056353a38d261c
runs/sfm_dataset3_sfm_2048_sift_global_fullres_eval/ablation_eval/splat_eval/sfm_dataset3_sfm_2048_sift_global/p005/attempt_1/training_status.json,2106,eb0729706e3cd1748417da0cd9b5e02d54291259982882e750aabf646bebf7fb
runs/sfm_dataset3_sfm_2048_sift_global_fullres_eval/ablation_eval/splat_eval/sfm_dataset3_sfm_2048_sift_global/p006/attempt_1/lfs_eval_config.json,1356,cb2203da5d26ff25c0d3c42eadd03120278f181cccef913e88874a417c2f1132
runs/sfm_dataset3_sfm_2048_sift_global_fullres_eval/ablation_eval/splat_eval/sfm_dataset3_sfm_2048_sift_global/p006/attempt_1/loss_history.csv,8255,3068d4bd319c525b45f08069361da7e1c5523c8aaa467b473bf82db1f1fbfd07
runs/sfm_dataset3_sfm_2048_sift_global_fullres_eval/ablation_eval/splat_eval/sfm_dataset3_sfm_2048_sift_global/p006/attempt_1/metrics.csv,417,05c9eb9f0612430c8bec9c4bef4e41965b396f3863c1abfc579d57aaa4e42781
runs/sfm_dataset3_sfm_2048_sift_global_fullres_eval/ablation_eval/splat_eval/sfm_dataset3_sfm_2048_sift_global/p006/attempt_1/python_metrics.json,456,fd47f6b06a4cdfefcf9990325879f0c0a2c76b57c74a8a1e8f60676c3a43fd48
runs/sfm_dataset3_sfm_2048_sift_global_fullres_eval/ablation_eval/splat_eval/sfm_dataset3_sfm_2048_sift_global/p006/attempt_1/resource_samples.csv,12514,74301ecda42f970a0ddc72ec0384f7503f954855b08b879514f00d6e627dd4b8
runs/sfm_dataset3_sfm_2048_sift_global_fullres_eval/ablation_eval/splat_eval/sfm_dataset3_sfm_2048_sift_global/p006/attempt_1/training_status.json,2103,0fc0abc724bd043568f1270c4e0acf0db3cb1f04f94db86be1e960a7025c0c16
runs/sfm_dataset3_sfm_2048_sift_global_fullres_eval/ablation_eval/splat_eval/sfm_dataset3_sfm_2048_sift_global/p007/attempt_1/lfs_eval_config.json,1356,cb2203da5d26ff25c0d3c42eadd03120278f181cccef913e88874a417c2f1132
runs/sfm_dataset3_sfm_2048_sift_global_fullres_eval/ablation_eval/splat_eval/sfm_dataset3_sfm_2048_sift_global/p007/attempt_1/loss_history.csv,8263,67a8348b67062718b3e251c3892b121cd645e00974326933bfb0f86f6eef2e2c
runs/sfm_dataset3_sfm_2048_sift_global_fullres_eval/ablation_eval/splat_eval/sfm_dataset3_sfm_2048_sift_global/p007/attempt_1/metrics.csv,417,23d463d341c1a501c615b3b510b9b345209d753c05d94c237301ea2732c19db1
runs/sfm_dataset3_sfm_2048_sift_global_fullres_eval/ablation_eval/splat_eval/sfm_dataset3_sfm_2048_sift_global/p007/attempt_1/python_metrics.json,456,fd47f6b06a4cdfefcf9990325879f0c0a2c76b57c74a8a1e8f60676c3a43fd48
runs/sfm_dataset3_sfm_2048_sift_global_fullres_eval/ablation_eval/splat_eval/sfm_dataset3_sfm_2048_sift_global/p007/attempt_1/resource_samples.csv,13102,cea9c5f6b425c054ac8e6682428505fd3ffb5b7c17fdcbfecf3cae025a343cc9
runs/sfm_dataset3_sfm_2048_sift_global_fullres_eval/ablation_eval/splat_eval/sfm_dataset3_sfm_2048_sift_global/p007/attempt_1/training_status.json,2107,e75688e5e536bb5f97386aa79201005ee0699bde7a6cc8218e3346aed1c06d05
runs/sfm_dataset3_sfm_2048_sift_global_fullres_eval/ablation_eval/splat_eval/sfm_dataset3_sfm_2048_sift_global/p008/attempt_1/lfs_eval_config.json,1356,cb2203da5d26ff25c0d3c42eadd03120278f181cccef913e88874a417c2f1132
runs/sfm_dataset3_sfm_2048_sift_global_fullres_eval/ablation_eval/splat_eval/sfm_dataset3_sfm_2048_sift_global/p008/attempt_1/loss_history.csv,8262,6519a8479fa9d6525d57cb6701daf4bea6c47d9996ff44709a2c6169f4c64394
runs/sfm_dataset3_sfm_2048_sift_global_fullres_eval/ablation_eval/splat_eval/sfm_dataset3_sfm_2048_sift_global/p008/attempt_1/metrics.csv,417,0a4e896dd621c9f631ec9cd4ba7faec8eb2037eb5d78f4ea6704e5313dd5b677
runs/sfm_dataset3_sfm_2048_sift_global_fullres_eval/ablation_eval/splat_eval/sfm_dataset3_sfm_2048_sift_global/p008/attempt_1/python_metrics.json,456,fd47f6b06a4cdfefcf9990325879f0c0a2c76b57c74a8a1e8f60676c3a43fd48
runs/sfm_dataset3_sfm_2048_sift_global_fullres_eval/ablation_eval/splat_eval/sfm_dataset3_sfm_2048_sift_global/p008/attempt_1/resource_samples.csv,11204,c7452410ad9723284ecfd5c2a2a0eb1e141b2577cfff25b0e49f67d8f8066e87
runs/sfm_dataset3_sfm_2048_sift_global_fullres_eval/ablation_eval/splat_eval/sfm_dataset3_sfm_2048_sift_global/p008/attempt_1/training_status.json,2109,923157321eb2fc854deb86c1b2d99ff468df771184e0dbd098afd28ffee0038e
runs/sfm_dataset3_sfm_2048_sift_global_fullres_eval/ablation_eval/splat_eval/sfm_dataset3_sfm_2048_sift_global/p009/attempt_1/lfs_eval_config.json,1356,cb2203da5d26ff25c0d3c42eadd03120278f181cccef913e88874a417c2f1132
runs/sfm_dataset3_sfm_2048_sift_global_fullres_eval/ablation_eval/splat_eval/sfm_dataset3_sfm_2048_sift_global/p009/attempt_1/loss_history.csv,8244,0b21b9e97a69ad69933272b5dc833fd3552cc4b470b861df79ee19f9c19c3402
runs/sfm_dataset3_sfm_2048_sift_global_fullres_eval/ablation_eval/splat_eval/sfm_dataset3_sfm_2048_sift_global/p009/attempt_1/metrics.csv,417,3d1a2bfb77273c5e1452cc8ff2e21a8bd5ebd5a218a7f9738c66d3bad3522708
runs/sfm_dataset3_sfm_2048_sift_global_fullres_eval/ablation_eval/splat_eval/sfm_dataset3_sfm_2048_sift_global/p009/attempt_1/python_metrics.json,456,fd47f6b06a4cdfefcf9990325879f0c0a2c76b57c74a8a1e8f60676c3a43fd48
runs/sfm_dataset3_sfm_2048_sift_global_fullres_eval/ablation_eval/splat_eval/sfm_dataset3_sfm_2048_sift_global/p009/attempt_1/resource_samples.csv,9438,575a791b4d845df15d4d71c3683805e768670938d2a679e2bb85489a1444ff1d
runs/sfm_dataset3_sfm_2048_sift_global_fullres_eval/ablation_eval/splat_eval/sfm_dataset3_sfm_2048_sift_global/p009/attempt_1/training_status.json,2107,38d2d5b987f86d9b257312b0072d51e5ebab1fba7f68892e0ef48491d90f31c7
runs/sfm_dataset3_sfm_2048_sift_global_fullres_eval/ablation_eval/splat_eval_selection.json,558,e9150fb5f8e941ac21826124b3e529ca05a1f9ca332cb1c0cde0ca6b5e592479
runs/sfm_dataset3_sfm_2048_sift_global_fullres_eval/diagnostics/runs/sfm_dataset3_sfm_2048_sift_global/logs/colmap.log,3873980,28a12e86ed9f77f0dfed8501bc804558bf6c507f79a90681cc80f96a5e344ab8
runs/sfm_dataset3_sfm_2048_sift_global_fullres_eval/diagnostics/runs/sfm_dataset3_sfm_2048_sift_global/logs/pipeline.log,5647,96235b833d7487c726bc9c5ab25b4d6ee8c872743a59471632be6cffdafd9053
runs/sfm_dataset3_sfm_2048_sift_global_fullres_eval/diagnostics/runs/sfm_dataset3_sfm_2048_sift_global/logs/warnings.log,718,5a992fa8dd0f643748b20968a7dc7096163ff8b528d0d29f0e78aa8aa5ee112d
runs/sfm_dataset3_sfm_2048_sift_global_fullres_eval/diagnostics/runs/sfm_dataset3_sfm_2048_sift_global/run_status.json,701,4a1fb286cf49b7355711a10d07ee05284ea980af99e37b9b0226b4d8ce40a648
runs/sfm_dataset3_sfm_2048_sift_global_fullres_eval/diagnostics/runs/sfm_dataset3_sfm_2048_sift_global/timings.json,2194,e00a63943d9abc23f3e587dec886b3bcbdeea55dd7c4b48329f26ce1f9d377ee
runs/sfm_dataset3_sfm_2048_sift_global_fullres_eval/diagnostics/runs/sfm_dataset3_sfm_2048_sift_global_fullres_eval/resource_samples.csv,73848,792df88b09f40a230fc94701b653373e1d6ff872970625f02ab2da9d1f5d26d7
runs/sfm_dataset3_sfm_2048_sift_global_fullres_eval/diagnostics/runs/sfm_dataset3_sfm_2048_sift_global_fullres_eval/resource_summary.json,152,87b720447fa9d644c4195dd1b36f8f2eb3ee9d5928adef11d7f425f47e6becb5
runs/sfm_dataset3_sfm_2048_sift_global_fullres_eval/resource_samples.csv,73848,792df88b09f40a230fc94701b653373e1d6ff872970625f02ab2da9d1f5d26d7
runs/sfm_dataset3_sfm_2048_sift_global_fullres_eval/sfm_dataset3_sfm_2048_sift_global_fullres_eval.exit,7,194ff5bca66278888f0f00be5c7ca523d15098ece958b14952533811089f6106
runs/sfm_dataset3_sfm_2048_sift_global_fullres_eval/worker_identity.json,470,a334e79232253801e2755f7b0b2701147605472b295549432cc68ea1273c4564
runs/sfm_dataset3_sfm_2048_sift_incremental_fullres_eval/ablation_eval/jobs/sfm_dataset3_sfm_2048_sift_incremental/resource_samples.csv,63032,abc7a2954e158583a64302220632b5a9ffe02c7d56d0af62286ddbbd8f18bb5b
runs/sfm_dataset3_sfm_2048_sift_incremental_fullres_eval/ablation_eval/manifest.csv,1469,3061f879d66a12fcd372e95cce7a04c4725bd161e8535ff734ca31a29da97279
runs/sfm_dataset3_sfm_2048_sift_incremental_fullres_eval/ablation_eval/metrics_long.csv,15168,536d0fb115c26a92d4cde20e65335995af1c1deb9c0a5f13525a98c51a9ed79e
runs/sfm_dataset3_sfm_2048_sift_incremental_fullres_eval/ablation_eval/results_final.csv,129,6cf300cc3eaa1536de18eb4bdbeb47d3308e50e0dd2e0f8c8cbbee795a57b170
runs/sfm_dataset3_sfm_2048_sift_incremental_fullres_eval/ablation_eval/results_sfm.csv,1169,8deb01235329cac3c4ce5ca176a662b0993054124dd66f20775ae392231a165a
runs/sfm_dataset3_sfm_2048_sift_incremental_fullres_eval/ablation_eval/results_splat.csv,3458,e55ea7706fe9fca4117f862a360421610659e6d2beaceab124ced58024b964ad
runs/sfm_dataset3_sfm_2048_sift_incremental_fullres_eval/ablation_eval/splat_eval/sfm_dataset3_sfm_2048_sift_incremental/p000/attempt_1/lfs_eval_config.json,1356,cb2203da5d26ff25c0d3c42eadd03120278f181cccef913e88874a417c2f1132
runs/sfm_dataset3_sfm_2048_sift_incremental_fullres_eval/ablation_eval/splat_eval/sfm_dataset3_sfm_2048_sift_incremental/p000/attempt_1/loss_history.csv,8252,bc1b516ba431bf288beff98879ca3c3d929819c046f99adf2ab1b5817ef4f615
runs/sfm_dataset3_sfm_2048_sift_incremental_fullres_eval/ablation_eval/splat_eval/sfm_dataset3_sfm_2048_sift_incremental/p000/attempt_1/metrics.csv,417,2c412ff982ad04b4103933ec0a57c3612bfb4cec7d0af0a61471e2efaeaa32cc
runs/sfm_dataset3_sfm_2048_sift_incremental_fullres_eval/ablation_eval/splat_eval/sfm_dataset3_sfm_2048_sift_incremental/p000/attempt_1/python_metrics.json,456,321356197d1c56700ad7a9f70eb5b2747db97b4b0a1376544e0e6455cf9a342e
runs/sfm_dataset3_sfm_2048_sift_incremental_fullres_eval/ablation_eval/splat_eval/sfm_dataset3_sfm_2048_sift_incremental/p000/attempt_1/resource_samples.csv,11666,c2d7ee5e07001dd5e192322029af05ab4969cf2a4ad0e0cdfc0e8635cc40c544
runs/sfm_dataset3_sfm_2048_sift_incremental_fullres_eval/ablation_eval/splat_eval/sfm_dataset3_sfm_2048_sift_incremental/p000/attempt_1/training_status.json,2141,ce73b359beb77181d18836fea7f048fca166dc602b5964a6c6ce9dc0a3e1cbe4
runs/sfm_dataset3_sfm_2048_sift_incremental_fullres_eval/ablation_eval/splat_eval/sfm_dataset3_sfm_2048_sift_incremental/p001/attempt_1/lfs_eval_config.json,1356,cb2203da5d26ff25c0d3c42eadd03120278f181cccef913e88874a417c2f1132
runs/sfm_dataset3_sfm_2048_sift_incremental_fullres_eval/ablation_eval/splat_eval/sfm_dataset3_sfm_2048_sift_incremental/p001/attempt_1/loss_history.csv,8257,f33d388d44261fbe96ff0a351aee932a7689a23fbc2ad218a29f1e4646ec0845
runs/sfm_dataset3_sfm_2048_sift_incremental_fullres_eval/ablation_eval/splat_eval/sfm_dataset3_sfm_2048_sift_incremental/p001/attempt_1/metrics.csv,417,e27ca431e138f426b61e16494ac51707bb5c91751894785c77e608109504bb28
runs/sfm_dataset3_sfm_2048_sift_incremental_fullres_eval/ablation_eval/splat_eval/sfm_dataset3_sfm_2048_sift_incremental/p001/attempt_1/python_metrics.json,456,321356197d1c56700ad7a9f70eb5b2747db97b4b0a1376544e0e6455cf9a342e
runs/sfm_dataset3_sfm_2048_sift_incremental_fullres_eval/ablation_eval/splat_eval/sfm_dataset3_sfm_2048_sift_incremental/p001/attempt_1/resource_samples.csv,12194,5da0a6e72c12aa6c00b8211915fcf1d83a4beeb59fcea558e8dd49a98b2a7be6
runs/sfm_dataset3_sfm_2048_sift_incremental_fullres_eval/ablation_eval/splat_eval/sfm_dataset3_sfm_2048_sift_incremental/p001/attempt_1/training_status.json,2144,cd80fa79a7723a8a146c91443fc016139cdf4efb507afcc375f38cba6f3a5703
runs/sfm_dataset3_sfm_2048_sift_incremental_fullres_eval/ablation_eval/splat_eval/sfm_dataset3_sfm_2048_sift_incremental/p002/attempt_1/lfs_eval_config.json,1356,cb2203da5d26ff25c0d3c42eadd03120278f181cccef913e88874a417c2f1132
runs/sfm_dataset3_sfm_2048_sift_incremental_fullres_eval/ablation_eval/splat_eval/sfm_dataset3_sfm_2048_sift_incremental/p002/attempt_1/loss_history.csv,8247,717bd30a285ecd37daa92efd44d56ec62e1d549d94c84ac56a5f09bb1f91a8d6
runs/sfm_dataset3_sfm_2048_sift_incremental_fullres_eval/ablation_eval/splat_eval/sfm_dataset3_sfm_2048_sift_incremental/p002/attempt_1/metrics.csv,417,19462a263af4ab992df32ea92f5aa8daafafbf2e4f2df4f1f4b01d6e1d3f6fe9
runs/sfm_dataset3_sfm_2048_sift_incremental_fullres_eval/ablation_eval/splat_eval/sfm_dataset3_sfm_2048_sift_incremental/p002/attempt_1/python_metrics.json,456,321356197d1c56700ad7a9f70eb5b2747db97b4b0a1376544e0e6455cf9a342e
runs/sfm_dataset3_sfm_2048_sift_incremental_fullres_eval/ablation_eval/splat_eval/sfm_dataset3_sfm_2048_sift_incremental/p002/attempt_1/resource_samples.csv,13693,20ab5cfdc77a17ae5c81633194660cb24e75d4baef71a6e427d8fab00745a902
runs/sfm_dataset3_sfm_2048_sift_incremental_fullres_eval/ablation_eval/splat_eval/sfm_dataset3_sfm_2048_sift_incremental/p002/attempt_1/training_status.json,2139,dfefe6e0741d1632963e68821aa42bd142e7ccec9a90b03b67b26e337923a78b
runs/sfm_dataset3_sfm_2048_sift_incremental_fullres_eval/ablation_eval/splat_eval/sfm_dataset3_sfm_2048_sift_incremental/p003/attempt_1/lfs_eval_config.json,1356,cb2203da5d26ff25c0d3c42eadd03120278f181cccef913e88874a417c2f1132
runs/sfm_dataset3_sfm_2048_sift_incremental_fullres_eval/ablation_eval/splat_eval/sfm_dataset3_sfm_2048_sift_incremental/p003/attempt_1/loss_history.csv,8240,9d2ebfbee28dbe2de2e48b9fad72fade1799edd424b974211219bc449309357e
runs/sfm_dataset3_sfm_2048_sift_incremental_fullres_eval/ablation_eval/splat_eval/sfm_dataset3_sfm_2048_sift_incremental/p003/attempt_1/metrics.csv,417,f364ef2c9b8ac993c558b8bd2e7c2fd92f7ef76ac338e7ec85d7fdb501cbba27
runs/sfm_dataset3_sfm_2048_sift_incremental_fullres_eval/ablation_eval/splat_eval/sfm_dataset3_sfm_2048_sift_incremental/p003/attempt_1/python_metrics.json,456,321356197d1c56700ad7a9f70eb5b2747db97b4b0a1376544e0e6455cf9a342e
runs/sfm_dataset3_sfm_2048_sift_incremental_fullres_eval/ablation_eval/splat_eval/sfm_dataset3_sfm_2048_sift_incremental/p003/attempt_1/resource_samples.csv,11571,b613a236444a362dffaaf0b0e40253c238f3fcc1f69812232792ee3eb36e53bd
runs/sfm_dataset3_sfm_2048_sift_incremental_fullres_eval/ablation_eval/splat_eval/sfm_dataset3_sfm_2048_sift_incremental/p003/attempt_1/training_status.json,2142,9c4df078de19f03006e7df5cf5b402e9fe24c02c9f7b887d61639e9bf24f7e23
runs/sfm_dataset3_sfm_2048_sift_incremental_fullres_eval/ablation_eval/splat_eval/sfm_dataset3_sfm_2048_sift_incremental/p004/attempt_1/lfs_eval_config.json,1356,cb2203da5d26ff25c0d3c42eadd03120278f181cccef913e88874a417c2f1132
runs/sfm_dataset3_sfm_2048_sift_incremental_fullres_eval/ablation_eval/splat_eval/sfm_dataset3_sfm_2048_sift_incremental/p004/attempt_1/loss_history.csv,8262,8189d022216334b71d77c982082ec27400c362e7657f8fa0170bf230c8f07f95
runs/sfm_dataset3_sfm_2048_sift_incremental_fullres_eval/ablation_eval/splat_eval/sfm_dataset3_sfm_2048_sift_incremental/p004/attempt_1/metrics.csv,417,b44e87e0dd9d37e765a1d845a2563c7676a8104072b95f0a67d7472fd723e748
runs/sfm_dataset3_sfm_2048_sift_incremental_fullres_eval/ablation_eval/splat_eval/sfm_dataset3_sfm_2048_sift_incremental/p004/attempt_1/python_metrics.json,456,321356197d1c56700ad7a9f70eb5b2747db97b4b0a1376544e0e6455cf9a342e
runs/sfm_dataset3_sfm_2048_sift_incremental_fullres_eval/ablation_eval/splat_eval/sfm_dataset3_sfm_2048_sift_incremental/p004/attempt_1/resource_samples.csv,12282,6962e600bb7ab39bd1e2f045190b7a93a43f8f65b9801a3f492d76197a2478dd
runs/sfm_dataset3_sfm_2048_sift_incremental_fullres_eval/ablation_eval/splat_eval/sfm_dataset3_sfm_2048_sift_incremental/p004/attempt_1/training_status.json,2142,912e8aa6886148372d63835c99fed24c5be7710ae827d08f09b50ccafca4afb0
runs/sfm_dataset3_sfm_2048_sift_incremental_fullres_eval/ablation_eval/splat_eval/sfm_dataset3_sfm_2048_sift_incremental/p005/attempt_1/lfs_eval_config.json,1356,cb2203da5d26ff25c0d3c42eadd03120278f181cccef913e88874a417c2f1132
runs/sfm_dataset3_sfm_2048_sift_incremental_fullres_eval/ablation_eval/splat_eval/sfm_dataset3_sfm_2048_sift_incremental/p005/attempt_1/loss_history.csv,8248,37855640b38960b3a9687d9a78fcc13bb8120f6c71006a89195bc556c67161fd
runs/sfm_dataset3_sfm_2048_sift_incremental_fullres_eval/ablation_eval/splat_eval/sfm_dataset3_sfm_2048_sift_incremental/p005/attempt_1/metrics.csv,417,986ed6750e643a2495ad8b63bc2c2cd29243e51370e52d2ffbccdf40011a2fbb
runs/sfm_dataset3_sfm_2048_sift_incremental_fullres_eval/ablation_eval/splat_eval/sfm_dataset3_sfm_2048_sift_incremental/p005/attempt_1/python_metrics.json,456,321356197d1c56700ad7a9f70eb5b2747db97b4b0a1376544e0e6455cf9a342e
runs/sfm_dataset3_sfm_2048_sift_incremental_fullres_eval/ablation_eval/splat_eval/sfm_dataset3_sfm_2048_sift_incremental/p005/attempt_1/resource_samples.csv,11701,6b47f0c7f8b8d0ee075bf07ce3001e37744b364b87d77f56b3e4eb2d947d29e3
runs/sfm_dataset3_sfm_2048_sift_incremental_fullres_eval/ablation_eval/splat_eval/sfm_dataset3_sfm_2048_sift_incremental/p005/attempt_1/training_status.json,2143,0dafed14ba0103bc26c8aae7716f256685ddd00a7f0f1de5641d59d90fc4233d
runs/sfm_dataset3_sfm_2048_sift_incremental_fullres_eval/ablation_eval/splat_eval/sfm_dataset3_sfm_2048_sift_incremental/p006/attempt_1/lfs_eval_config.json,1356,cb2203da5d26ff25c0d3c42eadd03120278f181cccef913e88874a417c2f1132
runs/sfm_dataset3_sfm_2048_sift_incremental_fullres_eval/ablation_eval/splat_eval/sfm_dataset3_sfm_2048_sift_incremental/p006/attempt_1/loss_history.csv,8242,a725cef92905cd49c984f6a12041b37e74fdaee1bf4329c2f8cbda9153a3d87c
runs/sfm_dataset3_sfm_2048_sift_incremental_fullres_eval/ablation_eval/splat_eval/sfm_dataset3_sfm_2048_sift_incremental/p006/attempt_1/metrics.csv,417,4d88ca561c823e787c20c9a31900511b02bb3106f12a41e60af4e9899e53d5ae
runs/sfm_dataset3_sfm_2048_sift_incremental_fullres_eval/ablation_eval/splat_eval/sfm_dataset3_sfm_2048_sift_incremental/p006/attempt_1/python_metrics.json,456,321356197d1c56700ad7a9f70eb5b2747db97b4b0a1376544e0e6455cf9a342e
runs/sfm_dataset3_sfm_2048_sift_incremental_fullres_eval/ablation_eval/splat_eval/sfm_dataset3_sfm_2048_sift_incremental/p006/attempt_1/resource_samples.csv,12686,911046a4cbf88c8896ed4f33a9b8e256da48e9531dac1455fd6cc0f9389e99f6
runs/sfm_dataset3_sfm_2048_sift_incremental_fullres_eval/ablation_eval/splat_eval/sfm_dataset3_sfm_2048_sift_incremental/p006/attempt_1/training_status.json,2144,acc19ae5e8d1a0dbf2b2d8a8d66171e7a3cb2e91cd29f1d4b62dddcebb69ec15
runs/sfm_dataset3_sfm_2048_sift_incremental_fullres_eval/ablation_eval/splat_eval/sfm_dataset3_sfm_2048_sift_incremental/p007/attempt_1/lfs_eval_config.json,1356,cb2203da5d26ff25c0d3c42eadd03120278f181cccef913e88874a417c2f1132
runs/sfm_dataset3_sfm_2048_sift_incremental_fullres_eval/ablation_eval/splat_eval/sfm_dataset3_sfm_2048_sift_incremental/p007/attempt_1/loss_history.csv,8243,5a878e9e64aa8fd0eb3c59544f68c909bfa7605fcf0bd21670e3f11ae2ce879a
runs/sfm_dataset3_sfm_2048_sift_incremental_fullres_eval/ablation_eval/splat_eval/sfm_dataset3_sfm_2048_sift_incremental/p007/attempt_1/metrics.csv,417,c636b83a53d2fbea166cd5739b560716463f8284ed477919272dce9ea4104fa9
runs/sfm_dataset3_sfm_2048_sift_incremental_fullres_eval/ablation_eval/splat_eval/sfm_dataset3_sfm_2048_sift_incremental/p007/attempt_1/python_metrics.json,456,321356197d1c56700ad7a9f70eb5b2747db97b4b0a1376544e0e6455cf9a342e
runs/sfm_dataset3_sfm_2048_sift_incremental_fullres_eval/ablation_eval/splat_eval/sfm_dataset3_sfm_2048_sift_incremental/p007/attempt_1/resource_samples.csv,12957,c66e8c9dca0202e239f91a70dde0af4cf49b5b9f502ec7c016a2161b8af13ea6
runs/sfm_dataset3_sfm_2048_sift_incremental_fullres_eval/ablation_eval/splat_eval/sfm_dataset3_sfm_2048_sift_incremental/p007/attempt_1/training_status.json,2142,70a09aa772bfe46acff733a2fc7961c76e4206683e92cb2897fef0927c1aea68
runs/sfm_dataset3_sfm_2048_sift_incremental_fullres_eval/ablation_eval/splat_eval/sfm_dataset3_sfm_2048_sift_incremental/p008/attempt_1/lfs_eval_config.json,1356,cb2203da5d26ff25c0d3c42eadd03120278f181cccef913e88874a417c2f1132
runs/sfm_dataset3_sfm_2048_sift_incremental_fullres_eval/ablation_eval/splat_eval/sfm_dataset3_sfm_2048_sift_incremental/p008/attempt_1/loss_history.csv,8258,625eeeee7b059573589f355b51036c6b5ce16bbfafd854c274d195d894aedd68
runs/sfm_dataset3_sfm_2048_sift_incremental_fullres_eval/ablation_eval/splat_eval/sfm_dataset3_sfm_2048_sift_incremental/p008/attempt_1/metrics.csv,417,cfc6a7a5d35487154e5154de47e883e9191627b12d80ebc72666a770b250e198
runs/sfm_dataset3_sfm_2048_sift_incremental_fullres_eval/ablation_eval/splat_eval/sfm_dataset3_sfm_2048_sift_incremental/p008/attempt_1/python_metrics.json,456,321356197d1c56700ad7a9f70eb5b2747db97b4b0a1376544e0e6455cf9a342e
runs/sfm_dataset3_sfm_2048_sift_incremental_fullres_eval/ablation_eval/splat_eval/sfm_dataset3_sfm_2048_sift_incremental/p008/attempt_1/resource_samples.csv,12059,7f7d6d4e30cd9fd02a7267d2d6b692c6d64a6255c06202c44b217a54c5e8d8af
runs/sfm_dataset3_sfm_2048_sift_incremental_fullres_eval/ablation_eval/splat_eval/sfm_dataset3_sfm_2048_sift_incremental/p008/attempt_1/training_status.json,2144,46f1227cf8cb0a1a1e356fe9f8e8252601acc15cd6a6f5e93bfa134c04978826
runs/sfm_dataset3_sfm_2048_sift_incremental_fullres_eval/ablation_eval/splat_eval_selection.json,550,b93d5823cc39aa7f910b96271e5fdd83e9cdde869f0d4de26626da24e7c14b9a
runs/sfm_dataset3_sfm_2048_sift_incremental_fullres_eval/diagnostics/runs/sfm_dataset3_sfm_2048_sift_incremental/logs/colmap.log,4420017,9428e6afc5b2b719b419f65ba3b01d7d548b2456f7705dfba8885206ac97778c
runs/sfm_dataset3_sfm_2048_sift_incremental_fullres_eval/diagnostics/runs/sfm_dataset3_sfm_2048_sift_incremental/logs/pipeline.log,5668,d6366b9a94c2f057a60506f8970ae90a95eca30ffba90225457900fd2e90b19b
runs/sfm_dataset3_sfm_2048_sift_incremental_fullres_eval/diagnostics/runs/sfm_dataset3_sfm_2048_sift_incremental/logs/warnings.log,718,5b0bf80455473b04b198b6bbeaa9fa276759645a0e7534dfef84cc773df22f57
runs/sfm_dataset3_sfm_2048_sift_incremental_fullres_eval/diagnostics/runs/sfm_dataset3_sfm_2048_sift_incremental/run_status.json,701,3ce912a944b2f9745914a1d5353fbf65671c29449c81dfa50917c979573e0479
runs/sfm_dataset3_sfm_2048_sift_incremental_fullres_eval/diagnostics/runs/sfm_dataset3_sfm_2048_sift_incremental/timings.json,2193,a0c52f8c59982caa7a6ab87bfb6e05da1339bcb155a71ce261bcf637385588ed
runs/sfm_dataset3_sfm_2048_sift_incremental_fullres_eval/diagnostics/runs/sfm_dataset3_sfm_2048_sift_incremental_fullres_eval/resource_samples.csv,108760,e7313e07ddf81e04d6bdbe015efaa942283e596ff752a2dec99528d208d3b9a6
runs/sfm_dataset3_sfm_2048_sift_incremental_fullres_eval/diagnostics/runs/sfm_dataset3_sfm_2048_sift_incremental_fullres_eval/resource_summary.json,151,7f74b1a940d0a23152aeea1d04e9dca2a689da1fe63d16ade677be5b4a44b2a6
runs/sfm_dataset3_sfm_2048_sift_incremental_fullres_eval/resource_samples.csv,108760,e7313e07ddf81e04d6bdbe015efaa942283e596ff752a2dec99528d208d3b9a6
runs/sfm_dataset3_sfm_2048_sift_incremental_fullres_eval/sfm_dataset3_sfm_2048_sift_incremental_fullres_eval.exit,7,194ff5bca66278888f0f00be5c7ca523d15098ece958b14952533811089f6106
runs/sfm_dataset3_sfm_2048_sift_incremental_fullres_eval/worker_identity.json,475,face54d09098966f41eeadbfe9257998689e3c558d21b55c251c4a8696d147a6
runs/sfm_dataset3_sfm_full_aliked_global_fullres_eval/ablation_eval/jobs/sfm_dataset3_sfm_full_aliked_global/resource_samples.csv,14001,b6866470a33ae1073c91b4039d4bf3105bf999e40a8beb1109c241c3e79afaa2
runs/sfm_dataset3_sfm_full_aliked_global_fullres_eval/ablation_eval/manifest.csv,1563,15ef546ad2b00da518c966b36a109682c9d41d56b6516cbd982b060530179586
runs/sfm_dataset3_sfm_full_aliked_global_fullres_eval/ablation_eval/metrics_long.csv,13220,5f4aef8daf732ef714aecc5b958e7f2c083dffba355f3f0f040accc1d6f32e36
runs/sfm_dataset3_sfm_full_aliked_global_fullres_eval/ablation_eval/results_final.csv,129,6cf300cc3eaa1536de18eb4bdbeb47d3308e50e0dd2e0f8c8cbbee795a57b170
runs/sfm_dataset3_sfm_full_aliked_global_fullres_eval/ablation_eval/results_sfm.csv,1153,ba7e1e25d1cefc4b241442e1f7a84f165d5006a7533cf48d85ec2a5dfd2b4735
runs/sfm_dataset3_sfm_full_aliked_global_fullres_eval/ablation_eval/results_splat.csv,3057,a9277d005c0b9d7c9fd212587a77653012e04e3496ea1d05e1fddf61e9d1d0ea
runs/sfm_dataset3_sfm_full_aliked_global_fullres_eval/ablation_eval/splat_eval/sfm_dataset3_sfm_full_aliked_global/p000/attempt_1/lfs_eval_config.json,1356,cb2203da5d26ff25c0d3c42eadd03120278f181cccef913e88874a417c2f1132
runs/sfm_dataset3_sfm_full_aliked_global_fullres_eval/ablation_eval/splat_eval/sfm_dataset3_sfm_full_aliked_global/p000/attempt_1/loss_history.csv,8232,b2f6264c0fab4130782f8b38ed7fc1c96f0cc50a22a478d7516189c2a3fb1c95
runs/sfm_dataset3_sfm_full_aliked_global_fullres_eval/ablation_eval/splat_eval/sfm_dataset3_sfm_full_aliked_global/p000/attempt_1/metrics.csv,417,c8c2286abee969aff9990ccad98b88d3e7a688c513addd599252244d1081f520
runs/sfm_dataset3_sfm_full_aliked_global_fullres_eval/ablation_eval/splat_eval/sfm_dataset3_sfm_full_aliked_global/p000/attempt_1/python_metrics.json,456,fce1169a8b395bd8a43e3be1ffc0d985c82928d5b6bc07ab53983d1f20ce8413
runs/sfm_dataset3_sfm_full_aliked_global_fullres_eval/ablation_eval/splat_eval/sfm_dataset3_sfm_full_aliked_global/p000/attempt_1/resource_samples.csv,12579,6ba96c917d82364ff1269455911010d1b4b627ece12e0a03a8d82e840cf2e184
runs/sfm_dataset3_sfm_full_aliked_global_fullres_eval/ablation_eval/splat_eval/sfm_dataset3_sfm_full_aliked_global/p000/attempt_1/training_status.json,2121,de5ba13c1cd31a3eb129fb9538d8bf652b30a78832f29eccc5e3f9f861dd42e5
runs/sfm_dataset3_sfm_full_aliked_global_fullres_eval/ablation_eval/splat_eval/sfm_dataset3_sfm_full_aliked_global/p001/attempt_1/lfs_eval_config.json,1356,cb2203da5d26ff25c0d3c42eadd03120278f181cccef913e88874a417c2f1132
runs/sfm_dataset3_sfm_full_aliked_global_fullres_eval/ablation_eval/splat_eval/sfm_dataset3_sfm_full_aliked_global/p001/attempt_1/loss_history.csv,8232,d491b8164f85508e64eac98e7a6f2a1acab20c6abc92465da67af997932429e5
runs/sfm_dataset3_sfm_full_aliked_global_fullres_eval/ablation_eval/splat_eval/sfm_dataset3_sfm_full_aliked_global/p001/attempt_1/metrics.csv,417,15d3638d91a4f710cb3e9f40de2c24cf12a5fd1927e22299c482786c8a1d4f9c
runs/sfm_dataset3_sfm_full_aliked_global_fullres_eval/ablation_eval/splat_eval/sfm_dataset3_sfm_full_aliked_global/p001/attempt_1/python_metrics.json,456,fce1169a8b395bd8a43e3be1ffc0d985c82928d5b6bc07ab53983d1f20ce8413
runs/sfm_dataset3_sfm_full_aliked_global_fullres_eval/ablation_eval/splat_eval/sfm_dataset3_sfm_full_aliked_global/p001/attempt_1/resource_samples.csv,13741,19f6a13570b65db47091f9eb8b9123cf0117015f30a44ce2e7a3e126fac728f1
runs/sfm_dataset3_sfm_full_aliked_global_fullres_eval/ablation_eval/splat_eval/sfm_dataset3_sfm_full_aliked_global/p001/attempt_1/training_status.json,2121,3ca49e5591ec7fac151740b5ed401259c5e18751014310a24b65a733fc87c929
runs/sfm_dataset3_sfm_full_aliked_global_fullres_eval/ablation_eval/splat_eval/sfm_dataset3_sfm_full_aliked_global/p002/attempt_1/lfs_eval_config.json,1356,cb2203da5d26ff25c0d3c42eadd03120278f181cccef913e88874a417c2f1132
runs/sfm_dataset3_sfm_full_aliked_global_fullres_eval/ablation_eval/splat_eval/sfm_dataset3_sfm_full_aliked_global/p002/attempt_1/loss_history.csv,8224,8c254def08c2a5cfc4575fcc95939a823f725674de5712568dadf5ad57574cc7
runs/sfm_dataset3_sfm_full_aliked_global_fullres_eval/ablation_eval/splat_eval/sfm_dataset3_sfm_full_aliked_global/p002/attempt_1/metrics.csv,417,8003aeb01912afc0f8062ce87b0cac69f9597a47120227b58da9ebd67d848beb
runs/sfm_dataset3_sfm_full_aliked_global_fullres_eval/ablation_eval/splat_eval/sfm_dataset3_sfm_full_aliked_global/p002/attempt_1/python_metrics.json,456,fce1169a8b395bd8a43e3be1ffc0d985c82928d5b6bc07ab53983d1f20ce8413
runs/sfm_dataset3_sfm_full_aliked_global_fullres_eval/ablation_eval/splat_eval/sfm_dataset3_sfm_full_aliked_global/p002/attempt_1/resource_samples.csv,13979,b51922b36b4d319e27df84c73d00f01908b9d64b719ba269bcfdb95b072cb2bb
runs/sfm_dataset3_sfm_full_aliked_global_fullres_eval/ablation_eval/splat_eval/sfm_dataset3_sfm_full_aliked_global/p002/attempt_1/training_status.json,2123,9a0de27f5dba7ac26e7c2901c7b8c2e3c3a62909ce93742060527cc5a9f13b3a
runs/sfm_dataset3_sfm_full_aliked_global_fullres_eval/ablation_eval/splat_eval/sfm_dataset3_sfm_full_aliked_global/p003/attempt_1/lfs_eval_config.json,1356,cb2203da5d26ff25c0d3c42eadd03120278f181cccef913e88874a417c2f1132
runs/sfm_dataset3_sfm_full_aliked_global_fullres_eval/ablation_eval/splat_eval/sfm_dataset3_sfm_full_aliked_global/p003/attempt_1/loss_history.csv,8233,0349c6376eef657848b18199630b72705b7b55bac84aee68a51fc5af88baeec4
runs/sfm_dataset3_sfm_full_aliked_global_fullres_eval/ablation_eval/splat_eval/sfm_dataset3_sfm_full_aliked_global/p003/attempt_1/metrics.csv,417,47d27fc7ec00981073c91358a6b1e736b1307d3feae85386e32572eb6cb98182
runs/sfm_dataset3_sfm_full_aliked_global_fullres_eval/ablation_eval/splat_eval/sfm_dataset3_sfm_full_aliked_global/p003/attempt_1/python_metrics.json,456,fce1169a8b395bd8a43e3be1ffc0d985c82928d5b6bc07ab53983d1f20ce8413
runs/sfm_dataset3_sfm_full_aliked_global_fullres_eval/ablation_eval/splat_eval/sfm_dataset3_sfm_full_aliked_global/p003/attempt_1/resource_samples.csv,12938,c94fe6705d138f578706b0f8ec7b84c2db8b70002d6abb63719e4f5534b1464b
runs/sfm_dataset3_sfm_full_aliked_global_fullres_eval/ablation_eval/splat_eval/sfm_dataset3_sfm_full_aliked_global/p003/attempt_1/training_status.json,2121,1b97a09d97dcf1d1bd7d4e70dbc5b3ce5083f4bfbe52e2bdf78c296562087b65
runs/sfm_dataset3_sfm_full_aliked_global_fullres_eval/ablation_eval/splat_eval/sfm_dataset3_sfm_full_aliked_global/p004/attempt_1/lfs_eval_config.json,1356,cb2203da5d26ff25c0d3c42eadd03120278f181cccef913e88874a417c2f1132
runs/sfm_dataset3_sfm_full_aliked_global_fullres_eval/ablation_eval/splat_eval/sfm_dataset3_sfm_full_aliked_global/p004/attempt_1/loss_history.csv,8244,bc5ef2b336f28fff0d8c4ab2a8a4fe9cbd6f91e14dad386f5382bbf5bf575201
runs/sfm_dataset3_sfm_full_aliked_global_fullres_eval/ablation_eval/splat_eval/sfm_dataset3_sfm_full_aliked_global/p004/attempt_1/metrics.csv,417,e9242c41b0b1593b6bb33acbd97563db8d12c9df7b9c86878ada7c801d140ab0
runs/sfm_dataset3_sfm_full_aliked_global_fullres_eval/ablation_eval/splat_eval/sfm_dataset3_sfm_full_aliked_global/p004/attempt_1/python_metrics.json,456,fce1169a8b395bd8a43e3be1ffc0d985c82928d5b6bc07ab53983d1f20ce8413
runs/sfm_dataset3_sfm_full_aliked_global_fullres_eval/ablation_eval/splat_eval/sfm_dataset3_sfm_full_aliked_global/p004/attempt_1/resource_samples.csv,12385,d409797d65d1f8003da44e30b8acbc5fbb9b6c89c988a977f13685bfa2a15e3f
runs/sfm_dataset3_sfm_full_aliked_global_fullres_eval/ablation_eval/splat_eval/sfm_dataset3_sfm_full_aliked_global/p004/attempt_1/training_status.json,2123,40ff19fb3767d607ba0c2ed8d679118a2b79a5ee53d70db0c1e84a7c26693a15
runs/sfm_dataset3_sfm_full_aliked_global_fullres_eval/ablation_eval/splat_eval/sfm_dataset3_sfm_full_aliked_global/p005/attempt_1/lfs_eval_config.json,1356,cb2203da5d26ff25c0d3c42eadd03120278f181cccef913e88874a417c2f1132
runs/sfm_dataset3_sfm_full_aliked_global_fullres_eval/ablation_eval/splat_eval/sfm_dataset3_sfm_full_aliked_global/p005/attempt_1/loss_history.csv,8231,451deb53b0a84887ece9aa9604bc3b7558d0cd5a1f4e02fb06debbb01650dd49
runs/sfm_dataset3_sfm_full_aliked_global_fullres_eval/ablation_eval/splat_eval/sfm_dataset3_sfm_full_aliked_global/p005/attempt_1/metrics.csv,417,43b13b939a9a0ce40b4939c1bfc35286d3388e93618b9ea4a6c5b52a28051aa5
runs/sfm_dataset3_sfm_full_aliked_global_fullres_eval/ablation_eval/splat_eval/sfm_dataset3_sfm_full_aliked_global/p005/attempt_1/python_metrics.json,456,fce1169a8b395bd8a43e3be1ffc0d985c82928d5b6bc07ab53983d1f20ce8413
runs/sfm_dataset3_sfm_full_aliked_global_fullres_eval/ablation_eval/splat_eval/sfm_dataset3_sfm_full_aliked_global/p005/attempt_1/resource_samples.csv,13174,c03c0f533fe5ea3a2110622dcfca7eb03ef6bef651fe41f8ba384d5b2bb3ebcc
runs/sfm_dataset3_sfm_full_aliked_global_fullres_eval/ablation_eval/splat_eval/sfm_dataset3_sfm_full_aliked_global/p005/attempt_1/training_status.json,2121,f2978e7d7dd59ac7794e695fdbebe3138d98f31173a83828b3256432a76e49f4
runs/sfm_dataset3_sfm_full_aliked_global_fullres_eval/ablation_eval/splat_eval/sfm_dataset3_sfm_full_aliked_global/p006/attempt_1/lfs_eval_config.json,1356,cb2203da5d26ff25c0d3c42eadd03120278f181cccef913e88874a417c2f1132
runs/sfm_dataset3_sfm_full_aliked_global_fullres_eval/ablation_eval/splat_eval/sfm_dataset3_sfm_full_aliked_global/p006/attempt_1/loss_history.csv,8237,38a3b9ca87050bc6af357989a01ba8c0b0fcdd2d2676b521b4a22c3debcbc831
runs/sfm_dataset3_sfm_full_aliked_global_fullres_eval/ablation_eval/splat_eval/sfm_dataset3_sfm_full_aliked_global/p006/attempt_1/metrics.csv,417,8c51770694945c7dadec8eab8d297c9e898fbbf6df230f60fa07f9ee1f3d472d
runs/sfm_dataset3_sfm_full_aliked_global_fullres_eval/ablation_eval/splat_eval/sfm_dataset3_sfm_full_aliked_global/p006/attempt_1/python_metrics.json,456,fce1169a8b395bd8a43e3be1ffc0d985c82928d5b6bc07ab53983d1f20ce8413
runs/sfm_dataset3_sfm_full_aliked_global_fullres_eval/ablation_eval/splat_eval/sfm_dataset3_sfm_full_aliked_global/p006/attempt_1/resource_samples.csv,13476,323af6af8d20a1cd53b8699d150da50d38f855dddd1cdc4040c1fc93fc630b4a
runs/sfm_dataset3_sfm_full_aliked_global_fullres_eval/ablation_eval/splat_eval/sfm_dataset3_sfm_full_aliked_global/p006/attempt_1/training_status.json,2121,bfb43b057aa0a9484a9967ce8a346d8af01ea48e00c09edf1f80a5d1f5ab3af7
runs/sfm_dataset3_sfm_full_aliked_global_fullres_eval/ablation_eval/splat_eval/sfm_dataset3_sfm_full_aliked_global/p007/attempt_1/lfs_eval_config.json,1356,cb2203da5d26ff25c0d3c42eadd03120278f181cccef913e88874a417c2f1132
runs/sfm_dataset3_sfm_full_aliked_global_fullres_eval/ablation_eval/splat_eval/sfm_dataset3_sfm_full_aliked_global/p007/attempt_1/loss_history.csv,8233,8b4980f73cc98130a9e8fdb959fe8870709c56586e75dfa50d3d80cc42387a62
runs/sfm_dataset3_sfm_full_aliked_global_fullres_eval/ablation_eval/splat_eval/sfm_dataset3_sfm_full_aliked_global/p007/attempt_1/metrics.csv,417,8d01e620b7553c20c00a760e28c5ed428d9e2544e9d02d4d6638693736b301f0
runs/sfm_dataset3_sfm_full_aliked_global_fullres_eval/ablation_eval/splat_eval/sfm_dataset3_sfm_full_aliked_global/p007/attempt_1/python_metrics.json,456,fce1169a8b395bd8a43e3be1ffc0d985c82928d5b6bc07ab53983d1f20ce8413
runs/sfm_dataset3_sfm_full_aliked_global_fullres_eval/ablation_eval/splat_eval/sfm_dataset3_sfm_full_aliked_global/p007/attempt_1/resource_samples.csv,11811,3ed94ab28d85fa351f8afd86a6fb3e11f8268463b43e5a36f07ae58f1c224fac
runs/sfm_dataset3_sfm_full_aliked_global_fullres_eval/ablation_eval/splat_eval/sfm_dataset3_sfm_full_aliked_global/p007/attempt_1/training_status.json,2118,9bc5d26df1be6d7d7596e447822c1318a2361a56a2eb08001907fefa850cb703
runs/sfm_dataset3_sfm_full_aliked_global_fullres_eval/ablation_eval/splat_eval_selection.json,528,3212a23ead75a359a4e3b1019f3d06b41295ccdfcd989c04522cba3cca38c82b
runs/sfm_dataset3_sfm_full_aliked_global_fullres_eval/diagnostics/runs/sfm_dataset3_sfm_full_aliked_global/logs/colmap.log,3799013,5f3e007b5fbe9461e2924851803ac6d15e4981784a4748e4a0bb32e17ae9fd49
runs/sfm_dataset3_sfm_full_aliked_global_fullres_eval/diagnostics/runs/sfm_dataset3_sfm_full_aliked_global/logs/pipeline.log,6300,449e2369ab5ba78a874ca1d9c2db1d8ebb55ea1cbbd24c96256ab4a6540dc4ea
runs/sfm_dataset3_sfm_full_aliked_global_fullres_eval/diagnostics/runs/sfm_dataset3_sfm_full_aliked_global/logs/warnings.log,926,277057b6ed691a0a5c107179f5ef177210034ab6e4baab34ef479ab513fd2e57
runs/sfm_dataset3_sfm_full_aliked_global_fullres_eval/diagnostics/runs/sfm_dataset3_sfm_full_aliked_global/run_status.json,701,d6f855b997bcd60fa6e90f5d3a9504d485025aa72942605f1213ac0e7ab5e7db
runs/sfm_dataset3_sfm_full_aliked_global_fullres_eval/diagnostics/runs/sfm_dataset3_sfm_full_aliked_global/timings.json,2192,7d5dde2b12de38558634221a5b5d0ccddb4cf034dc79d0e10a9046305b6be4f1
runs/sfm_dataset3_sfm_full_aliked_global_fullres_eval/diagnostics/runs/sfm_dataset3_sfm_full_aliked_global_fullres_eval/resource_samples.csv,60881,674288e4cb8178fb17e519c8dd500399fd271f6df6e394fcc4e66076d1501930
runs/sfm_dataset3_sfm_full_aliked_global_fullres_eval/diagnostics/runs/sfm_dataset3_sfm_full_aliked_global_fullres_eval/resource_summary.json,152,273ccdb50e04e934c5bba2b15d1fa2931e1626715f1803a32f92ce3e8e9f4c94
runs/sfm_dataset3_sfm_full_aliked_global_fullres_eval/resource_samples.csv,60881,674288e4cb8178fb17e519c8dd500399fd271f6df6e394fcc4e66076d1501930
runs/sfm_dataset3_sfm_full_aliked_global_fullres_eval/sfm_dataset3_sfm_full_aliked_global_fullres_eval.exit,7,194ff5bca66278888f0f00be5c7ca523d15098ece958b14952533811089f6106
runs/sfm_dataset3_sfm_full_aliked_global_fullres_eval/worker_identity.json,472,a3eb68c377439cb4ad35d404c1b417fc889743d9656de4cee9ca17acaf410ebf
runs/sfm_dataset3_sfm_full_aliked_incremental_fullres_eval/ablation_eval/jobs/sfm_dataset3_sfm_full_aliked_incremental/resource_samples.csv,29481,c2e61d10d34deb939e8668b48762a32489ffc62cb3752a108d02d065fa5acf5d
runs/sfm_dataset3_sfm_full_aliked_incremental_fullres_eval/ablation_eval/manifest.csv,1626,c968e19949755bcc0855ae74b8bcf323cb13da2b7d1a6cd2c206f3737e9b673a
runs/sfm_dataset3_sfm_full_aliked_incremental_fullres_eval/ablation_eval/results_final.csv,129,6cf300cc3eaa1536de18eb4bdbeb47d3308e50e0dd2e0f8c8cbbee795a57b170
runs/sfm_dataset3_sfm_full_aliked_incremental_fullres_eval/ablation_eval/results_sfm.csv,1209,db5a8dbd493f7641196adb8378f2a0a20017316e5e9af1095589b164d0e094b1
runs/sfm_dataset3_sfm_full_aliked_incremental_fullres_eval/ablation_eval/results_splat.csv,298,39db4462af80f9c5d63208487ac3ac84ffe996ec2010f17b931958a3ddb3a8cb
runs/sfm_dataset3_sfm_full_aliked_incremental_fullres_eval/ablation_eval/splat_eval_selection.json,188,143de258cc1a5ad6641137b7dab6c5a6593afb7a9beca5f83021c90af7684864
runs/sfm_dataset3_sfm_full_aliked_incremental_fullres_eval/diagnostics/runs/sfm_dataset3_sfm_full_aliked_incremental/logs/colmap.log,4351562,9df05014002b90eceb382b73d80fbab137844f2fd6b19b6651c8db2a58d8cbe3
runs/sfm_dataset3_sfm_full_aliked_incremental_fullres_eval/diagnostics/runs/sfm_dataset3_sfm_full_aliked_incremental/logs/pipeline.log,5810,a748c7fc53eff2e9d0819eb948926e1b66c1c4cf78e92d4c4a030a8c4bb49c61
runs/sfm_dataset3_sfm_full_aliked_incremental_fullres_eval/diagnostics/runs/sfm_dataset3_sfm_full_aliked_incremental/logs/warnings.log,861,7ecad7c4d3426d7eeb6bbcdf26b4f60f8857292fd2d6bfc153cb774807adc1c0
runs/sfm_dataset3_sfm_full_aliked_incremental_fullres_eval/diagnostics/runs/sfm_dataset3_sfm_full_aliked_incremental/run_status.json,701,ce2880928fec49688322246f859be66084ca8ab911636502a8c214e7173fb22e
runs/sfm_dataset3_sfm_full_aliked_incremental_fullres_eval/diagnostics/runs/sfm_dataset3_sfm_full_aliked_incremental/timings.json,2190,dd169dc4ef10e58069e557bc9f700a276e1f3544736cd10237d873a85537cfc9
runs/sfm_dataset3_sfm_full_aliked_incremental_fullres_eval/diagnostics/runs/sfm_dataset3_sfm_full_aliked_incremental_fullres_eval/resource_samples.csv,26774,788e66280cda27a7e3835922af2e7d269b652c37f6e6b03fb8d60b81e8d83837
runs/sfm_dataset3_sfm_full_aliked_incremental_fullres_eval/diagnostics/runs/sfm_dataset3_sfm_full_aliked_incremental_fullres_eval/resource_summary.json,149,2e3d6090056c270bfde6402ab4b3e9beac45b6a18e5f7e5c5e6746a4f52198f4
runs/sfm_dataset3_sfm_full_aliked_incremental_fullres_eval/resource_samples.csv,26774,788e66280cda27a7e3835922af2e7d269b652c37f6e6b03fb8d60b81e8d83837
runs/sfm_dataset3_sfm_full_aliked_incremental_fullres_eval/sfm_dataset3_sfm_full_aliked_incremental_fullres_eval.exit,32,aeb7fb11bf52cbddd6345591d2fde0597587b7b1cffe51a7219f9a75902d8158
runs/sfm_dataset3_sfm_full_aliked_incremental_fullres_eval/worker_identity.json,477,e06a35afac03ef6c32517d4edbfd01dbe56cf2b6d86e4c12519d9412490acebc
runs/sfm_dataset3_sfm_full_sift_global_fullres_eval/ablation_eval/jobs/sfm_dataset3_sfm_full_sift_global/resource_samples.csv,26821,07ee32dc7ba4b7cd9c3b70a3e21eeaaf72dd626266a29abca754325ca84beb9c
runs/sfm_dataset3_sfm_full_sift_global_fullres_eval/ablation_eval/manifest.csv,1351,6aac71626c44a05d093db23e1fded01300461622a410a0e3cb911380ca2e45ca
runs/sfm_dataset3_sfm_full_sift_global_fullres_eval/ablation_eval/metrics_long.csv,14622,107f24ecfa384dfbaaca510b114de14381eadc95b1c74f89bd261fc63e335666
runs/sfm_dataset3_sfm_full_sift_global_fullres_eval/ablation_eval/results_final.csv,129,6cf300cc3eaa1536de18eb4bdbeb47d3308e50e0dd2e0f8c8cbbee795a57b170
runs/sfm_dataset3_sfm_full_sift_global_fullres_eval/ablation_eval/results_sfm.csv,1155,9b061a11c0316a2c8ac8d4b9e9e41d8c3ccfa6775b2ad639538030306d0b80b8
runs/sfm_dataset3_sfm_full_sift_global_fullres_eval/ablation_eval/results_splat.csv,3369,b4b4bb89322c0293a8340f78f628363958bdf15c4b8f3892305c0329cb40dcff
runs/sfm_dataset3_sfm_full_sift_global_fullres_eval/ablation_eval/splat_eval/sfm_dataset3_sfm_full_sift_global/p000/attempt_1/lfs_eval_config.json,1356,cb2203da5d26ff25c0d3c42eadd03120278f181cccef913e88874a417c2f1132
runs/sfm_dataset3_sfm_full_sift_global_fullres_eval/ablation_eval/splat_eval/sfm_dataset3_sfm_full_sift_global/p000/attempt_1/loss_history.csv,8262,17fb3294fcee2c4f112e1e444bec99242acaadb9887f7324a43a7417f5f60115
runs/sfm_dataset3_sfm_full_sift_global_fullres_eval/ablation_eval/splat_eval/sfm_dataset3_sfm_full_sift_global/p000/attempt_1/metrics.csv,417,42fa334f49c2c98ab940a3acb754246c51ba5feddc0aaf3b84b1aea5c5067f15
runs/sfm_dataset3_sfm_full_sift_global_fullres_eval/ablation_eval/splat_eval/sfm_dataset3_sfm_full_sift_global/p000/attempt_1/python_metrics.json,456,7064e37f4bdcde149a9813eab9da3b280dfc1d1d4cda535717af1408a3954994
runs/sfm_dataset3_sfm_full_sift_global_fullres_eval/ablation_eval/splat_eval/sfm_dataset3_sfm_full_sift_global/p000/attempt_1/resource_samples.csv,13771,6b1f616b57a969ff10889fbecc0d3bde360d756dbdb65a51ebf4161822a3afe2
runs/sfm_dataset3_sfm_full_sift_global_fullres_eval/ablation_eval/splat_eval/sfm_dataset3_sfm_full_sift_global/p000/attempt_1/training_status.json,2106,083b7ba1139c84900a9a98c41274c2d091cbae20c7e69e4a0934d2d9b3bed34e
runs/sfm_dataset3_sfm_full_sift_global_fullres_eval/ablation_eval/splat_eval/sfm_dataset3_sfm_full_sift_global/p001/attempt_1/lfs_eval_config.json,1356,cb2203da5d26ff25c0d3c42eadd03120278f181cccef913e88874a417c2f1132
runs/sfm_dataset3_sfm_full_sift_global_fullres_eval/ablation_eval/splat_eval/sfm_dataset3_sfm_full_sift_global/p001/attempt_1/loss_history.csv,8244,e9ffc272973d71ddb7d7cd417cd31d4b265bc0098c1ed1b97334d0e868e94448
runs/sfm_dataset3_sfm_full_sift_global_fullres_eval/ablation_eval/splat_eval/sfm_dataset3_sfm_full_sift_global/p001/attempt_1/metrics.csv,417,7512f71b260e2b8db6690868d35ce35090e98183e06eaa8ed120ab054b02883d
runs/sfm_dataset3_sfm_full_sift_global_fullres_eval/ablation_eval/splat_eval/sfm_dataset3_sfm_full_sift_global/p001/attempt_1/python_metrics.json,456,7064e37f4bdcde149a9813eab9da3b280dfc1d1d4cda535717af1408a3954994
runs/sfm_dataset3_sfm_full_sift_global_fullres_eval/ablation_eval/splat_eval/sfm_dataset3_sfm_full_sift_global/p001/attempt_1/resource_samples.csv,12549,dac5c1c42ea98c75620ca9214f2cc6e56df37db71664d1750ef107a52dec9e07
runs/sfm_dataset3_sfm_full_sift_global_fullres_eval/ablation_eval/splat_eval/sfm_dataset3_sfm_full_sift_global/p001/attempt_1/training_status.json,2107,cbf158af1dcbf6afa7c5f4e1a9da2357e18c7c11a5ad7f861e9a3ea1d2fdc43b
runs/sfm_dataset3_sfm_full_sift_global_fullres_eval/ablation_eval/splat_eval/sfm_dataset3_sfm_full_sift_global/p002/attempt_1/lfs_eval_config.json,1356,cb2203da5d26ff25c0d3c42eadd03120278f181cccef913e88874a417c2f1132
runs/sfm_dataset3_sfm_full_sift_global_fullres_eval/ablation_eval/splat_eval/sfm_dataset3_sfm_full_sift_global/p002/attempt_1/loss_history.csv,8255,046d6f7d87dbc9e1d8b344e1f313ba67a0fe1725bfff1acc97e02f9a92b701b3
runs/sfm_dataset3_sfm_full_sift_global_fullres_eval/ablation_eval/splat_eval/sfm_dataset3_sfm_full_sift_global/p002/attempt_1/metrics.csv,417,29d51dc2da4b0be533d909ee10bdbf54e7d2a16c77a4c388db4da0e8b4674f69
runs/sfm_dataset3_sfm_full_sift_global_fullres_eval/ablation_eval/splat_eval/sfm_dataset3_sfm_full_sift_global/p002/attempt_1/python_metrics.json,456,7064e37f4bdcde149a9813eab9da3b280dfc1d1d4cda535717af1408a3954994
runs/sfm_dataset3_sfm_full_sift_global_fullres_eval/ablation_eval/splat_eval/sfm_dataset3_sfm_full_sift_global/p002/attempt_1/resource_samples.csv,12052,5e6c8814a91933803f0f99b305c2b7f26c4a48f0648760376edf81d53a5ac724
runs/sfm_dataset3_sfm_full_sift_global_fullres_eval/ablation_eval/splat_eval/sfm_dataset3_sfm_full_sift_global/p002/attempt_1/training_status.json,2105,b13e196dd50138f06a4a99441be956bdc5e985a786e5eb237da9e98c04cdc8fc
runs/sfm_dataset3_sfm_full_sift_global_fullres_eval/ablation_eval/splat_eval/sfm_dataset3_sfm_full_sift_global/p003/attempt_1/lfs_eval_config.json,1356,cb2203da5d26ff25c0d3c42eadd03120278f181cccef913e88874a417c2f1132
runs/sfm_dataset3_sfm_full_sift_global_fullres_eval/ablation_eval/splat_eval/sfm_dataset3_sfm_full_sift_global/p003/attempt_1/loss_history.csv,8246,e928e6f6a302b55393412f00a09b379d8fe5bdc855f191939854b0ae4093ff75
runs/sfm_dataset3_sfm_full_sift_global_fullres_eval/ablation_eval/splat_eval/sfm_dataset3_sfm_full_sift_global/p003/attempt_1/metrics.csv,417,1a112406a24020d910b598ceb7ae600a984883b9826e6a77aefaf6ad52e1ab73
runs/sfm_dataset3_sfm_full_sift_global_fullres_eval/ablation_eval/splat_eval/sfm_dataset3_sfm_full_sift_global/p003/attempt_1/python_metrics.json,456,7064e37f4bdcde149a9813eab9da3b280dfc1d1d4cda535717af1408a3954994
runs/sfm_dataset3_sfm_full_sift_global_fullres_eval/ablation_eval/splat_eval/sfm_dataset3_sfm_full_sift_global/p003/attempt_1/resource_samples.csv,12188,7aa9600885c13f49dfa31738841c31ff1fa981aa6e27963602528027667ce280
runs/sfm_dataset3_sfm_full_sift_global_fullres_eval/ablation_eval/splat_eval/sfm_dataset3_sfm_full_sift_global/p003/attempt_1/training_status.json,2108,bae85ec7a56a61151dc2e3b94016eecf8838a36d531d0e1dbd18fd75c14a0bf9
runs/sfm_dataset3_sfm_full_sift_global_fullres_eval/ablation_eval/splat_eval/sfm_dataset3_sfm_full_sift_global/p004/attempt_1/lfs_eval_config.json,1356,cb2203da5d26ff25c0d3c42eadd03120278f181cccef913e88874a417c2f1132
runs/sfm_dataset3_sfm_full_sift_global_fullres_eval/ablation_eval/splat_eval/sfm_dataset3_sfm_full_sift_global/p004/attempt_1/loss_history.csv,8259,11e8b4fa748277eae472e208134364c7ed9e5c0044a654c578d342e5d26bc5f1
runs/sfm_dataset3_sfm_full_sift_global_fullres_eval/ablation_eval/splat_eval/sfm_dataset3_sfm_full_sift_global/p004/attempt_1/metrics.csv,417,79f92af82fe7460d72a2fde6358bdfd3399418d3d3b98f29ccd51df2c606ff53
runs/sfm_dataset3_sfm_full_sift_global_fullres_eval/ablation_eval/splat_eval/sfm_dataset3_sfm_full_sift_global/p004/attempt_1/python_metrics.json,456,7064e37f4bdcde149a9813eab9da3b280dfc1d1d4cda535717af1408a3954994
runs/sfm_dataset3_sfm_full_sift_global_fullres_eval/ablation_eval/splat_eval/sfm_dataset3_sfm_full_sift_global/p004/attempt_1/resource_samples.csv,13637,3179d85febddc4472bdd7e058729082663894a7413f1ad3be5c39f804b0065d1
runs/sfm_dataset3_sfm_full_sift_global_fullres_eval/ablation_eval/splat_eval/sfm_dataset3_sfm_full_sift_global/p004/attempt_1/training_status.json,2106,75814367ba3edd86be7896c19e7c4e246f2709eae9e2af3d7f0b95c046bac90b
runs/sfm_dataset3_sfm_full_sift_global_fullres_eval/ablation_eval/splat_eval/sfm_dataset3_sfm_full_sift_global/p005/attempt_1/lfs_eval_config.json,1356,cb2203da5d26ff25c0d3c42eadd03120278f181cccef913e88874a417c2f1132
runs/sfm_dataset3_sfm_full_sift_global_fullres_eval/ablation_eval/splat_eval/sfm_dataset3_sfm_full_sift_global/p005/attempt_1/loss_history.csv,8264,ade596b2ed7b1adb37ffe0f6294cf6c4645ba9081fd34c1edf7b051ed53baa72
runs/sfm_dataset3_sfm_full_sift_global_fullres_eval/ablation_eval/splat_eval/sfm_dataset3_sfm_full_sift_global/p005/attempt_1/metrics.csv,417,699b7f39963dec3748f732089f7dc217f423dc0567d94922df3fe01e55932bd0
runs/sfm_dataset3_sfm_full_sift_global_fullres_eval/ablation_eval/splat_eval/sfm_dataset3_sfm_full_sift_global/p005/attempt_1/python_metrics.json,456,7064e37f4bdcde149a9813eab9da3b280dfc1d1d4cda535717af1408a3954994
runs/sfm_dataset3_sfm_full_sift_global_fullres_eval/ablation_eval/splat_eval/sfm_dataset3_sfm_full_sift_global/p005/attempt_1/resource_samples.csv,12637,d36058dfd654b765e80f9634cb46c2534ea5377fd41327d3bae59294a1dda0b8
runs/sfm_dataset3_sfm_full_sift_global_fullres_eval/ablation_eval/splat_eval/sfm_dataset3_sfm_full_sift_global/p005/attempt_1/training_status.json,2108,e78c2be39dfd75957ffdcbb1f04a4f137012b8a902cc6cf1efd2fa0b52da2cbc
runs/sfm_dataset3_sfm_full_sift_global_fullres_eval/ablation_eval/splat_eval/sfm_dataset3_sfm_full_sift_global/p006/attempt_1/lfs_eval_config.json,1356,cb2203da5d26ff25c0d3c42eadd03120278f181cccef913e88874a417c2f1132
runs/sfm_dataset3_sfm_full_sift_global_fullres_eval/ablation_eval/splat_eval/sfm_dataset3_sfm_full_sift_global/p006/attempt_1/loss_history.csv,8233,e71fa8fe9f4fb1db4f3a28850c87807c3670c1237e47f69c1a40e002bceec474
runs/sfm_dataset3_sfm_full_sift_global_fullres_eval/ablation_eval/splat_eval/sfm_dataset3_sfm_full_sift_global/p006/attempt_1/metrics.csv,417,879dd11433eacaab6355c1d25409901245f4d505fa124769878905de93ca9931
runs/sfm_dataset3_sfm_full_sift_global_fullres_eval/ablation_eval/splat_eval/sfm_dataset3_sfm_full_sift_global/p006/attempt_1/python_metrics.json,456,7064e37f4bdcde149a9813eab9da3b280dfc1d1d4cda535717af1408a3954994
runs/sfm_dataset3_sfm_full_sift_global_fullres_eval/ablation_eval/splat_eval/sfm_dataset3_sfm_full_sift_global/p006/attempt_1/resource_samples.csv,11562,f475c427feca6a2608e67169edfbdb3a380897704a4d2a5ac24ec6c07fc346a2
runs/sfm_dataset3_sfm_full_sift_global_fullres_eval/ablation_eval/splat_eval/sfm_dataset3_sfm_full_sift_global/p006/attempt_1/training_status.json,2109,91f618fdc2c3d626bb25757c3c37f1f38aef5b3313ceee0f6c17d84ce14102d2
runs/sfm_dataset3_sfm_full_sift_global_fullres_eval/ablation_eval/splat_eval/sfm_dataset3_sfm_full_sift_global/p007/attempt_1/lfs_eval_config.json,1356,cb2203da5d26ff25c0d3c42eadd03120278f181cccef913e88874a417c2f1132
runs/sfm_dataset3_sfm_full_sift_global_fullres_eval/ablation_eval/splat_eval/sfm_dataset3_sfm_full_sift_global/p007/attempt_1/loss_history.csv,8251,891ddb1ec62e54fac78aeb2f0c8fb0ca88217c16059e00759ead054755ba0f67
runs/sfm_dataset3_sfm_full_sift_global_fullres_eval/ablation_eval/splat_eval/sfm_dataset3_sfm_full_sift_global/p007/attempt_1/metrics.csv,417,14cc7523a167f80f13a6fd42185dad6cfeebefd8b744de3af45b00f8eb17fed5
runs/sfm_dataset3_sfm_full_sift_global_fullres_eval/ablation_eval/splat_eval/sfm_dataset3_sfm_full_sift_global/p007/attempt_1/python_metrics.json,456,7064e37f4bdcde149a9813eab9da3b280dfc1d1d4cda535717af1408a3954994
runs/sfm_dataset3_sfm_full_sift_global_fullres_eval/ablation_eval/splat_eval/sfm_dataset3_sfm_full_sift_global/p007/attempt_1/resource_samples.csv,11650,30c408fbdb1a63a85d1645030c91807ac125cfe0251c9efdbd0dbc544cf3ae37
runs/sfm_dataset3_sfm_full_sift_global_fullres_eval/ablation_eval/splat_eval/sfm_dataset3_sfm_full_sift_global/p007/attempt_1/training_status.json,2107,a94ddc81fcf42120375f1b8a752d402f4e6a6d8f4f9a8bdcc1074250441152dc
runs/sfm_dataset3_sfm_full_sift_global_fullres_eval/ablation_eval/splat_eval/sfm_dataset3_sfm_full_sift_global/p008/attempt_1/lfs_eval_config.json,1356,cb2203da5d26ff25c0d3c42eadd03120278f181cccef913e88874a417c2f1132
runs/sfm_dataset3_sfm_full_sift_global_fullres_eval/ablation_eval/splat_eval/sfm_dataset3_sfm_full_sift_global/p008/attempt_1/loss_history.csv,8224,0ca46842c0b30ee3b4e5557dd55c483cdf659565689c72c1b33d8edf31e64a4f
runs/sfm_dataset3_sfm_full_sift_global_fullres_eval/ablation_eval/splat_eval/sfm_dataset3_sfm_full_sift_global/p008/attempt_1/metrics.csv,417,e5e65b9eda546fa857ba2c38bf7f1f517c17c644292e333f7008dd39b4622219
runs/sfm_dataset3_sfm_full_sift_global_fullres_eval/ablation_eval/splat_eval/sfm_dataset3_sfm_full_sift_global/p008/attempt_1/python_metrics.json,456,7064e37f4bdcde149a9813eab9da3b280dfc1d1d4cda535717af1408a3954994
runs/sfm_dataset3_sfm_full_sift_global_fullres_eval/ablation_eval/splat_eval/sfm_dataset3_sfm_full_sift_global/p008/attempt_1/resource_samples.csv,9820,10e070e01c4d0ace4463806a0357a6883ddb4b4340a5ef185320ca4b150d008b
runs/sfm_dataset3_sfm_full_sift_global_fullres_eval/ablation_eval/splat_eval/sfm_dataset3_sfm_full_sift_global/p008/attempt_1/training_status.json,2108,320bc4bf363cff705ed5a5001bb69e627d5d048a3dba3a29858b26ff8f9bf5e2
runs/sfm_dataset3_sfm_full_sift_global_fullres_eval/ablation_eval/splat_eval_selection.json,540,07cd1d2fcd382284afdcc6dd0ded82472eebbc39c471fadc4df3579e6ac4311a
runs/sfm_dataset3_sfm_full_sift_global_fullres_eval/diagnostics/runs/sfm_dataset3_sfm_full_sift_global/logs/colmap.log,3875518,569dd7ec663df6828b8e59437856899e4fa19a2843e6ab0114b447854c1c2690
runs/sfm_dataset3_sfm_full_sift_global_fullres_eval/diagnostics/runs/sfm_dataset3_sfm_full_sift_global/logs/pipeline.log,5647,20837439ee8eb303e8a5b7a8d8e7ee130acfd2c8baa912af4c4b13763d665ea1
runs/sfm_dataset3_sfm_full_sift_global_fullres_eval/diagnostics/runs/sfm_dataset3_sfm_full_sift_global/logs/warnings.log,718,8c464c267fa6d133ff46136919145713457f255a65f78be87863dbba0780f488
runs/sfm_dataset3_sfm_full_sift_global_fullres_eval/diagnostics/runs/sfm_dataset3_sfm_full_sift_global/run_status.json,701,15746ed7dc11f7a0daea258badaa18feeb049063b370352c4cd4e1bdb1bc3593
runs/sfm_dataset3_sfm_full_sift_global_fullres_eval/diagnostics/runs/sfm_dataset3_sfm_full_sift_global/timings.json,2193,add947e73ededefe2dab6036c7356958b7b0c0def93bba180d91352754d72e14
runs/sfm_dataset3_sfm_full_sift_global_fullres_eval/diagnostics/runs/sfm_dataset3_sfm_full_sift_global_fullres_eval/resource_samples.csv,75309,777d2792c5476c549b3793e04bb6364bb0934b676e309b055548503f39936185
runs/sfm_dataset3_sfm_full_sift_global_fullres_eval/diagnostics/runs/sfm_dataset3_sfm_full_sift_global_fullres_eval/resource_summary.json,152,f72fe3ef1a926c8519670c0e5bcf2d1d30d1e6575ce8af27d7ba4acdadf28930
runs/sfm_dataset3_sfm_full_sift_global_fullres_eval/resource_samples.csv,75309,777d2792c5476c549b3793e04bb6364bb0934b676e309b055548503f39936185
runs/sfm_dataset3_sfm_full_sift_global_fullres_eval/sfm_dataset3_sfm_full_sift_global_fullres_eval.exit,7,194ff5bca66278888f0f00be5c7ca523d15098ece958b14952533811089f6106
runs/sfm_dataset3_sfm_full_sift_global_fullres_eval/worker_identity.json,470,9076f4fdd0fe66ceacae237666e73ed72591337ff690f9ece544546719d1caed
runs/sfm_dataset3_sfm_full_sift_incremental_fullres_eval/ablation_eval/jobs/sfm_dataset3_sfm_full_sift_incremental/resource_samples.csv,67466,15cd022fa4f039e541997a567c80801c2e7935982759de527c03d3c5fc57db98
runs/sfm_dataset3_sfm_full_sift_incremental_fullres_eval/ablation_eval/manifest.csv,1413,ed7a90edf5bb4d5df9571c07531b2368c23f90885bb9504dbb5ad2430ed3858f
runs/sfm_dataset3_sfm_full_sift_incremental_fullres_eval/ablation_eval/metrics_long.csv,15162,985df8e563232fab4769bf1a7babe032c007cd61c60b358ad52749f7c1376e40
runs/sfm_dataset3_sfm_full_sift_incremental_fullres_eval/ablation_eval/results_final.csv,129,6cf300cc3eaa1536de18eb4bdbeb47d3308e50e0dd2e0f8c8cbbee795a57b170
runs/sfm_dataset3_sfm_full_sift_incremental_fullres_eval/ablation_eval/results_sfm.csv,1169,e6140ad6de068c0a20d8b09bd9d3005b206071a1be5ec24089b21a139988e938
runs/sfm_dataset3_sfm_full_sift_incremental_fullres_eval/ablation_eval/results_splat.csv,3457,b0cfa8b1f396b36a7995cdd7f2058cc7f063dedc0116f91c3a44b3065a760af3
runs/sfm_dataset3_sfm_full_sift_incremental_fullres_eval/ablation_eval/splat_eval/sfm_dataset3_sfm_full_sift_incremental/p000/attempt_1/lfs_eval_config.json,1356,cb2203da5d26ff25c0d3c42eadd03120278f181cccef913e88874a417c2f1132
runs/sfm_dataset3_sfm_full_sift_incremental_fullres_eval/ablation_eval/splat_eval/sfm_dataset3_sfm_full_sift_incremental/p000/attempt_1/loss_history.csv,8254,f50d6d5c959bb6174dc9e19088c0a325670f96979cfa449e5a5577679fa64dd8
runs/sfm_dataset3_sfm_full_sift_incremental_fullres_eval/ablation_eval/splat_eval/sfm_dataset3_sfm_full_sift_incremental/p000/attempt_1/metrics.csv,417,e6992a67923baff1fcacbaddaf8561f40db6feef2e03dcfec98b069916650ed5
runs/sfm_dataset3_sfm_full_sift_incremental_fullres_eval/ablation_eval/splat_eval/sfm_dataset3_sfm_full_sift_incremental/p000/attempt_1/python_metrics.json,456,3831dc8b73c4b9375d6475b8861eee250bb05c363136b9560edb0db10136cba8
runs/sfm_dataset3_sfm_full_sift_incremental_fullres_eval/ablation_eval/splat_eval/sfm_dataset3_sfm_full_sift_incremental/p000/attempt_1/resource_samples.csv,12154,f2e913e5b42ca953eb40106a749d7042e2d02f687b34031e4ab6da015e4f6cf1
runs/sfm_dataset3_sfm_full_sift_incremental_fullres_eval/ablation_eval/splat_eval/sfm_dataset3_sfm_full_sift_incremental/p000/attempt_1/training_status.json,2143,e28f14dd65afd847318604909b078b475b70dd9a0212ec5aa2cfb1743678a09e
runs/sfm_dataset3_sfm_full_sift_incremental_fullres_eval/ablation_eval/splat_eval/sfm_dataset3_sfm_full_sift_incremental/p001/attempt_1/lfs_eval_config.json,1356,cb2203da5d26ff25c0d3c42eadd03120278f181cccef913e88874a417c2f1132
runs/sfm_dataset3_sfm_full_sift_incremental_fullres_eval/ablation_eval/splat_eval/sfm_dataset3_sfm_full_sift_incremental/p001/attempt_1/loss_history.csv,8257,d0bf30403df38094b929daf8de5d782f3c24eaffdf8df980445f2c8b9fb9b8c9
runs/sfm_dataset3_sfm_full_sift_incremental_fullres_eval/ablation_eval/splat_eval/sfm_dataset3_sfm_full_sift_incremental/p001/attempt_1/metrics.csv,417,090fbcd69942ab4b2d986659b77e81c0d3b329a3e5ae02625f4945dfabdd33d3
runs/sfm_dataset3_sfm_full_sift_incremental_fullres_eval/ablation_eval/splat_eval/sfm_dataset3_sfm_full_sift_incremental/p001/attempt_1/python_metrics.json,456,3831dc8b73c4b9375d6475b8861eee250bb05c363136b9560edb0db10136cba8
runs/sfm_dataset3_sfm_full_sift_incremental_fullres_eval/ablation_eval/splat_eval/sfm_dataset3_sfm_full_sift_incremental/p001/attempt_1/resource_samples.csv,11562,a19ee581271e2cbd3a9e20a0363561b6e4eed51a2aaf3cd010fc8e1982c5f370
runs/sfm_dataset3_sfm_full_sift_incremental_fullres_eval/ablation_eval/splat_eval/sfm_dataset3_sfm_full_sift_incremental/p001/attempt_1/training_status.json,2141,66ecd6dddd8a0b14687c097191a6d25d851873c135c0d437db96624e6a3b8ae9
runs/sfm_dataset3_sfm_full_sift_incremental_fullres_eval/ablation_eval/splat_eval/sfm_dataset3_sfm_full_sift_incremental/p002/attempt_1/lfs_eval_config.json,1356,cb2203da5d26ff25c0d3c42eadd03120278f181cccef913e88874a417c2f1132
runs/sfm_dataset3_sfm_full_sift_incremental_fullres_eval/ablation_eval/splat_eval/sfm_dataset3_sfm_full_sift_incremental/p002/attempt_1/loss_history.csv,8254,2263d44cb9ce44cb6f198ea19a95a752b41255c0638590077f9e05c923238481
runs/sfm_dataset3_sfm_full_sift_incremental_fullres_eval/ablation_eval/splat_eval/sfm_dataset3_sfm_full_sift_incremental/p002/attempt_1/metrics.csv,417,00d890ddc0f55a39ad994141a66475f5a89a20a1afb4f3fd9cc5ebb7ee1cbb1c
runs/sfm_dataset3_sfm_full_sift_incremental_fullres_eval/ablation_eval/splat_eval/sfm_dataset3_sfm_full_sift_incremental/p002/attempt_1/python_metrics.json,456,3831dc8b73c4b9375d6475b8861eee250bb05c363136b9560edb0db10136cba8
runs/sfm_dataset3_sfm_full_sift_incremental_fullres_eval/ablation_eval/splat_eval/sfm_dataset3_sfm_full_sift_incremental/p002/attempt_1/resource_samples.csv,13741,4946469e27dee80c72d8c9361628dc0f8e7b2e36904dd0a88d05165190a01d51
runs/sfm_dataset3_sfm_full_sift_incremental_fullres_eval/ablation_eval/splat_eval/sfm_dataset3_sfm_full_sift_incremental/p002/attempt_1/training_status.json,2144,3fafef2d2094d7554ac644dbbdf148f6d6056187c5ff759c1e80fb34abda4f5c
runs/sfm_dataset3_sfm_full_sift_incremental_fullres_eval/ablation_eval/splat_eval/sfm_dataset3_sfm_full_sift_incremental/p003/attempt_1/lfs_eval_config.json,1356,cb2203da5d26ff25c0d3c42eadd03120278f181cccef913e88874a417c2f1132
runs/sfm_dataset3_sfm_full_sift_incremental_fullres_eval/ablation_eval/splat_eval/sfm_dataset3_sfm_full_sift_incremental/p003/attempt_1/loss_history.csv,8250,582e447ddaf674c70ea9f2d62ae56eabce40a34ea3594a762fd22e0ea5f09d58
runs/sfm_dataset3_sfm_full_sift_incremental_fullres_eval/ablation_eval/splat_eval/sfm_dataset3_sfm_full_sift_incremental/p003/attempt_1/metrics.csv,417,cb0be46fe9473e9569a7b297d1a27dc74a3f52d20b2e7610944c918b6be5b3de
runs/sfm_dataset3_sfm_full_sift_incremental_fullres_eval/ablation_eval/splat_eval/sfm_dataset3_sfm_full_sift_incremental/p003/attempt_1/python_metrics.json,456,3831dc8b73c4b9375d6475b8861eee250bb05c363136b9560edb0db10136cba8
runs/sfm_dataset3_sfm_full_sift_incremental_fullres_eval/ablation_eval/splat_eval/sfm_dataset3_sfm_full_sift_incremental/p003/attempt_1/resource_samples.csv,12274,9c9fb9e6d12af0c2249096724a050258398f5351d600bbedcbe213f3afd99937
runs/sfm_dataset3_sfm_full_sift_incremental_fullres_eval/ablation_eval/splat_eval/sfm_dataset3_sfm_full_sift_incremental/p003/attempt_1/training_status.json,2141,68c131694b757d53f32e1bd604ce175d8b00e295c8bb740bec211204e6058513
runs/sfm_dataset3_sfm_full_sift_incremental_fullres_eval/ablation_eval/splat_eval/sfm_dataset3_sfm_full_sift_incremental/p004/attempt_1/lfs_eval_config.json,1356,cb2203da5d26ff25c0d3c42eadd03120278f181cccef913e88874a417c2f1132
runs/sfm_dataset3_sfm_full_sift_incremental_fullres_eval/ablation_eval/splat_eval/sfm_dataset3_sfm_full_sift_incremental/p004/attempt_1/loss_history.csv,8254,2d43b34467500a050b8ab5d682b57e7b5dbab3e94ea25e04230565e790d7b01a
runs/sfm_dataset3_sfm_full_sift_incremental_fullres_eval/ablation_eval/splat_eval/sfm_dataset3_sfm_full_sift_incremental/p004/attempt_1/metrics.csv,417,0f31f62ee8738216402b1d2aa2367a9944b38622ace9e78f4961b82838ed9ab3
runs/sfm_dataset3_sfm_full_sift_incremental_fullres_eval/ablation_eval/splat_eval/sfm_dataset3_sfm_full_sift_incremental/p004/attempt_1/python_metrics.json,456,3831dc8b73c4b9375d6475b8861eee250bb05c363136b9560edb0db10136cba8
runs/sfm_dataset3_sfm_full_sift_incremental_fullres_eval/ablation_eval/splat_eval/sfm_dataset3_sfm_full_sift_incremental/p004/attempt_1/resource_samples.csv,12100,0404650902c1a3c53f116d7a2aea00ac948df0b6f198e4e8afc4e9576d47ab61
runs/sfm_dataset3_sfm_full_sift_incremental_fullres_eval/ablation_eval/splat_eval/sfm_dataset3_sfm_full_sift_incremental/p004/attempt_1/training_status.json,2142,263ba45771436749e2a4e0cd77662f98476f8afb864b86041558f3d24bc852ff
runs/sfm_dataset3_sfm_full_sift_incremental_fullres_eval/ablation_eval/splat_eval/sfm_dataset3_sfm_full_sift_incremental/p005/attempt_1/lfs_eval_config.json,1356,cb2203da5d26ff25c0d3c42eadd03120278f181cccef913e88874a417c2f1132
runs/sfm_dataset3_sfm_full_sift_incremental_fullres_eval/ablation_eval/splat_eval/sfm_dataset3_sfm_full_sift_incremental/p005/attempt_1/loss_history.csv,8243,f88b4fff75dae2815bf2be9024ac4f05965aa9310cf49f1815e11ee272468da8
runs/sfm_dataset3_sfm_full_sift_incremental_fullres_eval/ablation_eval/splat_eval/sfm_dataset3_sfm_full_sift_incremental/p005/attempt_1/metrics.csv,417,511703adf7c967f2643ee6e496d614e20cf87a343574fabc91d9889607c7ea11
runs/sfm_dataset3_sfm_full_sift_incremental_fullres_eval/ablation_eval/splat_eval/sfm_dataset3_sfm_full_sift_incremental/p005/attempt_1/python_metrics.json,456,3831dc8b73c4b9375d6475b8861eee250bb05c363136b9560edb0db10136cba8
runs/sfm_dataset3_sfm_full_sift_incremental_fullres_eval/ablation_eval/splat_eval/sfm_dataset3_sfm_full_sift_incremental/p005/attempt_1/resource_samples.csv,11743,0c48b361f6851ce4dc827377f9fba11400573ce0167da13cb44fb70ec5aa1272
runs/sfm_dataset3_sfm_full_sift_incremental_fullres_eval/ablation_eval/splat_eval/sfm_dataset3_sfm_full_sift_incremental/p005/attempt_1/training_status.json,2140,68e3ed682ec9cc851f20322159b937514534efceb02c11cb909dc1d4e325c217
runs/sfm_dataset3_sfm_full_sift_incremental_fullres_eval/ablation_eval/splat_eval/sfm_dataset3_sfm_full_sift_incremental/p006/attempt_1/lfs_eval_config.json,1356,cb2203da5d26ff25c0d3c42eadd03120278f181cccef913e88874a417c2f1132
runs/sfm_dataset3_sfm_full_sift_incremental_fullres_eval/ablation_eval/splat_eval/sfm_dataset3_sfm_full_sift_incremental/p006/attempt_1/loss_history.csv,8248,aa9fea0b7e0666d2055593f5e0500c31fe9abe6496875f23604005c07b726d6b
runs/sfm_dataset3_sfm_full_sift_incremental_fullres_eval/ablation_eval/splat_eval/sfm_dataset3_sfm_full_sift_incremental/p006/attempt_1/metrics.csv,417,9bc983f26d7fb5b2c6de83b26c2d4321c1dc6b44cd9eafd8af7c2b41610a46c2
runs/sfm_dataset3_sfm_full_sift_incremental_fullres_eval/ablation_eval/splat_eval/sfm_dataset3_sfm_full_sift_incremental/p006/attempt_1/python_metrics.json,456,3831dc8b73c4b9375d6475b8861eee250bb05c363136b9560edb0db10136cba8
runs/sfm_dataset3_sfm_full_sift_incremental_fullres_eval/ablation_eval/splat_eval/sfm_dataset3_sfm_full_sift_incremental/p006/attempt_1/resource_samples.csv,11603,d6d36e60f0e0b6cfa0fdc62cfd0e08ea680dd1a89027ab48e2da9cb978079f25
runs/sfm_dataset3_sfm_full_sift_incremental_fullres_eval/ablation_eval/splat_eval/sfm_dataset3_sfm_full_sift_incremental/p006/attempt_1/training_status.json,2144,f8434d896b7cd1319c537e68ddeddb38df77a76b2eb0d3c46f72fee1d5662be0
runs/sfm_dataset3_sfm_full_sift_incremental_fullres_eval/ablation_eval/splat_eval/sfm_dataset3_sfm_full_sift_incremental/p007/attempt_1/lfs_eval_config.json,1356,cb2203da5d26ff25c0d3c42eadd03120278f181cccef913e88874a417c2f1132
runs/sfm_dataset3_sfm_full_sift_incremental_fullres_eval/ablation_eval/splat_eval/sfm_dataset3_sfm_full_sift_incremental/p007/attempt_1/loss_history.csv,8249,5875ef2a80525a838a70cb4a673833f9dbb914c20ebaab4a252ee8017be81dd9
runs/sfm_dataset3_sfm_full_sift_incremental_fullres_eval/ablation_eval/splat_eval/sfm_dataset3_sfm_full_sift_incremental/p007/attempt_1/metrics.csv,417,3d85971562a4632270281f8aee01c9c8708be669feebd393135a4831e0a0dd4a
runs/sfm_dataset3_sfm_full_sift_incremental_fullres_eval/ablation_eval/splat_eval/sfm_dataset3_sfm_full_sift_incremental/p007/attempt_1/python_metrics.json,456,3831dc8b73c4b9375d6475b8861eee250bb05c363136b9560edb0db10136cba8
runs/sfm_dataset3_sfm_full_sift_incremental_fullres_eval/ablation_eval/splat_eval/sfm_dataset3_sfm_full_sift_incremental/p007/attempt_1/resource_samples.csv,12943,3634881c678602988617796fef41f1e624bc4aec3970f024496125ff7ca58f13
runs/sfm_dataset3_sfm_full_sift_incremental_fullres_eval/ablation_eval/splat_eval/sfm_dataset3_sfm_full_sift_incremental/p007/attempt_1/training_status.json,2141,d1f82b4d8bb3a8858f364f97b2fb2bc22cc88a20c458c8ef63a0416322e07f53
runs/sfm_dataset3_sfm_full_sift_incremental_fullres_eval/ablation_eval/splat_eval/sfm_dataset3_sfm_full_sift_incremental/p008/attempt_1/lfs_eval_config.json,1356,cb2203da5d26ff25c0d3c42eadd03120278f181cccef913e88874a417c2f1132
runs/sfm_dataset3_sfm_full_sift_incremental_fullres_eval/ablation_eval/splat_eval/sfm_dataset3_sfm_full_sift_incremental/p008/attempt_1/loss_history.csv,8245,6a5d596aad17adbb1890e20dd4cf5240c783c3e1a53fa3c301e33ba6eb121f0a
runs/sfm_dataset3_sfm_full_sift_incremental_fullres_eval/ablation_eval/splat_eval/sfm_dataset3_sfm_full_sift_incremental/p008/attempt_1/metrics.csv,417,ac904f0c1cdb639e53d8fa54081adc6c7a267de4e2104899356f96de6c963b1b
runs/sfm_dataset3_sfm_full_sift_incremental_fullres_eval/ablation_eval/splat_eval/sfm_dataset3_sfm_full_sift_incremental/p008/attempt_1/python_metrics.json,456,3831dc8b73c4b9375d6475b8861eee250bb05c363136b9560edb0db10136cba8
runs/sfm_dataset3_sfm_full_sift_incremental_fullres_eval/ablation_eval/splat_eval/sfm_dataset3_sfm_full_sift_incremental/p008/attempt_1/resource_samples.csv,12056,3bff81fc9a33ea4dfe97c5b5c25d34ba2385b49bf659868e83620c076bfcda05
runs/sfm_dataset3_sfm_full_sift_incremental_fullres_eval/ablation_eval/splat_eval/sfm_dataset3_sfm_full_sift_incremental/p008/attempt_1/training_status.json,2142,cad42feebd3a05895fa1ca2c0ac3956f218063709028707f9f8eca0802881c6f
runs/sfm_dataset3_sfm_full_sift_incremental_fullres_eval/ablation_eval/splat_eval_selection.json,550,dc2987bf9b3096963b320b980e375efb1f3fce6a9c863e90433ba5a6580cf95f
runs/sfm_dataset3_sfm_full_sift_incremental_fullres_eval/diagnostics/runs/sfm_dataset3_sfm_full_sift_incremental/logs/colmap.log,4421485,5bff7153bb0bc316f19fbbf5a561b78b6a163b040835810e281bb24786624119
runs/sfm_dataset3_sfm_full_sift_incremental_fullres_eval/diagnostics/runs/sfm_dataset3_sfm_full_sift_incremental/logs/pipeline.log,5668,c7b7bcaf7f0165c829b9a187e19c8e39e04b4f3a5dc149d19cd7d58748944225
runs/sfm_dataset3_sfm_full_sift_incremental_fullres_eval/diagnostics/runs/sfm_dataset3_sfm_full_sift_incremental/logs/warnings.log,718,46bfef8fc366332250737d4653bf6c88180d476cc336d568d168268f622b3154
runs/sfm_dataset3_sfm_full_sift_incremental_fullres_eval/diagnostics/runs/sfm_dataset3_sfm_full_sift_incremental/run_status.json,701,498b934514ac2c3b6cad393313fba2146e1fd9acf0ddceb1f24d6831c0171a60
runs/sfm_dataset3_sfm_full_sift_incremental_fullres_eval/diagnostics/runs/sfm_dataset3_sfm_full_sift_incremental/timings.json,2194,8baa67a52ef53fbbd745fc6d726e4979e54d1fc8a0a752f817364a70483981cd
runs/sfm_dataset3_sfm_full_sift_incremental_fullres_eval/diagnostics/runs/sfm_dataset3_sfm_full_sift_incremental_fullres_eval/resource_samples.csv,112451,98e07347ed19c4e058f70a765878683caa4fd43934f47df7e4da034b69966e13
runs/sfm_dataset3_sfm_full_sift_incremental_fullres_eval/diagnostics/runs/sfm_dataset3_sfm_full_sift_incremental_fullres_eval/resource_summary.json,152,fff9d061785869703765d33d29fe623325b746fef422fa9197f0c9ba11f04e2c
runs/sfm_dataset3_sfm_full_sift_incremental_fullres_eval/resource_samples.csv,112451,98e07347ed19c4e058f70a765878683caa4fd43934f47df7e4da034b69966e13
runs/sfm_dataset3_sfm_full_sift_incremental_fullres_eval/sfm_dataset3_sfm_full_sift_incremental_fullres_eval.exit,7,194ff5bca66278888f0f00be5c7ca523d15098ece958b14952533811089f6106
runs/sfm_dataset3_sfm_full_sift_incremental_fullres_eval/worker_identity.json,475,03cb6cb1dd9c19709323853f5ea8e764be0907d838ef467729413920f02d1694
runs/sfm_dataset4_sfm_1024_aliked_global_fullres_eval/ablation_eval/jobs/sfm_dataset4_sfm_1024_aliked_global/resource_samples.csv,31505,df36f9f1bf2e933530e547883794d106d40676d4732bbb4933e001ed879d6392
runs/sfm_dataset4_sfm_1024_aliked_global_fullres_eval/ablation_eval/manifest.csv,1619,8651d7ef693f74ef4c3610d03d7b2a0c091ad6e3f629a0e3f30202daa60bc770
runs/sfm_dataset4_sfm_1024_aliked_global_fullres_eval/ablation_eval/metrics_long.csv,16480,5cca1d0339f02b668b1c1d24c3085914121e826eecbdd2f8908099d93ea74d1e
runs/sfm_dataset4_sfm_1024_aliked_global_fullres_eval/ablation_eval/results_final.csv,129,6cf300cc3eaa1536de18eb4bdbeb47d3308e50e0dd2e0f8c8cbbee795a57b170
runs/sfm_dataset4_sfm_1024_aliked_global_fullres_eval/ablation_eval/results_sfm.csv,1166,3fb633ed369bbfee98c06d6da14dcdc73a9892559d7a038e34f01346eba01cc5
runs/sfm_dataset4_sfm_1024_aliked_global_fullres_eval/ablation_eval/results_splat.csv,3752,3c2c59a9501a488cd967dd5c1e828c7906bbcd994488b66855d7bf5443650828
runs/sfm_dataset4_sfm_1024_aliked_global_fullres_eval/ablation_eval/splat_eval/sfm_dataset4_sfm_1024_aliked_global/p000/attempt_1/lfs_eval_config.json,1356,cb2203da5d26ff25c0d3c42eadd03120278f181cccef913e88874a417c2f1132
runs/sfm_dataset4_sfm_1024_aliked_global_fullres_eval/ablation_eval/splat_eval/sfm_dataset4_sfm_1024_aliked_global/p000/attempt_1/loss_history.csv,8177,7c7ccd35cbbc20850bd59c6aff11025056e853baf046abcecaa8d679af34d7ad
runs/sfm_dataset4_sfm_1024_aliked_global_fullres_eval/ablation_eval/splat_eval/sfm_dataset4_sfm_1024_aliked_global/p000/attempt_1/metrics.csv,417,a2fe87501a05016a8f3418a29e21caefa0b76144ba11bc60927a5c80a66fbe11
runs/sfm_dataset4_sfm_1024_aliked_global_fullres_eval/ablation_eval/splat_eval/sfm_dataset4_sfm_1024_aliked_global/p000/attempt_1/python_metrics.json,511,d2fd64788bdbf660995fce3bbdfa07aaf7be8be7bb78488e1bc171cf37514dd6
runs/sfm_dataset4_sfm_1024_aliked_global_fullres_eval/ablation_eval/splat_eval/sfm_dataset4_sfm_1024_aliked_global/p000/attempt_1/resource_samples.csv,14307,4e1946835d1fe861da61f76be8aa291784e0a9cd1a0e0e6ce427da8df2d8bbbd
runs/sfm_dataset4_sfm_1024_aliked_global_fullres_eval/ablation_eval/splat_eval/sfm_dataset4_sfm_1024_aliked_global/p000/attempt_1/training_status.json,2122,14b341960197fb641df26b37b4f240d361702290095c1a0fd932fa1c9bf48489
runs/sfm_dataset4_sfm_1024_aliked_global_fullres_eval/ablation_eval/splat_eval/sfm_dataset4_sfm_1024_aliked_global/p002/attempt_1/lfs_eval_config.json,1356,cb2203da5d26ff25c0d3c42eadd03120278f181cccef913e88874a417c2f1132
runs/sfm_dataset4_sfm_1024_aliked_global_fullres_eval/ablation_eval/splat_eval/sfm_dataset4_sfm_1024_aliked_global/p002/attempt_1/loss_history.csv,8177,84cd0bfc022067b9590a0f66a58dffb0d716cf9624d391a2d4587fdfbf71e17d
runs/sfm_dataset4_sfm_1024_aliked_global_fullres_eval/ablation_eval/splat_eval/sfm_dataset4_sfm_1024_aliked_global/p002/attempt_1/metrics.csv,417,fa1d967187ad9dfa67377995eef68fb56a0e6bc5ac4dd8c1861737b6a08e7c52
runs/sfm_dataset4_sfm_1024_aliked_global_fullres_eval/ablation_eval/splat_eval/sfm_dataset4_sfm_1024_aliked_global/p002/attempt_1/python_metrics.json,511,d2fd64788bdbf660995fce3bbdfa07aaf7be8be7bb78488e1bc171cf37514dd6
runs/sfm_dataset4_sfm_1024_aliked_global_fullres_eval/ablation_eval/splat_eval/sfm_dataset4_sfm_1024_aliked_global/p002/attempt_1/resource_samples.csv,16016,4ab528ffb81037eef0ff0501afc860c4bf53b696e6aa6affb21ff08e414cd165
runs/sfm_dataset4_sfm_1024_aliked_global_fullres_eval/ablation_eval/splat_eval/sfm_dataset4_sfm_1024_aliked_global/p002/attempt_1/training_status.json,2121,300fdbffaedcc6a71992e6de9e986a3e8a704d40aaaeb9590c7441292636e2e5
runs/sfm_dataset4_sfm_1024_aliked_global_fullres_eval/ablation_eval/splat_eval/sfm_dataset4_sfm_1024_aliked_global/p004/attempt_1/lfs_eval_config.json,1356,cb2203da5d26ff25c0d3c42eadd03120278f181cccef913e88874a417c2f1132
runs/sfm_dataset4_sfm_1024_aliked_global_fullres_eval/ablation_eval/splat_eval/sfm_dataset4_sfm_1024_aliked_global/p004/attempt_1/loss_history.csv,8187,bd0b8dad9c034875cec86f899e2a13a97a5d930f67af1e91f9002ba2a4189c10
runs/sfm_dataset4_sfm_1024_aliked_global_fullres_eval/ablation_eval/splat_eval/sfm_dataset4_sfm_1024_aliked_global/p004/attempt_1/metrics.csv,417,a9d3930338cf6113e2c0a4698df1a606f7b62d768a80529d2ec8aa1b1c4a103b
runs/sfm_dataset4_sfm_1024_aliked_global_fullres_eval/ablation_eval/splat_eval/sfm_dataset4_sfm_1024_aliked_global/p004/attempt_1/python_metrics.json,511,d2fd64788bdbf660995fce3bbdfa07aaf7be8be7bb78488e1bc171cf37514dd6
runs/sfm_dataset4_sfm_1024_aliked_global_fullres_eval/ablation_eval/splat_eval/sfm_dataset4_sfm_1024_aliked_global/p004/attempt_1/resource_samples.csv,15473,5dfdc08af148e9e3ab8a20f6f6748da5c836f2abf56f4d91015ade23927d397e
runs/sfm_dataset4_sfm_1024_aliked_global_fullres_eval/ablation_eval/splat_eval/sfm_dataset4_sfm_1024_aliked_global/p004/attempt_1/training_status.json,2125,95a590738b1e5ad6e110819f85d8b29befe55049bf2107a0e98f8e6cd98b7577
runs/sfm_dataset4_sfm_1024_aliked_global_fullres_eval/ablation_eval/splat_eval/sfm_dataset4_sfm_1024_aliked_global/p006/attempt_1/lfs_eval_config.json,1356,cb2203da5d26ff25c0d3c42eadd03120278f181cccef913e88874a417c2f1132
runs/sfm_dataset4_sfm_1024_aliked_global_fullres_eval/ablation_eval/splat_eval/sfm_dataset4_sfm_1024_aliked_global/p006/attempt_1/loss_history.csv,8193,6d923314b7a0a492ce849e544e3084d0e135b8d7d03e7a78e834a0a5a3c05590
runs/sfm_dataset4_sfm_1024_aliked_global_fullres_eval/ablation_eval/splat_eval/sfm_dataset4_sfm_1024_aliked_global/p006/attempt_1/metrics.csv,417,d94a2997a88b4a5b0a80c7c076e17db73ce50ce85bdc920d9a82d6b476e46118
runs/sfm_dataset4_sfm_1024_aliked_global_fullres_eval/ablation_eval/splat_eval/sfm_dataset4_sfm_1024_aliked_global/p006/attempt_1/python_metrics.json,511,d2fd64788bdbf660995fce3bbdfa07aaf7be8be7bb78488e1bc171cf37514dd6
runs/sfm_dataset4_sfm_1024_aliked_global_fullres_eval/ablation_eval/splat_eval/sfm_dataset4_sfm_1024_aliked_global/p006/attempt_1/resource_samples.csv,16809,36dbbd48f09c32c32226130b84afc9605c77dd4f5350e3e158203aacec680730
runs/sfm_dataset4_sfm_1024_aliked_global_fullres_eval/ablation_eval/splat_eval/sfm_dataset4_sfm_1024_aliked_global/p006/attempt_1/training_status.json,2123,e210d3849cd3b33312f8aab182040c01e9bc129cc6a7eb33cd2552ca53975a7f
runs/sfm_dataset4_sfm_1024_aliked_global_fullres_eval/ablation_eval/splat_eval/sfm_dataset4_sfm_1024_aliked_global/p008/attempt_1/lfs_eval_config.json,1356,cb2203da5d26ff25c0d3c42eadd03120278f181cccef913e88874a417c2f1132
runs/sfm_dataset4_sfm_1024_aliked_global_fullres_eval/ablation_eval/splat_eval/sfm_dataset4_sfm_1024_aliked_global/p008/attempt_1/loss_history.csv,8179,4a4cfeb0a6d57ad6dbf21c9811cff8b5979b5068f1428a861b9e30458298731b
runs/sfm_dataset4_sfm_1024_aliked_global_fullres_eval/ablation_eval/splat_eval/sfm_dataset4_sfm_1024_aliked_global/p008/attempt_1/metrics.csv,417,f4ad03c922571c0cfcad91d13e07c9471c935f727322a2b0cc2f9d57994af581
runs/sfm_dataset4_sfm_1024_aliked_global_fullres_eval/ablation_eval/splat_eval/sfm_dataset4_sfm_1024_aliked_global/p008/attempt_1/python_metrics.json,511,d2fd64788bdbf660995fce3bbdfa07aaf7be8be7bb78488e1bc171cf37514dd6
runs/sfm_dataset4_sfm_1024_aliked_global_fullres_eval/ablation_eval/splat_eval/sfm_dataset4_sfm_1024_aliked_global/p008/attempt_1/resource_samples.csv,13997,31012597f60cf8f54c17b7a8ee3fa97958d70b092d179ab0038626dd17a11d5c
runs/sfm_dataset4_sfm_1024_aliked_global_fullres_eval/ablation_eval/splat_eval/sfm_dataset4_sfm_1024_aliked_global/p008/attempt_1/training_status.json,2120,cbc1da4d426b74acfbd54e220339e83d807610b8e9622cd6944d3bc29e99888f
runs/sfm_dataset4_sfm_1024_aliked_global_fullres_eval/ablation_eval/splat_eval/sfm_dataset4_sfm_1024_aliked_global/p009/attempt_1/lfs_eval_config.json,1356,cb2203da5d26ff25c0d3c42eadd03120278f181cccef913e88874a417c2f1132
runs/sfm_dataset4_sfm_1024_aliked_global_fullres_eval/ablation_eval/splat_eval/sfm_dataset4_sfm_1024_aliked_global/p009/attempt_1/loss_history.csv,8188,3e1072f2c9e99fd59c86835aa64057c338c57f3855aafc66e95f51fabfc7c599
runs/sfm_dataset4_sfm_1024_aliked_global_fullres_eval/ablation_eval/splat_eval/sfm_dataset4_sfm_1024_aliked_global/p009/attempt_1/metrics.csv,417,ff66501d20ca8e5d0e432b134e32c1fcaef802a23527748aec9247652dbc5db4
runs/sfm_dataset4_sfm_1024_aliked_global_fullres_eval/ablation_eval/splat_eval/sfm_dataset4_sfm_1024_aliked_global/p009/attempt_1/python_metrics.json,511,d2fd64788bdbf660995fce3bbdfa07aaf7be8be7bb78488e1bc171cf37514dd6
runs/sfm_dataset4_sfm_1024_aliked_global_fullres_eval/ablation_eval/splat_eval/sfm_dataset4_sfm_1024_aliked_global/p009/attempt_1/resource_samples.csv,13199,f79ab8f4e53871925a42a038df4952bcbaf4f004714b284a8510bfa9abd1d3db
runs/sfm_dataset4_sfm_1024_aliked_global_fullres_eval/ablation_eval/splat_eval/sfm_dataset4_sfm_1024_aliked_global/p009/attempt_1/training_status.json,2119,0f4a245b9210b093222990d99b100c77ac4df28c27a73ca9d4c98dd00894a288
runs/sfm_dataset4_sfm_1024_aliked_global_fullres_eval/ablation_eval/splat_eval/sfm_dataset4_sfm_1024_aliked_global/p011/attempt_1/lfs_eval_config.json,1356,cb2203da5d26ff25c0d3c42eadd03120278f181cccef913e88874a417c2f1132
runs/sfm_dataset4_sfm_1024_aliked_global_fullres_eval/ablation_eval/splat_eval/sfm_dataset4_sfm_1024_aliked_global/p011/attempt_1/loss_history.csv,8196,96da17ba7e73a7d9a41994d191289c446baab827df206e72516dcf930d62f58d
runs/sfm_dataset4_sfm_1024_aliked_global_fullres_eval/ablation_eval/splat_eval/sfm_dataset4_sfm_1024_aliked_global/p011/attempt_1/metrics.csv,417,ceafa06ddf5a77d336f60030bee20bac3481ba600957a9b0898c111a05bbc9e7
runs/sfm_dataset4_sfm_1024_aliked_global_fullres_eval/ablation_eval/splat_eval/sfm_dataset4_sfm_1024_aliked_global/p011/attempt_1/python_metrics.json,511,d2fd64788bdbf660995fce3bbdfa07aaf7be8be7bb78488e1bc171cf37514dd6
runs/sfm_dataset4_sfm_1024_aliked_global_fullres_eval/ablation_eval/splat_eval/sfm_dataset4_sfm_1024_aliked_global/p011/attempt_1/resource_samples.csv,16165,14320d1a37c8b42851cb294fc6f1af598d0e94e6b7cf54fe088a42d04ae7b954
runs/sfm_dataset4_sfm_1024_aliked_global_fullres_eval/ablation_eval/splat_eval/sfm_dataset4_sfm_1024_aliked_global/p011/attempt_1/training_status.json,2123,02e5053a355ea8559e04467917f1c721275cb2099db90e39dac00a205317e274
runs/sfm_dataset4_sfm_1024_aliked_global_fullres_eval/ablation_eval/splat_eval/sfm_dataset4_sfm_1024_aliked_global/p013/attempt_1/lfs_eval_config.json,1356,cb2203da5d26ff25c0d3c42eadd03120278f181cccef913e88874a417c2f1132
runs/sfm_dataset4_sfm_1024_aliked_global_fullres_eval/ablation_eval/splat_eval/sfm_dataset4_sfm_1024_aliked_global/p013/attempt_1/loss_history.csv,8205,b65398f82ae17d349e3522c4e274c46fb8e1c44d84037c720f1cdcf465600711
runs/sfm_dataset4_sfm_1024_aliked_global_fullres_eval/ablation_eval/splat_eval/sfm_dataset4_sfm_1024_aliked_global/p013/attempt_1/metrics.csv,417,1be728c8f6195f8b3a14f3a86a10b54bab5e89bf0ad8db9039a85af6deeb20f4
runs/sfm_dataset4_sfm_1024_aliked_global_fullres_eval/ablation_eval/splat_eval/sfm_dataset4_sfm_1024_aliked_global/p013/attempt_1/python_metrics.json,511,d2fd64788bdbf660995fce3bbdfa07aaf7be8be7bb78488e1bc171cf37514dd6
runs/sfm_dataset4_sfm_1024_aliked_global_fullres_eval/ablation_eval/splat_eval/sfm_dataset4_sfm_1024_aliked_global/p013/attempt_1/resource_samples.csv,15117,8750f241d585f51a4d146327131a9bce9b584fde77b853ce25364a7f5b09f56d
runs/sfm_dataset4_sfm_1024_aliked_global_fullres_eval/ablation_eval/splat_eval/sfm_dataset4_sfm_1024_aliked_global/p013/attempt_1/training_status.json,2123,934c36530d5ccb3b7fe2cec995342966cadf5cbe3f7c2a1b5f3b160db081c4c5
runs/sfm_dataset4_sfm_1024_aliked_global_fullres_eval/ablation_eval/splat_eval/sfm_dataset4_sfm_1024_aliked_global/p015/attempt_1/lfs_eval_config.json,1356,cb2203da5d26ff25c0d3c42eadd03120278f181cccef913e88874a417c2f1132
runs/sfm_dataset4_sfm_1024_aliked_global_fullres_eval/ablation_eval/splat_eval/sfm_dataset4_sfm_1024_aliked_global/p015/attempt_1/loss_history.csv,8209,b3d340c1385573539bdb187efa67e44c2e82efff3cbdbabb479bb33f503f2f59
runs/sfm_dataset4_sfm_1024_aliked_global_fullres_eval/ablation_eval/splat_eval/sfm_dataset4_sfm_1024_aliked_global/p015/attempt_1/metrics.csv,417,c17794968a9538dc4bb89429ac6194546565f3dbfdc54de02091aebade402676
runs/sfm_dataset4_sfm_1024_aliked_global_fullres_eval/ablation_eval/splat_eval/sfm_dataset4_sfm_1024_aliked_global/p015/attempt_1/python_metrics.json,511,d2fd64788bdbf660995fce3bbdfa07aaf7be8be7bb78488e1bc171cf37514dd6
runs/sfm_dataset4_sfm_1024_aliked_global_fullres_eval/ablation_eval/splat_eval/sfm_dataset4_sfm_1024_aliked_global/p015/attempt_1/resource_samples.csv,15478,62c5cdf9e73422d373fb136132aca58377310ac4041f848961bcac8e91850551
runs/sfm_dataset4_sfm_1024_aliked_global_fullres_eval/ablation_eval/splat_eval/sfm_dataset4_sfm_1024_aliked_global/p015/attempt_1/training_status.json,2119,67d7d328ab6b6668a5a745b8c028d21c22b325d0a6cc74bdf603a10441b39f66
runs/sfm_dataset4_sfm_1024_aliked_global_fullres_eval/ablation_eval/splat_eval/sfm_dataset4_sfm_1024_aliked_global/p017/attempt_1/lfs_eval_config.json,1356,cb2203da5d26ff25c0d3c42eadd03120278f181cccef913e88874a417c2f1132
runs/sfm_dataset4_sfm_1024_aliked_global_fullres_eval/ablation_eval/splat_eval/sfm_dataset4_sfm_1024_aliked_global/p017/attempt_1/loss_history.csv,8200,679c026a4ec1dfa0d73d429819a1c748d61eabd522c888ef3040b765c5688e41
runs/sfm_dataset4_sfm_1024_aliked_global_fullres_eval/ablation_eval/splat_eval/sfm_dataset4_sfm_1024_aliked_global/p017/attempt_1/metrics.csv,417,74cd052287b60c6d027ccc50101bb1f486877832149f8a9adfb70889eb176780
runs/sfm_dataset4_sfm_1024_aliked_global_fullres_eval/ablation_eval/splat_eval/sfm_dataset4_sfm_1024_aliked_global/p017/attempt_1/python_metrics.json,511,d2fd64788bdbf660995fce3bbdfa07aaf7be8be7bb78488e1bc171cf37514dd6
runs/sfm_dataset4_sfm_1024_aliked_global_fullres_eval/ablation_eval/splat_eval/sfm_dataset4_sfm_1024_aliked_global/p017/attempt_1/resource_samples.csv,14791,373b92f4ba5c6fe8143a4977988f5925eedda854185f52515d92577dfd2a3164
runs/sfm_dataset4_sfm_1024_aliked_global_fullres_eval/ablation_eval/splat_eval/sfm_dataset4_sfm_1024_aliked_global/p017/attempt_1/training_status.json,2120,2ed8fa625243981c457330e3ac7de4e0460e053500627f0d59ae6cce44ef29c6
runs/sfm_dataset4_sfm_1024_aliked_global_fullres_eval/ablation_eval/splat_eval_selection.json,562,f9a57b59ff37e03183d75ff7f1c5bafcf415e81eabfdcb4dacb40198b3ddd60a
runs/sfm_dataset4_sfm_1024_aliked_global_fullres_eval/diagnostics/runs/sfm_dataset4_sfm_1024_aliked_global/logs/colmap.log,13018383,de6c000e4a4baddfa53f10c86818adf9a49ce28155aa2339cf53f96d1ff8fb48
runs/sfm_dataset4_sfm_1024_aliked_global_fullres_eval/diagnostics/runs/sfm_dataset4_sfm_1024_aliked_global/logs/pipeline.log,6636,4c360e02f61ee416ffd0673df4db990f2668a9a25a07a4021eb8501f0fe4abdc
runs/sfm_dataset4_sfm_1024_aliked_global_fullres_eval/diagnostics/runs/sfm_dataset4_sfm_1024_aliked_global/logs/warnings.log,1048,ce8958386ef56d591a4a139122c50335d7aa3f912e9ae6845b725e1d9b4fe892
runs/sfm_dataset4_sfm_1024_aliked_global_fullres_eval/diagnostics/runs/sfm_dataset4_sfm_1024_aliked_global/run_status.json,701,a854ddc0c5a82a1b833ecb80ece0798f00a0b1fcba264481efc53c016e823759
runs/sfm_dataset4_sfm_1024_aliked_global_fullres_eval/diagnostics/runs/sfm_dataset4_sfm_1024_aliked_global/timings.json,2192,4464c122e801f10b416631c5e8fb0e32ed1040f8ffbf821d5db224b792002c8d
runs/sfm_dataset4_sfm_1024_aliked_global_fullres_eval/diagnostics/runs/sfm_dataset4_sfm_1024_aliked_global_fullres_eval/resource_samples.csv,98408,477ffe0f5bbe86e917690d0fecd1eff29cce497956bad65332c5e8b37511342a
runs/sfm_dataset4_sfm_1024_aliked_global_fullres_eval/diagnostics/runs/sfm_dataset4_sfm_1024_aliked_global_fullres_eval/resource_summary.json,152,2754dcac1cba6d31bb378514935911cf4ff06e8004cbb16b27526dac67de6491
runs/sfm_dataset4_sfm_1024_aliked_global_fullres_eval/resource_samples.csv,98408,477ffe0f5bbe86e917690d0fecd1eff29cce497956bad65332c5e8b37511342a
runs/sfm_dataset4_sfm_1024_aliked_global_fullres_eval/sfm_dataset4_sfm_1024_aliked_global_fullres_eval.exit,32,aeb7fb11bf52cbddd6345591d2fde0597587b7b1cffe51a7219f9a75902d8158
runs/sfm_dataset4_sfm_1024_aliked_global_fullres_eval/worker_identity.json,472,8250cd0ff3acecc2f9d71abdc8bc780787776b9e3b5a3c4db314cf3ad4d6de94
runs/sfm_dataset4_sfm_1024_aliked_incremental_fullres_eval/ablation_eval/jobs/sfm_dataset4_sfm_1024_aliked_incremental/resource_samples.csv,27429,6a80b784210405b56106dc1e50dd54db7b2e8e65b5a093d036d46ed6ca3c2fca
runs/sfm_dataset4_sfm_1024_aliked_incremental_fullres_eval/ablation_eval/manifest.csv,1682,32bff4a0bd8bde568ffa8ac4aab789aee41ecc16f5e297db38a3cdd68ee1c86c
runs/sfm_dataset4_sfm_1024_aliked_incremental_fullres_eval/ablation_eval/results_final.csv,129,6cf300cc3eaa1536de18eb4bdbeb47d3308e50e0dd2e0f8c8cbbee795a57b170
runs/sfm_dataset4_sfm_1024_aliked_incremental_fullres_eval/ablation_eval/results_sfm.csv,1193,12b77531c67dfd89ae9a18a362603a0cd14410b4a0b115d52002b828ad59e204
runs/sfm_dataset4_sfm_1024_aliked_incremental_fullres_eval/ablation_eval/results_splat.csv,298,39db4462af80f9c5d63208487ac3ac84ffe996ec2010f17b931958a3ddb3a8cb
runs/sfm_dataset4_sfm_1024_aliked_incremental_fullres_eval/ablation_eval/splat_eval_selection.json,188,143de258cc1a5ad6641137b7dab6c5a6593afb7a9beca5f83021c90af7684864
runs/sfm_dataset4_sfm_1024_aliked_incremental_fullres_eval/diagnostics/runs/sfm_dataset4_sfm_1024_aliked_incremental/logs/colmap.log,12866916,9aa7be5fe4a8ea05d3446b274c80f3798a5599ba10d8eed67ef38001543aecbb
runs/sfm_dataset4_sfm_1024_aliked_incremental_fullres_eval/diagnostics/runs/sfm_dataset4_sfm_1024_aliked_incremental/logs/pipeline.log,6797,6ca4c06a81e5cd663d328cbbd8c06a1b69ec48489e616d73e8bc8827ac75b5f8
runs/sfm_dataset4_sfm_1024_aliked_incremental_fullres_eval/diagnostics/runs/sfm_dataset4_sfm_1024_aliked_incremental/logs/warnings.log,1191,2ffba77bf72f9a745ad3e59c2510b03806e0c504c2d86633529c86a14212dad4
runs/sfm_dataset4_sfm_1024_aliked_incremental_fullres_eval/diagnostics/runs/sfm_dataset4_sfm_1024_aliked_incremental/run_status.json,701,977fd9775a8cd075a9645ce44b1ad2bf3e1ea990fa675ca7d52e951c7cddffd0
runs/sfm_dataset4_sfm_1024_aliked_incremental_fullres_eval/diagnostics/runs/sfm_dataset4_sfm_1024_aliked_incremental/timings.json,2191,0521a3448098a9fb9246643a97c5151c9bef15329ea6735ffe9322190c5d99a5
runs/sfm_dataset4_sfm_1024_aliked_incremental_fullres_eval/diagnostics/runs/sfm_dataset4_sfm_1024_aliked_incremental_fullres_eval/resource_samples.csv,24947,3f55f3d84cd7e3596a592fa463fb489127a9b0f11cfedef4680f0be8f07bccfa
runs/sfm_dataset4_sfm_1024_aliked_incremental_fullres_eval/diagnostics/runs/sfm_dataset4_sfm_1024_aliked_incremental_fullres_eval/resource_summary.json,148,f6bdeb1e8a604358a613753eb12d721f5e5964f3f912b7838e6504b514fc8109
runs/sfm_dataset4_sfm_1024_aliked_incremental_fullres_eval/resource_samples.csv,24947,3f55f3d84cd7e3596a592fa463fb489127a9b0f11cfedef4680f0be8f07bccfa
runs/sfm_dataset4_sfm_1024_aliked_incremental_fullres_eval/sfm_dataset4_sfm_1024_aliked_incremental_fullres_eval.exit,32,aeb7fb11bf52cbddd6345591d2fde0597587b7b1cffe51a7219f9a75902d8158
runs/sfm_dataset4_sfm_1024_aliked_incremental_fullres_eval/worker_identity.json,477,94d93b23069802d9165fc90af9ad85886ef3f8d1c0d3033e512b79753f419cc3
runs/sfm_dataset4_sfm_1024_sift_global_fullres_eval/ablation_eval/jobs/sfm_dataset4_sfm_1024_sift_global/resource_samples.csv,52067,47a1d3563ffeaa422ad4840d73ee3fb9fc6e2059e016ac84803fa19a61840b58
runs/sfm_dataset4_sfm_1024_sift_global_fullres_eval/ablation_eval/manifest.csv,1406,a4b7e74ddbd67e07ffae22a60cbcd8138be71e68740d1abdd30a35f080af2e0f
runs/sfm_dataset4_sfm_1024_sift_global_fullres_eval/ablation_eval/metrics_long.csv,16232,7643193805433713921d385530efc71e0c3cfcd24b6e8879d9bea70f12f92218
runs/sfm_dataset4_sfm_1024_sift_global_fullres_eval/ablation_eval/results_final.csv,129,6cf300cc3eaa1536de18eb4bdbeb47d3308e50e0dd2e0f8c8cbbee795a57b170
runs/sfm_dataset4_sfm_1024_sift_global_fullres_eval/ablation_eval/results_sfm.csv,1164,58dafc9d71cac42ebe752edc8990e758071eb414ae4180bca084eaa59c3dd89f
runs/sfm_dataset4_sfm_1024_sift_global_fullres_eval/ablation_eval/results_splat.csv,3714,1546ddce35284b8d3537d76bf79826008e5d9f19bca94cf3bc4f5b67307514c6
runs/sfm_dataset4_sfm_1024_sift_global_fullres_eval/ablation_eval/splat_eval/sfm_dataset4_sfm_1024_sift_global/p000/attempt_1/lfs_eval_config.json,1356,cb2203da5d26ff25c0d3c42eadd03120278f181cccef913e88874a417c2f1132
runs/sfm_dataset4_sfm_1024_sift_global_fullres_eval/ablation_eval/splat_eval/sfm_dataset4_sfm_1024_sift_global/p000/attempt_1/loss_history.csv,8207,cdbd517068e091a485f01777f462ec482e0592b67fc4cdcacfe5e9211b1ed8f4
runs/sfm_dataset4_sfm_1024_sift_global_fullres_eval/ablation_eval/splat_eval/sfm_dataset4_sfm_1024_sift_global/p000/attempt_1/metrics.csv,417,984c1b633b9c084927639e74903d23ac7d70a247b9b099ab0e1591f6c18c7fb6
runs/sfm_dataset4_sfm_1024_sift_global_fullres_eval/ablation_eval/splat_eval/sfm_dataset4_sfm_1024_sift_global/p000/attempt_1/python_metrics.json,511,3ef0cc48e1854f106cc2d93a0d1d671ced2b0db7a0745f40b0dc8e8d96fe67d4
runs/sfm_dataset4_sfm_1024_sift_global_fullres_eval/ablation_eval/splat_eval/sfm_dataset4_sfm_1024_sift_global/p000/attempt_1/resource_samples.csv,15718,03b5ecbfdcecdfd0f6d810a07573e0fcd7c2be5a27432ca0027e400d1862d075
runs/sfm_dataset4_sfm_1024_sift_global_fullres_eval/ablation_eval/splat_eval/sfm_dataset4_sfm_1024_sift_global/p000/attempt_1/training_status.json,2108,147359a2b9e7f61e7fd4550001141b1a50fc2c7739d7bc4465a29499aeb6fa47
runs/sfm_dataset4_sfm_1024_sift_global_fullres_eval/ablation_eval/splat_eval/sfm_dataset4_sfm_1024_sift_global/p004/attempt_1/lfs_eval_config.json,1356,cb2203da5d26ff25c0d3c42eadd03120278f181cccef913e88874a417c2f1132
runs/sfm_dataset4_sfm_1024_sift_global_fullres_eval/ablation_eval/splat_eval/sfm_dataset4_sfm_1024_sift_global/p004/attempt_1/loss_history.csv,8190,e5b14913575ba63b8a6f7cf87e58ff74685e23fdd8fa31e355b52701d3e96118
runs/sfm_dataset4_sfm_1024_sift_global_fullres_eval/ablation_eval/splat_eval/sfm_dataset4_sfm_1024_sift_global/p004/attempt_1/metrics.csv,417,3ed545526bc1982033b4dbcb681b20fb6b55f3a1332bbdcbe27eb9a484f7250f
runs/sfm_dataset4_sfm_1024_sift_global_fullres_eval/ablation_eval/splat_eval/sfm_dataset4_sfm_1024_sift_global/p004/attempt_1/python_metrics.json,511,3ef0cc48e1854f106cc2d93a0d1d671ced2b0db7a0745f40b0dc8e8d96fe67d4
runs/sfm_dataset4_sfm_1024_sift_global_fullres_eval/ablation_eval/splat_eval/sfm_dataset4_sfm_1024_sift_global/p004/attempt_1/resource_samples.csv,15345,88b056397f49588081628bee8719a13e67521b46bcc0b6bc90cdfcbf92e64925
runs/sfm_dataset4_sfm_1024_sift_global_fullres_eval/ablation_eval/splat_eval/sfm_dataset4_sfm_1024_sift_global/p004/attempt_1/training_status.json,2109,c3dd862c8309d4015b0326ef630da0dda87d55ce4602bbad607163765c5ba383
runs/sfm_dataset4_sfm_1024_sift_global_fullres_eval/ablation_eval/splat_eval/sfm_dataset4_sfm_1024_sift_global/p008/attempt_1/lfs_eval_config.json,1356,cb2203da5d26ff25c0d3c42eadd03120278f181cccef913e88874a417c2f1132
runs/sfm_dataset4_sfm_1024_sift_global_fullres_eval/ablation_eval/splat_eval/sfm_dataset4_sfm_1024_sift_global/p008/attempt_1/loss_history.csv,8212,2a178cacde892f5445cc552959287e6ed433bd6d4088fd7d33554361633d931e
runs/sfm_dataset4_sfm_1024_sift_global_fullres_eval/ablation_eval/splat_eval/sfm_dataset4_sfm_1024_sift_global/p008/attempt_1/metrics.csv,417,b0a10da29b2f874268bfd9bfebe0d02974a610b4bfa232facc34fffd18c114ad
runs/sfm_dataset4_sfm_1024_sift_global_fullres_eval/ablation_eval/splat_eval/sfm_dataset4_sfm_1024_sift_global/p008/attempt_1/python_metrics.json,511,3ef0cc48e1854f106cc2d93a0d1d671ced2b0db7a0745f40b0dc8e8d96fe67d4
runs/sfm_dataset4_sfm_1024_sift_global_fullres_eval/ablation_eval/splat_eval/sfm_dataset4_sfm_1024_sift_global/p008/attempt_1/resource_samples.csv,15219,0f4ecd34d1fa148f8799b8ddec82635a03e037517684dfd4e072f1aef5d92dd0
runs/sfm_dataset4_sfm_1024_sift_global_fullres_eval/ablation_eval/splat_eval/sfm_dataset4_sfm_1024_sift_global/p008/attempt_1/training_status.json,2107,2f52f291f2f3967a2aa22a0cfdf0037a27f245587105dd937494cd3aee24e706
runs/sfm_dataset4_sfm_1024_sift_global_fullres_eval/ablation_eval/splat_eval/sfm_dataset4_sfm_1024_sift_global/p012/attempt_1/lfs_eval_config.json,1356,cb2203da5d26ff25c0d3c42eadd03120278f181cccef913e88874a417c2f1132
runs/sfm_dataset4_sfm_1024_sift_global_fullres_eval/ablation_eval/splat_eval/sfm_dataset4_sfm_1024_sift_global/p012/attempt_1/loss_history.csv,8194,869673eacce1d562591c919bf524565b5985c512fc865d7f0f31e8aa7a90e206
runs/sfm_dataset4_sfm_1024_sift_global_fullres_eval/ablation_eval/splat_eval/sfm_dataset4_sfm_1024_sift_global/p012/attempt_1/metrics.csv,417,6d853a5a675a6c941d7ac1e2a9f3ce883a9ae0398a04b50647ccbd5bd6e7916d
runs/sfm_dataset4_sfm_1024_sift_global_fullres_eval/ablation_eval/splat_eval/sfm_dataset4_sfm_1024_sift_global/p012/attempt_1/python_metrics.json,511,3ef0cc48e1854f106cc2d93a0d1d671ced2b0db7a0745f40b0dc8e8d96fe67d4
runs/sfm_dataset4_sfm_1024_sift_global_fullres_eval/ablation_eval/splat_eval/sfm_dataset4_sfm_1024_sift_global/p012/attempt_1/resource_samples.csv,15395,ea348051dfa43fb77f2336316b4e3502f4e05f689e75af90fcb7fb4b6e36eedf
runs/sfm_dataset4_sfm_1024_sift_global_fullres_eval/ablation_eval/splat_eval/sfm_dataset4_sfm_1024_sift_global/p012/attempt_1/training_status.json,2107,f6914134e6160780142d8cfa0005552aa6e9f6a60b4692ece4a6fb70d23245d7
runs/sfm_dataset4_sfm_1024_sift_global_fullres_eval/ablation_eval/splat_eval/sfm_dataset4_sfm_1024_sift_global/p016/attempt_1/lfs_eval_config.json,1356,cb2203da5d26ff25c0d3c42eadd03120278f181cccef913e88874a417c2f1132
runs/sfm_dataset4_sfm_1024_sift_global_fullres_eval/ablation_eval/splat_eval/sfm_dataset4_sfm_1024_sift_global/p016/attempt_1/loss_history.csv,8236,265a0a31789891a66c7a20023eab19d1e2fbc0ed145afb7f85eb3d608dc5254a
runs/sfm_dataset4_sfm_1024_sift_global_fullres_eval/ablation_eval/splat_eval/sfm_dataset4_sfm_1024_sift_global/p016/attempt_1/metrics.csv,417,62f50ac17262f2322e030b5e8f4314795d34182c845cfad52e37a72cf78c175a
runs/sfm_dataset4_sfm_1024_sift_global_fullres_eval/ablation_eval/splat_eval/sfm_dataset4_sfm_1024_sift_global/p016/attempt_1/python_metrics.json,511,3ef0cc48e1854f106cc2d93a0d1d671ced2b0db7a0745f40b0dc8e8d96fe67d4
runs/sfm_dataset4_sfm_1024_sift_global_fullres_eval/ablation_eval/splat_eval/sfm_dataset4_sfm_1024_sift_global/p016/attempt_1/resource_samples.csv,14665,d5e06d9c4f0250b01cc838abb03e7e1813687ceb3165c9c96b7ca2f8582f44b2
runs/sfm_dataset4_sfm_1024_sift_global_fullres_eval/ablation_eval/splat_eval/sfm_dataset4_sfm_1024_sift_global/p016/attempt_1/training_status.json,2109,9184e44f4f5b20b3ccb124fa605f4faf05867a47f485631ed3c7ff4d8f48844c
runs/sfm_dataset4_sfm_1024_sift_global_fullres_eval/ablation_eval/splat_eval/sfm_dataset4_sfm_1024_sift_global/p021/attempt_1/lfs_eval_config.json,1356,cb2203da5d26ff25c0d3c42eadd03120278f181cccef913e88874a417c2f1132
runs/sfm_dataset4_sfm_1024_sift_global_fullres_eval/ablation_eval/splat_eval/sfm_dataset4_sfm_1024_sift_global/p021/attempt_1/loss_history.csv,8230,e44c46582460bced5bbebef15eb2f335e6056d8b240acc1af2b591d002271840
runs/sfm_dataset4_sfm_1024_sift_global_fullres_eval/ablation_eval/splat_eval/sfm_dataset4_sfm_1024_sift_global/p021/attempt_1/metrics.csv,417,854e8108464b7178674ba605fb0f8a4da1ba49c911312869b8aad879fed5bfca
runs/sfm_dataset4_sfm_1024_sift_global_fullres_eval/ablation_eval/splat_eval/sfm_dataset4_sfm_1024_sift_global/p021/attempt_1/python_metrics.json,511,3ef0cc48e1854f106cc2d93a0d1d671ced2b0db7a0745f40b0dc8e8d96fe67d4
runs/sfm_dataset4_sfm_1024_sift_global_fullres_eval/ablation_eval/splat_eval/sfm_dataset4_sfm_1024_sift_global/p021/attempt_1/resource_samples.csv,15617,b52cb7d156f1f474bc69a60d92bbd88d2b08f9fcb484c6e0998f4cc9007c36ff
runs/sfm_dataset4_sfm_1024_sift_global_fullres_eval/ablation_eval/splat_eval/sfm_dataset4_sfm_1024_sift_global/p021/attempt_1/training_status.json,2109,17b2813e67c8d7f28e17e618d2188101dd37791c99a6d2f1a644aafcc74b47a8
runs/sfm_dataset4_sfm_1024_sift_global_fullres_eval/ablation_eval/splat_eval/sfm_dataset4_sfm_1024_sift_global/p025/attempt_1/lfs_eval_config.json,1356,cb2203da5d26ff25c0d3c42eadd03120278f181cccef913e88874a417c2f1132
runs/sfm_dataset4_sfm_1024_sift_global_fullres_eval/ablation_eval/splat_eval/sfm_dataset4_sfm_1024_sift_global/p025/attempt_1/loss_history.csv,8190,cb51014ad5dc46c104bd10a9be4a7e1af01dfd0455391b68f28836df402496de
runs/sfm_dataset4_sfm_1024_sift_global_fullres_eval/ablation_eval/splat_eval/sfm_dataset4_sfm_1024_sift_global/p025/attempt_1/metrics.csv,417,89a180a2a4e4d7a3ae77bf04385b6af775629c8dac8051ac28873c49a5da1abb
runs/sfm_dataset4_sfm_1024_sift_global_fullres_eval/ablation_eval/splat_eval/sfm_dataset4_sfm_1024_sift_global/p025/attempt_1/python_metrics.json,511,3ef0cc48e1854f106cc2d93a0d1d671ced2b0db7a0745f40b0dc8e8d96fe67d4
runs/sfm_dataset4_sfm_1024_sift_global_fullres_eval/ablation_eval/splat_eval/sfm_dataset4_sfm_1024_sift_global/p025/attempt_1/resource_samples.csv,15253,b063ef05b60d8f895adffbcefcb3a84879983ddc1dc220cb8759b818d5bf1b3a
runs/sfm_dataset4_sfm_1024_sift_global_fullres_eval/ablation_eval/splat_eval/sfm_dataset4_sfm_1024_sift_global/p025/attempt_1/training_status.json,2111,728c5b2d8e0e55372cde9ef37f5a506d8374c91537b230f56097bf7553ab38fb
runs/sfm_dataset4_sfm_1024_sift_global_fullres_eval/ablation_eval/splat_eval/sfm_dataset4_sfm_1024_sift_global/p029/attempt_1/lfs_eval_config.json,1356,cb2203da5d26ff25c0d3c42eadd03120278f181cccef913e88874a417c2f1132
runs/sfm_dataset4_sfm_1024_sift_global_fullres_eval/ablation_eval/splat_eval/sfm_dataset4_sfm_1024_sift_global/p029/attempt_1/loss_history.csv,8178,f0c7de865e551b635b98c8604aba22826d309cb09825d342add43f1870e807d4
runs/sfm_dataset4_sfm_1024_sift_global_fullres_eval/ablation_eval/splat_eval/sfm_dataset4_sfm_1024_sift_global/p029/attempt_1/metrics.csv,417,71972069ddd815c52e71b8e7e93d5c8d1d50d4594465caa5b688213e73312d94
runs/sfm_dataset4_sfm_1024_sift_global_fullres_eval/ablation_eval/splat_eval/sfm_dataset4_sfm_1024_sift_global/p029/attempt_1/python_metrics.json,511,3ef0cc48e1854f106cc2d93a0d1d671ced2b0db7a0745f40b0dc8e8d96fe67d4
runs/sfm_dataset4_sfm_1024_sift_global_fullres_eval/ablation_eval/splat_eval/sfm_dataset4_sfm_1024_sift_global/p029/attempt_1/resource_samples.csv,15350,65fd0f07d61672aa19b9d0dff57c07db2108b917363c1ec43e25149eb814c07c
runs/sfm_dataset4_sfm_1024_sift_global_fullres_eval/ablation_eval/splat_eval/sfm_dataset4_sfm_1024_sift_global/p029/attempt_1/training_status.json,2109,a288194b63325a6698764b8f6194d1ba78367c5321e6bbd396a45772d8e6ed9c
runs/sfm_dataset4_sfm_1024_sift_global_fullres_eval/ablation_eval/splat_eval/sfm_dataset4_sfm_1024_sift_global/p033/attempt_1/lfs_eval_config.json,1356,cb2203da5d26ff25c0d3c42eadd03120278f181cccef913e88874a417c2f1132
runs/sfm_dataset4_sfm_1024_sift_global_fullres_eval/ablation_eval/splat_eval/sfm_dataset4_sfm_1024_sift_global/p033/attempt_1/loss_history.csv,8236,bc00ce6ae1ec21f171df9f70cf8d30a0e9ad2f45dbb3d075a7f2bfa5c5d277ba
runs/sfm_dataset4_sfm_1024_sift_global_fullres_eval/ablation_eval/splat_eval/sfm_dataset4_sfm_1024_sift_global/p033/attempt_1/metrics.csv,417,1537b6f875219e9a27d2d48bec066f7cf9b5240eaeb54ccec99a318eff656a9c
runs/sfm_dataset4_sfm_1024_sift_global_fullres_eval/ablation_eval/splat_eval/sfm_dataset4_sfm_1024_sift_global/p033/attempt_1/python_metrics.json,511,3ef0cc48e1854f106cc2d93a0d1d671ced2b0db7a0745f40b0dc8e8d96fe67d4
runs/sfm_dataset4_sfm_1024_sift_global_fullres_eval/ablation_eval/splat_eval/sfm_dataset4_sfm_1024_sift_global/p033/attempt_1/resource_samples.csv,15251,b35d18438aa6c125132f37a16c785e8ed4bb7377d6a21cfd02c1a81ca144538f
runs/sfm_dataset4_sfm_1024_sift_global_fullres_eval/ablation_eval/splat_eval/sfm_dataset4_sfm_1024_sift_global/p033/attempt_1/training_status.json,2106,0b6ffae004f2c1548e736d8c61b1a8814706c86ca714659d109aba6aa26af50f
runs/sfm_dataset4_sfm_1024_sift_global_fullres_eval/ablation_eval/splat_eval/sfm_dataset4_sfm_1024_sift_global/p037/attempt_1/lfs_eval_config.json,1356,cb2203da5d26ff25c0d3c42eadd03120278f181cccef913e88874a417c2f1132
runs/sfm_dataset4_sfm_1024_sift_global_fullres_eval/ablation_eval/splat_eval/sfm_dataset4_sfm_1024_sift_global/p037/attempt_1/loss_history.csv,8221,a9cf6d7b05be3a340053196622400004da43e341b8e293dbb9519191c4ec9c15
runs/sfm_dataset4_sfm_1024_sift_global_fullres_eval/ablation_eval/splat_eval/sfm_dataset4_sfm_1024_sift_global/p037/attempt_1/metrics.csv,417,f63d6da377f452df5fdbe2f23c3d69550c21a2a4bc9a5ef0f0303d0ad44e6eab
runs/sfm_dataset4_sfm_1024_sift_global_fullres_eval/ablation_eval/splat_eval/sfm_dataset4_sfm_1024_sift_global/p037/attempt_1/python_metrics.json,511,3ef0cc48e1854f106cc2d93a0d1d671ced2b0db7a0745f40b0dc8e8d96fe67d4
runs/sfm_dataset4_sfm_1024_sift_global_fullres_eval/ablation_eval/splat_eval/sfm_dataset4_sfm_1024_sift_global/p037/attempt_1/resource_samples.csv,14623,a50cfac3cd5af65e358f81620cf0c1c6a081fbbb3660646e44029512fa8d58b4
runs/sfm_dataset4_sfm_1024_sift_global_fullres_eval/ablation_eval/splat_eval/sfm_dataset4_sfm_1024_sift_global/p037/attempt_1/training_status.json,2106,4bd260894a405964c5ecc8405c26da1580305e3df7f145c7d93f0ec333777c5a
runs/sfm_dataset4_sfm_1024_sift_global_fullres_eval/ablation_eval/splat_eval_selection.json,558,8e6a57502b93c03311288ec02a6e45787c4f10b67c03f987cacee1125bf662e1
runs/sfm_dataset4_sfm_1024_sift_global_fullres_eval/diagnostics/runs/sfm_dataset4_sfm_1024_sift_global/logs/colmap.log,15825241,b705ab83f18a65a398ddc1a509d4ea5adb750e8e297d7b573fa94e043dcbb353
runs/sfm_dataset4_sfm_1024_sift_global_fullres_eval/diagnostics/runs/sfm_dataset4_sfm_1024_sift_global/logs/pipeline.log,6639,ffa49fcdf6d7261e18b4efa86419b91fdc8069729988d65a6cb4acb13526a98b
runs/sfm_dataset4_sfm_1024_sift_global_fullres_eval/diagnostics/runs/sfm_dataset4_sfm_1024_sift_global/logs/warnings.log,1048,0a3f830a1e1c0ca91b7a081b3474c84cb1f8c3c38b0093f954aac16659f8073a
runs/sfm_dataset4_sfm_1024_sift_global_fullres_eval/diagnostics/runs/sfm_dataset4_sfm_1024_sift_global/run_status.json,701,4d6b3bfec8f10beb346d5fd789e2ff0ec228b92ba6db0bb0f721c2d130181cb5
runs/sfm_dataset4_sfm_1024_sift_global_fullres_eval/diagnostics/runs/sfm_dataset4_sfm_1024_sift_global/timings.json,2196,2faea0331dd4072730fe29fceaf5c5bed100ab0fd92e104e886edd4420832c7b
runs/sfm_dataset4_sfm_1024_sift_global_fullres_eval/diagnostics/runs/sfm_dataset4_sfm_1024_sift_global_fullres_eval/resource_samples.csv,117685,db528f95f167411a9b72519e9791559ebe7074f46598b7e90dcf090b064b6af9
runs/sfm_dataset4_sfm_1024_sift_global_fullres_eval/diagnostics/runs/sfm_dataset4_sfm_1024_sift_global_fullres_eval/resource_summary.json,152,5c14b7e73a55d356e3d9a8a19f76cbae4f0acc8ed4253fc3e96a79c269eed3c7
runs/sfm_dataset4_sfm_1024_sift_global_fullres_eval/resource_samples.csv,117685,db528f95f167411a9b72519e9791559ebe7074f46598b7e90dcf090b064b6af9
runs/sfm_dataset4_sfm_1024_sift_global_fullres_eval/sfm_dataset4_sfm_1024_sift_global_fullres_eval.exit,32,aeb7fb11bf52cbddd6345591d2fde0597587b7b1cffe51a7219f9a75902d8158
runs/sfm_dataset4_sfm_1024_sift_global_fullres_eval/worker_identity.json,470,3244ff9560967e31573a671db0101e2bdbc6640dbb6985261f1302270e577930
runs/sfm_dataset4_sfm_1024_sift_incremental_fullres_eval/ablation_eval/jobs/sfm_dataset4_sfm_1024_sift_incremental/resource_samples.csv,125780,006287f7bbf245b0392a4224f9932b56245668c52c1f6a470e4dccc9066be62a
runs/sfm_dataset4_sfm_1024_sift_incremental_fullres_eval/ablation_eval/manifest.csv,1469,ef7be1cc12adc5d82d841456fc516640a78c1c42c7a22f11914791499052b1a7
runs/sfm_dataset4_sfm_1024_sift_incremental_fullres_eval/ablation_eval/results_final.csv,129,6cf300cc3eaa1536de18eb4bdbeb47d3308e50e0dd2e0f8c8cbbee795a57b170
runs/sfm_dataset4_sfm_1024_sift_incremental_fullres_eval/ablation_eval/results_sfm.csv,860,02b48395be862b3d4dde5bdfb90a55fbbd4ee786942988b2cee222825ac1eaa1
runs/sfm_dataset4_sfm_1024_sift_incremental_fullres_eval/ablation_eval/results_splat.csv,298,39db4462af80f9c5d63208487ac3ac84ffe996ec2010f17b931958a3ddb3a8cb
runs/sfm_dataset4_sfm_1024_sift_incremental_fullres_eval/ablation_eval/splat_eval_selection.json,188,143de258cc1a5ad6641137b7dab6c5a6593afb7a9beca5f83021c90af7684864
runs/sfm_dataset4_sfm_1024_sift_incremental_fullres_eval/diagnostics/runs/sfm_dataset4_sfm_1024_sift_incremental/logs/colmap.log,11781736,9635c4751e0e89019375d197506b1d295cba025fd56e332e902fa7e2c1bd86d2
runs/sfm_dataset4_sfm_1024_sift_incremental_fullres_eval/diagnostics/runs/sfm_dataset4_sfm_1024_sift_incremental/logs/pipeline.log,3550,1809bd5ed346f0be0c74f09a30c98fd377ed2253f5315a797c0d3a13edaad172
runs/sfm_dataset4_sfm_1024_sift_incremental_fullres_eval/diagnostics/runs/sfm_dataset4_sfm_1024_sift_incremental/logs/warnings.log,510,490257d16e500118a3b89b36303cb6936e7575cc37caa41db0f548827911de30
runs/sfm_dataset4_sfm_1024_sift_incremental_fullres_eval/diagnostics/runs/sfm_dataset4_sfm_1024_sift_incremental/run_status.json,1460,de87bd24b0a972c18e819cf2c3ca7ef5996db73d3817fbb0d5e1cf5dbda503e2
runs/sfm_dataset4_sfm_1024_sift_incremental_fullres_eval/diagnostics/runs/sfm_dataset4_sfm_1024_sift_incremental/timings.json,4953,ce3f2558ca990317e87391a38195d1cc33ef4e1e642d1497f563b88270101583
runs/sfm_dataset4_sfm_1024_sift_incremental_fullres_eval/diagnostics/runs/sfm_dataset4_sfm_1024_sift_incremental_fullres_eval/resource_samples.csv,114021,7461071292677e1160939655b472519e9067f950690af3c1ce0e9b9a0799d398
runs/sfm_dataset4_sfm_1024_sift_incremental_fullres_eval/diagnostics/runs/sfm_dataset4_sfm_1024_sift_incremental_fullres_eval/resource_summary.json,150,49cfbba8fed93988990882902c2833891b0ecc088c84141fa0040efe7be00486
runs/sfm_dataset4_sfm_1024_sift_incremental_fullres_eval/resource_samples.csv,114021,7461071292677e1160939655b472519e9067f950690af3c1ce0e9b9a0799d398
runs/sfm_dataset4_sfm_1024_sift_incremental_fullres_eval/sfm_dataset4_sfm_1024_sift_incremental_fullres_eval.exit,32,aeb7fb11bf52cbddd6345591d2fde0597587b7b1cffe51a7219f9a75902d8158
runs/sfm_dataset4_sfm_1024_sift_incremental_fullres_eval/worker_identity.json,475,fa627aa03270d8e330d26f0b47dd25b7e9c766ec8bd3cc9effcebe38db126b43
runs/sfm_dataset4_sfm_2048_aliked_global_fullres_eval/ablation_eval/jobs/sfm_dataset4_sfm_2048_aliked_global/resource_samples.csv,37435,f641885cbc169cd0b1e17ec8d6b4710bc514e9295233e990937c50cf6d70cf33
runs/sfm_dataset4_sfm_2048_aliked_global_fullres_eval/ablation_eval/manifest.csv,1619,52f3785532f4111b1467d7423adaba2f184e7edd9e8818df7a0942954316e305
runs/sfm_dataset4_sfm_2048_aliked_global_fullres_eval/ablation_eval/metrics_long.csv,16489,7a367bf36b3abc2edbc57afa99844090fc0622a373fe123ecc33c9fb98f64925
runs/sfm_dataset4_sfm_2048_aliked_global_fullres_eval/ablation_eval/results_final.csv,129,6cf300cc3eaa1536de18eb4bdbeb47d3308e50e0dd2e0f8c8cbbee795a57b170
runs/sfm_dataset4_sfm_2048_aliked_global_fullres_eval/ablation_eval/results_sfm.csv,1167,5e64bf54fe31905db7bdc67a47eee5fcc74e88eee6253fefbedc7a8bec4894d5
runs/sfm_dataset4_sfm_2048_aliked_global_fullres_eval/ablation_eval/results_splat.csv,3750,55cc42cc2452f974c1e51817222bddb6330462818e0460006242037b29e03d9c
runs/sfm_dataset4_sfm_2048_aliked_global_fullres_eval/ablation_eval/splat_eval/sfm_dataset4_sfm_2048_aliked_global/p000/attempt_1/lfs_eval_config.json,1356,cb2203da5d26ff25c0d3c42eadd03120278f181cccef913e88874a417c2f1132
runs/sfm_dataset4_sfm_2048_aliked_global_fullres_eval/ablation_eval/splat_eval/sfm_dataset4_sfm_2048_aliked_global/p000/attempt_1/loss_history.csv,8187,165cd0de1b72863d513b19fdb2fa901e712ffe62a75aedc563825d0eee7b61f8
runs/sfm_dataset4_sfm_2048_aliked_global_fullres_eval/ablation_eval/splat_eval/sfm_dataset4_sfm_2048_aliked_global/p000/attempt_1/metrics.csv,417,3844d88899e984654c5575d3d7704f5e6e4add05aa366b33eb84ca4a737454c3
runs/sfm_dataset4_sfm_2048_aliked_global_fullres_eval/ablation_eval/splat_eval/sfm_dataset4_sfm_2048_aliked_global/p000/attempt_1/python_metrics.json,511,b9db91c03de494ece592e621c5e530db0fdbe713123cc8bd993c45294b4b39fd
runs/sfm_dataset4_sfm_2048_aliked_global_fullres_eval/ablation_eval/splat_eval/sfm_dataset4_sfm_2048_aliked_global/p000/attempt_1/resource_samples.csv,14426,76a16b689c35ac66f96705e50daae063d7c3e2628df375204b09a5d61b024ffd
runs/sfm_dataset4_sfm_2048_aliked_global_fullres_eval/ablation_eval/splat_eval/sfm_dataset4_sfm_2048_aliked_global/p000/attempt_1/training_status.json,2121,7e3b935152d345117d8949891a00c87b79116afb5dc8b2b65093da81a2aa17e3
runs/sfm_dataset4_sfm_2048_aliked_global_fullres_eval/ablation_eval/splat_eval/sfm_dataset4_sfm_2048_aliked_global/p003/attempt_1/lfs_eval_config.json,1356,cb2203da5d26ff25c0d3c42eadd03120278f181cccef913e88874a417c2f1132
runs/sfm_dataset4_sfm_2048_aliked_global_fullres_eval/ablation_eval/splat_eval/sfm_dataset4_sfm_2048_aliked_global/p003/attempt_1/loss_history.csv,8062,9659bacad7a5641aa683e6dd8f02d4fd175865588ac8b5402039b1713417c9cc
runs/sfm_dataset4_sfm_2048_aliked_global_fullres_eval/ablation_eval/splat_eval/sfm_dataset4_sfm_2048_aliked_global/p003/attempt_1/metrics.csv,417,05bef8a0227a9e5758fc9b08c3de8a4bf886ea61895eb8b539297dbfbc77085c
runs/sfm_dataset4_sfm_2048_aliked_global_fullres_eval/ablation_eval/splat_eval/sfm_dataset4_sfm_2048_aliked_global/p003/attempt_1/python_metrics.json,456,d7e4ac9ad89c0e5580b87ac349cbf4345ec39988ac46fb5ebdc26e089c5da6d2
runs/sfm_dataset4_sfm_2048_aliked_global_fullres_eval/ablation_eval/splat_eval/sfm_dataset4_sfm_2048_aliked_global/p003/attempt_1/resource_samples.csv,8576,b3d090ed4bb7eaaa929fd67320969471bf96559b5398be696f16ec71a277d38a
runs/sfm_dataset4_sfm_2048_aliked_global_fullres_eval/ablation_eval/splat_eval/sfm_dataset4_sfm_2048_aliked_global/p003/attempt_1/training_status.json,2119,d4674a42c243fb416c03d2b36e98b6b736f6f7c32ec4da204ee838b7159ad8be
runs/sfm_dataset4_sfm_2048_aliked_global_fullres_eval/ablation_eval/splat_eval/sfm_dataset4_sfm_2048_aliked_global/p005/attempt_1/lfs_eval_config.json,1356,cb2203da5d26ff25c0d3c42eadd03120278f181cccef913e88874a417c2f1132
runs/sfm_dataset4_sfm_2048_aliked_global_fullres_eval/ablation_eval/splat_eval/sfm_dataset4_sfm_2048_aliked_global/p005/attempt_1/loss_history.csv,8093,17d13e41b6184a215831123fd5eab4f2f598e52698faf8810bd02389d1828727
runs/sfm_dataset4_sfm_2048_aliked_global_fullres_eval/ablation_eval/splat_eval/sfm_dataset4_sfm_2048_aliked_global/p005/attempt_1/metrics.csv,417,fed79e5a398c2a2de00222366500962d11643a046a448e5e3f36e8e6304a9339
runs/sfm_dataset4_sfm_2048_aliked_global_fullres_eval/ablation_eval/splat_eval/sfm_dataset4_sfm_2048_aliked_global/p005/attempt_1/python_metrics.json,401,be52791f4d0f69c6ab857eed48cf05234c32ae1f8e58bd2deea4c301d3f90f64
runs/sfm_dataset4_sfm_2048_aliked_global_fullres_eval/ablation_eval/splat_eval/sfm_dataset4_sfm_2048_aliked_global/p005/attempt_1/resource_samples.csv,8532,1b9dcb19ccf658811f11964568c3db3fabc19256ad820413c0302ddfd14f2f50
runs/sfm_dataset4_sfm_2048_aliked_global_fullres_eval/ablation_eval/splat_eval/sfm_dataset4_sfm_2048_aliked_global/p005/attempt_1/training_status.json,2122,34b5fc2ecf5adf6b31652da614ba45879d592dba64d4a85dfd67029461eb3cc2
runs/sfm_dataset4_sfm_2048_aliked_global_fullres_eval/ablation_eval/splat_eval/sfm_dataset4_sfm_2048_aliked_global/p008/attempt_1/lfs_eval_config.json,1356,cb2203da5d26ff25c0d3c42eadd03120278f181cccef913e88874a417c2f1132
runs/sfm_dataset4_sfm_2048_aliked_global_fullres_eval/ablation_eval/splat_eval/sfm_dataset4_sfm_2048_aliked_global/p008/attempt_1/loss_history.csv,8211,1b78f2306c445d421accd8243dceb1d3d863240a1cfe6efacc8aeeedea1d9ecb
runs/sfm_dataset4_sfm_2048_aliked_global_fullres_eval/ablation_eval/splat_eval/sfm_dataset4_sfm_2048_aliked_global/p008/attempt_1/metrics.csv,417,040e3d67db66d0a9af062697261f89421127c76f6a164840713b9bf0a10b9740
runs/sfm_dataset4_sfm_2048_aliked_global_fullres_eval/ablation_eval/splat_eval/sfm_dataset4_sfm_2048_aliked_global/p008/attempt_1/python_metrics.json,456,d7e4ac9ad89c0e5580b87ac349cbf4345ec39988ac46fb5ebdc26e089c5da6d2
runs/sfm_dataset4_sfm_2048_aliked_global_fullres_eval/ablation_eval/splat_eval/sfm_dataset4_sfm_2048_aliked_global/p008/attempt_1/resource_samples.csv,14837,04a44c7a31ebaa6e64977111cc85251c300cdc59658726b7828eaef3b80db714
runs/sfm_dataset4_sfm_2048_aliked_global_fullres_eval/ablation_eval/splat_eval/sfm_dataset4_sfm_2048_aliked_global/p008/attempt_1/training_status.json,2123,b6ededa96a69e6a7521384cd250da8d1e0f2045d1ffdddf79ee278251de2a9f0
runs/sfm_dataset4_sfm_2048_aliked_global_fullres_eval/ablation_eval/splat_eval/sfm_dataset4_sfm_2048_aliked_global/p010/attempt_1/lfs_eval_config.json,1356,cb2203da5d26ff25c0d3c42eadd03120278f181cccef913e88874a417c2f1132
runs/sfm_dataset4_sfm_2048_aliked_global_fullres_eval/ablation_eval/splat_eval/sfm_dataset4_sfm_2048_aliked_global/p010/attempt_1/loss_history.csv,8137,30f58f490f63641f39379849659ee8ca8a8e3d4586d4da37a4c359f2f55710bd
runs/sfm_dataset4_sfm_2048_aliked_global_fullres_eval/ablation_eval/splat_eval/sfm_dataset4_sfm_2048_aliked_global/p010/attempt_1/metrics.csv,417,e2085b312ba3111eb31f12052ee536ca4ac6d3748275c465c644782ee971a5ef
runs/sfm_dataset4_sfm_2048_aliked_global_fullres_eval/ablation_eval/splat_eval/sfm_dataset4_sfm_2048_aliked_global/p010/attempt_1/python_metrics.json,401,be52791f4d0f69c6ab857eed48cf05234c32ae1f8e58bd2deea4c301d3f90f64
runs/sfm_dataset4_sfm_2048_aliked_global_fullres_eval/ablation_eval/splat_eval/sfm_dataset4_sfm_2048_aliked_global/p010/attempt_1/resource_samples.csv,8349,1188d64af257bd114fb10d68942622752aed866500cbfb20f4d127f903b4ea04
runs/sfm_dataset4_sfm_2048_aliked_global_fullres_eval/ablation_eval/splat_eval/sfm_dataset4_sfm_2048_aliked_global/p010/attempt_1/training_status.json,2120,c2c404c69e62512699b3cef2fae013aef4d0d7d2c3a9516f02f06c65401da9e9
runs/sfm_dataset4_sfm_2048_aliked_global_fullres_eval/ablation_eval/splat_eval/sfm_dataset4_sfm_2048_aliked_global/p013/attempt_1/lfs_eval_config.json,1356,cb2203da5d26ff25c0d3c42eadd03120278f181cccef913e88874a417c2f1132
runs/sfm_dataset4_sfm_2048_aliked_global_fullres_eval/ablation_eval/splat_eval/sfm_dataset4_sfm_2048_aliked_global/p013/attempt_1/loss_history.csv,8203,15e665fe2639e4f3fff492c7b4f9e41dad9b2245cfc0ababd8f9c1854c67c22c
runs/sfm_dataset4_sfm_2048_aliked_global_fullres_eval/ablation_eval/splat_eval/sfm_dataset4_sfm_2048_aliked_global/p013/attempt_1/metrics.csv,417,4d21205b48371b36fecb587a12af3f6d1b23c534ff44734776d2c307aa43f3d2
runs/sfm_dataset4_sfm_2048_aliked_global_fullres_eval/ablation_eval/splat_eval/sfm_dataset4_sfm_2048_aliked_global/p013/attempt_1/python_metrics.json,511,b9db91c03de494ece592e621c5e530db0fdbe713123cc8bd993c45294b4b39fd
runs/sfm_dataset4_sfm_2048_aliked_global_fullres_eval/ablation_eval/splat_eval/sfm_dataset4_sfm_2048_aliked_global/p013/attempt_1/resource_samples.csv,12754,b003a455fb36f73691e654bfa32c71602309ae0e68dfa86b0cf9a93637d7684b
runs/sfm_dataset4_sfm_2048_aliked_global_fullres_eval/ablation_eval/splat_eval/sfm_dataset4_sfm_2048_aliked_global/p013/attempt_1/training_status.json,2123,e87dcd922daf071002f6013236d95318b467a26f32037c86e5661bdc1995d10e
runs/sfm_dataset4_sfm_2048_aliked_global_fullres_eval/ablation_eval/splat_eval/sfm_dataset4_sfm_2048_aliked_global/p015/attempt_1/lfs_eval_config.json,1356,cb2203da5d26ff25c0d3c42eadd03120278f181cccef913e88874a417c2f1132
runs/sfm_dataset4_sfm_2048_aliked_global_fullres_eval/ablation_eval/splat_eval/sfm_dataset4_sfm_2048_aliked_global/p015/attempt_1/loss_history.csv,8214,790afde7b03fae1b28d8e48bb66e2ac7f9aa772853d81ade126f9b8a9e7e323d
runs/sfm_dataset4_sfm_2048_aliked_global_fullres_eval/ablation_eval/splat_eval/sfm_dataset4_sfm_2048_aliked_global/p015/attempt_1/metrics.csv,417,38a95eb5a83f895b4cb54f7b95f0ad113a7c1a96bf20c67398d50604a3e72ecb
runs/sfm_dataset4_sfm_2048_aliked_global_fullres_eval/ablation_eval/splat_eval/sfm_dataset4_sfm_2048_aliked_global/p015/attempt_1/python_metrics.json,511,b9db91c03de494ece592e621c5e530db0fdbe713123cc8bd993c45294b4b39fd
runs/sfm_dataset4_sfm_2048_aliked_global_fullres_eval/ablation_eval/splat_eval/sfm_dataset4_sfm_2048_aliked_global/p015/attempt_1/resource_samples.csv,15904,ae650f28f23c382f514ce4cdaacef134af53d9627a1e931ee37b0e512db948f1
runs/sfm_dataset4_sfm_2048_aliked_global_fullres_eval/ablation_eval/splat_eval/sfm_dataset4_sfm_2048_aliked_global/p015/attempt_1/training_status.json,2123,cce507d40fc174a9a8dbbce02d85338a351028571e32334e28cdb31eb282230d
runs/sfm_dataset4_sfm_2048_aliked_global_fullres_eval/ablation_eval/splat_eval/sfm_dataset4_sfm_2048_aliked_global/p018/attempt_1/lfs_eval_config.json,1356,cb2203da5d26ff25c0d3c42eadd03120278f181cccef913e88874a417c2f1132
runs/sfm_dataset4_sfm_2048_aliked_global_fullres_eval/ablation_eval/splat_eval/sfm_dataset4_sfm_2048_aliked_global/p018/attempt_1/loss_history.csv,8158,12023b49e217e884c0a50d3071e7724fb5d24ea9159bf5f27e60df832d1ba881
runs/sfm_dataset4_sfm_2048_aliked_global_fullres_eval/ablation_eval/splat_eval/sfm_dataset4_sfm_2048_aliked_global/p018/attempt_1/metrics.csv,417,cb7ab5857463e6fc30da298b9097c8ef8b7bb73d73deeb453e301b6092513c73
runs/sfm_dataset4_sfm_2048_aliked_global_fullres_eval/ablation_eval/splat_eval/sfm_dataset4_sfm_2048_aliked_global/p018/attempt_1/python_metrics.json,456,d7e4ac9ad89c0e5580b87ac349cbf4345ec39988ac46fb5ebdc26e089c5da6d2
runs/sfm_dataset4_sfm_2048_aliked_global_fullres_eval/ablation_eval/splat_eval/sfm_dataset4_sfm_2048_aliked_global/p018/attempt_1/resource_samples.csv,12520,97e3c6024bb70005af801f42f04d3720be2f6609b1809070b88c06ea0eb1df49
runs/sfm_dataset4_sfm_2048_aliked_global_fullres_eval/ablation_eval/splat_eval/sfm_dataset4_sfm_2048_aliked_global/p018/attempt_1/training_status.json,2123,6a02af563bd1bab68b31bf88cd7c3680a559c5f59e59c273a092458ade40ca5e
runs/sfm_dataset4_sfm_2048_aliked_global_fullres_eval/ablation_eval/splat_eval/sfm_dataset4_sfm_2048_aliked_global/p020/attempt_1/lfs_eval_config.json,1356,cb2203da5d26ff25c0d3c42eadd03120278f181cccef913e88874a417c2f1132
runs/sfm_dataset4_sfm_2048_aliked_global_fullres_eval/ablation_eval/splat_eval/sfm_dataset4_sfm_2048_aliked_global/p020/attempt_1/loss_history.csv,8182,77505073238c1e54aaae23c10d0b9520524b3a2b971b0beb894ee511ca6a908f
runs/sfm_dataset4_sfm_2048_aliked_global_fullres_eval/ablation_eval/splat_eval/sfm_dataset4_sfm_2048_aliked_global/p020/attempt_1/metrics.csv,417,c86f6133039442289e00aa9612a83a7e68d5e36b0c39d3e560146514e94ca59b
runs/sfm_dataset4_sfm_2048_aliked_global_fullres_eval/ablation_eval/splat_eval/sfm_dataset4_sfm_2048_aliked_global/p020/attempt_1/python_metrics.json,511,b9db91c03de494ece592e621c5e530db0fdbe713123cc8bd993c45294b4b39fd
runs/sfm_dataset4_sfm_2048_aliked_global_fullres_eval/ablation_eval/splat_eval/sfm_dataset4_sfm_2048_aliked_global/p020/attempt_1/resource_samples.csv,12636,98ab40c7a30e7abcdd22193d0bf870cf40dd12e14485fdbaa8693a7367756448
runs/sfm_dataset4_sfm_2048_aliked_global_fullres_eval/ablation_eval/splat_eval/sfm_dataset4_sfm_2048_aliked_global/p020/attempt_1/training_status.json,2122,4deec93e411506a3678b70a20c8e05526c674217ffa20644fe2ecf9d66858d32
runs/sfm_dataset4_sfm_2048_aliked_global_fullres_eval/ablation_eval/splat_eval/sfm_dataset4_sfm_2048_aliked_global/p023/attempt_1/lfs_eval_config.json,1356,cb2203da5d26ff25c0d3c42eadd03120278f181cccef913e88874a417c2f1132
runs/sfm_dataset4_sfm_2048_aliked_global_fullres_eval/ablation_eval/splat_eval/sfm_dataset4_sfm_2048_aliked_global/p023/attempt_1/loss_history.csv,8196,a6491046ab3194cec2958051b3b4e132b8dc13a1a942f2c49b26495a678a16ec
runs/sfm_dataset4_sfm_2048_aliked_global_fullres_eval/ablation_eval/splat_eval/sfm_dataset4_sfm_2048_aliked_global/p023/attempt_1/metrics.csv,417,40b88e7b289a78172b792de9ce01c57fa74458237f714bbd0174cccb305cc9fc
runs/sfm_dataset4_sfm_2048_aliked_global_fullres_eval/ablation_eval/splat_eval/sfm_dataset4_sfm_2048_aliked_global/p023/attempt_1/python_metrics.json,511,b9db91c03de494ece592e621c5e530db0fdbe713123cc8bd993c45294b4b39fd
runs/sfm_dataset4_sfm_2048_aliked_global_fullres_eval/ablation_eval/splat_eval/sfm_dataset4_sfm_2048_aliked_global/p023/attempt_1/resource_samples.csv,14031,84e835ef241b40c7eaf1b9d0e27a5f6206626ece7e6f9f62bbe89117e491f38a
runs/sfm_dataset4_sfm_2048_aliked_global_fullres_eval/ablation_eval/splat_eval/sfm_dataset4_sfm_2048_aliked_global/p023/attempt_1/training_status.json,2122,ca95f84a151d49307291bc188d83c7f408e89b71217211dfb2a27f6391beed9e
runs/sfm_dataset4_sfm_2048_aliked_global_fullres_eval/ablation_eval/splat_eval_selection.json,562,ce6a5e1d96fb8c449b5e6b058dd6bd304a43ca1364fa559affbd89d5d0ca0e75
runs/sfm_dataset4_sfm_2048_aliked_global_fullres_eval/diagnostics/runs/sfm_dataset4_sfm_2048_aliked_global/logs/colmap.log,13483443,f5ae1b9c795c2d5a17df102023bbfec225ba0fdab7b9ab64e44a782e9fe441ed
runs/sfm_dataset4_sfm_2048_aliked_global_fullres_eval/diagnostics/runs/sfm_dataset4_sfm_2048_aliked_global/logs/pipeline.log,6640,03c00f6a94a3bacb950e621b03d5f8c2a5f3240ab98f3ce2cfb67e3403811cb0
runs/sfm_dataset4_sfm_2048_aliked_global_fullres_eval/diagnostics/runs/sfm_dataset4_sfm_2048_aliked_global/logs/warnings.log,1048,f22727f3377b31963553d22d3cb6d63b459cadcde92602f452c02479713937d7
runs/sfm_dataset4_sfm_2048_aliked_global_fullres_eval/diagnostics/runs/sfm_dataset4_sfm_2048_aliked_global/run_status.json,701,7208239179daa9e44f7143763aa86c35b9b48fc1098d15018830237f3fceedfb
runs/sfm_dataset4_sfm_2048_aliked_global_fullres_eval/diagnostics/runs/sfm_dataset4_sfm_2048_aliked_global/timings.json,2194,5f4e30b459e8bdd3078cbf6abc8800d48ad328d991fddc5aff6542211a98ea4d
runs/sfm_dataset4_sfm_2048_aliked_global_fullres_eval/diagnostics/runs/sfm_dataset4_sfm_2048_aliked_global_fullres_eval/resource_samples.csv,90681,a8103118e9695b2ce3d90affeced550d3cb35ee13b89674acbf0ef96a76998e7
runs/sfm_dataset4_sfm_2048_aliked_global_fullres_eval/diagnostics/runs/sfm_dataset4_sfm_2048_aliked_global_fullres_eval/resource_summary.json,152,36a7a79587281ac44075f9f4d16c83bac49159a3466c3c9b643f2fa07c0b08a1
runs/sfm_dataset4_sfm_2048_aliked_global_fullres_eval/resource_samples.csv,90681,a8103118e9695b2ce3d90affeced550d3cb35ee13b89674acbf0ef96a76998e7
runs/sfm_dataset4_sfm_2048_aliked_global_fullres_eval/sfm_dataset4_sfm_2048_aliked_global_fullres_eval.exit,32,aeb7fb11bf52cbddd6345591d2fde0597587b7b1cffe51a7219f9a75902d8158
runs/sfm_dataset4_sfm_2048_aliked_global_fullres_eval/worker_identity.json,472,ea4b244178ccb866f6bd51d74b050dc89e5c6edf4625cd311035430fe49484ad
runs/sfm_dataset4_sfm_2048_aliked_incremental_fullres_eval/ablation_eval/jobs/sfm_dataset4_sfm_2048_aliked_incremental/resource_samples.csv,38506,c43b97d4f94f320789545d11ad188053aca75f1d3be25ac5d514214e0880ccf4
runs/sfm_dataset4_sfm_2048_aliked_incremental_fullres_eval/ablation_eval/manifest.csv,1682,273332278ffce5fd17b6200499cc3051b8d56f332234939d9af2af19db1be62c
runs/sfm_dataset4_sfm_2048_aliked_incremental_fullres_eval/ablation_eval/results_final.csv,129,6cf300cc3eaa1536de18eb4bdbeb47d3308e50e0dd2e0f8c8cbbee795a57b170
runs/sfm_dataset4_sfm_2048_aliked_incremental_fullres_eval/ablation_eval/results_sfm.csv,1192,89fc851dac4485f63cdfec018005923411e2f4db36ea94a8d7b0605f24998db2
runs/sfm_dataset4_sfm_2048_aliked_incremental_fullres_eval/ablation_eval/results_splat.csv,298,39db4462af80f9c5d63208487ac3ac84ffe996ec2010f17b931958a3ddb3a8cb
runs/sfm_dataset4_sfm_2048_aliked_incremental_fullres_eval/ablation_eval/splat_eval_selection.json,188,143de258cc1a5ad6641137b7dab6c5a6593afb7a9beca5f83021c90af7684864
runs/sfm_dataset4_sfm_2048_aliked_incremental_fullres_eval/diagnostics/runs/sfm_dataset4_sfm_2048_aliked_incremental/logs/colmap.log,12990344,c5bea756648fa465ff7a79b4b743bd8aa86411f9cd0bd589af8db0d097978af0
runs/sfm_dataset4_sfm_2048_aliked_incremental_fullres_eval/diagnostics/runs/sfm_dataset4_sfm_2048_aliked_incremental/logs/pipeline.log,6800,2148247963f6d7ad7951b5f9fa88627e60e10de14744b210c574bf0d0888f79b
runs/sfm_dataset4_sfm_2048_aliked_incremental_fullres_eval/diagnostics/runs/sfm_dataset4_sfm_2048_aliked_incremental/logs/warnings.log,1191,7a661f8b7198931fe097a4baff4d28144d11f6f1a75089f8a13f3312b94071e7
runs/sfm_dataset4_sfm_2048_aliked_incremental_fullres_eval/diagnostics/runs/sfm_dataset4_sfm_2048_aliked_incremental/run_status.json,701,485eab62c31c825e9fac9f5686efebe2afc18a0b3173405ef318a5e44a29368e
runs/sfm_dataset4_sfm_2048_aliked_incremental_fullres_eval/diagnostics/runs/sfm_dataset4_sfm_2048_aliked_incremental/timings.json,2190,c2a5d671386e00e7224031ac3c1dbfbd4c1be21089476f6d29a6540785bae309
runs/sfm_dataset4_sfm_2048_aliked_incremental_fullres_eval/diagnostics/runs/sfm_dataset4_sfm_2048_aliked_incremental_fullres_eval/resource_samples.csv,35036,183bb6309a9ab2be1847c3e73a8783c69ce65773bdb76688e168c3aaa719964c
runs/sfm_dataset4_sfm_2048_aliked_incremental_fullres_eval/diagnostics/runs/sfm_dataset4_sfm_2048_aliked_incremental_fullres_eval/resource_summary.json,149,80e45d3c4568fd18cd68380a473b1e7569a06fc0113cbdce8137ed7763be680f
runs/sfm_dataset4_sfm_2048_aliked_incremental_fullres_eval/resource_samples.csv,35036,183bb6309a9ab2be1847c3e73a8783c69ce65773bdb76688e168c3aaa719964c
runs/sfm_dataset4_sfm_2048_aliked_incremental_fullres_eval/sfm_dataset4_sfm_2048_aliked_incremental_fullres_eval.exit,32,aeb7fb11bf52cbddd6345591d2fde0597587b7b1cffe51a7219f9a75902d8158
runs/sfm_dataset4_sfm_2048_aliked_incremental_fullres_eval/worker_identity.json,477,b5c91d1c08ecb5987c33ac0672f28dbf0c4cdfb7deeda46230bc8ba219105e25
runs/sfm_dataset4_sfm_2048_sift_global_fullres_eval/ablation_eval/jobs/sfm_dataset4_sfm_2048_sift_global/resource_samples.csv,55788,5ef38c2f25b986b707a1d14348568ae06c5b906de07c89120ee3f443228cc040
runs/sfm_dataset4_sfm_2048_sift_global_fullres_eval/ablation_eval/manifest.csv,1406,8ff9af60afe3e20c86418ebacab9cdac687810a2287848ad2ee90652a94ca635
runs/sfm_dataset4_sfm_2048_sift_global_fullres_eval/ablation_eval/metrics_long.csv,16228,ac39cf45e4d23f2993b0e120106b08755a1fc1c43747c3a9b4f08ddef146b0d3
runs/sfm_dataset4_sfm_2048_sift_global_fullres_eval/ablation_eval/results_final.csv,129,6cf300cc3eaa1536de18eb4bdbeb47d3308e50e0dd2e0f8c8cbbee795a57b170
runs/sfm_dataset4_sfm_2048_sift_global_fullres_eval/ablation_eval/results_sfm.csv,1159,e16c2d140545a9381e5f77646011452822806faaa679888cf3b0ff02aac0103d
runs/sfm_dataset4_sfm_2048_sift_global_fullres_eval/ablation_eval/results_splat.csv,3709,b65e8704dd95b4192b234cd12affc00afdacf617c162a4bae3f5d73b49e62eca
runs/sfm_dataset4_sfm_2048_sift_global_fullres_eval/ablation_eval/splat_eval/sfm_dataset4_sfm_2048_sift_global/p000/attempt_1/lfs_eval_config.json,1356,cb2203da5d26ff25c0d3c42eadd03120278f181cccef913e88874a417c2f1132
runs/sfm_dataset4_sfm_2048_sift_global_fullres_eval/ablation_eval/splat_eval/sfm_dataset4_sfm_2048_sift_global/p000/attempt_1/loss_history.csv,8218,0272aaa932fa0b0a82064fd0e85baba8b2fc0a77d49e637a613bc53be77b217d
runs/sfm_dataset4_sfm_2048_sift_global_fullres_eval/ablation_eval/splat_eval/sfm_dataset4_sfm_2048_sift_global/p000/attempt_1/metrics.csv,417,5931dafdae006fa728fd08c17fe941566659cfec503a786885a7dcad64c94da4
runs/sfm_dataset4_sfm_2048_sift_global_fullres_eval/ablation_eval/splat_eval/sfm_dataset4_sfm_2048_sift_global/p000/attempt_1/python_metrics.json,511,e62414d8381bb00be9dee9ae5e6a7ca195cf16653e1c94fdb5e03ed58f3c208b
runs/sfm_dataset4_sfm_2048_sift_global_fullres_eval/ablation_eval/splat_eval/sfm_dataset4_sfm_2048_sift_global/p000/attempt_1/resource_samples.csv,14958,f6556cee845f1cf4c69c9b285f6b405784f98a82051c9fb30b4cc93ba6e46e97
runs/sfm_dataset4_sfm_2048_sift_global_fullres_eval/ablation_eval/splat_eval/sfm_dataset4_sfm_2048_sift_global/p000/attempt_1/training_status.json,2108,22bae0a4f44a410d7a15ed63b2547ed08aa7ff49c0bf37046218d6524348c965
runs/sfm_dataset4_sfm_2048_sift_global_fullres_eval/ablation_eval/splat_eval/sfm_dataset4_sfm_2048_sift_global/p004/attempt_1/lfs_eval_config.json,1356,cb2203da5d26ff25c0d3c42eadd03120278f181cccef913e88874a417c2f1132
runs/sfm_dataset4_sfm_2048_sift_global_fullres_eval/ablation_eval/splat_eval/sfm_dataset4_sfm_2048_sift_global/p004/attempt_1/loss_history.csv,8203,23b9b3fa3458b00cc0f5d8db4b1161b079ae4e162088c74664b4426fdd02d363
runs/sfm_dataset4_sfm_2048_sift_global_fullres_eval/ablation_eval/splat_eval/sfm_dataset4_sfm_2048_sift_global/p004/attempt_1/metrics.csv,417,b2a7791086824fa29006cdcbc649af338f980eebe842d0b23cfb00843911719d
runs/sfm_dataset4_sfm_2048_sift_global_fullres_eval/ablation_eval/splat_eval/sfm_dataset4_sfm_2048_sift_global/p004/attempt_1/python_metrics.json,511,e62414d8381bb00be9dee9ae5e6a7ca195cf16653e1c94fdb5e03ed58f3c208b
runs/sfm_dataset4_sfm_2048_sift_global_fullres_eval/ablation_eval/splat_eval/sfm_dataset4_sfm_2048_sift_global/p004/attempt_1/resource_samples.csv,14757,7653792e7e3f72c2f734f198d3ac77ba1f3d94b0772c00b06cf5b96bf4af2d4e
runs/sfm_dataset4_sfm_2048_sift_global_fullres_eval/ablation_eval/splat_eval/sfm_dataset4_sfm_2048_sift_global/p004/attempt_1/training_status.json,2107,5f2f69dc4ca671e3d0ca8df983cf16f9ddc97494147dfe2e97706dbb6dcefd8f
runs/sfm_dataset4_sfm_2048_sift_global_fullres_eval/ablation_eval/splat_eval/sfm_dataset4_sfm_2048_sift_global/p008/attempt_1/lfs_eval_config.json,1356,cb2203da5d26ff25c0d3c42eadd03120278f181cccef913e88874a417c2f1132
runs/sfm_dataset4_sfm_2048_sift_global_fullres_eval/ablation_eval/splat_eval/sfm_dataset4_sfm_2048_sift_global/p008/attempt_1/loss_history.csv,8216,0f88bb91d8af00a230ca49e4f3f689a490835f0ca848cbe7e84749ee2a709c91
runs/sfm_dataset4_sfm_2048_sift_global_fullres_eval/ablation_eval/splat_eval/sfm_dataset4_sfm_2048_sift_global/p008/attempt_1/metrics.csv,417,e628cae46eaa01f6b5a84583ef20dfd1bc7c6667f57dc4912db2d5d4e6929d54
runs/sfm_dataset4_sfm_2048_sift_global_fullres_eval/ablation_eval/splat_eval/sfm_dataset4_sfm_2048_sift_global/p008/attempt_1/python_metrics.json,511,e62414d8381bb00be9dee9ae5e6a7ca195cf16653e1c94fdb5e03ed58f3c208b
runs/sfm_dataset4_sfm_2048_sift_global_fullres_eval/ablation_eval/splat_eval/sfm_dataset4_sfm_2048_sift_global/p008/attempt_1/resource_samples.csv,14541,b63a4f5be56582ef90001a39bfe0ae19559620ae5ce29f31d79b8d87777b12de
runs/sfm_dataset4_sfm_2048_sift_global_fullres_eval/ablation_eval/splat_eval/sfm_dataset4_sfm_2048_sift_global/p008/attempt_1/training_status.json,2109,2045698a1c70eb47ec3839bd7c296f6ef06f1d942fa983740c1171122d4dcd97
runs/sfm_dataset4_sfm_2048_sift_global_fullres_eval/ablation_eval/splat_eval/sfm_dataset4_sfm_2048_sift_global/p012/attempt_1/lfs_eval_config.json,1356,cb2203da5d26ff25c0d3c42eadd03120278f181cccef913e88874a417c2f1132
runs/sfm_dataset4_sfm_2048_sift_global_fullres_eval/ablation_eval/splat_eval/sfm_dataset4_sfm_2048_sift_global/p012/attempt_1/loss_history.csv,8198,f7a0307bad86825c9f7aee132fe9e4190e42c973b18d4b42c901b21074dc5d83
runs/sfm_dataset4_sfm_2048_sift_global_fullres_eval/ablation_eval/splat_eval/sfm_dataset4_sfm_2048_sift_global/p012/attempt_1/metrics.csv,417,882acb063367a1ea2b02b1128a8bd950eb2f072d16fa1bc768e5d3bc678797c2
runs/sfm_dataset4_sfm_2048_sift_global_fullres_eval/ablation_eval/splat_eval/sfm_dataset4_sfm_2048_sift_global/p012/attempt_1/python_metrics.json,511,e62414d8381bb00be9dee9ae5e6a7ca195cf16653e1c94fdb5e03ed58f3c208b
runs/sfm_dataset4_sfm_2048_sift_global_fullres_eval/ablation_eval/splat_eval/sfm_dataset4_sfm_2048_sift_global/p012/attempt_1/resource_samples.csv,15535,f91af5bf1e223cad8c42ed9232dc32dcdba3788dac07949d19d37873f82295ba
runs/sfm_dataset4_sfm_2048_sift_global_fullres_eval/ablation_eval/splat_eval/sfm_dataset4_sfm_2048_sift_global/p012/attempt_1/training_status.json,2105,101d99ecf7ba41605a3e2e2743383f2f73c5feb35ebe0ecb1f69ba952215ae56
runs/sfm_dataset4_sfm_2048_sift_global_fullres_eval/ablation_eval/splat_eval/sfm_dataset4_sfm_2048_sift_global/p016/attempt_1/lfs_eval_config.json,1356,cb2203da5d26ff25c0d3c42eadd03120278f181cccef913e88874a417c2f1132
runs/sfm_dataset4_sfm_2048_sift_global_fullres_eval/ablation_eval/splat_eval/sfm_dataset4_sfm_2048_sift_global/p016/attempt_1/loss_history.csv,8234,896ab7dd9c01f92a74749ce9db14e8ac03aabb9f5e798e8f74416cf47957cf19
runs/sfm_dataset4_sfm_2048_sift_global_fullres_eval/ablation_eval/splat_eval/sfm_dataset4_sfm_2048_sift_global/p016/attempt_1/metrics.csv,417,b63e2614848a3f0f20c50f277369aa1ef56a7cf0454aeaefea21250aaf7bebec
runs/sfm_dataset4_sfm_2048_sift_global_fullres_eval/ablation_eval/splat_eval/sfm_dataset4_sfm_2048_sift_global/p016/attempt_1/python_metrics.json,511,e62414d8381bb00be9dee9ae5e6a7ca195cf16653e1c94fdb5e03ed58f3c208b
runs/sfm_dataset4_sfm_2048_sift_global_fullres_eval/ablation_eval/splat_eval/sfm_dataset4_sfm_2048_sift_global/p016/attempt_1/resource_samples.csv,14707,257dc38806bacbf021633581cfb4f719620ed7033608c145835643eb793d8a00
runs/sfm_dataset4_sfm_2048_sift_global_fullres_eval/ablation_eval/splat_eval/sfm_dataset4_sfm_2048_sift_global/p016/attempt_1/training_status.json,2107,740dc57e567a4219db60e758de75e450828c399b87035b65e3d5cb07b0818c87
runs/sfm_dataset4_sfm_2048_sift_global_fullres_eval/ablation_eval/splat_eval/sfm_dataset4_sfm_2048_sift_global/p021/attempt_1/lfs_eval_config.json,1356,cb2203da5d26ff25c0d3c42eadd03120278f181cccef913e88874a417c2f1132
runs/sfm_dataset4_sfm_2048_sift_global_fullres_eval/ablation_eval/splat_eval/sfm_dataset4_sfm_2048_sift_global/p021/attempt_1/loss_history.csv,8221,99972395dc480419813f75bee45c174e906a871dc831e905ccca2151cc45716c
runs/sfm_dataset4_sfm_2048_sift_global_fullres_eval/ablation_eval/splat_eval/sfm_dataset4_sfm_2048_sift_global/p021/attempt_1/metrics.csv,417,ce7fc542220215a6565d1e6fe86aec8af8f475493279fb0b9261738ad71c63f9
runs/sfm_dataset4_sfm_2048_sift_global_fullres_eval/ablation_eval/splat_eval/sfm_dataset4_sfm_2048_sift_global/p021/attempt_1/python_metrics.json,511,e62414d8381bb00be9dee9ae5e6a7ca195cf16653e1c94fdb5e03ed58f3c208b
runs/sfm_dataset4_sfm_2048_sift_global_fullres_eval/ablation_eval/splat_eval/sfm_dataset4_sfm_2048_sift_global/p021/attempt_1/resource_samples.csv,14639,ee480238de2521863254fe37f269600070a307b3158cb9830de3e214930bd24c
runs/sfm_dataset4_sfm_2048_sift_global_fullres_eval/ablation_eval/splat_eval/sfm_dataset4_sfm_2048_sift_global/p021/attempt_1/training_status.json,2107,0160c074e054f8b317babc75aeef891a74b469b01b4d8e249c68273d9a316188
runs/sfm_dataset4_sfm_2048_sift_global_fullres_eval/ablation_eval/splat_eval/sfm_dataset4_sfm_2048_sift_global/p025/attempt_1/lfs_eval_config.json,1356,cb2203da5d26ff25c0d3c42eadd03120278f181cccef913e88874a417c2f1132
runs/sfm_dataset4_sfm_2048_sift_global_fullres_eval/ablation_eval/splat_eval/sfm_dataset4_sfm_2048_sift_global/p025/attempt_1/loss_history.csv,8240,46195b99a9f4b33bfb0e26a35a205a36b9ddc0b48d1b39eecaf8f620bb8d5e31
runs/sfm_dataset4_sfm_2048_sift_global_fullres_eval/ablation_eval/splat_eval/sfm_dataset4_sfm_2048_sift_global/p025/attempt_1/metrics.csv,417,829137a07272aa68f2b7305db902311f5d58d4f6a7b7529cac559248c87ba34b
runs/sfm_dataset4_sfm_2048_sift_global_fullres_eval/ablation_eval/splat_eval/sfm_dataset4_sfm_2048_sift_global/p025/attempt_1/python_metrics.json,511,e62414d8381bb00be9dee9ae5e6a7ca195cf16653e1c94fdb5e03ed58f3c208b
runs/sfm_dataset4_sfm_2048_sift_global_fullres_eval/ablation_eval/splat_eval/sfm_dataset4_sfm_2048_sift_global/p025/attempt_1/resource_samples.csv,15166,728c0cfeeeca7281ae1b8a1b917144d24ddf07b4ec1c0843c886160e2acd5c58
runs/sfm_dataset4_sfm_2048_sift_global_fullres_eval/ablation_eval/splat_eval/sfm_dataset4_sfm_2048_sift_global/p025/attempt_1/training_status.json,2108,a33243b59d8c47d3b6fac10bf28f6536cfa0ec54f03604d3383816b827eef823
runs/sfm_dataset4_sfm_2048_sift_global_fullres_eval/ablation_eval/splat_eval/sfm_dataset4_sfm_2048_sift_global/p029/attempt_1/lfs_eval_config.json,1356,cb2203da5d26ff25c0d3c42eadd03120278f181cccef913e88874a417c2f1132
runs/sfm_dataset4_sfm_2048_sift_global_fullres_eval/ablation_eval/splat_eval/sfm_dataset4_sfm_2048_sift_global/p029/attempt_1/loss_history.csv,8220,db95e806b08186df7745a08bca095e6986d1b112e93b4b729a20ab40eacf2aa0
runs/sfm_dataset4_sfm_2048_sift_global_fullres_eval/ablation_eval/splat_eval/sfm_dataset4_sfm_2048_sift_global/p029/attempt_1/metrics.csv,417,1e26dad47a6940eb160cfc5f63752eabe6b8e0690fb8a38c1791721a8dafdc31
runs/sfm_dataset4_sfm_2048_sift_global_fullres_eval/ablation_eval/splat_eval/sfm_dataset4_sfm_2048_sift_global/p029/attempt_1/python_metrics.json,511,e62414d8381bb00be9dee9ae5e6a7ca195cf16653e1c94fdb5e03ed58f3c208b
runs/sfm_dataset4_sfm_2048_sift_global_fullres_eval/ablation_eval/splat_eval/sfm_dataset4_sfm_2048_sift_global/p029/attempt_1/resource_samples.csv,15165,e1d4eacbe7d9019a11ac60ddf950c13c2e6993da6f4c543e0a597b8ec198d902
runs/sfm_dataset4_sfm_2048_sift_global_fullres_eval/ablation_eval/splat_eval/sfm_dataset4_sfm_2048_sift_global/p029/attempt_1/training_status.json,2107,a53ee1a38e32be8ff93ca0a218163a5a760f58ef8125c4e36b6740a72f599c02
runs/sfm_dataset4_sfm_2048_sift_global_fullres_eval/ablation_eval/splat_eval/sfm_dataset4_sfm_2048_sift_global/p033/attempt_1/lfs_eval_config.json,1356,cb2203da5d26ff25c0d3c42eadd03120278f181cccef913e88874a417c2f1132
runs/sfm_dataset4_sfm_2048_sift_global_fullres_eval/ablation_eval/splat_eval/sfm_dataset4_sfm_2048_sift_global/p033/attempt_1/loss_history.csv,8183,953818ec3de9a17d00aca0c162b23b34a181beee6649c52505241777b49b0a2e
runs/sfm_dataset4_sfm_2048_sift_global_fullres_eval/ablation_eval/splat_eval/sfm_dataset4_sfm_2048_sift_global/p033/attempt_1/metrics.csv,417,408f341da71940f5c897c1ca6c894a65d39c775794cc951f8bd3684efa8ccf8f
runs/sfm_dataset4_sfm_2048_sift_global_fullres_eval/ablation_eval/splat_eval/sfm_dataset4_sfm_2048_sift_global/p033/attempt_1/python_metrics.json,511,e62414d8381bb00be9dee9ae5e6a7ca195cf16653e1c94fdb5e03ed58f3c208b
runs/sfm_dataset4_sfm_2048_sift_global_fullres_eval/ablation_eval/splat_eval/sfm_dataset4_sfm_2048_sift_global/p033/attempt_1/resource_samples.csv,15178,745a73991a71182bf25b79c0e43ebfc3afe5a00d81369af0916eb58677a8a859
runs/sfm_dataset4_sfm_2048_sift_global_fullres_eval/ablation_eval/splat_eval/sfm_dataset4_sfm_2048_sift_global/p033/attempt_1/training_status.json,2107,1b06f3ab68ab37370395291bd7c0de1bfa3ff5f707717649ea8a4049199852a9
runs/sfm_dataset4_sfm_2048_sift_global_fullres_eval/ablation_eval/splat_eval/sfm_dataset4_sfm_2048_sift_global/p037/attempt_1/lfs_eval_config.json,1356,cb2203da5d26ff25c0d3c42eadd03120278f181cccef913e88874a417c2f1132
runs/sfm_dataset4_sfm_2048_sift_global_fullres_eval/ablation_eval/splat_eval/sfm_dataset4_sfm_2048_sift_global/p037/attempt_1/loss_history.csv,8228,db63c44f127dc7a154a2c5bf86ddd700d09e65d87606bb0d6765a351997ac530
runs/sfm_dataset4_sfm_2048_sift_global_fullres_eval/ablation_eval/splat_eval/sfm_dataset4_sfm_2048_sift_global/p037/attempt_1/metrics.csv,417,c83df9c7d386b31578fe5473c550d694507958b89ee6cc19408ca354d2887cfb
runs/sfm_dataset4_sfm_2048_sift_global_fullres_eval/ablation_eval/splat_eval/sfm_dataset4_sfm_2048_sift_global/p037/attempt_1/python_metrics.json,511,e62414d8381bb00be9dee9ae5e6a7ca195cf16653e1c94fdb5e03ed58f3c208b
runs/sfm_dataset4_sfm_2048_sift_global_fullres_eval/ablation_eval/splat_eval/sfm_dataset4_sfm_2048_sift_global/p037/attempt_1/resource_samples.csv,14239,e17beba127e2f49de67edfe60cb72de95640491d0b2ad8cb17adce653bbe8df1
runs/sfm_dataset4_sfm_2048_sift_global_fullres_eval/ablation_eval/splat_eval/sfm_dataset4_sfm_2048_sift_global/p037/attempt_1/training_status.json,2109,aa59c6e3ee75eb6904ffba16e04adfcad9218b9e846a8ed8fe96f3fd7dcee578
runs/sfm_dataset4_sfm_2048_sift_global_fullres_eval/ablation_eval/splat_eval_selection.json,558,52c412caac501b05cbb28c28943c00341291751cf5af1e60b7499d50e5f711f0
runs/sfm_dataset4_sfm_2048_sift_global_fullres_eval/diagnostics/runs/sfm_dataset4_sfm_2048_sift_global/logs/colmap.log,15784868,2d8a05152bfc830ee4df08f08444dcee65cbde4b8ff2d0b629fbafbc2e965ae0
runs/sfm_dataset4_sfm_2048_sift_global_fullres_eval/diagnostics/runs/sfm_dataset4_sfm_2048_sift_global/logs/pipeline.log,6643,02ee502f2fe9265ad78b29e52714cf119dd887d6f8215cf2fa811e888bcf6282
runs/sfm_dataset4_sfm_2048_sift_global_fullres_eval/diagnostics/runs/sfm_dataset4_sfm_2048_sift_global/logs/warnings.log,1048,82dd39aebd01e33583e5163fae1da472eccd2757b777cb365517cad113236d20
runs/sfm_dataset4_sfm_2048_sift_global_fullres_eval/diagnostics/runs/sfm_dataset4_sfm_2048_sift_global/run_status.json,701,5df6971aa5af71a96843f7f306bf363027540056747c7c17cb8dfe5bff72709f
runs/sfm_dataset4_sfm_2048_sift_global_fullres_eval/diagnostics/runs/sfm_dataset4_sfm_2048_sift_global/timings.json,2196,585f77e63f8e2922d9b32b299539fb86d1eab1079c7b6a2ea0d1a07a404aa65c
runs/sfm_dataset4_sfm_2048_sift_global_fullres_eval/diagnostics/runs/sfm_dataset4_sfm_2048_sift_global_fullres_eval/resource_samples.csv,119353,36275c900872564fb417f6ef191f4941806b0816439a5893c266efc34f150545
runs/sfm_dataset4_sfm_2048_sift_global_fullres_eval/diagnostics/runs/sfm_dataset4_sfm_2048_sift_global_fullres_eval/resource_summary.json,152,815a097aaebc13e5281fb8f60fd3c57cadd3ac526fa55c0225ed96f6087e1ed7
runs/sfm_dataset4_sfm_2048_sift_global_fullres_eval/resource_samples.csv,119353,36275c900872564fb417f6ef191f4941806b0816439a5893c266efc34f150545
runs/sfm_dataset4_sfm_2048_sift_global_fullres_eval/sfm_dataset4_sfm_2048_sift_global_fullres_eval.exit,32,aeb7fb11bf52cbddd6345591d2fde0597587b7b1cffe51a7219f9a75902d8158
runs/sfm_dataset4_sfm_2048_sift_global_fullres_eval/worker_identity.json,470,1833a935ff0570f9e0f04e32e917281fc65eac8a792fd272a82c62eef5c8f633
runs/sfm_dataset4_sfm_2048_sift_incremental_fullres_eval/ablation_eval/jobs/sfm_dataset4_sfm_2048_sift_incremental/resource_samples.csv,125981,899cbfc8cd6cfa804aebe54649c1731e8014f312be8c257cd54d4b6e017ef1b6
runs/sfm_dataset4_sfm_2048_sift_incremental_fullres_eval/ablation_eval/manifest.csv,1469,a693011e0cae30947d75a1ededec67a994a2960af01f56fb11172f9557d4c1b9
runs/sfm_dataset4_sfm_2048_sift_incremental_fullres_eval/ablation_eval/results_final.csv,129,6cf300cc3eaa1536de18eb4bdbeb47d3308e50e0dd2e0f8c8cbbee795a57b170
runs/sfm_dataset4_sfm_2048_sift_incremental_fullres_eval/ablation_eval/results_sfm.csv,860,a706ba6f175660c2be2b6430a8923037318fb30131ddede5094fe1e25124d8a6
runs/sfm_dataset4_sfm_2048_sift_incremental_fullres_eval/ablation_eval/results_splat.csv,298,39db4462af80f9c5d63208487ac3ac84ffe996ec2010f17b931958a3ddb3a8cb
runs/sfm_dataset4_sfm_2048_sift_incremental_fullres_eval/ablation_eval/splat_eval_selection.json,188,143de258cc1a5ad6641137b7dab6c5a6593afb7a9beca5f83021c90af7684864
runs/sfm_dataset4_sfm_2048_sift_incremental_fullres_eval/diagnostics/runs/sfm_dataset4_sfm_2048_sift_incremental/logs/colmap.log,11839912,7fcd5bdffce2371cdb29c57eb2d3179727cb88f911f17acc10668bfc34ab31c5
runs/sfm_dataset4_sfm_2048_sift_incremental_fullres_eval/diagnostics/runs/sfm_dataset4_sfm_2048_sift_incremental/logs/pipeline.log,3554,efcdcad1295ff3301d7db2ee4d129c2dfe61242ed0b7e185ce4bc33c8320e58a
runs/sfm_dataset4_sfm_2048_sift_incremental_fullres_eval/diagnostics/runs/sfm_dataset4_sfm_2048_sift_incremental/logs/warnings.log,510,ff5b7e488f41c5ee420097c33ef497e0f86b474a2aeb27a448e4f3ee9d43c065
runs/sfm_dataset4_sfm_2048_sift_incremental_fullres_eval/diagnostics/runs/sfm_dataset4_sfm_2048_sift_incremental/run_status.json,1460,53ec80b977a2b863e3e49343bdc2a1e3b9a3c56b3bac4bb77bbeb444152aa738
runs/sfm_dataset4_sfm_2048_sift_incremental_fullres_eval/diagnostics/runs/sfm_dataset4_sfm_2048_sift_incremental/timings.json,4955,7664435f318f3871a093432cd9cd2349fa360bcda65b4c501f84733e3131bba0
runs/sfm_dataset4_sfm_2048_sift_incremental_fullres_eval/diagnostics/runs/sfm_dataset4_sfm_2048_sift_incremental_fullres_eval/resource_samples.csv,114140,367c6db7154f1a97f7739ebc605373c4f6f87a6a9285d841c0fd6e4ca4c1e69e
runs/sfm_dataset4_sfm_2048_sift_incremental_fullres_eval/diagnostics/runs/sfm_dataset4_sfm_2048_sift_incremental_fullres_eval/resource_summary.json,150,ed922f391d6d093e6cfee22beb1e366773c4dd3421a5d10cc7c5e7c28d8f5acb
runs/sfm_dataset4_sfm_2048_sift_incremental_fullres_eval/resource_samples.csv,114140,367c6db7154f1a97f7739ebc605373c4f6f87a6a9285d841c0fd6e4ca4c1e69e
runs/sfm_dataset4_sfm_2048_sift_incremental_fullres_eval/sfm_dataset4_sfm_2048_sift_incremental_fullres_eval.exit,32,aeb7fb11bf52cbddd6345591d2fde0597587b7b1cffe51a7219f9a75902d8158
runs/sfm_dataset4_sfm_2048_sift_incremental_fullres_eval/worker_identity.json,475,6cbc16c6a36365dff6514b03d4e0469238b6b29be2a89d97b80f268a7f1755fc
runs/sfm_dataset4_sfm_full_aliked_global_fullres_eval/ablation_eval/jobs/sfm_dataset4_sfm_full_aliked_global/resource_samples.csv,45091,b2bdb6cc88e271c76dbb81d2007c5bc6728749c41ad8d8aa1b2564fda087990f
runs/sfm_dataset4_sfm_full_aliked_global_fullres_eval/ablation_eval/manifest.csv,1563,a64e00a1840ed63f4e9f14c4ddbc1699a19816a66bb16892b4f42fefc680ca7f
runs/sfm_dataset4_sfm_full_aliked_global_fullres_eval/ablation_eval/metrics_long.csv,16491,f7b54d8cdcb3aecc9c605e5393064319cdf4cf4e93cb530a6aa6ba2f77d86b50
runs/sfm_dataset4_sfm_full_aliked_global_fullres_eval/ablation_eval/results_final.csv,129,6cf300cc3eaa1536de18eb4bdbeb47d3308e50e0dd2e0f8c8cbbee795a57b170
runs/sfm_dataset4_sfm_full_aliked_global_fullres_eval/ablation_eval/results_sfm.csv,1171,c358daf6a53960fcb1a4283e79a2065ad30192b1ecb8f32440f95a6a253405ff
runs/sfm_dataset4_sfm_full_aliked_global_fullres_eval/ablation_eval/results_splat.csv,3757,7ca380c6ed738136d042f9787b735cc94f92ddf42bef1eee63b60313a3ac5e42
runs/sfm_dataset4_sfm_full_aliked_global_fullres_eval/ablation_eval/splat_eval/sfm_dataset4_sfm_full_aliked_global/p000/attempt_1/lfs_eval_config.json,1356,cb2203da5d26ff25c0d3c42eadd03120278f181cccef913e88874a417c2f1132
runs/sfm_dataset4_sfm_full_aliked_global_fullres_eval/ablation_eval/splat_eval/sfm_dataset4_sfm_full_aliked_global/p000/attempt_1/loss_history.csv,8193,1fc5b6f5ccbc6b813a3b4a50151691a788661bc1696f854cf1acf7cbf595aa86
runs/sfm_dataset4_sfm_full_aliked_global_fullres_eval/ablation_eval/splat_eval/sfm_dataset4_sfm_full_aliked_global/p000/attempt_1/metrics.csv,417,9637b9e2b76e3936ce20532d1d84eb031b8bd58612e735a83f566f52234160f2
runs/sfm_dataset4_sfm_full_aliked_global_fullres_eval/ablation_eval/splat_eval/sfm_dataset4_sfm_full_aliked_global/p000/attempt_1/python_metrics.json,511,5c927a3090f188c0ec02617dddc077f45499cacb84795c7db402bfe89bad7445
runs/sfm_dataset4_sfm_full_aliked_global_fullres_eval/ablation_eval/splat_eval/sfm_dataset4_sfm_full_aliked_global/p000/attempt_1/resource_samples.csv,15131,210bb9ad60a300f9755929abd3e8bb91711be007d7bc41c18fd1f10a10301f53
runs/sfm_dataset4_sfm_full_aliked_global_fullres_eval/ablation_eval/splat_eval/sfm_dataset4_sfm_full_aliked_global/p000/attempt_1/training_status.json,2122,86cc0ea1693ecd8000637ad9a90a45fd930c6c191c35d9bf445ddac9be2cd0d2
runs/sfm_dataset4_sfm_full_aliked_global_fullres_eval/ablation_eval/splat_eval/sfm_dataset4_sfm_full_aliked_global/p003/attempt_1/lfs_eval_config.json,1356,cb2203da5d26ff25c0d3c42eadd03120278f181cccef913e88874a417c2f1132
runs/sfm_dataset4_sfm_full_aliked_global_fullres_eval/ablation_eval/splat_eval/sfm_dataset4_sfm_full_aliked_global/p003/attempt_1/loss_history.csv,8195,15d1c61ce6447f54b2140440511d95a007c4fcfbfa9bad886926ee5d25ab338f
runs/sfm_dataset4_sfm_full_aliked_global_fullres_eval/ablation_eval/splat_eval/sfm_dataset4_sfm_full_aliked_global/p003/attempt_1/metrics.csv,417,2b5740691afa45893b3f38a5b1ee75d838f8ebd4164d7098a89d9f5e86128bc2
runs/sfm_dataset4_sfm_full_aliked_global_fullres_eval/ablation_eval/splat_eval/sfm_dataset4_sfm_full_aliked_global/p003/attempt_1/python_metrics.json,511,5c927a3090f188c0ec02617dddc077f45499cacb84795c7db402bfe89bad7445
runs/sfm_dataset4_sfm_full_aliked_global_fullres_eval/ablation_eval/splat_eval/sfm_dataset4_sfm_full_aliked_global/p003/attempt_1/resource_samples.csv,14294,8abbd2fce6d97f9d7d599f9115e661ccf367194810451a4c1a2526930d60799c
runs/sfm_dataset4_sfm_full_aliked_global_fullres_eval/ablation_eval/splat_eval/sfm_dataset4_sfm_full_aliked_global/p003/attempt_1/training_status.json,2123,c21e44d6fd460afe41e85ab00c715812a3e6fdb070e27e52566f0c059d2c9751
runs/sfm_dataset4_sfm_full_aliked_global_fullres_eval/ablation_eval/splat_eval/sfm_dataset4_sfm_full_aliked_global/p006/attempt_1/lfs_eval_config.json,1356,cb2203da5d26ff25c0d3c42eadd03120278f181cccef913e88874a417c2f1132
runs/sfm_dataset4_sfm_full_aliked_global_fullres_eval/ablation_eval/splat_eval/sfm_dataset4_sfm_full_aliked_global/p006/attempt_1/loss_history.csv,8206,3378ed2363dbabe6e36f07fad121ad7a9a097e166194d9f9cea748d8ae1d36d1
runs/sfm_dataset4_sfm_full_aliked_global_fullres_eval/ablation_eval/splat_eval/sfm_dataset4_sfm_full_aliked_global/p006/attempt_1/metrics.csv,417,c13d1555e7ed3cb40c5c4b06dca7c99f4356bc29421f1112c36e7e939bb76310
runs/sfm_dataset4_sfm_full_aliked_global_fullres_eval/ablation_eval/splat_eval/sfm_dataset4_sfm_full_aliked_global/p006/attempt_1/python_metrics.json,511,5c927a3090f188c0ec02617dddc077f45499cacb84795c7db402bfe89bad7445
runs/sfm_dataset4_sfm_full_aliked_global_fullres_eval/ablation_eval/splat_eval/sfm_dataset4_sfm_full_aliked_global/p006/attempt_1/resource_samples.csv,14893,a92b4fafb2f1d299ae68d88b6552ff0b7c4abd97739eaf518d81760668e9f817
runs/sfm_dataset4_sfm_full_aliked_global_fullres_eval/ablation_eval/splat_eval/sfm_dataset4_sfm_full_aliked_global/p006/attempt_1/training_status.json,2120,3e284f6b3be30506f28a3e0742163f51d123cb47844e2a7e9623a4f852a59efa
runs/sfm_dataset4_sfm_full_aliked_global_fullres_eval/ablation_eval/splat_eval/sfm_dataset4_sfm_full_aliked_global/p008/attempt_1/lfs_eval_config.json,1356,cb2203da5d26ff25c0d3c42eadd03120278f181cccef913e88874a417c2f1132
runs/sfm_dataset4_sfm_full_aliked_global_fullres_eval/ablation_eval/splat_eval/sfm_dataset4_sfm_full_aliked_global/p008/attempt_1/loss_history.csv,8207,5d6ee4a5b8f83abdd621222a2ebd26154392a77b48e984c91a2992218944e128
runs/sfm_dataset4_sfm_full_aliked_global_fullres_eval/ablation_eval/splat_eval/sfm_dataset4_sfm_full_aliked_global/p008/attempt_1/metrics.csv,417,8dbe3faa858d80f810311c3be695b3ffbf30749e6244f10f26f1663357f77ceb
runs/sfm_dataset4_sfm_full_aliked_global_fullres_eval/ablation_eval/splat_eval/sfm_dataset4_sfm_full_aliked_global/p008/attempt_1/python_metrics.json,511,5c927a3090f188c0ec02617dddc077f45499cacb84795c7db402bfe89bad7445
runs/sfm_dataset4_sfm_full_aliked_global_fullres_eval/ablation_eval/splat_eval/sfm_dataset4_sfm_full_aliked_global/p008/attempt_1/resource_samples.csv,16305,0a7d592c93aa0fe8b240dbe2fd93db300e7990c044331dd0cd12a110f2859a41
runs/sfm_dataset4_sfm_full_aliked_global_fullres_eval/ablation_eval/splat_eval/sfm_dataset4_sfm_full_aliked_global/p008/attempt_1/training_status.json,2123,93195a9a9101a139fba3bbeca6f1b11aac43aad42eb10d0639958b5f71fb81d4
runs/sfm_dataset4_sfm_full_aliked_global_fullres_eval/ablation_eval/splat_eval/sfm_dataset4_sfm_full_aliked_global/p011/attempt_1/lfs_eval_config.json,1356,cb2203da5d26ff25c0d3c42eadd03120278f181cccef913e88874a417c2f1132
runs/sfm_dataset4_sfm_full_aliked_global_fullres_eval/ablation_eval/splat_eval/sfm_dataset4_sfm_full_aliked_global/p011/attempt_1/loss_history.csv,8199,746f46b4201da689ce0a0eb47054719c511e002d37cde13cfba04cfca7be7d45
runs/sfm_dataset4_sfm_full_aliked_global_fullres_eval/ablation_eval/splat_eval/sfm_dataset4_sfm_full_aliked_global/p011/attempt_1/metrics.csv,417,92915138a234711d6ade66908fff67fd7e645906ca1b3ca6731ee0cc63fa6e31
runs/sfm_dataset4_sfm_full_aliked_global_fullres_eval/ablation_eval/splat_eval/sfm_dataset4_sfm_full_aliked_global/p011/attempt_1/python_metrics.json,511,5c927a3090f188c0ec02617dddc077f45499cacb84795c7db402bfe89bad7445
runs/sfm_dataset4_sfm_full_aliked_global_fullres_eval/ablation_eval/splat_eval/sfm_dataset4_sfm_full_aliked_global/p011/attempt_1/resource_samples.csv,12305,869e151a8c0599116953175e2b56a338bd9b5b206fa71e1a8dc4f5b5f9ddbf39
runs/sfm_dataset4_sfm_full_aliked_global_fullres_eval/ablation_eval/splat_eval/sfm_dataset4_sfm_full_aliked_global/p011/attempt_1/training_status.json,2123,cd321045987e7cbda9f3386acd18107f8f72fca25bcbd3aedad3f2163ece8907
runs/sfm_dataset4_sfm_full_aliked_global_fullres_eval/ablation_eval/splat_eval/sfm_dataset4_sfm_full_aliked_global/p014/attempt_1/lfs_eval_config.json,1356,cb2203da5d26ff25c0d3c42eadd03120278f181cccef913e88874a417c2f1132
runs/sfm_dataset4_sfm_full_aliked_global_fullres_eval/ablation_eval/splat_eval/sfm_dataset4_sfm_full_aliked_global/p014/attempt_1/loss_history.csv,8213,ae5b59b3af37db9f94c9d157827099dafa4159702e52f3874e9c518b3cb4ea11
runs/sfm_dataset4_sfm_full_aliked_global_fullres_eval/ablation_eval/splat_eval/sfm_dataset4_sfm_full_aliked_global/p014/attempt_1/metrics.csv,417,12d335d265cab0af65dbb999c0ce8c0c8491041741a959df16714033c355bd77
runs/sfm_dataset4_sfm_full_aliked_global_fullres_eval/ablation_eval/splat_eval/sfm_dataset4_sfm_full_aliked_global/p014/attempt_1/python_metrics.json,511,5c927a3090f188c0ec02617dddc077f45499cacb84795c7db402bfe89bad7445
runs/sfm_dataset4_sfm_full_aliked_global_fullres_eval/ablation_eval/splat_eval/sfm_dataset4_sfm_full_aliked_global/p014/attempt_1/resource_samples.csv,16150,c2925b69c5a64b0e3937e41809d41808c11878057def9e3bd4fa374840649a46
runs/sfm_dataset4_sfm_full_aliked_global_fullres_eval/ablation_eval/splat_eval/sfm_dataset4_sfm_full_aliked_global/p014/attempt_1/training_status.json,2123,43faadaa884540468e0bb59821d3cb187c63ffbc95f4dbbd220840160aadbdd8
runs/sfm_dataset4_sfm_full_aliked_global_fullres_eval/ablation_eval/splat_eval/sfm_dataset4_sfm_full_aliked_global/p017/attempt_1/lfs_eval_config.json,1356,cb2203da5d26ff25c0d3c42eadd03120278f181cccef913e88874a417c2f1132
runs/sfm_dataset4_sfm_full_aliked_global_fullres_eval/ablation_eval/splat_eval/sfm_dataset4_sfm_full_aliked_global/p017/attempt_1/loss_history.csv,8204,7e468e170d6beadcac912f70f4c849bd2eb559abff5dcedd26266a54a6db0af1
runs/sfm_dataset4_sfm_full_aliked_global_fullres_eval/ablation_eval/splat_eval/sfm_dataset4_sfm_full_aliked_global/p017/attempt_1/metrics.csv,417,bc96a90a28821196f9a406a760f4139a12da66be828844821f574520fb015b1e
runs/sfm_dataset4_sfm_full_aliked_global_fullres_eval/ablation_eval/splat_eval/sfm_dataset4_sfm_full_aliked_global/p017/attempt_1/python_metrics.json,511,5c927a3090f188c0ec02617dddc077f45499cacb84795c7db402bfe89bad7445
runs/sfm_dataset4_sfm_full_aliked_global_fullres_eval/ablation_eval/splat_eval/sfm_dataset4_sfm_full_aliked_global/p017/attempt_1/resource_samples.csv,15853,1e8157c99b3636c01efbb6baff3ea26717f7b7475f8517c222121397c637ce58
runs/sfm_dataset4_sfm_full_aliked_global_fullres_eval/ablation_eval/splat_eval/sfm_dataset4_sfm_full_aliked_global/p017/attempt_1/training_status.json,2123,92523a2197b86bfbd68b9299879e13c441836d5c68879faa31c1450f280c4dd5
runs/sfm_dataset4_sfm_full_aliked_global_fullres_eval/ablation_eval/splat_eval/sfm_dataset4_sfm_full_aliked_global/p019/attempt_1/lfs_eval_config.json,1356,cb2203da5d26ff25c0d3c42eadd03120278f181cccef913e88874a417c2f1132
runs/sfm_dataset4_sfm_full_aliked_global_fullres_eval/ablation_eval/splat_eval/sfm_dataset4_sfm_full_aliked_global/p019/attempt_1/loss_history.csv,8191,dff08ef35873e4f5e7ff89b4ac4a0a2044a8a838e34267c21f91cf189a4ad1b9
runs/sfm_dataset4_sfm_full_aliked_global_fullres_eval/ablation_eval/splat_eval/sfm_dataset4_sfm_full_aliked_global/p019/attempt_1/metrics.csv,417,c1ab666ab71937e860eb62dd2a69846c152abdb0a12d032628c63fd82580c914
runs/sfm_dataset4_sfm_full_aliked_global_fullres_eval/ablation_eval/splat_eval/sfm_dataset4_sfm_full_aliked_global/p019/attempt_1/python_metrics.json,511,5c927a3090f188c0ec02617dddc077f45499cacb84795c7db402bfe89bad7445
runs/sfm_dataset4_sfm_full_aliked_global_fullres_eval/ablation_eval/splat_eval/sfm_dataset4_sfm_full_aliked_global/p019/attempt_1/resource_samples.csv,14753,a0d403b7e7de33aef9e764650f0a4239ed3be5200ec0f782aea3744644c1d192
runs/sfm_dataset4_sfm_full_aliked_global_fullres_eval/ablation_eval/splat_eval/sfm_dataset4_sfm_full_aliked_global/p019/attempt_1/training_status.json,2125,440139bdabb4927d306833ee7448a2e2645a8a393b077bf8d779a68d83a5680e
runs/sfm_dataset4_sfm_full_aliked_global_fullres_eval/ablation_eval/splat_eval/sfm_dataset4_sfm_full_aliked_global/p022/attempt_1/lfs_eval_config.json,1356,cb2203da5d26ff25c0d3c42eadd03120278f181cccef913e88874a417c2f1132
runs/sfm_dataset4_sfm_full_aliked_global_fullres_eval/ablation_eval/splat_eval/sfm_dataset4_sfm_full_aliked_global/p022/attempt_1/loss_history.csv,8174,9cf775c5a3c0de40cc165ad63319d1b8c318bd785eab7bc5519ac06ec74e5144
runs/sfm_dataset4_sfm_full_aliked_global_fullres_eval/ablation_eval/splat_eval/sfm_dataset4_sfm_full_aliked_global/p022/attempt_1/metrics.csv,417,2cb2c5f740d255555a751e39b44501c060f6b7f21f819bffbce4146fe7d0b6ae
runs/sfm_dataset4_sfm_full_aliked_global_fullres_eval/ablation_eval/splat_eval/sfm_dataset4_sfm_full_aliked_global/p022/attempt_1/python_metrics.json,511,5c927a3090f188c0ec02617dddc077f45499cacb84795c7db402bfe89bad7445
runs/sfm_dataset4_sfm_full_aliked_global_fullres_eval/ablation_eval/splat_eval/sfm_dataset4_sfm_full_aliked_global/p022/attempt_1/resource_samples.csv,14483,4a0a9dae814cc9b6a868a3eced83879553402e4492e28765e367029fa5c11f06
runs/sfm_dataset4_sfm_full_aliked_global_fullres_eval/ablation_eval/splat_eval/sfm_dataset4_sfm_full_aliked_global/p022/attempt_1/training_status.json,2123,d6946c82ba9980cc0e90f5a5e321a787dbf813c63d7e9982dc8ec1bbfadc048e
runs/sfm_dataset4_sfm_full_aliked_global_fullres_eval/ablation_eval/splat_eval/sfm_dataset4_sfm_full_aliked_global/p025/attempt_1/lfs_eval_config.json,1356,cb2203da5d26ff25c0d3c42eadd03120278f181cccef913e88874a417c2f1132
runs/sfm_dataset4_sfm_full_aliked_global_fullres_eval/ablation_eval/splat_eval/sfm_dataset4_sfm_full_aliked_global/p025/attempt_1/loss_history.csv,8186,bfbac9f626a663326f5b1b7da67418ab4b57ef7d93c8e8d231dfce2072757ecd
runs/sfm_dataset4_sfm_full_aliked_global_fullres_eval/ablation_eval/splat_eval/sfm_dataset4_sfm_full_aliked_global/p025/attempt_1/metrics.csv,417,aa6f97f0460dfacbb73ab02a923816f83e3361795af96ea29dabe0d7f0ba6ee3
runs/sfm_dataset4_sfm_full_aliked_global_fullres_eval/ablation_eval/splat_eval/sfm_dataset4_sfm_full_aliked_global/p025/attempt_1/python_metrics.json,511,5c927a3090f188c0ec02617dddc077f45499cacb84795c7db402bfe89bad7445
runs/sfm_dataset4_sfm_full_aliked_global_fullres_eval/ablation_eval/splat_eval/sfm_dataset4_sfm_full_aliked_global/p025/attempt_1/resource_samples.csv,12447,1ba2eb0367809e5c774c13018907cef55ddfc8715c411bbfde674ce68cd456c5
runs/sfm_dataset4_sfm_full_aliked_global_fullres_eval/ablation_eval/splat_eval/sfm_dataset4_sfm_full_aliked_global/p025/attempt_1/training_status.json,2125,462e8c271e98ab43b994056ee38570fc2edff5ada3733e3581e53e655fa8b989
runs/sfm_dataset4_sfm_full_aliked_global_fullres_eval/ablation_eval/splat_eval_selection.json,562,5aca355cf4111333b2fce5e57e0577b9f0600d393dd601aeb0c8e6cad3611cfe
runs/sfm_dataset4_sfm_full_aliked_global_fullres_eval/diagnostics/runs/sfm_dataset4_sfm_full_aliked_global/logs/colmap.log,14171573,4c334e086af2872627b19c9a6927bf2eb7e4e667d5e31b5543c8be9eefda4c04
runs/sfm_dataset4_sfm_full_aliked_global_fullres_eval/diagnostics/runs/sfm_dataset4_sfm_full_aliked_global/logs/pipeline.log,6640,6bcff09bde078cf0aaf8948db684227bbc0cf6d5d99358c96eac981965a9c8c6
runs/sfm_dataset4_sfm_full_aliked_global_fullres_eval/diagnostics/runs/sfm_dataset4_sfm_full_aliked_global/logs/warnings.log,1048,0d883a7437c05e1d1ab64b0dd114305381b3c5d40f35d211d9d0e9f5439c0749
runs/sfm_dataset4_sfm_full_aliked_global_fullres_eval/diagnostics/runs/sfm_dataset4_sfm_full_aliked_global/run_status.json,701,f6ecb87651486f088e8c456b851837bacf710c9fd91dd052a3d08b84439ac40d
runs/sfm_dataset4_sfm_full_aliked_global_fullres_eval/diagnostics/runs/sfm_dataset4_sfm_full_aliked_global/timings.json,2194,33cfbbc679e803e3e960fe07129a37ce2fede01736acedacfa3be5af0c14bdc1
runs/sfm_dataset4_sfm_full_aliked_global_fullres_eval/diagnostics/runs/sfm_dataset4_sfm_full_aliked_global_fullres_eval/resource_samples.csv,108629,c8ef5e7722803890cba7366c182500a36b6f631a0605b6f9f17b0fb080287385
runs/sfm_dataset4_sfm_full_aliked_global_fullres_eval/diagnostics/runs/sfm_dataset4_sfm_full_aliked_global_fullres_eval/resource_summary.json,152,5113ed4968ee5b26aa53a0725afa2d7e0fc7f1fa8bc63e6bc23e93479c7c0369
runs/sfm_dataset4_sfm_full_aliked_global_fullres_eval/resource_samples.csv,108629,c8ef5e7722803890cba7366c182500a36b6f631a0605b6f9f17b0fb080287385
runs/sfm_dataset4_sfm_full_aliked_global_fullres_eval/sfm_dataset4_sfm_full_aliked_global_fullres_eval.exit,32,aeb7fb11bf52cbddd6345591d2fde0597587b7b1cffe51a7219f9a75902d8158
runs/sfm_dataset4_sfm_full_aliked_global_fullres_eval/worker_identity.json,472,996a1c27fea8bd697fb9589e09d456873d20431f6915e79f33b979a8c22cde87
runs/sfm_dataset4_sfm_full_aliked_incremental_fullres_eval/ablation_eval/jobs/sfm_dataset4_sfm_full_aliked_incremental/resource_samples.csv,36573,ce61dd586b9116dec81736a2910a7197b1ed4270e0de81640f82f716e16b17ee
runs/sfm_dataset4_sfm_full_aliked_incremental_fullres_eval/ablation_eval/manifest.csv,1626,bccde66842738ae9f053d1f6b2cd9c664d185a780fdc99e849c20aba070c3c63
runs/sfm_dataset4_sfm_full_aliked_incremental_fullres_eval/ablation_eval/results_final.csv,129,6cf300cc3eaa1536de18eb4bdbeb47d3308e50e0dd2e0f8c8cbbee795a57b170
runs/sfm_dataset4_sfm_full_aliked_incremental_fullres_eval/ablation_eval/results_sfm.csv,1192,7198d6bd4e5916f250f3acdc618f3501362b5e0c55aad99b5c0cd76d49f22a72
runs/sfm_dataset4_sfm_full_aliked_incremental_fullres_eval/ablation_eval/results_splat.csv,298,39db4462af80f9c5d63208487ac3ac84ffe996ec2010f17b931958a3ddb3a8cb
runs/sfm_dataset4_sfm_full_aliked_incremental_fullres_eval/ablation_eval/splat_eval_selection.json,188,143de258cc1a5ad6641137b7dab6c5a6593afb7a9beca5f83021c90af7684864
runs/sfm_dataset4_sfm_full_aliked_incremental_fullres_eval/diagnostics/runs/sfm_dataset4_sfm_full_aliked_incremental/logs/colmap.log,12935316,ed716ba1e5235e4ac6210512c58d69ae4e7b8ba00701a8c57e80d9b98761b07e
runs/sfm_dataset4_sfm_full_aliked_incremental_fullres_eval/diagnostics/runs/sfm_dataset4_sfm_full_aliked_incremental/logs/pipeline.log,6800,95d0893c396faf18a86e2b80824ac71fbd1172a68021d4d1564ae88d7a76ff72
runs/sfm_dataset4_sfm_full_aliked_incremental_fullres_eval/diagnostics/runs/sfm_dataset4_sfm_full_aliked_incremental/logs/warnings.log,1191,256d40d8b4688cd40a0e5f0109f4b73f28d65ddfa7980ad28f772b5ab2e3edcb
runs/sfm_dataset4_sfm_full_aliked_incremental_fullres_eval/diagnostics/runs/sfm_dataset4_sfm_full_aliked_incremental/run_status.json,701,98c275860443e332ec3171902c22bbcd3b631d1186d0bb00a8764f89e453eadc
runs/sfm_dataset4_sfm_full_aliked_incremental_fullres_eval/diagnostics/runs/sfm_dataset4_sfm_full_aliked_incremental/timings.json,2190,ac4373d3a1d0f84f73e0c5131a0868811b827f02e2babd9d7dbd6e6a515609f0
runs/sfm_dataset4_sfm_full_aliked_incremental_fullres_eval/diagnostics/runs/sfm_dataset4_sfm_full_aliked_incremental_fullres_eval/resource_samples.csv,33291,9df43c013c9eb1d3a4d2f33c38496f14e756192175ad0eaceae525f00106103d
runs/sfm_dataset4_sfm_full_aliked_incremental_fullres_eval/diagnostics/runs/sfm_dataset4_sfm_full_aliked_incremental_fullres_eval/resource_summary.json,149,bcb0a6506b0c6eb28cb14026545ed8d02ad2d6c26432e515a439cbce3091d886
runs/sfm_dataset4_sfm_full_aliked_incremental_fullres_eval/resource_samples.csv,33291,9df43c013c9eb1d3a4d2f33c38496f14e756192175ad0eaceae525f00106103d
runs/sfm_dataset4_sfm_full_aliked_incremental_fullres_eval/sfm_dataset4_sfm_full_aliked_incremental_fullres_eval.exit,32,aeb7fb11bf52cbddd6345591d2fde0597587b7b1cffe51a7219f9a75902d8158
runs/sfm_dataset4_sfm_full_aliked_incremental_fullres_eval/worker_identity.json,477,2d59f571d1f1a479a2e7f84b83793480bbb846c2f5ffdb81c69b55b917a32708
runs/sfm_dataset4_sfm_full_sift_global_fullres_eval/ablation_eval/jobs/sfm_dataset4_sfm_full_sift_global/resource_samples.csv,70024,fe9006f5eb8e21f09569d97e6d6167997848cfe1aa31508ee94fec6845e66eec
runs/sfm_dataset4_sfm_full_sift_global_fullres_eval/ablation_eval/manifest.csv,1351,df07bbe0f6f0764f2477106a726eee5539974d41b2b26039979d11d784ab1ef0
runs/sfm_dataset4_sfm_full_sift_global_fullres_eval/ablation_eval/metrics_long.csv,16224,2d70e06f9dd641b5316d4ad1feb0b6b905a062ba627890218beadb51638a1933
runs/sfm_dataset4_sfm_full_sift_global_fullres_eval/ablation_eval/results_final.csv,129,6cf300cc3eaa1536de18eb4bdbeb47d3308e50e0dd2e0f8c8cbbee795a57b170
runs/sfm_dataset4_sfm_full_sift_global_fullres_eval/ablation_eval/results_sfm.csv,1160,3a0c16d64f230d2e988b36386b632aa57726e10cfe07b46a733436b0f796650c
runs/sfm_dataset4_sfm_full_sift_global_fullres_eval/ablation_eval/results_splat.csv,3711,888d5c9df3c98a26bb87a85d00ff94388bd73c6572db3ce3c23add2fad4ae561
runs/sfm_dataset4_sfm_full_sift_global_fullres_eval/ablation_eval/splat_eval/sfm_dataset4_sfm_full_sift_global/p000/attempt_1/lfs_eval_config.json,1356,cb2203da5d26ff25c0d3c42eadd03120278f181cccef913e88874a417c2f1132
runs/sfm_dataset4_sfm_full_sift_global_fullres_eval/ablation_eval/splat_eval/sfm_dataset4_sfm_full_sift_global/p000/attempt_1/loss_history.csv,8192,8cee750e7a3aee3b9dd2cb68b0f0ef36283b8e83241df4627be03653b276e7b8
runs/sfm_dataset4_sfm_full_sift_global_fullres_eval/ablation_eval/splat_eval/sfm_dataset4_sfm_full_sift_global/p000/attempt_1/metrics.csv,417,c637e9cb610fc1b41c14c601230c010345534b7358a9002c68ca2dffc29ec744
runs/sfm_dataset4_sfm_full_sift_global_fullres_eval/ablation_eval/splat_eval/sfm_dataset4_sfm_full_sift_global/p000/attempt_1/python_metrics.json,511,f4e3187663c3b99e5897423d1c49ccdd5cd779585d8e9d558d41fe080035fb1c
runs/sfm_dataset4_sfm_full_sift_global_fullres_eval/ablation_eval/splat_eval/sfm_dataset4_sfm_full_sift_global/p000/attempt_1/resource_samples.csv,15899,53d6875357b8209867b0082bed5a2c94c9d9b244efeccc79f629fbc222f40e30
runs/sfm_dataset4_sfm_full_sift_global_fullres_eval/ablation_eval/splat_eval/sfm_dataset4_sfm_full_sift_global/p000/attempt_1/training_status.json,2106,2fd0b57ec1b18a1e4c148ea0f57e8d104267c43a77bd0d3613048fac5b3e1d7c
runs/sfm_dataset4_sfm_full_sift_global_fullres_eval/ablation_eval/splat_eval/sfm_dataset4_sfm_full_sift_global/p004/attempt_1/lfs_eval_config.json,1356,cb2203da5d26ff25c0d3c42eadd03120278f181cccef913e88874a417c2f1132
runs/sfm_dataset4_sfm_full_sift_global_fullres_eval/ablation_eval/splat_eval/sfm_dataset4_sfm_full_sift_global/p004/attempt_1/loss_history.csv,8235,fb58f3048ab01237ba2ffa7cb50ec4884345e3b25cdc33ea15bf87444d4b5411
runs/sfm_dataset4_sfm_full_sift_global_fullres_eval/ablation_eval/splat_eval/sfm_dataset4_sfm_full_sift_global/p004/attempt_1/metrics.csv,417,5bc1bee9e7ac07af890c3194c589311e586d27868587586f0f42b5643c86af78
runs/sfm_dataset4_sfm_full_sift_global_fullres_eval/ablation_eval/splat_eval/sfm_dataset4_sfm_full_sift_global/p004/attempt_1/python_metrics.json,511,f4e3187663c3b99e5897423d1c49ccdd5cd779585d8e9d558d41fe080035fb1c
runs/sfm_dataset4_sfm_full_sift_global_fullres_eval/ablation_eval/splat_eval/sfm_dataset4_sfm_full_sift_global/p004/attempt_1/resource_samples.csv,15025,237d7dff5fbf90b1c2eb07fbd9e24221b5fb98b3f9b1c50213c463512f639807
runs/sfm_dataset4_sfm_full_sift_global_fullres_eval/ablation_eval/splat_eval/sfm_dataset4_sfm_full_sift_global/p004/attempt_1/training_status.json,2109,9d7be47e7e76b9d893a2e7eeba3242cfbadf9213331266e5b72f90fc1611982c
runs/sfm_dataset4_sfm_full_sift_global_fullres_eval/ablation_eval/splat_eval/sfm_dataset4_sfm_full_sift_global/p008/attempt_1/lfs_eval_config.json,1356,cb2203da5d26ff25c0d3c42eadd03120278f181cccef913e88874a417c2f1132
runs/sfm_dataset4_sfm_full_sift_global_fullres_eval/ablation_eval/splat_eval/sfm_dataset4_sfm_full_sift_global/p008/attempt_1/loss_history.csv,8206,ffb5be25ad05b42b7beb194c3b4f17932b46b2747f03647c28394e88f417659a
runs/sfm_dataset4_sfm_full_sift_global_fullres_eval/ablation_eval/splat_eval/sfm_dataset4_sfm_full_sift_global/p008/attempt_1/metrics.csv,417,a4a2960ec750da0506e84ca9c3bc62a02f898522300aeb1adc3aac0bbf979f6d
runs/sfm_dataset4_sfm_full_sift_global_fullres_eval/ablation_eval/splat_eval/sfm_dataset4_sfm_full_sift_global/p008/attempt_1/python_metrics.json,511,f4e3187663c3b99e5897423d1c49ccdd5cd779585d8e9d558d41fe080035fb1c
runs/sfm_dataset4_sfm_full_sift_global_fullres_eval/ablation_eval/splat_eval/sfm_dataset4_sfm_full_sift_global/p008/attempt_1/resource_samples.csv,15445,cbe33095e23ea5831d6505a12e4e324373af929f2fed272a2b8f502d6b0ffffe
runs/sfm_dataset4_sfm_full_sift_global_fullres_eval/ablation_eval/splat_eval/sfm_dataset4_sfm_full_sift_global/p008/attempt_1/training_status.json,2109,9a3455d4c464adf5e37dc1b0d6f7b2d82b0419a7bd365608fa891c3b17b38558
runs/sfm_dataset4_sfm_full_sift_global_fullres_eval/ablation_eval/splat_eval/sfm_dataset4_sfm_full_sift_global/p012/attempt_1/lfs_eval_config.json,1356,cb2203da5d26ff25c0d3c42eadd03120278f181cccef913e88874a417c2f1132
runs/sfm_dataset4_sfm_full_sift_global_fullres_eval/ablation_eval/splat_eval/sfm_dataset4_sfm_full_sift_global/p012/attempt_1/loss_history.csv,8220,bc0e9e07e47f2553c77cacafde392579cfdeb693b9f217d0d9a75af310f66731
runs/sfm_dataset4_sfm_full_sift_global_fullres_eval/ablation_eval/splat_eval/sfm_dataset4_sfm_full_sift_global/p012/attempt_1/metrics.csv,417,b7a8594f7568c16949cd99074f2a3503c221f6a5894598ac1f65ec76b4a25b56
runs/sfm_dataset4_sfm_full_sift_global_fullres_eval/ablation_eval/splat_eval/sfm_dataset4_sfm_full_sift_global/p012/attempt_1/python_metrics.json,511,f4e3187663c3b99e5897423d1c49ccdd5cd779585d8e9d558d41fe080035fb1c
runs/sfm_dataset4_sfm_full_sift_global_fullres_eval/ablation_eval/splat_eval/sfm_dataset4_sfm_full_sift_global/p012/attempt_1/resource_samples.csv,14813,a9201c4db95de5d90f70fd2875c3298c46b79b3809301014cd23171cc60f35b2
runs/sfm_dataset4_sfm_full_sift_global_fullres_eval/ablation_eval/splat_eval/sfm_dataset4_sfm_full_sift_global/p012/attempt_1/training_status.json,2109,e9d4d1d86441a657a0bc80afdefde63ee6cb8d297b9a1ebc45d43df875ff0779
runs/sfm_dataset4_sfm_full_sift_global_fullres_eval/ablation_eval/splat_eval/sfm_dataset4_sfm_full_sift_global/p016/attempt_1/lfs_eval_config.json,1356,cb2203da5d26ff25c0d3c42eadd03120278f181cccef913e88874a417c2f1132
runs/sfm_dataset4_sfm_full_sift_global_fullres_eval/ablation_eval/splat_eval/sfm_dataset4_sfm_full_sift_global/p016/attempt_1/loss_history.csv,8217,466f52eb5dea15496c52a48a966679557a17a30c27801cb1a3fa9b918b8ac283
runs/sfm_dataset4_sfm_full_sift_global_fullres_eval/ablation_eval/splat_eval/sfm_dataset4_sfm_full_sift_global/p016/attempt_1/metrics.csv,417,ffb21252a4582d7bfef97ad6995e755ab1255a92aca77c53761c3e2ca41c862c
runs/sfm_dataset4_sfm_full_sift_global_fullres_eval/ablation_eval/splat_eval/sfm_dataset4_sfm_full_sift_global/p016/attempt_1/python_metrics.json,511,f4e3187663c3b99e5897423d1c49ccdd5cd779585d8e9d558d41fe080035fb1c
runs/sfm_dataset4_sfm_full_sift_global_fullres_eval/ablation_eval/splat_eval/sfm_dataset4_sfm_full_sift_global/p016/attempt_1/resource_samples.csv,15165,4735473293f5566f2e37b40188efe84100d0fd7184d57c36d90e4cf89416901a
runs/sfm_dataset4_sfm_full_sift_global_fullres_eval/ablation_eval/splat_eval/sfm_dataset4_sfm_full_sift_global/p016/attempt_1/training_status.json,2107,e96011774897165a663e430b2cd96356c26360bcd34554ebca3208a8a0bf611d
runs/sfm_dataset4_sfm_full_sift_global_fullres_eval/ablation_eval/splat_eval/sfm_dataset4_sfm_full_sift_global/p020/attempt_1/lfs_eval_config.json,1356,cb2203da5d26ff25c0d3c42eadd03120278f181cccef913e88874a417c2f1132
runs/sfm_dataset4_sfm_full_sift_global_fullres_eval/ablation_eval/splat_eval/sfm_dataset4_sfm_full_sift_global/p020/attempt_1/loss_history.csv,8176,15af52608725acd797b989ae2e4c14740f4dbfe1fd94675f823f48a96155cfec
runs/sfm_dataset4_sfm_full_sift_global_fullres_eval/ablation_eval/splat_eval/sfm_dataset4_sfm_full_sift_global/p020/attempt_1/metrics.csv,417,462b005a08fc6084ce1239c23092f19c3e2af6b317358d67bc092a51ce48de4b
runs/sfm_dataset4_sfm_full_sift_global_fullres_eval/ablation_eval/splat_eval/sfm_dataset4_sfm_full_sift_global/p020/attempt_1/python_metrics.json,511,f4e3187663c3b99e5897423d1c49ccdd5cd779585d8e9d558d41fe080035fb1c
runs/sfm_dataset4_sfm_full_sift_global_fullres_eval/ablation_eval/splat_eval/sfm_dataset4_sfm_full_sift_global/p020/attempt_1/resource_samples.csv,15718,ad343d8cdbf74cb24a6494a27b86f849af0d8de237f803dd9b760e41891c324e
runs/sfm_dataset4_sfm_full_sift_global_fullres_eval/ablation_eval/splat_eval/sfm_dataset4_sfm_full_sift_global/p020/attempt_1/training_status.json,2111,b0320f71674554235dce0ac8e26bd9982d438a9a08f2d62dfb9e846dd2bd4984
runs/sfm_dataset4_sfm_full_sift_global_fullres_eval/ablation_eval/splat_eval/sfm_dataset4_sfm_full_sift_global/p024/attempt_1/lfs_eval_config.json,1356,cb2203da5d26ff25c0d3c42eadd03120278f181cccef913e88874a417c2f1132
runs/sfm_dataset4_sfm_full_sift_global_fullres_eval/ablation_eval/splat_eval/sfm_dataset4_sfm_full_sift_global/p024/attempt_1/loss_history.csv,8231,f23518683c3705a27d7eff5ea57ce4a53b5ce57db5185d35548005ed71db793a
runs/sfm_dataset4_sfm_full_sift_global_fullres_eval/ablation_eval/splat_eval/sfm_dataset4_sfm_full_sift_global/p024/attempt_1/metrics.csv,417,a72dc4fcfa84e784a183ea1bc1f10c61e7d3dd2e287cbc6fe3d0c0ec3a600eb3
runs/sfm_dataset4_sfm_full_sift_global_fullres_eval/ablation_eval/splat_eval/sfm_dataset4_sfm_full_sift_global/p024/attempt_1/python_metrics.json,511,f4e3187663c3b99e5897423d1c49ccdd5cd779585d8e9d558d41fe080035fb1c
runs/sfm_dataset4_sfm_full_sift_global_fullres_eval/ablation_eval/splat_eval/sfm_dataset4_sfm_full_sift_global/p024/attempt_1/resource_samples.csv,15809,0ac092d40a1834fbd16169dc3be8b08c64cc3ef01a2d626b1b16c8be836112ab
runs/sfm_dataset4_sfm_full_sift_global_fullres_eval/ablation_eval/splat_eval/sfm_dataset4_sfm_full_sift_global/p024/attempt_1/training_status.json,2105,a188e70832ebdd4e078d8ba92a55ffd01fdf98b7dc35f1e396301c94f8834c12
runs/sfm_dataset4_sfm_full_sift_global_fullres_eval/ablation_eval/splat_eval/sfm_dataset4_sfm_full_sift_global/p028/attempt_1/lfs_eval_config.json,1356,cb2203da5d26ff25c0d3c42eadd03120278f181cccef913e88874a417c2f1132
runs/sfm_dataset4_sfm_full_sift_global_fullres_eval/ablation_eval/splat_eval/sfm_dataset4_sfm_full_sift_global/p028/attempt_1/loss_history.csv,8241,bd6dbad262406a2fe40dc9cb0685e6380d7416992f7ddc55f5b68e800aee7f3e
runs/sfm_dataset4_sfm_full_sift_global_fullres_eval/ablation_eval/splat_eval/sfm_dataset4_sfm_full_sift_global/p028/attempt_1/metrics.csv,417,16a1fda716ab0be2cdd1c67061f34b7014f24f734337e3222a8d4a35fea0f58f
runs/sfm_dataset4_sfm_full_sift_global_fullres_eval/ablation_eval/splat_eval/sfm_dataset4_sfm_full_sift_global/p028/attempt_1/python_metrics.json,511,f4e3187663c3b99e5897423d1c49ccdd5cd779585d8e9d558d41fe080035fb1c
runs/sfm_dataset4_sfm_full_sift_global_fullres_eval/ablation_eval/splat_eval/sfm_dataset4_sfm_full_sift_global/p028/attempt_1/resource_samples.csv,15849,cd59cec4133ad481e71147d63decf2a05f639a0c24327b7e8ca532aeb1f9308e
runs/sfm_dataset4_sfm_full_sift_global_fullres_eval/ablation_eval/splat_eval/sfm_dataset4_sfm_full_sift_global/p028/attempt_1/training_status.json,2103,f7b8108d86ad2ba028f633c1f8c783a63bc844953e26e7d99f00c5fe9cf9dd15
runs/sfm_dataset4_sfm_full_sift_global_fullres_eval/ablation_eval/splat_eval/sfm_dataset4_sfm_full_sift_global/p032/attempt_1/lfs_eval_config.json,1356,cb2203da5d26ff25c0d3c42eadd03120278f181cccef913e88874a417c2f1132
runs/sfm_dataset4_sfm_full_sift_global_fullres_eval/ablation_eval/splat_eval/sfm_dataset4_sfm_full_sift_global/p032/attempt_1/loss_history.csv,8192,a4c90ea3f6eb563cf54c719c7bf307394828af6c1f5a376373587e43dae1cdd8
runs/sfm_dataset4_sfm_full_sift_global_fullres_eval/ablation_eval/splat_eval/sfm_dataset4_sfm_full_sift_global/p032/attempt_1/metrics.csv,417,5e4b5813ad791edfbdd29126dcbf9b0122ec861c69ab1489b9ab962c7d3c6e95
runs/sfm_dataset4_sfm_full_sift_global_fullres_eval/ablation_eval/splat_eval/sfm_dataset4_sfm_full_sift_global/p032/attempt_1/python_metrics.json,511,f4e3187663c3b99e5897423d1c49ccdd5cd779585d8e9d558d41fe080035fb1c
runs/sfm_dataset4_sfm_full_sift_global_fullres_eval/ablation_eval/splat_eval/sfm_dataset4_sfm_full_sift_global/p032/attempt_1/resource_samples.csv,16049,2d4a8234a784ecdc65f6b28e79912ef3609187eea095d79938ec0860368a203f
runs/sfm_dataset4_sfm_full_sift_global_fullres_eval/ablation_eval/splat_eval/sfm_dataset4_sfm_full_sift_global/p032/attempt_1/training_status.json,2107,d51469cddb4ac8ec603f9d13f8a773774989fc2d4fc7dc755207002db678b237
runs/sfm_dataset4_sfm_full_sift_global_fullres_eval/ablation_eval/splat_eval/sfm_dataset4_sfm_full_sift_global/p036/attempt_1/lfs_eval_config.json,1356,cb2203da5d26ff25c0d3c42eadd03120278f181cccef913e88874a417c2f1132
runs/sfm_dataset4_sfm_full_sift_global_fullres_eval/ablation_eval/splat_eval/sfm_dataset4_sfm_full_sift_global/p036/attempt_1/loss_history.csv,8228,fe251b6584321817d7d5e0676c033d720b0751de46b457d97a480161683cf275
runs/sfm_dataset4_sfm_full_sift_global_fullres_eval/ablation_eval/splat_eval/sfm_dataset4_sfm_full_sift_global/p036/attempt_1/metrics.csv,417,03391d803df09c3cbd7b6ac42ef388fc8f915572ad3d26ef4a886fdffc37335c
runs/sfm_dataset4_sfm_full_sift_global_fullres_eval/ablation_eval/splat_eval/sfm_dataset4_sfm_full_sift_global/p036/attempt_1/python_metrics.json,511,f4e3187663c3b99e5897423d1c49ccdd5cd779585d8e9d558d41fe080035fb1c
runs/sfm_dataset4_sfm_full_sift_global_fullres_eval/ablation_eval/splat_eval/sfm_dataset4_sfm_full_sift_global/p036/attempt_1/resource_samples.csv,15139,8c59041a565b78ab2099a736aad885339a909cf6c791aec5143ef6a578ab423c
runs/sfm_dataset4_sfm_full_sift_global_fullres_eval/ablation_eval/splat_eval/sfm_dataset4_sfm_full_sift_global/p036/attempt_1/training_status.json,2109,e539b577cf21ee41e9a732b671d6d1df717465302e98c21186d720f2382eb163
runs/sfm_dataset4_sfm_full_sift_global_fullres_eval/ablation_eval/splat_eval_selection.json,558,9dc37ec081fbc1a98f1439a9f774fa8129dfec5f25bf6f6086e9c887a039e47e
runs/sfm_dataset4_sfm_full_sift_global_fullres_eval/diagnostics/runs/sfm_dataset4_sfm_full_sift_global/logs/colmap.log,15790444,f99421ebc62239ed96ccd6c1d6589d168b868a1f419b8de1c55f44cd1cc0f97e
runs/sfm_dataset4_sfm_full_sift_global_fullres_eval/diagnostics/runs/sfm_dataset4_sfm_full_sift_global/logs/pipeline.log,6646,3c0894365abb1cbbcf7e23856f047f908cbed5f1ffef672a372445ab42c7887a
runs/sfm_dataset4_sfm_full_sift_global_fullres_eval/diagnostics/runs/sfm_dataset4_sfm_full_sift_global/logs/warnings.log,1048,ac0945542ffc6792f860a84c02759e7a2dff7cce57176c88c699c22d009a3ab0
runs/sfm_dataset4_sfm_full_sift_global_fullres_eval/diagnostics/runs/sfm_dataset4_sfm_full_sift_global/run_status.json,701,0bd3f59569ef41764c3d76a66cf7262af4d4a495f49b1bc3385b6d1a094cd77e
runs/sfm_dataset4_sfm_full_sift_global_fullres_eval/diagnostics/runs/sfm_dataset4_sfm_full_sift_global/timings.json,2195,bf231ffe467b65aae0b9dc29b00659edaa08fbf43de48e7b25696493ce8c35d0
runs/sfm_dataset4_sfm_full_sift_global_fullres_eval/diagnostics/runs/sfm_dataset4_sfm_full_sift_global_fullres_eval/resource_samples.csv,134828,9cde3cfcd56b556731f6cfc5d9d9901b30c7fe597d8dd7ebba20718e47de1e22
runs/sfm_dataset4_sfm_full_sift_global_fullres_eval/diagnostics/runs/sfm_dataset4_sfm_full_sift_global_fullres_eval/resource_summary.json,151,1f5ee9f5277c729742a167bd733c8800b204186697f7a123de856778d2853a93
runs/sfm_dataset4_sfm_full_sift_global_fullres_eval/resource_samples.csv,134828,9cde3cfcd56b556731f6cfc5d9d9901b30c7fe597d8dd7ebba20718e47de1e22
runs/sfm_dataset4_sfm_full_sift_global_fullres_eval/sfm_dataset4_sfm_full_sift_global_fullres_eval.exit,32,aeb7fb11bf52cbddd6345591d2fde0597587b7b1cffe51a7219f9a75902d8158
runs/sfm_dataset4_sfm_full_sift_global_fullres_eval/worker_identity.json,470,5a5e1f8eece93dc28c26b03caf2938524cbd033d10d9f0f53c1e2f570759b662
runs/sfm_dataset4_sfm_full_sift_incremental_fullres_eval/ablation_eval/jobs/sfm_dataset4_sfm_full_sift_incremental/resource_samples.csv,125696,6d782eb897958814edb9da9f63d6fcf29f376d766650c2eea2eac32212f14228
runs/sfm_dataset4_sfm_full_sift_incremental_fullres_eval/ablation_eval/manifest.csv,1413,b4ae14109c8886a443f2b6aadfa5862f75cfd123187235f3f8b9dfa2b0934f27
runs/sfm_dataset4_sfm_full_sift_incremental_fullres_eval/ablation_eval/results_final.csv,129,6cf300cc3eaa1536de18eb4bdbeb47d3308e50e0dd2e0f8c8cbbee795a57b170
runs/sfm_dataset4_sfm_full_sift_incremental_fullres_eval/ablation_eval/results_sfm.csv,859,d7ff2d9647d6db4e2e03bb8ee09ec8646fda190568fcbb3142aa58e2ef080c45
runs/sfm_dataset4_sfm_full_sift_incremental_fullres_eval/ablation_eval/results_splat.csv,298,39db4462af80f9c5d63208487ac3ac84ffe996ec2010f17b931958a3ddb3a8cb
runs/sfm_dataset4_sfm_full_sift_incremental_fullres_eval/ablation_eval/splat_eval_selection.json,188,143de258cc1a5ad6641137b7dab6c5a6593afb7a9beca5f83021c90af7684864
runs/sfm_dataset4_sfm_full_sift_incremental_fullres_eval/diagnostics/runs/sfm_dataset4_sfm_full_sift_incremental/logs/colmap.log,11761930,5aef8ae7b5432f64c85a6369f493e10cf1a8810d5e43ca924e1148103edae6e8
runs/sfm_dataset4_sfm_full_sift_incremental_fullres_eval/diagnostics/runs/sfm_dataset4_sfm_full_sift_incremental/logs/pipeline.log,3555,0c45a15b51adbedc062b9a2ba24929930aabcab64d0739777230effcf60ee25c
runs/sfm_dataset4_sfm_full_sift_incremental_fullres_eval/diagnostics/runs/sfm_dataset4_sfm_full_sift_incremental/logs/warnings.log,510,be26f4faa0d66d14526e6b282949ee48d36e60403c668940082415f9b606d715
runs/sfm_dataset4_sfm_full_sift_incremental_fullres_eval/diagnostics/runs/sfm_dataset4_sfm_full_sift_incremental/run_status.json,1460,a1b735ea06129fa4f8da1bba20c72fda1dfa11922f34a036702bdfaab7d92111
runs/sfm_dataset4_sfm_full_sift_incremental_fullres_eval/diagnostics/runs/sfm_dataset4_sfm_full_sift_incremental/timings.json,4957,2eda8ecf5f94e5aad16be7c474ebc81969a5c2cc71deb4d7d961c6194164522d
runs/sfm_dataset4_sfm_full_sift_incremental_fullres_eval/diagnostics/runs/sfm_dataset4_sfm_full_sift_incremental_fullres_eval/resource_samples.csv,113742,54899da3ad8f4b48cc5ece8ef33e8e371de79999f90a503e6b014a9fa4dba10e
runs/sfm_dataset4_sfm_full_sift_incremental_fullres_eval/diagnostics/runs/sfm_dataset4_sfm_full_sift_incremental_fullres_eval/resource_summary.json,150,09986427fb8da119b519f794bfb22d3b6ed8a9ed1af81556cc5fe5b0fb31520d
runs/sfm_dataset4_sfm_full_sift_incremental_fullres_eval/resource_samples.csv,113742,54899da3ad8f4b48cc5ece8ef33e8e371de79999f90a503e6b014a9fa4dba10e
runs/sfm_dataset4_sfm_full_sift_incremental_fullres_eval/sfm_dataset4_sfm_full_sift_incremental_fullres_eval.exit,32,aeb7fb11bf52cbddd6345591d2fde0597587b7b1cffe51a7219f9a75902d8158
runs/sfm_dataset4_sfm_full_sift_incremental_fullres_eval/worker_identity.json,475,59bf17e82baf52283eb1695ecda93f080b74985db3f42d5116ddad7d74346400
runs/sfm_dataset5_sfm_1024_aliked_global_fullres_eval/ablation_eval/jobs/sfm_dataset5_sfm_1024_aliked_global/resource_samples.csv,28985,7e296dd47ea976d0d81f3e75f3f22a4f21050989d267681eb53e6eb304a07be0
runs/sfm_dataset5_sfm_1024_aliked_global_fullres_eval/ablation_eval/manifest.csv,1619,9c79ea9b839b24d38906f3cdfd3ed154d59544c00101ba9ff1d0345bc7dd57b2
runs/sfm_dataset5_sfm_1024_aliked_global_fullres_eval/ablation_eval/metrics_long.csv,16481,527332a04d0a75ab646b872067d16ab6f50610387483e0dc44f10fa3e81f5f1d
runs/sfm_dataset5_sfm_1024_aliked_global_fullres_eval/ablation_eval/results_final.csv,129,6cf300cc3eaa1536de18eb4bdbeb47d3308e50e0dd2e0f8c8cbbee795a57b170
runs/sfm_dataset5_sfm_1024_aliked_global_fullres_eval/ablation_eval/results_sfm.csv,1167,16d2416260fed1a952f7e63457b236f2fff57ba2d5d911a80c4ca8121a737010
runs/sfm_dataset5_sfm_1024_aliked_global_fullres_eval/ablation_eval/results_splat.csv,3733,23cad2ea559c039f3dfe6d489508f61dd12cfabbeb01701454446a2d9ee7616d
runs/sfm_dataset5_sfm_1024_aliked_global_fullres_eval/ablation_eval/splat_eval/sfm_dataset5_sfm_1024_aliked_global/p000/attempt_1/lfs_eval_config.json,1356,cb2203da5d26ff25c0d3c42eadd03120278f181cccef913e88874a417c2f1132
runs/sfm_dataset5_sfm_1024_aliked_global_fullres_eval/ablation_eval/splat_eval/sfm_dataset5_sfm_1024_aliked_global/p000/attempt_1/loss_history.csv,8203,4985404576ff1ec7d8ee838269a0807de7c1ce4ebf574e5c3784bac004233e55
runs/sfm_dataset5_sfm_1024_aliked_global_fullres_eval/ablation_eval/splat_eval/sfm_dataset5_sfm_1024_aliked_global/p000/attempt_1/metrics.csv,417,360cf8c14d4183305b4a28a1c9c959edbb26e4cde2812efcbaae7aa61fb76cf1
runs/sfm_dataset5_sfm_1024_aliked_global_fullres_eval/ablation_eval/splat_eval/sfm_dataset5_sfm_1024_aliked_global/p000/attempt_1/python_metrics.json,456,547f6947a6e3f2c4e996b985846daef01fd7197a4e480aea3f073c1bdc289f2b
runs/sfm_dataset5_sfm_1024_aliked_global_fullres_eval/ablation_eval/splat_eval/sfm_dataset5_sfm_1024_aliked_global/p000/attempt_1/resource_samples.csv,5401,88242da75086b00fe8859194cc358d605c00f8d696c6038b9536277a1c895b70
runs/sfm_dataset5_sfm_1024_aliked_global_fullres_eval/ablation_eval/splat_eval/sfm_dataset5_sfm_1024_aliked_global/p000/attempt_1/training_status.json,2118,55f92f2373ca7a4299e307e0120ae77fcaac132353a3722eb5ff59f39c13fccf
runs/sfm_dataset5_sfm_1024_aliked_global_fullres_eval/ablation_eval/splat_eval/sfm_dataset5_sfm_1024_aliked_global/p005/attempt_1/lfs_eval_config.json,1356,cb2203da5d26ff25c0d3c42eadd03120278f181cccef913e88874a417c2f1132
runs/sfm_dataset5_sfm_1024_aliked_global_fullres_eval/ablation_eval/splat_eval/sfm_dataset5_sfm_1024_aliked_global/p005/attempt_1/loss_history.csv,8207,d18b132bf026c09c0e38cf55fac9d9a76bb42659b88822cc2105f8a4c35e51c1
runs/sfm_dataset5_sfm_1024_aliked_global_fullres_eval/ablation_eval/splat_eval/sfm_dataset5_sfm_1024_aliked_global/p005/attempt_1/metrics.csv,417,deca078e93490d87a71fbc4ad345280a38f1f8424689f094bc436162a592bfcc
runs/sfm_dataset5_sfm_1024_aliked_global_fullres_eval/ablation_eval/splat_eval/sfm_dataset5_sfm_1024_aliked_global/p005/attempt_1/python_metrics.json,456,547f6947a6e3f2c4e996b985846daef01fd7197a4e480aea3f073c1bdc289f2b
runs/sfm_dataset5_sfm_1024_aliked_global_fullres_eval/ablation_eval/splat_eval/sfm_dataset5_sfm_1024_aliked_global/p005/attempt_1/resource_samples.csv,5274,0ee6e8cfe17c272236fff5e3b86beb7485b41b98f4a85b3d9670743390a9240c
runs/sfm_dataset5_sfm_1024_aliked_global_fullres_eval/ablation_eval/splat_eval/sfm_dataset5_sfm_1024_aliked_global/p005/attempt_1/training_status.json,2121,e8e449cd4e426919c15fa199ef6c4977ebd763fc509487e341d721132fa14775
runs/sfm_dataset5_sfm_1024_aliked_global_fullres_eval/ablation_eval/splat_eval/sfm_dataset5_sfm_1024_aliked_global/p010/attempt_1/lfs_eval_config.json,1356,cb2203da5d26ff25c0d3c42eadd03120278f181cccef913e88874a417c2f1132
runs/sfm_dataset5_sfm_1024_aliked_global_fullres_eval/ablation_eval/splat_eval/sfm_dataset5_sfm_1024_aliked_global/p010/attempt_1/loss_history.csv,8226,4d3a4644fcf8d45848690d1d8a693db671c01453bc19e657b24d7472cc1191cb
runs/sfm_dataset5_sfm_1024_aliked_global_fullres_eval/ablation_eval/splat_eval/sfm_dataset5_sfm_1024_aliked_global/p010/attempt_1/metrics.csv,417,390d6ef55d78aae1c6f8fec840e5484975928cc003969f9ae931f0c5949403fe
runs/sfm_dataset5_sfm_1024_aliked_global_fullres_eval/ablation_eval/splat_eval/sfm_dataset5_sfm_1024_aliked_global/p010/attempt_1/python_metrics.json,456,547f6947a6e3f2c4e996b985846daef01fd7197a4e480aea3f073c1bdc289f2b
runs/sfm_dataset5_sfm_1024_aliked_global_fullres_eval/ablation_eval/splat_eval/sfm_dataset5_sfm_1024_aliked_global/p010/attempt_1/resource_samples.csv,5846,4b78e66e45f60418c9002c220c1697a7e736d462c910c6dd8ffafa7cf7266b11
runs/sfm_dataset5_sfm_1024_aliked_global_fullres_eval/ablation_eval/splat_eval/sfm_dataset5_sfm_1024_aliked_global/p010/attempt_1/training_status.json,2121,1ec74b4cb3b271dc321acc1d194956d6ed89f834f50d923ae1b126413d74d914
runs/sfm_dataset5_sfm_1024_aliked_global_fullres_eval/ablation_eval/splat_eval/sfm_dataset5_sfm_1024_aliked_global/p015/attempt_1/lfs_eval_config.json,1356,cb2203da5d26ff25c0d3c42eadd03120278f181cccef913e88874a417c2f1132
runs/sfm_dataset5_sfm_1024_aliked_global_fullres_eval/ablation_eval/splat_eval/sfm_dataset5_sfm_1024_aliked_global/p015/attempt_1/loss_history.csv,8228,c9cd2f66d5c784bf1747dd1e9a694da5432a5153882b07b1e3586d614757fc4a
runs/sfm_dataset5_sfm_1024_aliked_global_fullres_eval/ablation_eval/splat_eval/sfm_dataset5_sfm_1024_aliked_global/p015/attempt_1/metrics.csv,417,51a4e4055c6698ffd8dd22fb1aec80764bf3a423e759fd4bbbed286bddb1f028
runs/sfm_dataset5_sfm_1024_aliked_global_fullres_eval/ablation_eval/splat_eval/sfm_dataset5_sfm_1024_aliked_global/p015/attempt_1/python_metrics.json,456,547f6947a6e3f2c4e996b985846daef01fd7197a4e480aea3f073c1bdc289f2b
runs/sfm_dataset5_sfm_1024_aliked_global_fullres_eval/ablation_eval/splat_eval/sfm_dataset5_sfm_1024_aliked_global/p015/attempt_1/resource_samples.csv,5626,5b0b25d48f3ca60792a2668a4cb9c1eb14bb14ccbda6d7d89bd4cf906ff868c9
runs/sfm_dataset5_sfm_1024_aliked_global_fullres_eval/ablation_eval/splat_eval/sfm_dataset5_sfm_1024_aliked_global/p015/attempt_1/training_status.json,2122,80bf0ed4d776bbf649a70224fd4c126248f5ddf98c328fdf0b5950472b82036e
runs/sfm_dataset5_sfm_1024_aliked_global_fullres_eval/ablation_eval/splat_eval/sfm_dataset5_sfm_1024_aliked_global/p020/attempt_1/lfs_eval_config.json,1356,cb2203da5d26ff25c0d3c42eadd03120278f181cccef913e88874a417c2f1132
runs/sfm_dataset5_sfm_1024_aliked_global_fullres_eval/ablation_eval/splat_eval/sfm_dataset5_sfm_1024_aliked_global/p020/attempt_1/loss_history.csv,8209,3a5c808101de8b0b7a91f62beeaaa98267113b4243b2261b960b54c96f8553bc
runs/sfm_dataset5_sfm_1024_aliked_global_fullres_eval/ablation_eval/splat_eval/sfm_dataset5_sfm_1024_aliked_global/p020/attempt_1/metrics.csv,417,fe29b24a5626bbf6496e703a77f4a919b7d3e0496e0b5b420c43d302a984df1f
runs/sfm_dataset5_sfm_1024_aliked_global_fullres_eval/ablation_eval/splat_eval/sfm_dataset5_sfm_1024_aliked_global/p020/attempt_1/python_metrics.json,456,547f6947a6e3f2c4e996b985846daef01fd7197a4e480aea3f073c1bdc289f2b
runs/sfm_dataset5_sfm_1024_aliked_global_fullres_eval/ablation_eval/splat_eval/sfm_dataset5_sfm_1024_aliked_global/p020/attempt_1/resource_samples.csv,5626,b4b5d376f8a0c1c47467da89b461134003c3aae75c8b66d292ba55537777dd03
runs/sfm_dataset5_sfm_1024_aliked_global_fullres_eval/ablation_eval/splat_eval/sfm_dataset5_sfm_1024_aliked_global/p020/attempt_1/training_status.json,2118,716ddd989c07935a5c7cc73c44b991d79b017f7064f38efdb2ac04474c72ae82
runs/sfm_dataset5_sfm_1024_aliked_global_fullres_eval/ablation_eval/splat_eval/sfm_dataset5_sfm_1024_aliked_global/p025/attempt_1/lfs_eval_config.json,1356,cb2203da5d26ff25c0d3c42eadd03120278f181cccef913e88874a417c2f1132
runs/sfm_dataset5_sfm_1024_aliked_global_fullres_eval/ablation_eval/splat_eval/sfm_dataset5_sfm_1024_aliked_global/p025/attempt_1/loss_history.csv,8184,5c73e0f5ee15782a9b816a67776518def4ae001f02920a1d13b6251b68432d9b
runs/sfm_dataset5_sfm_1024_aliked_global_fullres_eval/ablation_eval/splat_eval/sfm_dataset5_sfm_1024_aliked_global/p025/attempt_1/metrics.csv,417,bb3b5f47f38dccd1c06a392241d9d6f549a826bf2078df27daddd2bf988bac16
runs/sfm_dataset5_sfm_1024_aliked_global_fullres_eval/ablation_eval/splat_eval/sfm_dataset5_sfm_1024_aliked_global/p025/attempt_1/python_metrics.json,456,547f6947a6e3f2c4e996b985846daef01fd7197a4e480aea3f073c1bdc289f2b
runs/sfm_dataset5_sfm_1024_aliked_global_fullres_eval/ablation_eval/splat_eval/sfm_dataset5_sfm_1024_aliked_global/p025/attempt_1/resource_samples.csv,5362,5ab9cbc11baf634353d58e1c03f8e499ac408610f3a27e778ad44dd1ca86608c
runs/sfm_dataset5_sfm_1024_aliked_global_fullres_eval/ablation_eval/splat_eval/sfm_dataset5_sfm_1024_aliked_global/p025/attempt_1/training_status.json,2120,9340e04b8c6cea907436410cccde88d459d56640cfb4446d8068eec849b033ac
runs/sfm_dataset5_sfm_1024_aliked_global_fullres_eval/ablation_eval/splat_eval/sfm_dataset5_sfm_1024_aliked_global/p030/attempt_1/lfs_eval_config.json,1356,cb2203da5d26ff25c0d3c42eadd03120278f181cccef913e88874a417c2f1132
runs/sfm_dataset5_sfm_1024_aliked_global_fullres_eval/ablation_eval/splat_eval/sfm_dataset5_sfm_1024_aliked_global/p030/attempt_1/loss_history.csv,8214,c8ea81579bf921f658824dbe8f07f189aa3c984680645ba85732e0bb91824a30
runs/sfm_dataset5_sfm_1024_aliked_global_fullres_eval/ablation_eval/splat_eval/sfm_dataset5_sfm_1024_aliked_global/p030/attempt_1/metrics.csv,417,6ecb698e5554357e496910acab703b7f16663768b7ea1f4f6b5e556646026a5b
runs/sfm_dataset5_sfm_1024_aliked_global_fullres_eval/ablation_eval/splat_eval/sfm_dataset5_sfm_1024_aliked_global/p030/attempt_1/python_metrics.json,456,547f6947a6e3f2c4e996b985846daef01fd7197a4e480aea3f073c1bdc289f2b
runs/sfm_dataset5_sfm_1024_aliked_global_fullres_eval/ablation_eval/splat_eval/sfm_dataset5_sfm_1024_aliked_global/p030/attempt_1/resource_samples.csv,5450,5867f8bd33bedcde01b5985f019be6baeb4f9171d69bd9cb7f65238f43b08dad
runs/sfm_dataset5_sfm_1024_aliked_global_fullres_eval/ablation_eval/splat_eval/sfm_dataset5_sfm_1024_aliked_global/p030/attempt_1/training_status.json,2120,6d9db9342b4d5ca27a6a1f02c1b3b08f41c50f09ee1b0ae9c75f62b100ee9425
runs/sfm_dataset5_sfm_1024_aliked_global_fullres_eval/ablation_eval/splat_eval/sfm_dataset5_sfm_1024_aliked_global/p035/attempt_1/lfs_eval_config.json,1356,cb2203da5d26ff25c0d3c42eadd03120278f181cccef913e88874a417c2f1132
runs/sfm_dataset5_sfm_1024_aliked_global_fullres_eval/ablation_eval/splat_eval/sfm_dataset5_sfm_1024_aliked_global/p035/attempt_1/loss_history.csv,8174,7b23ce27e4b63906f6d33ba4f6323b8f01995bf2e9231323e5987fe4ab5fc2f0
runs/sfm_dataset5_sfm_1024_aliked_global_fullres_eval/ablation_eval/splat_eval/sfm_dataset5_sfm_1024_aliked_global/p035/attempt_1/metrics.csv,417,73ced8eb4cf6f966be981ba88bd4f535896b2d2aea84fe3e2e889c9fb149336c
runs/sfm_dataset5_sfm_1024_aliked_global_fullres_eval/ablation_eval/splat_eval/sfm_dataset5_sfm_1024_aliked_global/p035/attempt_1/python_metrics.json,456,547f6947a6e3f2c4e996b985846daef01fd7197a4e480aea3f073c1bdc289f2b
runs/sfm_dataset5_sfm_1024_aliked_global_fullres_eval/ablation_eval/splat_eval/sfm_dataset5_sfm_1024_aliked_global/p035/attempt_1/resource_samples.csv,5230,668f2431afb6dc2ffa736aa497e6846411b7068d9324237b40a490ef274aecb2
runs/sfm_dataset5_sfm_1024_aliked_global_fullres_eval/ablation_eval/splat_eval/sfm_dataset5_sfm_1024_aliked_global/p035/attempt_1/training_status.json,2120,ad03c6c3c960b9739490edf2f7b68e641978f8ab61bea1956bb9ec1722d3c2fa
runs/sfm_dataset5_sfm_1024_aliked_global_fullres_eval/ablation_eval/splat_eval/sfm_dataset5_sfm_1024_aliked_global/p040/attempt_1/lfs_eval_config.json,1356,cb2203da5d26ff25c0d3c42eadd03120278f181cccef913e88874a417c2f1132
runs/sfm_dataset5_sfm_1024_aliked_global_fullres_eval/ablation_eval/splat_eval/sfm_dataset5_sfm_1024_aliked_global/p040/attempt_1/loss_history.csv,8205,434fd789c031a9230562bf19ec0b777bc8c72044aaba89e096081dae7383bf8f
runs/sfm_dataset5_sfm_1024_aliked_global_fullres_eval/ablation_eval/splat_eval/sfm_dataset5_sfm_1024_aliked_global/p040/attempt_1/metrics.csv,417,28f5b032dd973b35b6078498d2dd3bacb309aeba1ec7d89252a9b9d0252a4b22
runs/sfm_dataset5_sfm_1024_aliked_global_fullres_eval/ablation_eval/splat_eval/sfm_dataset5_sfm_1024_aliked_global/p040/attempt_1/python_metrics.json,456,547f6947a6e3f2c4e996b985846daef01fd7197a4e480aea3f073c1bdc289f2b
runs/sfm_dataset5_sfm_1024_aliked_global_fullres_eval/ablation_eval/splat_eval/sfm_dataset5_sfm_1024_aliked_global/p040/attempt_1/resource_samples.csv,5494,3964c1b537e543600526ccc29b799a3141d84392ac77d09715f745dc62b17743
runs/sfm_dataset5_sfm_1024_aliked_global_fullres_eval/ablation_eval/splat_eval/sfm_dataset5_sfm_1024_aliked_global/p040/attempt_1/training_status.json,2120,a9efc07295414172ce17efa7af55c184cc82cee22e026a4f1c0a0f879ff0af46
runs/sfm_dataset5_sfm_1024_aliked_global_fullres_eval/ablation_eval/splat_eval/sfm_dataset5_sfm_1024_aliked_global/p045/attempt_1/lfs_eval_config.json,1356,cb2203da5d26ff25c0d3c42eadd03120278f181cccef913e88874a417c2f1132
runs/sfm_dataset5_sfm_1024_aliked_global_fullres_eval/ablation_eval/splat_eval/sfm_dataset5_sfm_1024_aliked_global/p045/attempt_1/loss_history.csv,8172,69ed5885f7ce82d02c106bac8a9a1bd18e2e1470268301fd46eb4c42edd762ec
runs/sfm_dataset5_sfm_1024_aliked_global_fullres_eval/ablation_eval/splat_eval/sfm_dataset5_sfm_1024_aliked_global/p045/attempt_1/metrics.csv,417,f04a31f1dc27be11685706a30fc8a4137694aae9e0e2dc26587cefd78a8c8b9d
runs/sfm_dataset5_sfm_1024_aliked_global_fullres_eval/ablation_eval/splat_eval/sfm_dataset5_sfm_1024_aliked_global/p045/attempt_1/python_metrics.json,456,547f6947a6e3f2c4e996b985846daef01fd7197a4e480aea3f073c1bdc289f2b
runs/sfm_dataset5_sfm_1024_aliked_global_fullres_eval/ablation_eval/splat_eval/sfm_dataset5_sfm_1024_aliked_global/p045/attempt_1/resource_samples.csv,5230,00c5bec5f60619beb1e0c63115338b0743b3e48482f6f5bf52e7b32476d87595
runs/sfm_dataset5_sfm_1024_aliked_global_fullres_eval/ablation_eval/splat_eval/sfm_dataset5_sfm_1024_aliked_global/p045/attempt_1/training_status.json,2119,1d4c5eb84729c935e3ab29ddb2a4cf4129ec4b4d1120c6e17674e9162ae3193b
runs/sfm_dataset5_sfm_1024_aliked_global_fullres_eval/ablation_eval/splat_eval_selection.json,562,04a6d875c02b8c2f5ce2bd5b490ea91c80b815963644814b503453c17dae7a72
runs/sfm_dataset5_sfm_1024_aliked_global_fullres_eval/diagnostics/runs/sfm_dataset5_sfm_1024_aliked_global/logs/colmap.log,15761123,4839a3bc10e32f33697ed3c2ea6df3b73889f4fb86984bd0e3f7866cc7803a60
runs/sfm_dataset5_sfm_1024_aliked_global_fullres_eval/diagnostics/runs/sfm_dataset5_sfm_1024_aliked_global/logs/pipeline.log,5382,0ed3af26ae03cff52153d0058323cec767f7636f57f7aa59e4e98cb70d7e06af
runs/sfm_dataset5_sfm_1024_aliked_global_fullres_eval/diagnostics/runs/sfm_dataset5_sfm_1024_aliked_global/logs/warnings.log,452,12dcd1137d17c020c92f4d94f2df4f9a670cb24be507c262f0b5d38af14ee958
runs/sfm_dataset5_sfm_1024_aliked_global_fullres_eval/diagnostics/runs/sfm_dataset5_sfm_1024_aliked_global/run_status.json,701,71753dae47e02e62806085487659d2c86391fe2b458a9bf5669f6c0b7a4ddb47
runs/sfm_dataset5_sfm_1024_aliked_global_fullres_eval/diagnostics/runs/sfm_dataset5_sfm_1024_aliked_global/timings.json,2195,e696fd382a04a2519a61167f21f2c08efec19939d66913374e835cacfacc8da6
runs/sfm_dataset5_sfm_1024_aliked_global_fullres_eval/diagnostics/runs/sfm_dataset5_sfm_1024_aliked_global_fullres_eval/resource_samples.csv,51864,1bae0e86cd996ad74bb7f4056c016e9be40b889171e3cc3ee7058301861e7eb6
runs/sfm_dataset5_sfm_1024_aliked_global_fullres_eval/diagnostics/runs/sfm_dataset5_sfm_1024_aliked_global_fullres_eval/resource_summary.json,150,44596d8fdd2387b4917b8fa038d2157b931244523bb9aed4297d2dc5a2294095
runs/sfm_dataset5_sfm_1024_aliked_global_fullres_eval/resource_samples.csv,51864,1bae0e86cd996ad74bb7f4056c016e9be40b889171e3cc3ee7058301861e7eb6
runs/sfm_dataset5_sfm_1024_aliked_global_fullres_eval/sfm_dataset5_sfm_1024_aliked_global_fullres_eval.exit,32,aeb7fb11bf52cbddd6345591d2fde0597587b7b1cffe51a7219f9a75902d8158
runs/sfm_dataset5_sfm_1024_aliked_global_fullres_eval/worker_identity.json,472,70197b0c2c49f91badaec0958526d71173ce2321d119072f631394d96d14c9aa
runs/sfm_dataset5_sfm_1024_aliked_incremental_fullres_eval/ablation_eval/jobs/sfm_dataset5_sfm_1024_aliked_incremental/resource_samples.csv,120593,e049d9673ec20da32c614be847a107e43fde4f7183390b92a9c3cfd6fd33c813
runs/sfm_dataset5_sfm_1024_aliked_incremental_fullres_eval/ablation_eval/manifest.csv,1682,3bc738e156b56425d1cd40c75ca29bc62a759dddb1f960b65d76a23816d76d90
runs/sfm_dataset5_sfm_1024_aliked_incremental_fullres_eval/ablation_eval/results_final.csv,129,6cf300cc3eaa1536de18eb4bdbeb47d3308e50e0dd2e0f8c8cbbee795a57b170
runs/sfm_dataset5_sfm_1024_aliked_incremental_fullres_eval/ablation_eval/results_sfm.csv,1017,f46f17c17ea75ecef964281db7075ff63ac0364402c72fef4765d1b72f1d07d6
runs/sfm_dataset5_sfm_1024_aliked_incremental_fullres_eval/ablation_eval/results_splat.csv,298,39db4462af80f9c5d63208487ac3ac84ffe996ec2010f17b931958a3ddb3a8cb
runs/sfm_dataset5_sfm_1024_aliked_incremental_fullres_eval/ablation_eval/splat_eval_selection.json,188,143de258cc1a5ad6641137b7dab6c5a6593afb7a9beca5f83021c90af7684864
runs/sfm_dataset5_sfm_1024_aliked_incremental_fullres_eval/diagnostics/runs/sfm_dataset5_sfm_1024_aliked_incremental/logs/colmap.log,17936189,2da88bca626a6ae918df86b32a978c3ff67b17a19f30f0190bd21f869b5461f3
runs/sfm_dataset5_sfm_1024_aliked_incremental_fullres_eval/diagnostics/runs/sfm_dataset5_sfm_1024_aliked_incremental/logs/pipeline.log,5455,90fbb582d9b96c599c50ab767cab7eace0f5ab4d70e5fae29d3a605f929fbe7e
runs/sfm_dataset5_sfm_1024_aliked_incremental_fullres_eval/diagnostics/runs/sfm_dataset5_sfm_1024_aliked_incremental/logs/warnings.log,786,6257afdefb112a7c0cee4cd1ccc8330e553bd22e78768ab4c611785ba79395f1
runs/sfm_dataset5_sfm_1024_aliked_incremental_fullres_eval/diagnostics/runs/sfm_dataset5_sfm_1024_aliked_incremental/run_status.json,794,899b87d86213d14e0760acf4031bddf57ce58dab50dc3b4f4a195c25ae258b8c
runs/sfm_dataset5_sfm_1024_aliked_incremental_fullres_eval/diagnostics/runs/sfm_dataset5_sfm_1024_aliked_incremental/timings.json,1759,6c1446ab5c2fda3b9ada04a83f13b6d44746f8b33cc61e0185cc4934a5e0227d
runs/sfm_dataset5_sfm_1024_aliked_incremental_fullres_eval/diagnostics/runs/sfm_dataset5_sfm_1024_aliked_incremental_fullres_eval/resource_samples.csv,109798,ff6627a8252f79a64bc2f582c067791f467fdbea0c028bc41eff270e85810c86
runs/sfm_dataset5_sfm_1024_aliked_incremental_fullres_eval/diagnostics/runs/sfm_dataset5_sfm_1024_aliked_incremental_fullres_eval/resource_summary.json,150,a39f70f6efe2abf653283d0402f7d1e734f8a7b5eeef4d7605f53a12f4b3be2d
runs/sfm_dataset5_sfm_1024_aliked_incremental_fullres_eval/resource_samples.csv,109798,ff6627a8252f79a64bc2f582c067791f467fdbea0c028bc41eff270e85810c86
runs/sfm_dataset5_sfm_1024_aliked_incremental_fullres_eval/sfm_dataset5_sfm_1024_aliked_incremental_fullres_eval.exit,32,aeb7fb11bf52cbddd6345591d2fde0597587b7b1cffe51a7219f9a75902d8158
runs/sfm_dataset5_sfm_1024_aliked_incremental_fullres_eval/worker_identity.json,477,cba40743b24af466aff2062dc851d296c3767e1c7bf33d252fc49910fd9d2f8a
runs/sfm_dataset5_sfm_1024_sift_global_fullres_eval/ablation_eval/jobs/sfm_dataset5_sfm_1024_sift_global/resource_samples.csv,34443,167f9bf8022126acd1162e344fd3dbb842b9304fbe00b68c0a8fa1640307686f
runs/sfm_dataset5_sfm_1024_sift_global_fullres_eval/ablation_eval/manifest.csv,1406,5af565fe31babe40562329a1af715e4f2c36c53bfb83f0c6ad544ac82412f4d4
runs/sfm_dataset5_sfm_1024_sift_global_fullres_eval/ablation_eval/metrics_long.csv,16232,8b5309c6a5d118c4bafcca41c86441a2128c8146efa0438942350ab73415680f
runs/sfm_dataset5_sfm_1024_sift_global_fullres_eval/ablation_eval/results_final.csv,129,6cf300cc3eaa1536de18eb4bdbeb47d3308e50e0dd2e0f8c8cbbee795a57b170
runs/sfm_dataset5_sfm_1024_sift_global_fullres_eval/ablation_eval/results_sfm.csv,1162,e4960d7e3335f955f149131f159f7b4425b2e4dd3f7e8ebd64fe55369226eee2
runs/sfm_dataset5_sfm_1024_sift_global_fullres_eval/ablation_eval/results_splat.csv,3690,250a9a9250dfdc33076e0e4008e2f4001febc38357e2e4b57aef4c4992bcc345
runs/sfm_dataset5_sfm_1024_sift_global_fullres_eval/ablation_eval/splat_eval/sfm_dataset5_sfm_1024_sift_global/p000/attempt_1/lfs_eval_config.json,1356,cb2203da5d26ff25c0d3c42eadd03120278f181cccef913e88874a417c2f1132
runs/sfm_dataset5_sfm_1024_sift_global_fullres_eval/ablation_eval/splat_eval/sfm_dataset5_sfm_1024_sift_global/p000/attempt_1/loss_history.csv,8236,4389366e1c2203e554640e6f2eebbfd833dc20d55f441a1d593549df1b6ef098
runs/sfm_dataset5_sfm_1024_sift_global_fullres_eval/ablation_eval/splat_eval/sfm_dataset5_sfm_1024_sift_global/p000/attempt_1/metrics.csv,417,b76f1bfa37d8b4800f8889b0325803601f23e30ccefd49c61c2481c885405923
runs/sfm_dataset5_sfm_1024_sift_global_fullres_eval/ablation_eval/splat_eval/sfm_dataset5_sfm_1024_sift_global/p000/attempt_1/python_metrics.json,456,690c22c09d2da90cc6ae36417cf77f7288ee98ee3cd6a7780c9c4b2d116d6b1a
runs/sfm_dataset5_sfm_1024_sift_global_fullres_eval/ablation_eval/splat_eval/sfm_dataset5_sfm_1024_sift_global/p000/attempt_1/resource_samples.csv,5178,977991adce4930e82717e56c69907d71079c0bcf126423a247b89e826f607a33
runs/sfm_dataset5_sfm_1024_sift_global_fullres_eval/ablation_eval/splat_eval/sfm_dataset5_sfm_1024_sift_global/p000/attempt_1/training_status.json,2106,f0f2d45b0dfb97c7c35f1d786c4fcb1da140eeebdf10c11ec5aca399f03062cd
runs/sfm_dataset5_sfm_1024_sift_global_fullres_eval/ablation_eval/splat_eval/sfm_dataset5_sfm_1024_sift_global/p005/attempt_1/lfs_eval_config.json,1356,cb2203da5d26ff25c0d3c42eadd03120278f181cccef913e88874a417c2f1132
runs/sfm_dataset5_sfm_1024_sift_global_fullres_eval/ablation_eval/splat_eval/sfm_dataset5_sfm_1024_sift_global/p005/attempt_1/loss_history.csv,8223,f017c8b554686965d9b56d6c7c4f78af6d59758a19e734f253b0e0c37da5c2ea
runs/sfm_dataset5_sfm_1024_sift_global_fullres_eval/ablation_eval/splat_eval/sfm_dataset5_sfm_1024_sift_global/p005/attempt_1/metrics.csv,417,ea5ce6f1002b4681b63f9bd6e0b86a0e7d3f06dbd60bf2c9c605fdd7846ec86b
runs/sfm_dataset5_sfm_1024_sift_global_fullres_eval/ablation_eval/splat_eval/sfm_dataset5_sfm_1024_sift_global/p005/attempt_1/python_metrics.json,456,690c22c09d2da90cc6ae36417cf77f7288ee98ee3cd6a7780c9c4b2d116d6b1a
runs/sfm_dataset5_sfm_1024_sift_global_fullres_eval/ablation_eval/splat_eval/sfm_dataset5_sfm_1024_sift_global/p005/attempt_1/resource_samples.csv,4834,efdddd39b51e062ad3c0c6424dbd9258204b78eee569e898ab87f5b1239118c5
runs/sfm_dataset5_sfm_1024_sift_global_fullres_eval/ablation_eval/splat_eval/sfm_dataset5_sfm_1024_sift_global/p005/attempt_1/training_status.json,2107,d157d5fce37fb25afcdc01ad55dc95b665415e67c7a297da8a2aaa1a04ea603e
runs/sfm_dataset5_sfm_1024_sift_global_fullres_eval/ablation_eval/splat_eval/sfm_dataset5_sfm_1024_sift_global/p010/attempt_1/lfs_eval_config.json,1356,cb2203da5d26ff25c0d3c42eadd03120278f181cccef913e88874a417c2f1132
runs/sfm_dataset5_sfm_1024_sift_global_fullres_eval/ablation_eval/splat_eval/sfm_dataset5_sfm_1024_sift_global/p010/attempt_1/loss_history.csv,8219,ede66aba2489709b9e44c0cf297d16c1c28b3811615f867a83dde486da48b0b8
runs/sfm_dataset5_sfm_1024_sift_global_fullres_eval/ablation_eval/splat_eval/sfm_dataset5_sfm_1024_sift_global/p010/attempt_1/metrics.csv,417,1bde553490ba196a205d8fc604853574c58cca6933b7d3c6b8400ea80c2bc28a
runs/sfm_dataset5_sfm_1024_sift_global_fullres_eval/ablation_eval/splat_eval/sfm_dataset5_sfm_1024_sift_global/p010/attempt_1/python_metrics.json,456,690c22c09d2da90cc6ae36417cf77f7288ee98ee3cd6a7780c9c4b2d116d6b1a
runs/sfm_dataset5_sfm_1024_sift_global_fullres_eval/ablation_eval/splat_eval/sfm_dataset5_sfm_1024_sift_global/p010/attempt_1/resource_samples.csv,4878,fc4c31188ec9fc23c9f442789f19aedf35e4dffa8454d51c040d31b1c673b985
runs/sfm_dataset5_sfm_1024_sift_global_fullres_eval/ablation_eval/splat_eval/sfm_dataset5_sfm_1024_sift_global/p010/attempt_1/training_status.json,2106,33930990ddc609479191c78df1342c8ae413d508600b636ee23d82703fc030d5
runs/sfm_dataset5_sfm_1024_sift_global_fullres_eval/ablation_eval/splat_eval/sfm_dataset5_sfm_1024_sift_global/p015/attempt_1/lfs_eval_config.json,1356,cb2203da5d26ff25c0d3c42eadd03120278f181cccef913e88874a417c2f1132
runs/sfm_dataset5_sfm_1024_sift_global_fullres_eval/ablation_eval/splat_eval/sfm_dataset5_sfm_1024_sift_global/p015/attempt_1/loss_history.csv,8235,ce7e9fd17b11f2bb27504b3ef90fad19563540d7292a826a064940e61c047291
runs/sfm_dataset5_sfm_1024_sift_global_fullres_eval/ablation_eval/splat_eval/sfm_dataset5_sfm_1024_sift_global/p015/attempt_1/metrics.csv,417,3064da18d553f5a1abb90fd265ac933f046d6d7984976b4ef9b05a719a7ca9da
runs/sfm_dataset5_sfm_1024_sift_global_fullres_eval/ablation_eval/splat_eval/sfm_dataset5_sfm_1024_sift_global/p015/attempt_1/python_metrics.json,456,690c22c09d2da90cc6ae36417cf77f7288ee98ee3cd6a7780c9c4b2d116d6b1a
runs/sfm_dataset5_sfm_1024_sift_global_fullres_eval/ablation_eval/splat_eval/sfm_dataset5_sfm_1024_sift_global/p015/attempt_1/resource_samples.csv,5098,f4d1fe1238473523f72a846d489a95ee4b1fcf11d27db0b735ace83daf6827a3
runs/sfm_dataset5_sfm_1024_sift_global_fullres_eval/ablation_eval/splat_eval/sfm_dataset5_sfm_1024_sift_global/p015/attempt_1/training_status.json,2104,8b1cb9f5a23491d5db85599bca537cc4edc97cf6da872ee4921b023ea53ec67c
runs/sfm_dataset5_sfm_1024_sift_global_fullres_eval/ablation_eval/splat_eval/sfm_dataset5_sfm_1024_sift_global/p020/attempt_1/lfs_eval_config.json,1356,cb2203da5d26ff25c0d3c42eadd03120278f181cccef913e88874a417c2f1132
runs/sfm_dataset5_sfm_1024_sift_global_fullres_eval/ablation_eval/splat_eval/sfm_dataset5_sfm_1024_sift_global/p020/attempt_1/loss_history.csv,8234,18081ff0805b71e7a77cc5d5b13cde53e49eb2ae026c65b2f36efcd57efc99b8
runs/sfm_dataset5_sfm_1024_sift_global_fullres_eval/ablation_eval/splat_eval/sfm_dataset5_sfm_1024_sift_global/p020/attempt_1/metrics.csv,417,d580bdc1b0b37294e268f34c182b977ec6520935988145a9d2212e0ff3ce9010
runs/sfm_dataset5_sfm_1024_sift_global_fullres_eval/ablation_eval/splat_eval/sfm_dataset5_sfm_1024_sift_global/p020/attempt_1/python_metrics.json,456,690c22c09d2da90cc6ae36417cf77f7288ee98ee3cd6a7780c9c4b2d116d6b1a
runs/sfm_dataset5_sfm_1024_sift_global_fullres_eval/ablation_eval/splat_eval/sfm_dataset5_sfm_1024_sift_global/p020/attempt_1/resource_samples.csv,4702,ed171cb526a5127d542add6cf16e361c1ed5dac3357a91e8ef850998d232fe1d
runs/sfm_dataset5_sfm_1024_sift_global_fullres_eval/ablation_eval/splat_eval/sfm_dataset5_sfm_1024_sift_global/p020/attempt_1/training_status.json,2103,2574d37bf32eaacd13c3a809eef6149dd07be5e2841d9d87e29ccbd40fcfb3e4
runs/sfm_dataset5_sfm_1024_sift_global_fullres_eval/ablation_eval/splat_eval/sfm_dataset5_sfm_1024_sift_global/p026/attempt_1/lfs_eval_config.json,1356,cb2203da5d26ff25c0d3c42eadd03120278f181cccef913e88874a417c2f1132
runs/sfm_dataset5_sfm_1024_sift_global_fullres_eval/ablation_eval/splat_eval/sfm_dataset5_sfm_1024_sift_global/p026/attempt_1/loss_history.csv,8217,67aa29f154f0040381c4c98baa8005dd109129d9558ecd1058d6be104c5923ba
runs/sfm_dataset5_sfm_1024_sift_global_fullres_eval/ablation_eval/splat_eval/sfm_dataset5_sfm_1024_sift_global/p026/attempt_1/metrics.csv,417,bea895c0816e595c59c8d262ee3f281f534416ddcd098f30d629288907d85102
runs/sfm_dataset5_sfm_1024_sift_global_fullres_eval/ablation_eval/splat_eval/sfm_dataset5_sfm_1024_sift_global/p026/attempt_1/python_metrics.json,456,690c22c09d2da90cc6ae36417cf77f7288ee98ee3cd6a7780c9c4b2d116d6b1a
runs/sfm_dataset5_sfm_1024_sift_global_fullres_eval/ablation_eval/splat_eval/sfm_dataset5_sfm_1024_sift_global/p026/attempt_1/resource_samples.csv,5142,3d27f58afa64b44e145c6d5f247b27d0f7c55a0761faa8b52cbb2d726eaf3ddc
runs/sfm_dataset5_sfm_1024_sift_global_fullres_eval/ablation_eval/splat_eval/sfm_dataset5_sfm_1024_sift_global/p026/attempt_1/training_status.json,2102,e4bb531c50e3ccc0fbd7a831971a3e69a8b99edfc00f1788b178319af3f53f9e
runs/sfm_dataset5_sfm_1024_sift_global_fullres_eval/ablation_eval/splat_eval/sfm_dataset5_sfm_1024_sift_global/p031/attempt_1/lfs_eval_config.json,1356,cb2203da5d26ff25c0d3c42eadd03120278f181cccef913e88874a417c2f1132
runs/sfm_dataset5_sfm_1024_sift_global_fullres_eval/ablation_eval/splat_eval/sfm_dataset5_sfm_1024_sift_global/p031/attempt_1/loss_history.csv,8220,ece75479ee90b8333567c19eb579ace7d2d75666482d5f4b9f98a262cc46710b
runs/sfm_dataset5_sfm_1024_sift_global_fullres_eval/ablation_eval/splat_eval/sfm_dataset5_sfm_1024_sift_global/p031/attempt_1/metrics.csv,417,50a59dbea99c0578c9e2de47b7de12ca16469c690df93aa1c987fa32f9074a0c
runs/sfm_dataset5_sfm_1024_sift_global_fullres_eval/ablation_eval/splat_eval/sfm_dataset5_sfm_1024_sift_global/p031/attempt_1/python_metrics.json,456,690c22c09d2da90cc6ae36417cf77f7288ee98ee3cd6a7780c9c4b2d116d6b1a
runs/sfm_dataset5_sfm_1024_sift_global_fullres_eval/ablation_eval/splat_eval/sfm_dataset5_sfm_1024_sift_global/p031/attempt_1/resource_samples.csv,4747,c4868011731966e30dc1ed2b2b304f5ce5af94129bd679f669061ff804843e73
runs/sfm_dataset5_sfm_1024_sift_global_fullres_eval/ablation_eval/splat_eval/sfm_dataset5_sfm_1024_sift_global/p031/attempt_1/training_status.json,2108,b0ada9b2dc12177100fc3547c9b7c287cfde9706fe172f5889b89184eda103e5
runs/sfm_dataset5_sfm_1024_sift_global_fullres_eval/ablation_eval/splat_eval/sfm_dataset5_sfm_1024_sift_global/p036/attempt_1/lfs_eval_config.json,1356,cb2203da5d26ff25c0d3c42eadd03120278f181cccef913e88874a417c2f1132
runs/sfm_dataset5_sfm_1024_sift_global_fullres_eval/ablation_eval/splat_eval/sfm_dataset5_sfm_1024_sift_global/p036/attempt_1/loss_history.csv,8230,7c5b1fe689029f355325183e963b31edfdcc4caea1da9050f3a06b3f2d17d9fe
runs/sfm_dataset5_sfm_1024_sift_global_fullres_eval/ablation_eval/splat_eval/sfm_dataset5_sfm_1024_sift_global/p036/attempt_1/metrics.csv,417,eb52c8f8a5a3ba2a77d9b91bb65f3bfa2866c3437b70402c1336a12c51a0141e
runs/sfm_dataset5_sfm_1024_sift_global_fullres_eval/ablation_eval/splat_eval/sfm_dataset5_sfm_1024_sift_global/p036/attempt_1/python_metrics.json,456,690c22c09d2da90cc6ae36417cf77f7288ee98ee3cd6a7780c9c4b2d116d6b1a
runs/sfm_dataset5_sfm_1024_sift_global_fullres_eval/ablation_eval/splat_eval/sfm_dataset5_sfm_1024_sift_global/p036/attempt_1/resource_samples.csv,4966,0cc0022c42ff41cc8b2f7ab38360696c99f48ee37762f47a4aa0291707a8d0b8
runs/sfm_dataset5_sfm_1024_sift_global_fullres_eval/ablation_eval/splat_eval/sfm_dataset5_sfm_1024_sift_global/p036/attempt_1/training_status.json,2107,5ba84b97efeea12ebcc6fd807f06793d96ee6f0774b9a5cb7d4856c0c690b429
runs/sfm_dataset5_sfm_1024_sift_global_fullres_eval/ablation_eval/splat_eval/sfm_dataset5_sfm_1024_sift_global/p041/attempt_1/lfs_eval_config.json,1356,cb2203da5d26ff25c0d3c42eadd03120278f181cccef913e88874a417c2f1132
runs/sfm_dataset5_sfm_1024_sift_global_fullres_eval/ablation_eval/splat_eval/sfm_dataset5_sfm_1024_sift_global/p041/attempt_1/loss_history.csv,8235,6da9376efb0333ae4a0928d7791743dafcca000786750d9933422d3b49b757f9
runs/sfm_dataset5_sfm_1024_sift_global_fullres_eval/ablation_eval/splat_eval/sfm_dataset5_sfm_1024_sift_global/p041/attempt_1/metrics.csv,417,0800d661f6db2645b00fdfb81ef9a7f527dcd1c0391db280c138bd0e07e5c1a9
runs/sfm_dataset5_sfm_1024_sift_global_fullres_eval/ablation_eval/splat_eval/sfm_dataset5_sfm_1024_sift_global/p041/attempt_1/python_metrics.json,456,690c22c09d2da90cc6ae36417cf77f7288ee98ee3cd6a7780c9c4b2d116d6b1a
runs/sfm_dataset5_sfm_1024_sift_global_fullres_eval/ablation_eval/splat_eval/sfm_dataset5_sfm_1024_sift_global/p041/attempt_1/resource_samples.csv,4834,491bd79a3a9d908d662d961294558a99abb6d54f7b4d3ea6cda5db87b84155ed
runs/sfm_dataset5_sfm_1024_sift_global_fullres_eval/ablation_eval/splat_eval/sfm_dataset5_sfm_1024_sift_global/p041/attempt_1/training_status.json,2105,82a63384f74e33a3784b97fd784e46425c7969c9af1f0c1b580490e7e9df7971
runs/sfm_dataset5_sfm_1024_sift_global_fullres_eval/ablation_eval/splat_eval/sfm_dataset5_sfm_1024_sift_global/p046/attempt_1/lfs_eval_config.json,1356,cb2203da5d26ff25c0d3c42eadd03120278f181cccef913e88874a417c2f1132
runs/sfm_dataset5_sfm_1024_sift_global_fullres_eval/ablation_eval/splat_eval/sfm_dataset5_sfm_1024_sift_global/p046/attempt_1/loss_history.csv,8227,2ae0f01d9236abfb4f713b94c5b6411f91504afc3bcd3eee6e1e4828646f64b7
runs/sfm_dataset5_sfm_1024_sift_global_fullres_eval/ablation_eval/splat_eval/sfm_dataset5_sfm_1024_sift_global/p046/attempt_1/metrics.csv,417,c93e943b96513cc8979ddcce6d29ac40a43f717f515a799f66d176bbc203b3c5
runs/sfm_dataset5_sfm_1024_sift_global_fullres_eval/ablation_eval/splat_eval/sfm_dataset5_sfm_1024_sift_global/p046/attempt_1/python_metrics.json,456,690c22c09d2da90cc6ae36417cf77f7288ee98ee3cd6a7780c9c4b2d116d6b1a
runs/sfm_dataset5_sfm_1024_sift_global_fullres_eval/ablation_eval/splat_eval/sfm_dataset5_sfm_1024_sift_global/p046/attempt_1/resource_samples.csv,4614,089fec0312db99e3423ca6d52d4e68fb5ebc196ec60745048548f753f5dda22b
runs/sfm_dataset5_sfm_1024_sift_global_fullres_eval/ablation_eval/splat_eval/sfm_dataset5_sfm_1024_sift_global/p046/attempt_1/training_status.json,2107,ac7fa4958a3d7052ef382e52f1b70b9285695cbf7078d251a326cd0690bf7375
runs/sfm_dataset5_sfm_1024_sift_global_fullres_eval/ablation_eval/splat_eval_selection.json,558,24af6808e89830982a8edf52d403bbed79974b4f06e7267c95e1a9d64049a85e
runs/sfm_dataset5_sfm_1024_sift_global_fullres_eval/diagnostics/runs/sfm_dataset5_sfm_1024_sift_global/logs/colmap.log,15550972,5d4caca1899adba032b77c2093ab093ddc9e1966dce193f9aba3bc1cfd87f4ec
runs/sfm_dataset5_sfm_1024_sift_global_fullres_eval/diagnostics/runs/sfm_dataset5_sfm_1024_sift_global/logs/pipeline.log,5383,9cb990168cd98fc8e337f044b12f1d5c762619aeef88cba65235829abb55ef74
runs/sfm_dataset5_sfm_1024_sift_global_fullres_eval/diagnostics/runs/sfm_dataset5_sfm_1024_sift_global/logs/warnings.log,452,c26e379e240b997b6f2075df5e21d6937f5f8a15c626cbc12ad701af5ddbda13
runs/sfm_dataset5_sfm_1024_sift_global_fullres_eval/diagnostics/runs/sfm_dataset5_sfm_1024_sift_global/run_status.json,701,b45b2fe28c33f5a251ba7ed5c3624ec69aec35341452f6a26d6db49791aa7550
runs/sfm_dataset5_sfm_1024_sift_global_fullres_eval/diagnostics/runs/sfm_dataset5_sfm_1024_sift_global/timings.json,2196,eb2627b92038205de61f08d44a1652db83288657091b2b7fad51ab4ecb41ff7e
runs/sfm_dataset5_sfm_1024_sift_global_fullres_eval/diagnostics/runs/sfm_dataset5_sfm_1024_sift_global_fullres_eval/resource_samples.csv,54417,fd005017392745b3e1c0e9a4ef97bff85077fb850c202f779fa7379a676d4c01
runs/sfm_dataset5_sfm_1024_sift_global_fullres_eval/diagnostics/runs/sfm_dataset5_sfm_1024_sift_global_fullres_eval/resource_summary.json,152,4c212fbf6598aac4cf2eeea9809a7c1509a577117b5adf198269765a7e082d83
runs/sfm_dataset5_sfm_1024_sift_global_fullres_eval/resource_samples.csv,54417,fd005017392745b3e1c0e9a4ef97bff85077fb850c202f779fa7379a676d4c01
runs/sfm_dataset5_sfm_1024_sift_global_fullres_eval/sfm_dataset5_sfm_1024_sift_global_fullres_eval.exit,32,aeb7fb11bf52cbddd6345591d2fde0597587b7b1cffe51a7219f9a75902d8158
runs/sfm_dataset5_sfm_1024_sift_global_fullres_eval/worker_identity.json,470,359054e51ef7c8cbafd6c60ed0a0dfa8278a0367772340177b5351a55fe10cfd
runs/sfm_dataset5_sfm_1024_sift_incremental_fullres_eval/ablation_eval/jobs/sfm_dataset5_sfm_1024_sift_incremental/resource_samples.csv,126264,18a23bd59012977dea8f0d8e6c44b2738f2fd23686bfc93a7cafa2496eda2e73
runs/sfm_dataset5_sfm_1024_sift_incremental_fullres_eval/ablation_eval/manifest.csv,1469,9ec107c3a4af2b7549fc0921b1ba82cb562aa1899ce3ee3999d12e1d2684a42c
runs/sfm_dataset5_sfm_1024_sift_incremental_fullres_eval/ablation_eval/results_final.csv,129,6cf300cc3eaa1536de18eb4bdbeb47d3308e50e0dd2e0f8c8cbbee795a57b170
runs/sfm_dataset5_sfm_1024_sift_incremental_fullres_eval/ablation_eval/results_sfm.csv,860,ddb6813c603444e948783ba91bca2a2bcaacfa357ca0b3e9cb72ea7643fc159e
runs/sfm_dataset5_sfm_1024_sift_incremental_fullres_eval/ablation_eval/results_splat.csv,298,39db4462af80f9c5d63208487ac3ac84ffe996ec2010f17b931958a3ddb3a8cb
runs/sfm_dataset5_sfm_1024_sift_incremental_fullres_eval/ablation_eval/splat_eval_selection.json,188,143de258cc1a5ad6641137b7dab6c5a6593afb7a9beca5f83021c90af7684864
runs/sfm_dataset5_sfm_1024_sift_incremental_fullres_eval/diagnostics/runs/sfm_dataset5_sfm_1024_sift_incremental/logs/colmap.log,11121685,8d2423266e38aafca441bd1db8f3e3ef63545ef0dda5182597a3f84f1e338f26
runs/sfm_dataset5_sfm_1024_sift_incremental_fullres_eval/diagnostics/runs/sfm_dataset5_sfm_1024_sift_incremental/logs/pipeline.log,2655,d1ebcef9bbe7306ee8b000425445022500ea2cacaea87b8eea2ea859dab4b0a8
runs/sfm_dataset5_sfm_1024_sift_incremental_fullres_eval/diagnostics/runs/sfm_dataset5_sfm_1024_sift_incremental/logs/warnings.log,274,a363a3279f6f7533c6cb43baddf5973e269e9e5b91ef0f26c1cfbe5e2a716734
runs/sfm_dataset5_sfm_1024_sift_incremental_fullres_eval/diagnostics/runs/sfm_dataset5_sfm_1024_sift_incremental/run_status.json,1405,5bdeea398a7ac7ce5d4cc8a1d7c725f4fc6c9beb848fa5484998806b1e74f3ed
runs/sfm_dataset5_sfm_1024_sift_incremental_fullres_eval/diagnostics/runs/sfm_dataset5_sfm_1024_sift_incremental/timings.json,4039,7d1e13d85ab4714cfa4dee35c1af063d97e03531ee9683660a64ec03b78a0b1d
runs/sfm_dataset5_sfm_1024_sift_incremental_fullres_eval/diagnostics/runs/sfm_dataset5_sfm_1024_sift_incremental_fullres_eval/resource_samples.csv,114591,8ef63f8690f62b2686f004b3ca9077a9c591133b4c0c1efadb70c5c9dc2e018d
runs/sfm_dataset5_sfm_1024_sift_incremental_fullres_eval/diagnostics/runs/sfm_dataset5_sfm_1024_sift_incremental_fullres_eval/resource_summary.json,150,aa47394189b50f8a5400e731af06c624e467b3ffeb56a67dbd41ba04c373e148
runs/sfm_dataset5_sfm_1024_sift_incremental_fullres_eval/resource_samples.csv,114591,8ef63f8690f62b2686f004b3ca9077a9c591133b4c0c1efadb70c5c9dc2e018d
runs/sfm_dataset5_sfm_1024_sift_incremental_fullres_eval/sfm_dataset5_sfm_1024_sift_incremental_fullres_eval.exit,32,aeb7fb11bf52cbddd6345591d2fde0597587b7b1cffe51a7219f9a75902d8158
runs/sfm_dataset5_sfm_1024_sift_incremental_fullres_eval/worker_identity.json,475,1bc191f56c33e959301ac5e7fd14dc9f14b54352e2aac0567fbf47c5748a4d9c
runs/sfm_dataset5_sfm_2048_aliked_global_fullres_eval/ablation_eval/jobs/sfm_dataset5_sfm_2048_aliked_global/resource_samples.csv,33941,ed9f824bbd022088feb388082bbb9b5e9a201ea2276c99886c12cd05abcf5679
runs/sfm_dataset5_sfm_2048_aliked_global_fullres_eval/ablation_eval/manifest.csv,1619,d967238247aeb091314f04920bfedae4a2dba4a00e683753ad6166c8e70b9e3b
runs/sfm_dataset5_sfm_2048_aliked_global_fullres_eval/ablation_eval/metrics_long.csv,16461,a7fbda1d6e5925475b94868a70b6b61921564b8a5c2199df58f3e82a3c5a792b
runs/sfm_dataset5_sfm_2048_aliked_global_fullres_eval/ablation_eval/results_final.csv,129,6cf300cc3eaa1536de18eb4bdbeb47d3308e50e0dd2e0f8c8cbbee795a57b170
runs/sfm_dataset5_sfm_2048_aliked_global_fullres_eval/ablation_eval/results_sfm.csv,1173,7cc558a6ad385ff3baa14bf816beb834decb1e1b6a2ae4ee675afd778a56316e
runs/sfm_dataset5_sfm_2048_aliked_global_fullres_eval/ablation_eval/results_splat.csv,3726,02919c53af4462a5a3823136514e2795bb5819ba4f91d0e59410607422080cee
runs/sfm_dataset5_sfm_2048_aliked_global_fullres_eval/ablation_eval/splat_eval/sfm_dataset5_sfm_2048_aliked_global/p000/attempt_1/lfs_eval_config.json,1356,cb2203da5d26ff25c0d3c42eadd03120278f181cccef913e88874a417c2f1132
runs/sfm_dataset5_sfm_2048_aliked_global_fullres_eval/ablation_eval/splat_eval/sfm_dataset5_sfm_2048_aliked_global/p000/attempt_1/loss_history.csv,8229,eb7da0a16ff341b67e2732bb2a0c9e754b2121aabac964b2d505be5133c2611a
runs/sfm_dataset5_sfm_2048_aliked_global_fullres_eval/ablation_eval/splat_eval/sfm_dataset5_sfm_2048_aliked_global/p000/attempt_1/metrics.csv,417,c0bda7c55064d37553e845ee4ff0075f0ea6f28cffca361d6c69182fe8a830b0
runs/sfm_dataset5_sfm_2048_aliked_global_fullres_eval/ablation_eval/splat_eval/sfm_dataset5_sfm_2048_aliked_global/p000/attempt_1/python_metrics.json,456,c4f3fd523ae75c2291142c52c06c25f1b00ac14b3d4b5f6a079dc6cf482abee4
runs/sfm_dataset5_sfm_2048_aliked_global_fullres_eval/ablation_eval/splat_eval/sfm_dataset5_sfm_2048_aliked_global/p000/attempt_1/resource_samples.csv,5181,d36531894d6c26443ba0779c4bcbde51ee984dc0005652997f36a9aa7ab7e19a
runs/sfm_dataset5_sfm_2048_aliked_global_fullres_eval/ablation_eval/splat_eval/sfm_dataset5_sfm_2048_aliked_global/p000/attempt_1/training_status.json,2121,32d94434d3fe8e9dab19f2223fd9da4bf63ded07f7f1481ca0250967b2b011da
runs/sfm_dataset5_sfm_2048_aliked_global_fullres_eval/ablation_eval/splat_eval/sfm_dataset5_sfm_2048_aliked_global/p005/attempt_1/lfs_eval_config.json,1356,cb2203da5d26ff25c0d3c42eadd03120278f181cccef913e88874a417c2f1132
runs/sfm_dataset5_sfm_2048_aliked_global_fullres_eval/ablation_eval/splat_eval/sfm_dataset5_sfm_2048_aliked_global/p005/attempt_1/loss_history.csv,8180,bf172d8a967f4317f81b26a363516faee77262f1afefe0d43e7c2d25ed1185e1
runs/sfm_dataset5_sfm_2048_aliked_global_fullres_eval/ablation_eval/splat_eval/sfm_dataset5_sfm_2048_aliked_global/p005/attempt_1/metrics.csv,417,14219027028361cd4aa3957c13a2bd44cf8a7cfd3b508ab462a4cdaf60e5f2b9
runs/sfm_dataset5_sfm_2048_aliked_global_fullres_eval/ablation_eval/splat_eval/sfm_dataset5_sfm_2048_aliked_global/p005/attempt_1/python_metrics.json,401,0563edb1d098c9c7ec9ef8cf957733138fb44ca97c84f2fbb11beceb3f28a2b4
runs/sfm_dataset5_sfm_2048_aliked_global_fullres_eval/ablation_eval/splat_eval/sfm_dataset5_sfm_2048_aliked_global/p005/attempt_1/resource_samples.csv,3470,3da829934fee37327c260b89eb3be0538297cfe3f282534f84b5260497c1279f
runs/sfm_dataset5_sfm_2048_aliked_global_fullres_eval/ablation_eval/splat_eval/sfm_dataset5_sfm_2048_aliked_global/p005/attempt_1/training_status.json,2117,dd99e520832a639782d599903b60cba2659708e5bf19f358507a48f1c2ad5b60
runs/sfm_dataset5_sfm_2048_aliked_global_fullres_eval/ablation_eval/splat_eval/sfm_dataset5_sfm_2048_aliked_global/p010/attempt_1/lfs_eval_config.json,1356,cb2203da5d26ff25c0d3c42eadd03120278f181cccef913e88874a417c2f1132
runs/sfm_dataset5_sfm_2048_aliked_global_fullres_eval/ablation_eval/splat_eval/sfm_dataset5_sfm_2048_aliked_global/p010/attempt_1/loss_history.csv,8223,80a6f38af43911451e7ecd11eda6e60260cf62403c2c6e53beb8efe4a057ca50
runs/sfm_dataset5_sfm_2048_aliked_global_fullres_eval/ablation_eval/splat_eval/sfm_dataset5_sfm_2048_aliked_global/p010/attempt_1/metrics.csv,417,49e620ba7c8cba6b3cac2d70b5765abc1e1752726e4c6a621b2374d788effe69
runs/sfm_dataset5_sfm_2048_aliked_global_fullres_eval/ablation_eval/splat_eval/sfm_dataset5_sfm_2048_aliked_global/p010/attempt_1/python_metrics.json,456,c4f3fd523ae75c2291142c52c06c25f1b00ac14b3d4b5f6a079dc6cf482abee4
runs/sfm_dataset5_sfm_2048_aliked_global_fullres_eval/ablation_eval/splat_eval/sfm_dataset5_sfm_2048_aliked_global/p010/attempt_1/resource_samples.csv,5890,5fdb523f606eaa86a6f9b2a3e98324b98a92b4592a7c3aa76f55d7bce88a8710
runs/sfm_dataset5_sfm_2048_aliked_global_fullres_eval/ablation_eval/splat_eval/sfm_dataset5_sfm_2048_aliked_global/p010/attempt_1/training_status.json,2116,4a320aa5f44d341064c4b4734e357b1b898ac055dc351c16073a78f4a0ef2487
runs/sfm_dataset5_sfm_2048_aliked_global_fullres_eval/ablation_eval/splat_eval/sfm_dataset5_sfm_2048_aliked_global/p015/attempt_1/lfs_eval_config.json,1356,cb2203da5d26ff25c0d3c42eadd03120278f181cccef913e88874a417c2f1132
runs/sfm_dataset5_sfm_2048_aliked_global_fullres_eval/ablation_eval/splat_eval/sfm_dataset5_sfm_2048_aliked_global/p015/attempt_1/loss_history.csv,8227,71748324db649e573af9d17b526af356c56157f1ff234587c8fe7f6e50652bad
runs/sfm_dataset5_sfm_2048_aliked_global_fullres_eval/ablation_eval/splat_eval/sfm_dataset5_sfm_2048_aliked_global/p015/attempt_1/metrics.csv,417,176a62ef32a8ddedb1eadb04d4f1a66a9444e2d0713f2cf644c96e145908d86b
runs/sfm_dataset5_sfm_2048_aliked_global_fullres_eval/ablation_eval/splat_eval/sfm_dataset5_sfm_2048_aliked_global/p015/attempt_1/python_metrics.json,456,c4f3fd523ae75c2291142c52c06c25f1b00ac14b3d4b5f6a079dc6cf482abee4
runs/sfm_dataset5_sfm_2048_aliked_global_fullres_eval/ablation_eval/splat_eval/sfm_dataset5_sfm_2048_aliked_global/p015/attempt_1/resource_samples.csv,6242,41b8881f6899b0187f3ab4cd774354beecc404ad397622e88e13e6ac06aec662
runs/sfm_dataset5_sfm_2048_aliked_global_fullres_eval/ablation_eval/splat_eval/sfm_dataset5_sfm_2048_aliked_global/p015/attempt_1/training_status.json,2119,10c7c337908a5c33de8bbf288c5ecff7097f5227947f45be556f73a17336614b
runs/sfm_dataset5_sfm_2048_aliked_global_fullres_eval/ablation_eval/splat_eval/sfm_dataset5_sfm_2048_aliked_global/p020/attempt_1/lfs_eval_config.json,1356,cb2203da5d26ff25c0d3c42eadd03120278f181cccef913e88874a417c2f1132
runs/sfm_dataset5_sfm_2048_aliked_global_fullres_eval/ablation_eval/splat_eval/sfm_dataset5_sfm_2048_aliked_global/p020/attempt_1/loss_history.csv,8228,2fbfa84d827bedea8d7e965228e76984dd91e55b9c2aa373e1d9b02b37b6d66f
runs/sfm_dataset5_sfm_2048_aliked_global_fullres_eval/ablation_eval/splat_eval/sfm_dataset5_sfm_2048_aliked_global/p020/attempt_1/metrics.csv,417,5df834232aedb46a85f0f0cc6f12982e9c5ae6b96ef5007c4500c7c4b7689bd3
runs/sfm_dataset5_sfm_2048_aliked_global_fullres_eval/ablation_eval/splat_eval/sfm_dataset5_sfm_2048_aliked_global/p020/attempt_1/python_metrics.json,456,c4f3fd523ae75c2291142c52c06c25f1b00ac14b3d4b5f6a079dc6cf482abee4
runs/sfm_dataset5_sfm_2048_aliked_global_fullres_eval/ablation_eval/splat_eval/sfm_dataset5_sfm_2048_aliked_global/p020/attempt_1/resource_samples.csv,4834,687e1c622290a52932067304e8a3c50ab8e292a70e8941d1ce96e92a85573128
runs/sfm_dataset5_sfm_2048_aliked_global_fullres_eval/ablation_eval/splat_eval/sfm_dataset5_sfm_2048_aliked_global/p020/attempt_1/training_status.json,2119,3066b90142236536b21a8ba851c302b4ecd2d986d2c20063786282d144a76d0b
runs/sfm_dataset5_sfm_2048_aliked_global_fullres_eval/ablation_eval/splat_eval/sfm_dataset5_sfm_2048_aliked_global/p026/attempt_1/lfs_eval_config.json,1356,cb2203da5d26ff25c0d3c42eadd03120278f181cccef913e88874a417c2f1132
runs/sfm_dataset5_sfm_2048_aliked_global_fullres_eval/ablation_eval/splat_eval/sfm_dataset5_sfm_2048_aliked_global/p026/attempt_1/loss_history.csv,8203,f16908fa4366417e9931ad9720ddda1103353593fd70f4f818a616ede46d0372
runs/sfm_dataset5_sfm_2048_aliked_global_fullres_eval/ablation_eval/splat_eval/sfm_dataset5_sfm_2048_aliked_global/p026/attempt_1/metrics.csv,417,e741794194de50c702ebc677ba37be2b9b650ab7b2558d44919681771af0ba05
runs/sfm_dataset5_sfm_2048_aliked_global_fullres_eval/ablation_eval/splat_eval/sfm_dataset5_sfm_2048_aliked_global/p026/attempt_1/python_metrics.json,456,c4f3fd523ae75c2291142c52c06c25f1b00ac14b3d4b5f6a079dc6cf482abee4
runs/sfm_dataset5_sfm_2048_aliked_global_fullres_eval/ablation_eval/splat_eval/sfm_dataset5_sfm_2048_aliked_global/p026/attempt_1/resource_samples.csv,4526,9cddaeb00f62b58ba0fbbf639fbd7f6a2ed8357c4ff16dfca6b584a1b26ecd49
runs/sfm_dataset5_sfm_2048_aliked_global_fullres_eval/ablation_eval/splat_eval/sfm_dataset5_sfm_2048_aliked_global/p026/attempt_1/training_status.json,2121,89fb65b4d02927032d25a6bdebc825da6f483a5da95891f2bdfd5fafd9cb429a
runs/sfm_dataset5_sfm_2048_aliked_global_fullres_eval/ablation_eval/splat_eval/sfm_dataset5_sfm_2048_aliked_global/p031/attempt_1/lfs_eval_config.json,1356,cb2203da5d26ff25c0d3c42eadd03120278f181cccef913e88874a417c2f1132
runs/sfm_dataset5_sfm_2048_aliked_global_fullres_eval/ablation_eval/splat_eval/sfm_dataset5_sfm_2048_aliked_global/p031/attempt_1/loss_history.csv,8221,4c20d71fda13b8742ca591b4d809ed9500da1b8f20f5d9e56b0693f43c8ec547
runs/sfm_dataset5_sfm_2048_aliked_global_fullres_eval/ablation_eval/splat_eval/sfm_dataset5_sfm_2048_aliked_global/p031/attempt_1/metrics.csv,417,317ac6cb0b8e09f43b2a193c7454a4e7887feeae516e09f2d96e51c05067f83a
runs/sfm_dataset5_sfm_2048_aliked_global_fullres_eval/ablation_eval/splat_eval/sfm_dataset5_sfm_2048_aliked_global/p031/attempt_1/python_metrics.json,456,c4f3fd523ae75c2291142c52c06c25f1b00ac14b3d4b5f6a079dc6cf482abee4
runs/sfm_dataset5_sfm_2048_aliked_global_fullres_eval/ablation_eval/splat_eval/sfm_dataset5_sfm_2048_aliked_global/p031/attempt_1/resource_samples.csv,5098,efaea3ad2086f95c135288ac2d2829d4e0da79f9f9222e95c103403880f341bc
runs/sfm_dataset5_sfm_2048_aliked_global_fullres_eval/ablation_eval/splat_eval/sfm_dataset5_sfm_2048_aliked_global/p031/attempt_1/training_status.json,2119,562a79e83850ccaf83fac6d9ed3921f1bfd041caf6dd3ecef88adc6826288ce1
runs/sfm_dataset5_sfm_2048_aliked_global_fullres_eval/ablation_eval/splat_eval/sfm_dataset5_sfm_2048_aliked_global/p036/attempt_1/lfs_eval_config.json,1356,cb2203da5d26ff25c0d3c42eadd03120278f181cccef913e88874a417c2f1132
runs/sfm_dataset5_sfm_2048_aliked_global_fullres_eval/ablation_eval/splat_eval/sfm_dataset5_sfm_2048_aliked_global/p036/attempt_1/loss_history.csv,8221,81fb22e3199cf13675daeb2de07f3701eb9ed747b0bb541498a7688b04d85d76
runs/sfm_dataset5_sfm_2048_aliked_global_fullres_eval/ablation_eval/splat_eval/sfm_dataset5_sfm_2048_aliked_global/p036/attempt_1/metrics.csv,417,03780368cb1dda08df7f1bc9cc4da49137921c7dfb1a11261aa3ac3dc573366b
runs/sfm_dataset5_sfm_2048_aliked_global_fullres_eval/ablation_eval/splat_eval/sfm_dataset5_sfm_2048_aliked_global/p036/attempt_1/python_metrics.json,456,c4f3fd523ae75c2291142c52c06c25f1b00ac14b3d4b5f6a079dc6cf482abee4
runs/sfm_dataset5_sfm_2048_aliked_global_fullres_eval/ablation_eval/splat_eval/sfm_dataset5_sfm_2048_aliked_global/p036/attempt_1/resource_samples.csv,5494,ef8f7c4bdbc6af04af1d8d0390cb7d24ead45ca39f4c833f9ff67d2cff56e487
runs/sfm_dataset5_sfm_2048_aliked_global_fullres_eval/ablation_eval/splat_eval/sfm_dataset5_sfm_2048_aliked_global/p036/attempt_1/training_status.json,2119,9ad1d1ee01d60a03589a5c1eb5ba97b3b104887f69c35f26902669d796752bee
runs/sfm_dataset5_sfm_2048_aliked_global_fullres_eval/ablation_eval/splat_eval/sfm_dataset5_sfm_2048_aliked_global/p041/attempt_1/lfs_eval_config.json,1356,cb2203da5d26ff25c0d3c42eadd03120278f181cccef913e88874a417c2f1132
runs/sfm_dataset5_sfm_2048_aliked_global_fullres_eval/ablation_eval/splat_eval/sfm_dataset5_sfm_2048_aliked_global/p041/attempt_1/loss_history.csv,8217,9003f3e25b73b8964fc010a625585465e9ed51ac7c151c4d7d530a6cf788fd0d
runs/sfm_dataset5_sfm_2048_aliked_global_fullres_eval/ablation_eval/splat_eval/sfm_dataset5_sfm_2048_aliked_global/p041/attempt_1/metrics.csv,417,3d4f007dea2828a7b6a4d662738debbb5c99a24e929ab181657f7f49202f0ce1
runs/sfm_dataset5_sfm_2048_aliked_global_fullres_eval/ablation_eval/splat_eval/sfm_dataset5_sfm_2048_aliked_global/p041/attempt_1/python_metrics.json,456,c4f3fd523ae75c2291142c52c06c25f1b00ac14b3d4b5f6a079dc6cf482abee4
runs/sfm_dataset5_sfm_2048_aliked_global_fullres_eval/ablation_eval/splat_eval/sfm_dataset5_sfm_2048_aliked_global/p041/attempt_1/resource_samples.csv,4922,f1db9f7db2eb64128bcda0d553af655c562b9a03610ebdbe2128155f08f4a6ec
runs/sfm_dataset5_sfm_2048_aliked_global_fullres_eval/ablation_eval/splat_eval/sfm_dataset5_sfm_2048_aliked_global/p041/attempt_1/training_status.json,2117,1edacc472cc6b0fe892edc2972fd13c9edd5b006ef4af5dedcb84df889115281
runs/sfm_dataset5_sfm_2048_aliked_global_fullres_eval/ablation_eval/splat_eval/sfm_dataset5_sfm_2048_aliked_global/p046/attempt_1/lfs_eval_config.json,1356,cb2203da5d26ff25c0d3c42eadd03120278f181cccef913e88874a417c2f1132
runs/sfm_dataset5_sfm_2048_aliked_global_fullres_eval/ablation_eval/splat_eval/sfm_dataset5_sfm_2048_aliked_global/p046/attempt_1/loss_history.csv,8230,cb35c11767ca6a05eaf1eb43e94fd7e19f3784a7148cf9fe1ecccd6790343203
runs/sfm_dataset5_sfm_2048_aliked_global_fullres_eval/ablation_eval/splat_eval/sfm_dataset5_sfm_2048_aliked_global/p046/attempt_1/metrics.csv,417,db44da51387a02afe2ed32dfb559db30cd9da37a4540b973cc6695fc3e030a01
runs/sfm_dataset5_sfm_2048_aliked_global_fullres_eval/ablation_eval/splat_eval/sfm_dataset5_sfm_2048_aliked_global/p046/attempt_1/python_metrics.json,456,c4f3fd523ae75c2291142c52c06c25f1b00ac14b3d4b5f6a079dc6cf482abee4
runs/sfm_dataset5_sfm_2048_aliked_global_fullres_eval/ablation_eval/splat_eval/sfm_dataset5_sfm_2048_aliked_global/p046/attempt_1/resource_samples.csv,4702,816572a48eafc855e2c4c53aee7fa3508d5cc12c38eba3b6041775461c60a764
runs/sfm_dataset5_sfm_2048_aliked_global_fullres_eval/ablation_eval/splat_eval/sfm_dataset5_sfm_2048_aliked_global/p046/attempt_1/training_status.json,2119,61d25260ee7250e568675531f02492231b868314e64d9918e1bf7b5060f1e71f
runs/sfm_dataset5_sfm_2048_aliked_global_fullres_eval/ablation_eval/splat_eval_selection.json,562,c16c4a54b2f46a8b7ae22c1d28ec2b27d7654c8e81d7f265fc221f8643b9e6cb
runs/sfm_dataset5_sfm_2048_aliked_global_fullres_eval/diagnostics/runs/sfm_dataset5_sfm_2048_aliked_global/logs/colmap.log,15493654,6a2ef59f7bd86b2c83e3b0a823275140e2e9dd8f9ddafde7c5dd79066f521bfd
runs/sfm_dataset5_sfm_2048_aliked_global_fullres_eval/diagnostics/runs/sfm_dataset5_sfm_2048_aliked_global/logs/pipeline.log,5388,51e912b44a59c77104034b39c991428c7adacba29cadec12fd2930fe78a54951
runs/sfm_dataset5_sfm_2048_aliked_global_fullres_eval/diagnostics/runs/sfm_dataset5_sfm_2048_aliked_global/logs/warnings.log,452,bb522c8862a7d1affbf7ed8073e2eb2d0ca9ec698a9a2fe565d7e6218de5c9a4
runs/sfm_dataset5_sfm_2048_aliked_global_fullres_eval/diagnostics/runs/sfm_dataset5_sfm_2048_aliked_global/run_status.json,701,cdd5069d4a1279413d2f28bda50cabe13a750461342c982f0d1901310350ff80
runs/sfm_dataset5_sfm_2048_aliked_global_fullres_eval/diagnostics/runs/sfm_dataset5_sfm_2048_aliked_global/timings.json,2195,8fa654016834a144af343ec123e383b7e9881e6c9349e2d5a10ee574fbe83688
runs/sfm_dataset5_sfm_2048_aliked_global_fullres_eval/diagnostics/runs/sfm_dataset5_sfm_2048_aliked_global_fullres_eval/resource_samples.csv,54721,abb8903fee542b768596288acebb3a2a2f1c24994a9cfade8c2ce5ab84f0683f
runs/sfm_dataset5_sfm_2048_aliked_global_fullres_eval/diagnostics/runs/sfm_dataset5_sfm_2048_aliked_global_fullres_eval/resource_summary.json,152,f1a86dce370a0d29bd8a26a633070cf1af90dfe823567895d666b4b52811bf0c
runs/sfm_dataset5_sfm_2048_aliked_global_fullres_eval/resource_samples.csv,54721,abb8903fee542b768596288acebb3a2a2f1c24994a9cfade8c2ce5ab84f0683f
runs/sfm_dataset5_sfm_2048_aliked_global_fullres_eval/sfm_dataset5_sfm_2048_aliked_global_fullres_eval.exit,32,aeb7fb11bf52cbddd6345591d2fde0597587b7b1cffe51a7219f9a75902d8158
runs/sfm_dataset5_sfm_2048_aliked_global_fullres_eval/worker_identity.json,472,d2a21d0cd57eef535515647cc2b4fa474602c32f738ae60b3ec527a971c28050
runs/sfm_dataset5_sfm_2048_aliked_incremental_fullres_eval/ablation_eval/jobs/sfm_dataset5_sfm_2048_aliked_incremental/resource_samples.csv,126709,09d168b65eb82a74fb16f1dd9878e6e7461e5c86043c8cd7468535b1620231b9
runs/sfm_dataset5_sfm_2048_aliked_incremental_fullres_eval/ablation_eval/manifest.csv,1682,80ca50e211a22804fb6c0d33096aed155289ce4a39fa01e0a3370f7cf0da1ebd
runs/sfm_dataset5_sfm_2048_aliked_incremental_fullres_eval/ablation_eval/results_final.csv,129,6cf300cc3eaa1536de18eb4bdbeb47d3308e50e0dd2e0f8c8cbbee795a57b170
runs/sfm_dataset5_sfm_2048_aliked_incremental_fullres_eval/ablation_eval/results_sfm.csv,865,38450c605ffee89a990a9e0697cb2a0d177fb0ca5c7c6b1fd4ac320609208ccb
runs/sfm_dataset5_sfm_2048_aliked_incremental_fullres_eval/ablation_eval/results_splat.csv,298,39db4462af80f9c5d63208487ac3ac84ffe996ec2010f17b931958a3ddb3a8cb
runs/sfm_dataset5_sfm_2048_aliked_incremental_fullres_eval/ablation_eval/splat_eval_selection.json,188,143de258cc1a5ad6641137b7dab6c5a6593afb7a9beca5f83021c90af7684864
runs/sfm_dataset5_sfm_2048_aliked_incremental_fullres_eval/diagnostics/runs/sfm_dataset5_sfm_2048_aliked_incremental/logs/colmap.log,11450062,cb55f95ea100c05dff02090285dbd446beb9e55e627c5230a211409335b91c5c
runs/sfm_dataset5_sfm_2048_aliked_incremental_fullres_eval/diagnostics/runs/sfm_dataset5_sfm_2048_aliked_incremental/logs/pipeline.log,2656,671480c9abdbdddfd45174205447f32aacea37c3e761a5a2b78adde809616f94
runs/sfm_dataset5_sfm_2048_aliked_incremental_fullres_eval/diagnostics/runs/sfm_dataset5_sfm_2048_aliked_incremental/logs/warnings.log,274,c41e61bcd2487fd4c5708491f8c8920eb940ee4963d686a58dcb8e6a34d408af
runs/sfm_dataset5_sfm_2048_aliked_incremental_fullres_eval/diagnostics/runs/sfm_dataset5_sfm_2048_aliked_incremental/run_status.json,1409,e95c22fcb90c663b568281fd870d6bfaa87511aeb85210fc32b93f7f338277f1
runs/sfm_dataset5_sfm_2048_aliked_incremental_fullres_eval/diagnostics/runs/sfm_dataset5_sfm_2048_aliked_incremental/timings.json,4037,06a9e01a219104178747262fcd47a9a2665ad94d871355974c4f566dc14c10e8
runs/sfm_dataset5_sfm_2048_aliked_incremental_fullres_eval/diagnostics/runs/sfm_dataset5_sfm_2048_aliked_incremental_fullres_eval/resource_samples.csv,115268,0c8553e318167ad45f6dfa955eb010a835459c9c26670dc91fedd8f9ea9dc80e
runs/sfm_dataset5_sfm_2048_aliked_incremental_fullres_eval/diagnostics/runs/sfm_dataset5_sfm_2048_aliked_incremental_fullres_eval/resource_summary.json,151,23ede5502924a9f101001a5de7d1b1e226d79b5fe53eed0b8b9525f8015ca2cb
runs/sfm_dataset5_sfm_2048_aliked_incremental_fullres_eval/resource_samples.csv,115268,0c8553e318167ad45f6dfa955eb010a835459c9c26670dc91fedd8f9ea9dc80e
runs/sfm_dataset5_sfm_2048_aliked_incremental_fullres_eval/sfm_dataset5_sfm_2048_aliked_incremental_fullres_eval.exit,32,aeb7fb11bf52cbddd6345591d2fde0597587b7b1cffe51a7219f9a75902d8158
runs/sfm_dataset5_sfm_2048_aliked_incremental_fullres_eval/worker_identity.json,477,1d1097e33a3e63c7d65cbf7efc91198a5f6f46f245d14c62a023255305417cff
runs/sfm_dataset5_sfm_2048_sift_global_fullres_eval/ablation_eval/jobs/sfm_dataset5_sfm_2048_sift_global/resource_samples.csv,38464,609940a022d65cd6f5d11680fd815a69970e472d67b88cb4b16347d86a19bb28
runs/sfm_dataset5_sfm_2048_sift_global_fullres_eval/ablation_eval/manifest.csv,1406,c1d3470939f346b10b2dfedbbd757bad6a9141f004d3c6efdcb18fb41878e710
runs/sfm_dataset5_sfm_2048_sift_global_fullres_eval/ablation_eval/metrics_long.csv,16232,57fadef2ae9a5a01a6a5d54bbfc73fc16bbb053dd326776d9555b97e0b2daa85
runs/sfm_dataset5_sfm_2048_sift_global_fullres_eval/ablation_eval/results_final.csv,129,6cf300cc3eaa1536de18eb4bdbeb47d3308e50e0dd2e0f8c8cbbee795a57b170
runs/sfm_dataset5_sfm_2048_sift_global_fullres_eval/ablation_eval/results_sfm.csv,1164,f659187713fbe5a21152edc0bd4a98b1d078b2e6b5cdcc21b38ef1309be035ae
runs/sfm_dataset5_sfm_2048_sift_global_fullres_eval/ablation_eval/results_splat.csv,3695,865683e3283f6b785eaaf8b389089bfe38fe8eac89d91c6090f3a3295cb10f05
runs/sfm_dataset5_sfm_2048_sift_global_fullres_eval/ablation_eval/splat_eval/sfm_dataset5_sfm_2048_sift_global/p000/attempt_1/lfs_eval_config.json,1356,cb2203da5d26ff25c0d3c42eadd03120278f181cccef913e88874a417c2f1132
runs/sfm_dataset5_sfm_2048_sift_global_fullres_eval/ablation_eval/splat_eval/sfm_dataset5_sfm_2048_sift_global/p000/attempt_1/loss_history.csv,8227,3328d426074617b6cec174ab1ed65a3d17ad97b4bd3ce6af073fea51c2a1a9e0
runs/sfm_dataset5_sfm_2048_sift_global_fullres_eval/ablation_eval/splat_eval/sfm_dataset5_sfm_2048_sift_global/p000/attempt_1/metrics.csv,417,4c6a3b5a6fcd807ea0ecf3c4377c97ac9511f117e918302d8f11df1f5531d874
runs/sfm_dataset5_sfm_2048_sift_global_fullres_eval/ablation_eval/splat_eval/sfm_dataset5_sfm_2048_sift_global/p000/attempt_1/python_metrics.json,456,7fbdbd711b5fa0cb8f20b11916d6712321dddcc195c9540205e11fe36871f1e7
runs/sfm_dataset5_sfm_2048_sift_global_fullres_eval/ablation_eval/splat_eval/sfm_dataset5_sfm_2048_sift_global/p000/attempt_1/resource_samples.csv,5577,7acaecb80710212a426fcc9e162d911b383ba10bb72df994501791d9ca078365
runs/sfm_dataset5_sfm_2048_sift_global_fullres_eval/ablation_eval/splat_eval/sfm_dataset5_sfm_2048_sift_global/p000/attempt_1/training_status.json,2108,72a166e231484838bb6bb61e3f3fae6bdd5da2e58097762a0b6a230706e5665f
runs/sfm_dataset5_sfm_2048_sift_global_fullres_eval/ablation_eval/splat_eval/sfm_dataset5_sfm_2048_sift_global/p005/attempt_1/lfs_eval_config.json,1356,cb2203da5d26ff25c0d3c42eadd03120278f181cccef913e88874a417c2f1132
runs/sfm_dataset5_sfm_2048_sift_global_fullres_eval/ablation_eval/splat_eval/sfm_dataset5_sfm_2048_sift_global/p005/attempt_1/loss_history.csv,8225,3a1d85be53b47cf1eb302124a3efdaa2d68e3f40050e5d71150d4f7af72d3974
runs/sfm_dataset5_sfm_2048_sift_global_fullres_eval/ablation_eval/splat_eval/sfm_dataset5_sfm_2048_sift_global/p005/attempt_1/metrics.csv,417,c9d0eb6eba92a87abc16afc219a88813071d3e041e0333fba3bddfcb28c49bb8
runs/sfm_dataset5_sfm_2048_sift_global_fullres_eval/ablation_eval/splat_eval/sfm_dataset5_sfm_2048_sift_global/p005/attempt_1/python_metrics.json,456,7fbdbd711b5fa0cb8f20b11916d6712321dddcc195c9540205e11fe36871f1e7
runs/sfm_dataset5_sfm_2048_sift_global_fullres_eval/ablation_eval/splat_eval/sfm_dataset5_sfm_2048_sift_global/p005/attempt_1/resource_samples.csv,4306,71057ef23a3a0ad580ca581aa591d81aafb8e69f17918dccc401f8ed4108bd91
runs/sfm_dataset5_sfm_2048_sift_global_fullres_eval/ablation_eval/splat_eval/sfm_dataset5_sfm_2048_sift_global/p005/attempt_1/training_status.json,2104,7ba6ae11ea8d59d0f39ebf50b3d957d36d65bf79ef19995d644dd1cc07921163
runs/sfm_dataset5_sfm_2048_sift_global_fullres_eval/ablation_eval/splat_eval/sfm_dataset5_sfm_2048_sift_global/p010/attempt_1/lfs_eval_config.json,1356,cb2203da5d26ff25c0d3c42eadd03120278f181cccef913e88874a417c2f1132
runs/sfm_dataset5_sfm_2048_sift_global_fullres_eval/ablation_eval/splat_eval/sfm_dataset5_sfm_2048_sift_global/p010/attempt_1/loss_history.csv,8229,38621046f4ec7e76aaf62f3106226c13949118b78b2672db6ea351c0ba440c7f
runs/sfm_dataset5_sfm_2048_sift_global_fullres_eval/ablation_eval/splat_eval/sfm_dataset5_sfm_2048_sift_global/p010/attempt_1/metrics.csv,417,6ae4f7ddfe6b8b77d52beb09397773f10a1b5bdb4a8e4d7dfe79bb2026d55b4a
runs/sfm_dataset5_sfm_2048_sift_global_fullres_eval/ablation_eval/splat_eval/sfm_dataset5_sfm_2048_sift_global/p010/attempt_1/python_metrics.json,456,7fbdbd711b5fa0cb8f20b11916d6712321dddcc195c9540205e11fe36871f1e7
runs/sfm_dataset5_sfm_2048_sift_global_fullres_eval/ablation_eval/splat_eval/sfm_dataset5_sfm_2048_sift_global/p010/attempt_1/resource_samples.csv,5098,1c2d2151f6b653c6ecb42906d21fc3e431ba5356f2369e211535ab0b35598ad0
runs/sfm_dataset5_sfm_2048_sift_global_fullres_eval/ablation_eval/splat_eval/sfm_dataset5_sfm_2048_sift_global/p010/attempt_1/training_status.json,2107,c28120dc9e24fcd9a798bfcacd2af4d4b67cc0246c4383dfda688107996a3cea
runs/sfm_dataset5_sfm_2048_sift_global_fullres_eval/ablation_eval/splat_eval/sfm_dataset5_sfm_2048_sift_global/p015/attempt_1/lfs_eval_config.json,1356,cb2203da5d26ff25c0d3c42eadd03120278f181cccef913e88874a417c2f1132
runs/sfm_dataset5_sfm_2048_sift_global_fullres_eval/ablation_eval/splat_eval/sfm_dataset5_sfm_2048_sift_global/p015/attempt_1/loss_history.csv,8240,d6e1846457243d0bb8d357549dcb7db6f69a8ee32d2d31987d51ed2cd09a6a12
runs/sfm_dataset5_sfm_2048_sift_global_fullres_eval/ablation_eval/splat_eval/sfm_dataset5_sfm_2048_sift_global/p015/attempt_1/metrics.csv,417,52616120bc680b92a29fd987fcee8d1afc5644807304528957236cfb2e293420
runs/sfm_dataset5_sfm_2048_sift_global_fullres_eval/ablation_eval/splat_eval/sfm_dataset5_sfm_2048_sift_global/p015/attempt_1/python_metrics.json,456,7fbdbd711b5fa0cb8f20b11916d6712321dddcc195c9540205e11fe36871f1e7
runs/sfm_dataset5_sfm_2048_sift_global_fullres_eval/ablation_eval/splat_eval/sfm_dataset5_sfm_2048_sift_global/p015/attempt_1/resource_samples.csv,5362,de04ab77d0f089da01430a3d1330007ccda0fea2852ac0adb0f5dd7a4029b3df
runs/sfm_dataset5_sfm_2048_sift_global_fullres_eval/ablation_eval/splat_eval/sfm_dataset5_sfm_2048_sift_global/p015/attempt_1/training_status.json,2107,acc6c3cbe5f012e6adb4590b70e1f630bd9c522ece838b9da92bc35ce3608f76
runs/sfm_dataset5_sfm_2048_sift_global_fullres_eval/ablation_eval/splat_eval/sfm_dataset5_sfm_2048_sift_global/p020/attempt_1/lfs_eval_config.json,1356,cb2203da5d26ff25c0d3c42eadd03120278f181cccef913e88874a417c2f1132
runs/sfm_dataset5_sfm_2048_sift_global_fullres_eval/ablation_eval/splat_eval/sfm_dataset5_sfm_2048_sift_global/p020/attempt_1/loss_history.csv,8236,831a15aac0d55109972eb4bce1b9d4c51f7dc439361edb3794173ed557e11d11
runs/sfm_dataset5_sfm_2048_sift_global_fullres_eval/ablation_eval/splat_eval/sfm_dataset5_sfm_2048_sift_global/p020/attempt_1/metrics.csv,417,4e026f1e5dd3c99ce3e8dbd03e940edfefc0578d1f213ebd6f958b795cc90631
runs/sfm_dataset5_sfm_2048_sift_global_fullres_eval/ablation_eval/splat_eval/sfm_dataset5_sfm_2048_sift_global/p020/attempt_1/python_metrics.json,456,7fbdbd711b5fa0cb8f20b11916d6712321dddcc195c9540205e11fe36871f1e7
runs/sfm_dataset5_sfm_2048_sift_global_fullres_eval/ablation_eval/splat_eval/sfm_dataset5_sfm_2048_sift_global/p020/attempt_1/resource_samples.csv,5182,50cd4cffbf6c1a5f4b82d694d7e24e6fbd6baa59c47b7d992e2880b09503a1b6
runs/sfm_dataset5_sfm_2048_sift_global_fullres_eval/ablation_eval/splat_eval/sfm_dataset5_sfm_2048_sift_global/p020/attempt_1/training_status.json,2106,b6c8a76f06669987cdbd426ae2072198784c87bb6711ae7bf1619fd0806f9403
runs/sfm_dataset5_sfm_2048_sift_global_fullres_eval/ablation_eval/splat_eval/sfm_dataset5_sfm_2048_sift_global/p025/attempt_1/lfs_eval_config.json,1356,cb2203da5d26ff25c0d3c42eadd03120278f181cccef913e88874a417c2f1132
runs/sfm_dataset5_sfm_2048_sift_global_fullres_eval/ablation_eval/splat_eval/sfm_dataset5_sfm_2048_sift_global/p025/attempt_1/loss_history.csv,8210,198d58a4a258592bef0ccbd1c6e8024cdc7878dac99d88a0ae3aaeff1fed2774
runs/sfm_dataset5_sfm_2048_sift_global_fullres_eval/ablation_eval/splat_eval/sfm_dataset5_sfm_2048_sift_global/p025/attempt_1/metrics.csv,417,67fdedc9eed2b62ec3b4bfd87bf9ec9f70ac1689167b0e59244ded86362f4f68
runs/sfm_dataset5_sfm_2048_sift_global_fullres_eval/ablation_eval/splat_eval/sfm_dataset5_sfm_2048_sift_global/p025/attempt_1/python_metrics.json,456,7fbdbd711b5fa0cb8f20b11916d6712321dddcc195c9540205e11fe36871f1e7
runs/sfm_dataset5_sfm_2048_sift_global_fullres_eval/ablation_eval/splat_eval/sfm_dataset5_sfm_2048_sift_global/p025/attempt_1/resource_samples.csv,4922,46aca83825356f2e56f8208416e7ada8cd1932792060d4d76ad44c1f34462a00
runs/sfm_dataset5_sfm_2048_sift_global_fullres_eval/ablation_eval/splat_eval/sfm_dataset5_sfm_2048_sift_global/p025/attempt_1/training_status.json,2104,cf86d0a1695331c786203e2ea456dd3f7e4b9b13f5bde74509e613a1a5a20cf0
runs/sfm_dataset5_sfm_2048_sift_global_fullres_eval/ablation_eval/splat_eval/sfm_dataset5_sfm_2048_sift_global/p030/attempt_1/lfs_eval_config.json,1356,cb2203da5d26ff25c0d3c42eadd03120278f181cccef913e88874a417c2f1132
runs/sfm_dataset5_sfm_2048_sift_global_fullres_eval/ablation_eval/splat_eval/sfm_dataset5_sfm_2048_sift_global/p030/attempt_1/loss_history.csv,8220,5a03e7c7ea1ed7eb1ee056e0816319a756c92583bc9e7718839a6352b5a23be7
runs/sfm_dataset5_sfm_2048_sift_global_fullres_eval/ablation_eval/splat_eval/sfm_dataset5_sfm_2048_sift_global/p030/attempt_1/metrics.csv,417,76706fb0dfb3d3d6389243b7087c65be6d264aac5652dc21aa0498fedb7e2dcb
runs/sfm_dataset5_sfm_2048_sift_global_fullres_eval/ablation_eval/splat_eval/sfm_dataset5_sfm_2048_sift_global/p030/attempt_1/python_metrics.json,456,7fbdbd711b5fa0cb8f20b11916d6712321dddcc195c9540205e11fe36871f1e7
runs/sfm_dataset5_sfm_2048_sift_global_fullres_eval/ablation_eval/splat_eval/sfm_dataset5_sfm_2048_sift_global/p030/attempt_1/resource_samples.csv,5714,a97d50462991b4e7b0e18551cfe8c4ea9db64ceae89871ff35b37fa441fd21ae
runs/sfm_dataset5_sfm_2048_sift_global_fullres_eval/ablation_eval/splat_eval/sfm_dataset5_sfm_2048_sift_global/p030/attempt_1/training_status.json,2104,40ab9807f95e6934d12378b731150e5cf22c3c2f5c313c0d6bec2247660850b4
runs/sfm_dataset5_sfm_2048_sift_global_fullres_eval/ablation_eval/splat_eval/sfm_dataset5_sfm_2048_sift_global/p035/attempt_1/lfs_eval_config.json,1356,cb2203da5d26ff25c0d3c42eadd03120278f181cccef913e88874a417c2f1132
runs/sfm_dataset5_sfm_2048_sift_global_fullres_eval/ablation_eval/splat_eval/sfm_dataset5_sfm_2048_sift_global/p035/attempt_1/loss_history.csv,8214,f7318ee2e5c61dce7394c80ed879bf25a0584a5872e3cf047529c786c61b678f
runs/sfm_dataset5_sfm_2048_sift_global_fullres_eval/ablation_eval/splat_eval/sfm_dataset5_sfm_2048_sift_global/p035/attempt_1/metrics.csv,417,9234873b570e05b51c92610a2e23045425997aff54ff1ea9c4005cacc8ac7a2f
runs/sfm_dataset5_sfm_2048_sift_global_fullres_eval/ablation_eval/splat_eval/sfm_dataset5_sfm_2048_sift_global/p035/attempt_1/python_metrics.json,456,7fbdbd711b5fa0cb8f20b11916d6712321dddcc195c9540205e11fe36871f1e7
runs/sfm_dataset5_sfm_2048_sift_global_fullres_eval/ablation_eval/splat_eval/sfm_dataset5_sfm_2048_sift_global/p035/attempt_1/resource_samples.csv,5318,b8a08e92c2d6505c6cccb6791f6831206315e22aceaba0336be763de1ecd306d
runs/sfm_dataset5_sfm_2048_sift_global_fullres_eval/ablation_eval/splat_eval/sfm_dataset5_sfm_2048_sift_global/p035/attempt_1/training_status.json,2105,f5db83b7ca0bcf2a193b233254fd66013b7f6115882b9f1a6dbe7901643e8c43
runs/sfm_dataset5_sfm_2048_sift_global_fullres_eval/ablation_eval/splat_eval/sfm_dataset5_sfm_2048_sift_global/p040/attempt_1/lfs_eval_config.json,1356,cb2203da5d26ff25c0d3c42eadd03120278f181cccef913e88874a417c2f1132
runs/sfm_dataset5_sfm_2048_sift_global_fullres_eval/ablation_eval/splat_eval/sfm_dataset5_sfm_2048_sift_global/p040/attempt_1/loss_history.csv,8247,8ff554dcdfda3973d7845e5180ae72f1dcc54e0a785b8ab235cd48e95d048214
runs/sfm_dataset5_sfm_2048_sift_global_fullres_eval/ablation_eval/splat_eval/sfm_dataset5_sfm_2048_sift_global/p040/attempt_1/metrics.csv,417,d6c2d8861a9e762a960d975c6eb6762406fd1a1e36a22d8afdd4481a318e6486
runs/sfm_dataset5_sfm_2048_sift_global_fullres_eval/ablation_eval/splat_eval/sfm_dataset5_sfm_2048_sift_global/p040/attempt_1/python_metrics.json,456,7fbdbd711b5fa0cb8f20b11916d6712321dddcc195c9540205e11fe36871f1e7
runs/sfm_dataset5_sfm_2048_sift_global_fullres_eval/ablation_eval/splat_eval/sfm_dataset5_sfm_2048_sift_global/p040/attempt_1/resource_samples.csv,5101,0474ee28540996f01516b19274adbb13daf753fb6e0e900963584277b2735c2c
runs/sfm_dataset5_sfm_2048_sift_global_fullres_eval/ablation_eval/splat_eval/sfm_dataset5_sfm_2048_sift_global/p040/attempt_1/training_status.json,2107,d4a0e22d75ff5ec2b75f9cafe5a855de0669fb410ecfdf88a07f9cd21caae1cb
runs/sfm_dataset5_sfm_2048_sift_global_fullres_eval/ablation_eval/splat_eval/sfm_dataset5_sfm_2048_sift_global/p045/attempt_1/lfs_eval_config.json,1356,cb2203da5d26ff25c0d3c42eadd03120278f181cccef913e88874a417c2f1132
runs/sfm_dataset5_sfm_2048_sift_global_fullres_eval/ablation_eval/splat_eval/sfm_dataset5_sfm_2048_sift_global/p045/attempt_1/loss_history.csv,8229,cfd630766cb061489929722c0294de0ede42cd8c70258329f193e8d263cc0656
runs/sfm_dataset5_sfm_2048_sift_global_fullres_eval/ablation_eval/splat_eval/sfm_dataset5_sfm_2048_sift_global/p045/attempt_1/metrics.csv,417,b05ab459e44394b9e0eb6248fd96ad7c490c080643dfa21eb37e8dd35caf2963
runs/sfm_dataset5_sfm_2048_sift_global_fullres_eval/ablation_eval/splat_eval/sfm_dataset5_sfm_2048_sift_global/p045/attempt_1/python_metrics.json,456,7fbdbd711b5fa0cb8f20b11916d6712321dddcc195c9540205e11fe36871f1e7
runs/sfm_dataset5_sfm_2048_sift_global_fullres_eval/ablation_eval/splat_eval/sfm_dataset5_sfm_2048_sift_global/p045/attempt_1/resource_samples.csv,5230,712a3332ece6aadedf00db6851351e3f06a8145c92ef46f4e4c6cad1ea65e5bb
runs/sfm_dataset5_sfm_2048_sift_global_fullres_eval/ablation_eval/splat_eval/sfm_dataset5_sfm_2048_sift_global/p045/attempt_1/training_status.json,2106,5fdf6b010ea4c4e7acc79795c5fff8d9225c71adce0ae354afda9a1b93305a19
runs/sfm_dataset5_sfm_2048_sift_global_fullres_eval/ablation_eval/splat_eval_selection.json,558,dab5ea0a5b108f389456c9d99a7f7b29f5960d1b771bea5f113e9206456737fe
runs/sfm_dataset5_sfm_2048_sift_global_fullres_eval/diagnostics/runs/sfm_dataset5_sfm_2048_sift_global/logs/colmap.log,15696620,06790be19433be1174616477c6d98ccc514ab633d120e6c97224ea79afcd4fbd
runs/sfm_dataset5_sfm_2048_sift_global_fullres_eval/diagnostics/runs/sfm_dataset5_sfm_2048_sift_global/logs/pipeline.log,5383,dc0416fd85d6f1476fb9cd25586f06490a56d85e4bad8f415d02e7cacd39119d
runs/sfm_dataset5_sfm_2048_sift_global_fullres_eval/diagnostics/runs/sfm_dataset5_sfm_2048_sift_global/logs/warnings.log,452,e0468726454f08baddfd5afd582624779dc61b5099dab4c1e035df63ebe01fa0
runs/sfm_dataset5_sfm_2048_sift_global_fullres_eval/diagnostics/runs/sfm_dataset5_sfm_2048_sift_global/run_status.json,701,96f1127e1fe85ce6d2177bab66ec795a7e739d9d75e90c829678817a5c17055f
runs/sfm_dataset5_sfm_2048_sift_global_fullres_eval/diagnostics/runs/sfm_dataset5_sfm_2048_sift_global/timings.json,2196,31fd38d1ae02bf656f830aca6bc188fcfcb7cc99893d03df5644f42d1db4c07b
runs/sfm_dataset5_sfm_2048_sift_global_fullres_eval/diagnostics/runs/sfm_dataset5_sfm_2048_sift_global_fullres_eval/resource_samples.csv,59428,75eb11a06486a11d1c9d98e7c17e2a3f79f7974e357b90e8c17b76ad76d535bf
runs/sfm_dataset5_sfm_2048_sift_global_fullres_eval/diagnostics/runs/sfm_dataset5_sfm_2048_sift_global_fullres_eval/resource_summary.json,151,c555694278c4e903bfc7f5ea7480514cf1450aedacf372c45796560b53527c21
runs/sfm_dataset5_sfm_2048_sift_global_fullres_eval/resource_samples.csv,59428,75eb11a06486a11d1c9d98e7c17e2a3f79f7974e357b90e8c17b76ad76d535bf
runs/sfm_dataset5_sfm_2048_sift_global_fullres_eval/sfm_dataset5_sfm_2048_sift_global_fullres_eval.exit,32,aeb7fb11bf52cbddd6345591d2fde0597587b7b1cffe51a7219f9a75902d8158
runs/sfm_dataset5_sfm_2048_sift_global_fullres_eval/worker_identity.json,470,0d696f29759fcf7279d05b5aa16727fc7727624e0348804d122366cf7054739f
runs/sfm_dataset5_sfm_2048_sift_incremental_fullres_eval/ablation_eval/jobs/sfm_dataset5_sfm_2048_sift_incremental/resource_samples.csv,126328,27f2ace21ce4eae646accd22832e78f99da44bf2445be82975988409ac02c634
runs/sfm_dataset5_sfm_2048_sift_incremental_fullres_eval/ablation_eval/manifest.csv,1469,79494a513feb98275fbc92457fe465fe525d25679dadff14b4407ed24d22a106
runs/sfm_dataset5_sfm_2048_sift_incremental_fullres_eval/ablation_eval/results_final.csv,129,6cf300cc3eaa1536de18eb4bdbeb47d3308e50e0dd2e0f8c8cbbee795a57b170
runs/sfm_dataset5_sfm_2048_sift_incremental_fullres_eval/ablation_eval/results_sfm.csv,860,02338fe6eef429bb0feffff98b7a7783cace7d855630f5721679ace6a35ba567
runs/sfm_dataset5_sfm_2048_sift_incremental_fullres_eval/ablation_eval/results_splat.csv,298,39db4462af80f9c5d63208487ac3ac84ffe996ec2010f17b931958a3ddb3a8cb
runs/sfm_dataset5_sfm_2048_sift_incremental_fullres_eval/ablation_eval/splat_eval_selection.json,188,143de258cc1a5ad6641137b7dab6c5a6593afb7a9beca5f83021c90af7684864
runs/sfm_dataset5_sfm_2048_sift_incremental_fullres_eval/diagnostics/runs/sfm_dataset5_sfm_2048_sift_incremental/logs/colmap.log,11026154,1f4f5aacb383338c81ec75655ea62aecb6af48654c8a139c9c20affc3d6293b5
runs/sfm_dataset5_sfm_2048_sift_incremental_fullres_eval/diagnostics/runs/sfm_dataset5_sfm_2048_sift_incremental/logs/pipeline.log,2655,fcae5c3c72556fe4af9b82438bd8ecb8724ea0f33aa282347acc42f56153d5ef
runs/sfm_dataset5_sfm_2048_sift_incremental_fullres_eval/diagnostics/runs/sfm_dataset5_sfm_2048_sift_incremental/logs/warnings.log,274,da3c681ff4c8b9a4c31b90b9a2c22b94d2c0d4dcc9635547993e3fd9894ac027
runs/sfm_dataset5_sfm_2048_sift_incremental_fullres_eval/diagnostics/runs/sfm_dataset5_sfm_2048_sift_incremental/run_status.json,1405,47f347b452d285001817b5832586eac6b61bf25dc484e39cc35d7a0dae082a97
runs/sfm_dataset5_sfm_2048_sift_incremental_fullres_eval/diagnostics/runs/sfm_dataset5_sfm_2048_sift_incremental/timings.json,4042,f47967f8cd5b5559f37056f59df7b3fa2fb7191c65ec4d37072f096a7fc3e238
runs/sfm_dataset5_sfm_2048_sift_incremental_fullres_eval/diagnostics/runs/sfm_dataset5_sfm_2048_sift_incremental_fullres_eval/resource_samples.csv,114616,0eda8c754a332beb6592ea415058a34c32007f5775d5fbf73f4d8aa4678f7d66
runs/sfm_dataset5_sfm_2048_sift_incremental_fullres_eval/diagnostics/runs/sfm_dataset5_sfm_2048_sift_incremental_fullres_eval/resource_summary.json,150,a602482486b9a3f8d4b6a115c21765c8a3e42041ac8fda6195dd39703affdee1
runs/sfm_dataset5_sfm_2048_sift_incremental_fullres_eval/resource_samples.csv,114616,0eda8c754a332beb6592ea415058a34c32007f5775d5fbf73f4d8aa4678f7d66
runs/sfm_dataset5_sfm_2048_sift_incremental_fullres_eval/sfm_dataset5_sfm_2048_sift_incremental_fullres_eval.exit,32,aeb7fb11bf52cbddd6345591d2fde0597587b7b1cffe51a7219f9a75902d8158
runs/sfm_dataset5_sfm_2048_sift_incremental_fullres_eval/worker_identity.json,475,89bc495cf6071d8eecd637ce6593044a11ea87ad1f3f72dbf3e3baccb638eb83
runs/sfm_dataset5_sfm_full_aliked_global_fullres_eval/ablation_eval/jobs/sfm_dataset5_sfm_full_aliked_global/resource_samples.csv,33012,6a425f69a11fceb883ff89d0325dece15d6378bb4bf94711af7f3343df720cf6
runs/sfm_dataset5_sfm_full_aliked_global_fullres_eval/ablation_eval/manifest.csv,1563,f3a1fefcb57cd6fa56332a5ec5b556bc2acd5a85732eb0de146febef5f1f9ad9
runs/sfm_dataset5_sfm_full_aliked_global_fullres_eval/ablation_eval/metrics_long.csv,16491,51214992d30e75dbb534b40529246643e150a1534e10016d206b0fb9b199def3
runs/sfm_dataset5_sfm_full_aliked_global_fullres_eval/ablation_eval/results_final.csv,129,6cf300cc3eaa1536de18eb4bdbeb47d3308e50e0dd2e0f8c8cbbee795a57b170
runs/sfm_dataset5_sfm_full_aliked_global_fullres_eval/ablation_eval/results_sfm.csv,1172,7b09e0b29b2a89767a8ac04ca70afcfdfbd2bda1effe21a59669749285aadc20
runs/sfm_dataset5_sfm_full_aliked_global_fullres_eval/ablation_eval/results_splat.csv,3737,e8c2371bd5afa36f6669b57dbdcdb3ed71e86f89c3a948f4edc739c3a33e2e6e
runs/sfm_dataset5_sfm_full_aliked_global_fullres_eval/ablation_eval/splat_eval/sfm_dataset5_sfm_full_aliked_global/p000/attempt_1/lfs_eval_config.json,1356,cb2203da5d26ff25c0d3c42eadd03120278f181cccef913e88874a417c2f1132
runs/sfm_dataset5_sfm_full_aliked_global_fullres_eval/ablation_eval/splat_eval/sfm_dataset5_sfm_full_aliked_global/p000/attempt_1/loss_history.csv,8227,b8969b488ed8b98252149810b969070a5100480fd46b16549171acff957ccb28
runs/sfm_dataset5_sfm_full_aliked_global_fullres_eval/ablation_eval/splat_eval/sfm_dataset5_sfm_full_aliked_global/p000/attempt_1/metrics.csv,417,6573bb3bff9be25cdf71f664aad4620a9033c2d5cc99861c481b8b9db6946923
runs/sfm_dataset5_sfm_full_aliked_global_fullres_eval/ablation_eval/splat_eval/sfm_dataset5_sfm_full_aliked_global/p000/attempt_1/python_metrics.json,456,f5e3c1831a6dc4269d59ef11861f7803e30bf12ac5e2dc21a5f18f1122721ed0
runs/sfm_dataset5_sfm_full_aliked_global_fullres_eval/ablation_eval/splat_eval/sfm_dataset5_sfm_full_aliked_global/p000/attempt_1/resource_samples.csv,5269,b457a7a875f703695fdd0f9bc70205cbfc92fed3e9bd1a101cd5cc9f9509c1f5
runs/sfm_dataset5_sfm_full_aliked_global_fullres_eval/ablation_eval/splat_eval/sfm_dataset5_sfm_full_aliked_global/p000/attempt_1/training_status.json,2123,b324aabbabbd8494f4da292dc36b444d9401f0d1ce629495762a594dbf40b850
runs/sfm_dataset5_sfm_full_aliked_global_fullres_eval/ablation_eval/splat_eval/sfm_dataset5_sfm_full_aliked_global/p005/attempt_1/lfs_eval_config.json,1356,cb2203da5d26ff25c0d3c42eadd03120278f181cccef913e88874a417c2f1132
runs/sfm_dataset5_sfm_full_aliked_global_fullres_eval/ablation_eval/splat_eval/sfm_dataset5_sfm_full_aliked_global/p005/attempt_1/loss_history.csv,8226,cc7e079962372b348b57ac54dd0032868f3f2c648193754b82ecc200baa0d983
runs/sfm_dataset5_sfm_full_aliked_global_fullres_eval/ablation_eval/splat_eval/sfm_dataset5_sfm_full_aliked_global/p005/attempt_1/metrics.csv,417,8cfa4350a928887213c4b4a1e8ee10f0270dda5a284bb62d5f3c2cbb980ad3ba
runs/sfm_dataset5_sfm_full_aliked_global_fullres_eval/ablation_eval/splat_eval/sfm_dataset5_sfm_full_aliked_global/p005/attempt_1/python_metrics.json,456,f5e3c1831a6dc4269d59ef11861f7803e30bf12ac5e2dc21a5f18f1122721ed0
runs/sfm_dataset5_sfm_full_aliked_global_fullres_eval/ablation_eval/splat_eval/sfm_dataset5_sfm_full_aliked_global/p005/attempt_1/resource_samples.csv,5802,b5bce70517d4766c2a0500184d5bf4f1b0a31d6e3a71814f80b0973876d76934
runs/sfm_dataset5_sfm_full_aliked_global_fullres_eval/ablation_eval/splat_eval/sfm_dataset5_sfm_full_aliked_global/p005/attempt_1/training_status.json,2119,ea01a9453b43fbf27c9974117ebda2aa91fc7e75a676a3ba8e6a129bed6b58bb
runs/sfm_dataset5_sfm_full_aliked_global_fullres_eval/ablation_eval/splat_eval/sfm_dataset5_sfm_full_aliked_global/p010/attempt_1/lfs_eval_config.json,1356,cb2203da5d26ff25c0d3c42eadd03120278f181cccef913e88874a417c2f1132
runs/sfm_dataset5_sfm_full_aliked_global_fullres_eval/ablation_eval/splat_eval/sfm_dataset5_sfm_full_aliked_global/p010/attempt_1/loss_history.csv,8232,4a4676b2b2f507f5159ed8e2dacda9512caebdf4eb1e2f72b4da22723ba9a51e
runs/sfm_dataset5_sfm_full_aliked_global_fullres_eval/ablation_eval/splat_eval/sfm_dataset5_sfm_full_aliked_global/p010/attempt_1/metrics.csv,417,46d05f0dc5c673c24cecf999de2d336f823f4ad0b33e6af57929946277f5d98a
runs/sfm_dataset5_sfm_full_aliked_global_fullres_eval/ablation_eval/splat_eval/sfm_dataset5_sfm_full_aliked_global/p010/attempt_1/python_metrics.json,456,f5e3c1831a6dc4269d59ef11861f7803e30bf12ac5e2dc21a5f18f1122721ed0
runs/sfm_dataset5_sfm_full_aliked_global_fullres_eval/ablation_eval/splat_eval/sfm_dataset5_sfm_full_aliked_global/p010/attempt_1/resource_samples.csv,5846,b0dbe8ff5a3aea79086af072d2a1e653a099e41034b4f121af1c77c81717a8d8
runs/sfm_dataset5_sfm_full_aliked_global_fullres_eval/ablation_eval/splat_eval/sfm_dataset5_sfm_full_aliked_global/p010/attempt_1/training_status.json,2121,f4997ab430b48ff7cb5ee212d01eb327ade23b8a2b5e2561930c4b7b257fffe7
runs/sfm_dataset5_sfm_full_aliked_global_fullres_eval/ablation_eval/splat_eval/sfm_dataset5_sfm_full_aliked_global/p015/attempt_1/lfs_eval_config.json,1356,cb2203da5d26ff25c0d3c42eadd03120278f181cccef913e88874a417c2f1132
runs/sfm_dataset5_sfm_full_aliked_global_fullres_eval/ablation_eval/splat_eval/sfm_dataset5_sfm_full_aliked_global/p015/attempt_1/loss_history.csv,8160,5bee60b7eeceba695fdd77a04e135a46b6ee1f26433f40f6d774578e9ccb4931
runs/sfm_dataset5_sfm_full_aliked_global_fullres_eval/ablation_eval/splat_eval/sfm_dataset5_sfm_full_aliked_global/p015/attempt_1/metrics.csv,417,1d3807a758eef4384052eb6c1e360537bb76c8276f3ea20071bd9ed400d0c942
runs/sfm_dataset5_sfm_full_aliked_global_fullres_eval/ablation_eval/splat_eval/sfm_dataset5_sfm_full_aliked_global/p015/attempt_1/python_metrics.json,456,f5e3c1831a6dc4269d59ef11861f7803e30bf12ac5e2dc21a5f18f1122721ed0
runs/sfm_dataset5_sfm_full_aliked_global_fullres_eval/ablation_eval/splat_eval/sfm_dataset5_sfm_full_aliked_global/p015/attempt_1/resource_samples.csv,3382,8a58274d86dfdd7ef9beb78ba72f1abf5b9743059099ba779a1987540377f822
runs/sfm_dataset5_sfm_full_aliked_global_fullres_eval/ablation_eval/splat_eval/sfm_dataset5_sfm_full_aliked_global/p015/attempt_1/training_status.json,2121,752054999256707838076f9050d26f55cc4bc5da73b53768b7e29a212f1d5927
runs/sfm_dataset5_sfm_full_aliked_global_fullres_eval/ablation_eval/splat_eval/sfm_dataset5_sfm_full_aliked_global/p020/attempt_1/lfs_eval_config.json,1356,cb2203da5d26ff25c0d3c42eadd03120278f181cccef913e88874a417c2f1132
runs/sfm_dataset5_sfm_full_aliked_global_fullres_eval/ablation_eval/splat_eval/sfm_dataset5_sfm_full_aliked_global/p020/attempt_1/loss_history.csv,8210,a88327548b3cd4f17f34de569db4e745276714d18574541a5cac31b761de3037
runs/sfm_dataset5_sfm_full_aliked_global_fullres_eval/ablation_eval/splat_eval/sfm_dataset5_sfm_full_aliked_global/p020/attempt_1/metrics.csv,417,77e1af6ca8722356aa60d8c8bcf8ffbad4695c8273d1c8c17d70d5687b601967
runs/sfm_dataset5_sfm_full_aliked_global_fullres_eval/ablation_eval/splat_eval/sfm_dataset5_sfm_full_aliked_global/p020/attempt_1/python_metrics.json,456,f5e3c1831a6dc4269d59ef11861f7803e30bf12ac5e2dc21a5f18f1122721ed0
runs/sfm_dataset5_sfm_full_aliked_global_fullres_eval/ablation_eval/splat_eval/sfm_dataset5_sfm_full_aliked_global/p020/attempt_1/resource_samples.csv,4790,b941e85b7f41c08eb8f6c72bb5d3fb3988db267339ce8d557a7afbb78e45da74
runs/sfm_dataset5_sfm_full_aliked_global_fullres_eval/ablation_eval/splat_eval/sfm_dataset5_sfm_full_aliked_global/p020/attempt_1/training_status.json,2121,ba660e906dfd2da55edf321c49e08739881c82350349767ea68b51efdb6bf702
runs/sfm_dataset5_sfm_full_aliked_global_fullres_eval/ablation_eval/splat_eval/sfm_dataset5_sfm_full_aliked_global/p026/attempt_1/lfs_eval_config.json,1356,cb2203da5d26ff25c0d3c42eadd03120278f181cccef913e88874a417c2f1132
runs/sfm_dataset5_sfm_full_aliked_global_fullres_eval/ablation_eval/splat_eval/sfm_dataset5_sfm_full_aliked_global/p026/attempt_1/loss_history.csv,8215,55e19f9e1171ce0ad86023f7bae06ab45f3e813e25782e73f6198f5a15d58400
runs/sfm_dataset5_sfm_full_aliked_global_fullres_eval/ablation_eval/splat_eval/sfm_dataset5_sfm_full_aliked_global/p026/attempt_1/metrics.csv,417,21f6a38828a7bf20e2d6e0c923d55572e2635082bacc5bf68f4b78ab6a424ea4
runs/sfm_dataset5_sfm_full_aliked_global_fullres_eval/ablation_eval/splat_eval/sfm_dataset5_sfm_full_aliked_global/p026/attempt_1/python_metrics.json,456,f5e3c1831a6dc4269d59ef11861f7803e30bf12ac5e2dc21a5f18f1122721ed0
runs/sfm_dataset5_sfm_full_aliked_global_fullres_eval/ablation_eval/splat_eval/sfm_dataset5_sfm_full_aliked_global/p026/attempt_1/resource_samples.csv,5186,e5e406a33b4f573a7b14c90758f71b0c977d343eefabeb618f61eec31a5ca487
runs/sfm_dataset5_sfm_full_aliked_global_fullres_eval/ablation_eval/splat_eval/sfm_dataset5_sfm_full_aliked_global/p026/attempt_1/training_status.json,2121,52d0c96551533cd6d99c38916a00e8f59e727b981547dea4710c97b99a699243
runs/sfm_dataset5_sfm_full_aliked_global_fullres_eval/ablation_eval/splat_eval/sfm_dataset5_sfm_full_aliked_global/p031/attempt_1/lfs_eval_config.json,1356,cb2203da5d26ff25c0d3c42eadd03120278f181cccef913e88874a417c2f1132
runs/sfm_dataset5_sfm_full_aliked_global_fullres_eval/ablation_eval/splat_eval/sfm_dataset5_sfm_full_aliked_global/p031/attempt_1/loss_history.csv,8223,5bb96e4b75c5b127725a90ecd1ed4d826bb2b55e370d0b2bdcae89a69e8da095
runs/sfm_dataset5_sfm_full_aliked_global_fullres_eval/ablation_eval/splat_eval/sfm_dataset5_sfm_full_aliked_global/p031/attempt_1/metrics.csv,417,370eab74309bb5a5e66b566050f682ca73d54f70f5e07f4064760883bb34f623
runs/sfm_dataset5_sfm_full_aliked_global_fullres_eval/ablation_eval/splat_eval/sfm_dataset5_sfm_full_aliked_global/p031/attempt_1/python_metrics.json,456,f5e3c1831a6dc4269d59ef11861f7803e30bf12ac5e2dc21a5f18f1122721ed0
runs/sfm_dataset5_sfm_full_aliked_global_fullres_eval/ablation_eval/splat_eval/sfm_dataset5_sfm_full_aliked_global/p031/attempt_1/resource_samples.csv,5362,3e2dcbbaa99f7ffa9608754ceb1ec3c9109da1c01382ba9de7319e0c72104ea0
runs/sfm_dataset5_sfm_full_aliked_global_fullres_eval/ablation_eval/splat_eval/sfm_dataset5_sfm_full_aliked_global/p031/attempt_1/training_status.json,2121,eb23295414381458303f7b61298c74c8361f76521454db710001958896e29190
runs/sfm_dataset5_sfm_full_aliked_global_fullres_eval/ablation_eval/splat_eval/sfm_dataset5_sfm_full_aliked_global/p036/attempt_1/lfs_eval_config.json,1356,cb2203da5d26ff25c0d3c42eadd03120278f181cccef913e88874a417c2f1132
runs/sfm_dataset5_sfm_full_aliked_global_fullres_eval/ablation_eval/splat_eval/sfm_dataset5_sfm_full_aliked_global/p036/attempt_1/loss_history.csv,8219,915395cf26ea599b7fac2aff1f3a00ca90453927ba184f43ad4d761924b02b8a
runs/sfm_dataset5_sfm_full_aliked_global_fullres_eval/ablation_eval/splat_eval/sfm_dataset5_sfm_full_aliked_global/p036/attempt_1/metrics.csv,417,77a6d6227d1e09f59b5b2611187c436442f15a37313fa85ba669d00242d06eaa
runs/sfm_dataset5_sfm_full_aliked_global_fullres_eval/ablation_eval/splat_eval/sfm_dataset5_sfm_full_aliked_global/p036/attempt_1/python_metrics.json,456,f5e3c1831a6dc4269d59ef11861f7803e30bf12ac5e2dc21a5f18f1122721ed0
runs/sfm_dataset5_sfm_full_aliked_global_fullres_eval/ablation_eval/splat_eval/sfm_dataset5_sfm_full_aliked_global/p036/attempt_1/resource_samples.csv,4350,f2665160ca7361c8de573f0a9bad23e3ba6ba2f74e83eeba672fe1f865b5f2ce
runs/sfm_dataset5_sfm_full_aliked_global_fullres_eval/ablation_eval/splat_eval/sfm_dataset5_sfm_full_aliked_global/p036/attempt_1/training_status.json,2121,f576f354420e13552018f33a5e6a3cff591c7272d6f02c528dee29389835cf41
runs/sfm_dataset5_sfm_full_aliked_global_fullres_eval/ablation_eval/splat_eval/sfm_dataset5_sfm_full_aliked_global/p041/attempt_1/lfs_eval_config.json,1356,cb2203da5d26ff25c0d3c42eadd03120278f181cccef913e88874a417c2f1132
runs/sfm_dataset5_sfm_full_aliked_global_fullres_eval/ablation_eval/splat_eval/sfm_dataset5_sfm_full_aliked_global/p041/attempt_1/loss_history.csv,8221,a1d5ff077b88ba28140140711384fa91f79fcc100cae94585af70fc084a55bb5
runs/sfm_dataset5_sfm_full_aliked_global_fullres_eval/ablation_eval/splat_eval/sfm_dataset5_sfm_full_aliked_global/p041/attempt_1/metrics.csv,417,9da3bc4eca5778a3af5ee7f5f009cb4ac5150a8ca695012ac1d3c9c5359f71ef
runs/sfm_dataset5_sfm_full_aliked_global_fullres_eval/ablation_eval/splat_eval/sfm_dataset5_sfm_full_aliked_global/p041/attempt_1/python_metrics.json,456,f5e3c1831a6dc4269d59ef11861f7803e30bf12ac5e2dc21a5f18f1122721ed0
runs/sfm_dataset5_sfm_full_aliked_global_fullres_eval/ablation_eval/splat_eval/sfm_dataset5_sfm_full_aliked_global/p041/attempt_1/resource_samples.csv,4878,057801aeebd476fc1b8b4c330ff7d0dcc6ea567171785f2c5d893cc34adcbe16
runs/sfm_dataset5_sfm_full_aliked_global_fullres_eval/ablation_eval/splat_eval/sfm_dataset5_sfm_full_aliked_global/p041/attempt_1/training_status.json,2117,89f49ac1195c04c9b34a442bf4e850262760a0802f49ab3062204f8b2d1e0c1e
runs/sfm_dataset5_sfm_full_aliked_global_fullres_eval/ablation_eval/splat_eval/sfm_dataset5_sfm_full_aliked_global/p046/attempt_1/lfs_eval_config.json,1356,cb2203da5d26ff25c0d3c42eadd03120278f181cccef913e88874a417c2f1132
runs/sfm_dataset5_sfm_full_aliked_global_fullres_eval/ablation_eval/splat_eval/sfm_dataset5_sfm_full_aliked_global/p046/attempt_1/loss_history.csv,8228,5423020075027e71a3b0890929eb57af56d763481849f840ea60ae9e786eb947
runs/sfm_dataset5_sfm_full_aliked_global_fullres_eval/ablation_eval/splat_eval/sfm_dataset5_sfm_full_aliked_global/p046/attempt_1/metrics.csv,417,69317cde9b4d82fe1ba4d0a5c94340d14624d91ca065d3ab1141eb6c008893a1
runs/sfm_dataset5_sfm_full_aliked_global_fullres_eval/ablation_eval/splat_eval/sfm_dataset5_sfm_full_aliked_global/p046/attempt_1/python_metrics.json,456,f5e3c1831a6dc4269d59ef11861f7803e30bf12ac5e2dc21a5f18f1122721ed0
runs/sfm_dataset5_sfm_full_aliked_global_fullres_eval/ablation_eval/splat_eval/sfm_dataset5_sfm_full_aliked_global/p046/attempt_1/resource_samples.csv,4658,e14d041cf9c75bf89ffd780d003804dddcd4abf609c2f7dbbb8ce7b6df311187
runs/sfm_dataset5_sfm_full_aliked_global_fullres_eval/ablation_eval/splat_eval/sfm_dataset5_sfm_full_aliked_global/p046/attempt_1/training_status.json,2121,7330c96e34e508e1801490f3e06b3b681a444582b386e00c800c9cbf7ebf12f0
runs/sfm_dataset5_sfm_full_aliked_global_fullres_eval/ablation_eval/splat_eval_selection.json,562,2bd9af14fb786843576380610228940b3a99fbf3ee3a2265604496e99dc86add
runs/sfm_dataset5_sfm_full_aliked_global_fullres_eval/diagnostics/runs/sfm_dataset5_sfm_full_aliked_global/logs/colmap.log,15701744,7f6db792440847b963a4314ec12ba94ae3d0680f1f19feea8092da0ea2d5bb4d
runs/sfm_dataset5_sfm_full_aliked_global_fullres_eval/diagnostics/runs/sfm_dataset5_sfm_full_aliked_global/logs/pipeline.log,5386,ddc19cf327da1497c30edf93ef4e360df83a4e9975c41372734c0a0905ba2f95
runs/sfm_dataset5_sfm_full_aliked_global_fullres_eval/diagnostics/runs/sfm_dataset5_sfm_full_aliked_global/logs/warnings.log,452,f40f0a41f808cb4d5e2892739bcbd29bb941c96cf3e79b47d4b36fb27de9bcf6
runs/sfm_dataset5_sfm_full_aliked_global_fullres_eval/diagnostics/runs/sfm_dataset5_sfm_full_aliked_global/run_status.json,701,45f228050b3a0b0384e625ce3f15e7ee2cb5f1cbc5c5dd71a0c9e24c31eb7680
runs/sfm_dataset5_sfm_full_aliked_global_fullres_eval/diagnostics/runs/sfm_dataset5_sfm_full_aliked_global/timings.json,2195,a831d57ad3f53c41a36c72e4126cca046fa129869ba56dd244d282a961cc4cfc
runs/sfm_dataset5_sfm_full_aliked_global_fullres_eval/diagnostics/runs/sfm_dataset5_sfm_full_aliked_global_fullres_eval/resource_samples.csv,53447,fcc41c7b21f3b1e3894bd4accd50f7d2a6e22f8088a172cd7ccb2827f04c9345
runs/sfm_dataset5_sfm_full_aliked_global_fullres_eval/diagnostics/runs/sfm_dataset5_sfm_full_aliked_global_fullres_eval/resource_summary.json,152,cd180d198060b84acb4f02f8cd38c9aa16f4df1b9ec66d3018420f8ad22393e4
runs/sfm_dataset5_sfm_full_aliked_global_fullres_eval/resource_samples.csv,53447,fcc41c7b21f3b1e3894bd4accd50f7d2a6e22f8088a172cd7ccb2827f04c9345
runs/sfm_dataset5_sfm_full_aliked_global_fullres_eval/sfm_dataset5_sfm_full_aliked_global_fullres_eval.exit,32,aeb7fb11bf52cbddd6345591d2fde0597587b7b1cffe51a7219f9a75902d8158
runs/sfm_dataset5_sfm_full_aliked_global_fullres_eval/worker_identity.json,472,2345dff0aa11804b722bd2b2c099ef950dc48bcf32d308e3ead644ac0ba22917
runs/sfm_dataset5_sfm_full_aliked_incremental_fullres_eval/ablation_eval/jobs/sfm_dataset5_sfm_full_aliked_incremental/resource_samples.csv,126671,31f11e5abb6882aed7a8efd06489a49b5e2ae8a7aabdd788735c6fa896f5f6da
runs/sfm_dataset5_sfm_full_aliked_incremental_fullres_eval/ablation_eval/manifest.csv,1626,c4a26a367463b4d7bb69294cd88d867222b2e52c73257cbd6da840a15b1aa29a
runs/sfm_dataset5_sfm_full_aliked_incremental_fullres_eval/ablation_eval/results_final.csv,129,6cf300cc3eaa1536de18eb4bdbeb47d3308e50e0dd2e0f8c8cbbee795a57b170
runs/sfm_dataset5_sfm_full_aliked_incremental_fullres_eval/ablation_eval/results_sfm.csv,865,06b8b4f68765512fc061e32d7a1b43d77afce3109b273bc9121f62a15954f6ef
runs/sfm_dataset5_sfm_full_aliked_incremental_fullres_eval/ablation_eval/results_splat.csv,298,39db4462af80f9c5d63208487ac3ac84ffe996ec2010f17b931958a3ddb3a8cb
runs/sfm_dataset5_sfm_full_aliked_incremental_fullres_eval/ablation_eval/splat_eval_selection.json,188,143de258cc1a5ad6641137b7dab6c5a6593afb7a9beca5f83021c90af7684864
runs/sfm_dataset5_sfm_full_aliked_incremental_fullres_eval/diagnostics/runs/sfm_dataset5_sfm_full_aliked_incremental/logs/colmap.log,11916056,c7670509838c77e4250c9866a79ad9f96792d36e6ebc1db68e6d2eb98d88d62e
runs/sfm_dataset5_sfm_full_aliked_incremental_fullres_eval/diagnostics/runs/sfm_dataset5_sfm_full_aliked_incremental/logs/pipeline.log,2656,8a1035e7fb171f4c096f56bc93ccdf64709129536caf7584ac6b3c785e72e2dc
runs/sfm_dataset5_sfm_full_aliked_incremental_fullres_eval/diagnostics/runs/sfm_dataset5_sfm_full_aliked_incremental/logs/warnings.log,274,2ec7b739c478438d57dce06d5c9221a6b2f17dff829c07a7ab3fa15c2ebd7174
runs/sfm_dataset5_sfm_full_aliked_incremental_fullres_eval/diagnostics/runs/sfm_dataset5_sfm_full_aliked_incremental/run_status.json,1409,e446c1f0fccb45e7be5d2da8583fc6391f9c80de794660f50d018021fbc76f1e
runs/sfm_dataset5_sfm_full_aliked_incremental_fullres_eval/diagnostics/runs/sfm_dataset5_sfm_full_aliked_incremental/timings.json,4036,9ac840b5bad6ea2a696ca0a01e3465f392d44e491ab1fc68b2f90e03eb0368f7
runs/sfm_dataset5_sfm_full_aliked_incremental_fullres_eval/diagnostics/runs/sfm_dataset5_sfm_full_aliked_incremental_fullres_eval/resource_samples.csv,115219,cffc687d0466ff844d5ed48a5f462d2fdf185d7c03ea77dc6f78260e2f15a150
runs/sfm_dataset5_sfm_full_aliked_incremental_fullres_eval/diagnostics/runs/sfm_dataset5_sfm_full_aliked_incremental_fullres_eval/resource_summary.json,151,252a3a7c86aff2d8183a7467dccbe6ae7f4b2d95c183d2e5427d075c52f44ce1
runs/sfm_dataset5_sfm_full_aliked_incremental_fullres_eval/resource_samples.csv,115219,cffc687d0466ff844d5ed48a5f462d2fdf185d7c03ea77dc6f78260e2f15a150
runs/sfm_dataset5_sfm_full_aliked_incremental_fullres_eval/sfm_dataset5_sfm_full_aliked_incremental_fullres_eval.exit,32,aeb7fb11bf52cbddd6345591d2fde0597587b7b1cffe51a7219f9a75902d8158
runs/sfm_dataset5_sfm_full_aliked_incremental_fullres_eval/worker_identity.json,477,b25a63dfb301988d29beb0438ccd06f3dd6fd5dc05e15c0385d5399e8157d05e
runs/sfm_dataset5_sfm_full_sift_global_fullres_eval/ablation_eval/jobs/sfm_dataset5_sfm_full_sift_global/resource_samples.csv,44133,33720294731e099cc954e137788f52cfa80fab57724af2b9c8c96fda2393d63b
runs/sfm_dataset5_sfm_full_sift_global_fullres_eval/ablation_eval/manifest.csv,1351,7bd2a219d7ee7ce95c26d5db9344d50fdc820abf1d19f16e1a94f3e2b5cf99ce
runs/sfm_dataset5_sfm_full_sift_global_fullres_eval/ablation_eval/metrics_long.csv,16245,d4d7191e6941c2f29dc493b0163ba6855119bf6141d2f7780c4090ca318d4810
runs/sfm_dataset5_sfm_full_sift_global_fullres_eval/ablation_eval/results_final.csv,129,6cf300cc3eaa1536de18eb4bdbeb47d3308e50e0dd2e0f8c8cbbee795a57b170
runs/sfm_dataset5_sfm_full_sift_global_fullres_eval/ablation_eval/results_sfm.csv,1163,df00cbe94784e98388d5b52c6417b61d0e0d5fd9349be164bd0a888b91c7caa9
runs/sfm_dataset5_sfm_full_sift_global_fullres_eval/ablation_eval/results_splat.csv,3697,a9b0464c0acdc41168c9890869fe29d6c49befe331e5654747d9ef0e5d614a74
runs/sfm_dataset5_sfm_full_sift_global_fullres_eval/ablation_eval/splat_eval/sfm_dataset5_sfm_full_sift_global/p000/attempt_1/lfs_eval_config.json,1356,cb2203da5d26ff25c0d3c42eadd03120278f181cccef913e88874a417c2f1132
runs/sfm_dataset5_sfm_full_sift_global_fullres_eval/ablation_eval/splat_eval/sfm_dataset5_sfm_full_sift_global/p000/attempt_1/loss_history.csv,8192,2f64fce2e441e8815e85b37e3e7d3d8a4a93ea2f61ea618614c5627982432e1e
runs/sfm_dataset5_sfm_full_sift_global_fullres_eval/ablation_eval/splat_eval/sfm_dataset5_sfm_full_sift_global/p000/attempt_1/metrics.csv,417,d1c2be76203c59cc161c816cde78262cd85dd468a044bcca1c52301eea925421
runs/sfm_dataset5_sfm_full_sift_global_fullres_eval/ablation_eval/splat_eval/sfm_dataset5_sfm_full_sift_global/p000/attempt_1/python_metrics.json,456,7e9ede9d767dc728f53b3364cab97b5f01199ece6b58a2e2789925025c8a1e88
runs/sfm_dataset5_sfm_full_sift_global_fullres_eval/ablation_eval/splat_eval/sfm_dataset5_sfm_full_sift_global/p000/attempt_1/resource_samples.csv,4298,518920c006c2ed099398898fc2b03d9aaaec97da2ca11db3c73241b7b3274365
runs/sfm_dataset5_sfm_full_sift_global_fullres_eval/ablation_eval/splat_eval/sfm_dataset5_sfm_full_sift_global/p000/attempt_1/training_status.json,2109,09c9b4caea75f1fc26f68d090ddd63e10332cc444de98b58dc1a0a12859d9399
runs/sfm_dataset5_sfm_full_sift_global_fullres_eval/ablation_eval/splat_eval/sfm_dataset5_sfm_full_sift_global/p005/attempt_1/lfs_eval_config.json,1356,cb2203da5d26ff25c0d3c42eadd03120278f181cccef913e88874a417c2f1132
runs/sfm_dataset5_sfm_full_sift_global_fullres_eval/ablation_eval/splat_eval/sfm_dataset5_sfm_full_sift_global/p005/attempt_1/loss_history.csv,8180,3a3917d87c699e64ad00cbd6c05426e2a13edcdbd76b871ccfee64e43a651164
runs/sfm_dataset5_sfm_full_sift_global_fullres_eval/ablation_eval/splat_eval/sfm_dataset5_sfm_full_sift_global/p005/attempt_1/metrics.csv,417,f9c5b064b3eb7deb601b6aa6086086eb04be5f21de217bc3722246eac9196f40
runs/sfm_dataset5_sfm_full_sift_global_fullres_eval/ablation_eval/splat_eval/sfm_dataset5_sfm_full_sift_global/p005/attempt_1/python_metrics.json,456,7e9ede9d767dc728f53b3364cab97b5f01199ece6b58a2e2789925025c8a1e88
runs/sfm_dataset5_sfm_full_sift_global_fullres_eval/ablation_eval/splat_eval/sfm_dataset5_sfm_full_sift_global/p005/attempt_1/resource_samples.csv,3646,395ae3c8f8da10eb75ef7fec65f4f0dcae50ba8c0c5f821dbefce5641ada0d9e
runs/sfm_dataset5_sfm_full_sift_global_fullres_eval/ablation_eval/splat_eval/sfm_dataset5_sfm_full_sift_global/p005/attempt_1/training_status.json,2109,52fcc89408f783d81e37781481864f5bafaf590b2d66cc0339a858861f695af2
runs/sfm_dataset5_sfm_full_sift_global_fullres_eval/ablation_eval/splat_eval/sfm_dataset5_sfm_full_sift_global/p010/attempt_1/lfs_eval_config.json,1356,cb2203da5d26ff25c0d3c42eadd03120278f181cccef913e88874a417c2f1132
runs/sfm_dataset5_sfm_full_sift_global_fullres_eval/ablation_eval/splat_eval/sfm_dataset5_sfm_full_sift_global/p010/attempt_1/loss_history.csv,8077,242a32e456d245712fbf60d41da9c990163d3a01a3e05ddd81584635ce7c89e6
runs/sfm_dataset5_sfm_full_sift_global_fullres_eval/ablation_eval/splat_eval/sfm_dataset5_sfm_full_sift_global/p010/attempt_1/metrics.csv,417,8f16da0c1ea931e4076600720dc1827a7f624128f84899ccf6ee7ed95d19bcfa
runs/sfm_dataset5_sfm_full_sift_global_fullres_eval/ablation_eval/splat_eval/sfm_dataset5_sfm_full_sift_global/p010/attempt_1/python_metrics.json,401,65c740c7ccc932391c11153b5be14a7513031b43a095876a6bca3dcdda012b1e
runs/sfm_dataset5_sfm_full_sift_global_fullres_eval/ablation_eval/splat_eval/sfm_dataset5_sfm_full_sift_global/p010/attempt_1/resource_samples.csv,3118,19651b4d64c35e26b9c22992b2614771081ff43372f28ec8b553aa20cb286a29
runs/sfm_dataset5_sfm_full_sift_global_fullres_eval/ablation_eval/splat_eval/sfm_dataset5_sfm_full_sift_global/p010/attempt_1/training_status.json,2105,ef431fe4e80eef7e529ea58d4023511b4e5bb6d4be4e2fda8e69e30e7c6798be
runs/sfm_dataset5_sfm_full_sift_global_fullres_eval/ablation_eval/splat_eval/sfm_dataset5_sfm_full_sift_global/p015/attempt_1/lfs_eval_config.json,1356,cb2203da5d26ff25c0d3c42eadd03120278f181cccef913e88874a417c2f1132
runs/sfm_dataset5_sfm_full_sift_global_fullres_eval/ablation_eval/splat_eval/sfm_dataset5_sfm_full_sift_global/p015/attempt_1/loss_history.csv,8140,82cab9e7e5fce23df5743fa997ae6243a1d822882f562050ae77d51fa40615f9
runs/sfm_dataset5_sfm_full_sift_global_fullres_eval/ablation_eval/splat_eval/sfm_dataset5_sfm_full_sift_global/p015/attempt_1/metrics.csv,417,d89d77b7884768fb6f40ea8ec536084e35a5e3b4c2bb929ba9ff860e81cbf452
runs/sfm_dataset5_sfm_full_sift_global_fullres_eval/ablation_eval/splat_eval/sfm_dataset5_sfm_full_sift_global/p015/attempt_1/python_metrics.json,401,65c740c7ccc932391c11153b5be14a7513031b43a095876a6bca3dcdda012b1e
runs/sfm_dataset5_sfm_full_sift_global_fullres_eval/ablation_eval/splat_eval/sfm_dataset5_sfm_full_sift_global/p015/attempt_1/resource_samples.csv,3074,ea14e2c7c15f6734b5158528dcbe2cb9db65ed2e60d300c3609b166a730948b4
runs/sfm_dataset5_sfm_full_sift_global_fullres_eval/ablation_eval/splat_eval/sfm_dataset5_sfm_full_sift_global/p015/attempt_1/training_status.json,2103,f6122eeaac5b3e805272ee84b29efa90617b72cdd835086026c48d4b15b14d62
runs/sfm_dataset5_sfm_full_sift_global_fullres_eval/ablation_eval/splat_eval/sfm_dataset5_sfm_full_sift_global/p020/attempt_1/lfs_eval_config.json,1356,cb2203da5d26ff25c0d3c42eadd03120278f181cccef913e88874a417c2f1132
runs/sfm_dataset5_sfm_full_sift_global_fullres_eval/ablation_eval/splat_eval/sfm_dataset5_sfm_full_sift_global/p020/attempt_1/loss_history.csv,8134,210e4bbfe3eb84e3320cc52bd48c90a193783b4b1c2e75ce4ab754fde5f68df3
runs/sfm_dataset5_sfm_full_sift_global_fullres_eval/ablation_eval/splat_eval/sfm_dataset5_sfm_full_sift_global/p020/attempt_1/metrics.csv,417,db805417eb4832802c93a3a3f84afbf7002e40d772ff94ab5e1d7ac6926e3a86
runs/sfm_dataset5_sfm_full_sift_global_fullres_eval/ablation_eval/splat_eval/sfm_dataset5_sfm_full_sift_global/p020/attempt_1/python_metrics.json,456,7e9ede9d767dc728f53b3364cab97b5f01199ece6b58a2e2789925025c8a1e88
runs/sfm_dataset5_sfm_full_sift_global_fullres_eval/ablation_eval/splat_eval/sfm_dataset5_sfm_full_sift_global/p020/attempt_1/resource_samples.csv,3338,875a4d537fe6fa4fc5d400d436b794ddde703699ed388c0bb8e500927c56c04d
runs/sfm_dataset5_sfm_full_sift_global_fullres_eval/ablation_eval/splat_eval/sfm_dataset5_sfm_full_sift_global/p020/attempt_1/training_status.json,2109,fcca6d7217d71884f03cf4aec79a40671f8cf16e0b1b43e40d38ced9423308b3
runs/sfm_dataset5_sfm_full_sift_global_fullres_eval/ablation_eval/splat_eval/sfm_dataset5_sfm_full_sift_global/p024/attempt_1/lfs_eval_config.json,1356,cb2203da5d26ff25c0d3c42eadd03120278f181cccef913e88874a417c2f1132
runs/sfm_dataset5_sfm_full_sift_global_fullres_eval/ablation_eval/splat_eval/sfm_dataset5_sfm_full_sift_global/p024/attempt_1/loss_history.csv,8161,4a6ada9ca25de18ba38f9de33a8efe9345e30e5ec6b296ec4e063160e74d9dec
runs/sfm_dataset5_sfm_full_sift_global_fullres_eval/ablation_eval/splat_eval/sfm_dataset5_sfm_full_sift_global/p024/attempt_1/metrics.csv,417,5cf1c963ef2f7f05938036831564b372e42c2bc399d73a1e069de5fe18fa9f95
runs/sfm_dataset5_sfm_full_sift_global_fullres_eval/ablation_eval/splat_eval/sfm_dataset5_sfm_full_sift_global/p024/attempt_1/python_metrics.json,456,7e9ede9d767dc728f53b3364cab97b5f01199ece6b58a2e2789925025c8a1e88
runs/sfm_dataset5_sfm_full_sift_global_fullres_eval/ablation_eval/splat_eval/sfm_dataset5_sfm_full_sift_global/p024/attempt_1/resource_samples.csv,3998,a1172d875e57c89fefaaa111a4db62060ebd28aa79d8e8b59e885ae7405dd3cc
runs/sfm_dataset5_sfm_full_sift_global_fullres_eval/ablation_eval/splat_eval/sfm_dataset5_sfm_full_sift_global/p024/attempt_1/training_status.json,2105,4e25c14a6c9e14f4c8d7d6871fb81689f195c6fde9049cf6216fd8116ebf7e35
runs/sfm_dataset5_sfm_full_sift_global_fullres_eval/ablation_eval/splat_eval/sfm_dataset5_sfm_full_sift_global/p029/attempt_1/lfs_eval_config.json,1356,cb2203da5d26ff25c0d3c42eadd03120278f181cccef913e88874a417c2f1132
runs/sfm_dataset5_sfm_full_sift_global_fullres_eval/ablation_eval/splat_eval/sfm_dataset5_sfm_full_sift_global/p029/attempt_1/loss_history.csv,8168,b944bad521e085c1637ee417df9053823ee3e19d6d97e0839ca77e6defcccc86
runs/sfm_dataset5_sfm_full_sift_global_fullres_eval/ablation_eval/splat_eval/sfm_dataset5_sfm_full_sift_global/p029/attempt_1/metrics.csv,417,c5a96dc19009ec956000113f2a79355b0cd6ac4bec53abfb3b0d316c5bdea847
runs/sfm_dataset5_sfm_full_sift_global_fullres_eval/ablation_eval/splat_eval/sfm_dataset5_sfm_full_sift_global/p029/attempt_1/python_metrics.json,456,7e9ede9d767dc728f53b3364cab97b5f01199ece6b58a2e2789925025c8a1e88
runs/sfm_dataset5_sfm_full_sift_global_fullres_eval/ablation_eval/splat_eval/sfm_dataset5_sfm_full_sift_global/p029/attempt_1/resource_samples.csv,3866,9f153415c0a9f0efb483d801333048900ee1aa7781ecf4800f1d48fd0c088f72
runs/sfm_dataset5_sfm_full_sift_global_fullres_eval/ablation_eval/splat_eval/sfm_dataset5_sfm_full_sift_global/p029/attempt_1/training_status.json,2107,415dfa51d8a9df11f9cdfb38696dc2f6297ce6842276522c804ce3f9ccf23be1
runs/sfm_dataset5_sfm_full_sift_global_fullres_eval/ablation_eval/splat_eval/sfm_dataset5_sfm_full_sift_global/p034/attempt_1/lfs_eval_config.json,1356,cb2203da5d26ff25c0d3c42eadd03120278f181cccef913e88874a417c2f1132
runs/sfm_dataset5_sfm_full_sift_global_fullres_eval/ablation_eval/splat_eval/sfm_dataset5_sfm_full_sift_global/p034/attempt_1/loss_history.csv,8198,37cfcbc0fe26ff5cece7f0f3e51d5b7038378e407990625e3381ae87680c9fce
runs/sfm_dataset5_sfm_full_sift_global_fullres_eval/ablation_eval/splat_eval/sfm_dataset5_sfm_full_sift_global/p034/attempt_1/metrics.csv,417,3c580caf0ed68169974730abf5dbfb4cb7faa8e225e157622c3bd1ed02d4914e
runs/sfm_dataset5_sfm_full_sift_global_fullres_eval/ablation_eval/splat_eval/sfm_dataset5_sfm_full_sift_global/p034/attempt_1/python_metrics.json,456,7e9ede9d767dc728f53b3364cab97b5f01199ece6b58a2e2789925025c8a1e88
runs/sfm_dataset5_sfm_full_sift_global_fullres_eval/ablation_eval/splat_eval/sfm_dataset5_sfm_full_sift_global/p034/attempt_1/resource_samples.csv,4394,bfa32592899da72838284cf804fbee935fe6ea2d92db69872652bd3de917f59a
runs/sfm_dataset5_sfm_full_sift_global_fullres_eval/ablation_eval/splat_eval/sfm_dataset5_sfm_full_sift_global/p034/attempt_1/training_status.json,2109,7712b90e420c1980f28763231e2b98ed0d4e22b8d78abfd3116309bf7cc04bb8
runs/sfm_dataset5_sfm_full_sift_global_fullres_eval/ablation_eval/splat_eval/sfm_dataset5_sfm_full_sift_global/p039/attempt_1/lfs_eval_config.json,1356,cb2203da5d26ff25c0d3c42eadd03120278f181cccef913e88874a417c2f1132
runs/sfm_dataset5_sfm_full_sift_global_fullres_eval/ablation_eval/splat_eval/sfm_dataset5_sfm_full_sift_global/p039/attempt_1/loss_history.csv,8119,20d52e2743de872b1cbd6b9df38207f48429130421379f15917d2c142eeb7fe9
runs/sfm_dataset5_sfm_full_sift_global_fullres_eval/ablation_eval/splat_eval/sfm_dataset5_sfm_full_sift_global/p039/attempt_1/metrics.csv,417,f7ac37a5390a84c95a3ae15fa72d1e862b02bac4488467e4017150f091d3246d
runs/sfm_dataset5_sfm_full_sift_global_fullres_eval/ablation_eval/splat_eval/sfm_dataset5_sfm_full_sift_global/p039/attempt_1/python_metrics.json,456,7e9ede9d767dc728f53b3364cab97b5f01199ece6b58a2e2789925025c8a1e88
runs/sfm_dataset5_sfm_full_sift_global_fullres_eval/ablation_eval/splat_eval/sfm_dataset5_sfm_full_sift_global/p039/attempt_1/resource_samples.csv,3294,e43be01f17af3cb4a4c8830a0d20e9a4a3e0ad911a2c9a9defe09a3eeff31c68
runs/sfm_dataset5_sfm_full_sift_global_fullres_eval/ablation_eval/splat_eval/sfm_dataset5_sfm_full_sift_global/p039/attempt_1/training_status.json,2105,e1f71375dcb102f989d189142b07d65ba3998461eb22ce0330559cac3b2b2167
runs/sfm_dataset5_sfm_full_sift_global_fullres_eval/ablation_eval/splat_eval/sfm_dataset5_sfm_full_sift_global/p044/attempt_1/lfs_eval_config.json,1356,cb2203da5d26ff25c0d3c42eadd03120278f181cccef913e88874a417c2f1132
runs/sfm_dataset5_sfm_full_sift_global_fullres_eval/ablation_eval/splat_eval/sfm_dataset5_sfm_full_sift_global/p044/attempt_1/loss_history.csv,8164,9b8301ee576613d1edf86fe042a48fb3ef811e968fa6c9a2662684930be54b0c
runs/sfm_dataset5_sfm_full_sift_global_fullres_eval/ablation_eval/splat_eval/sfm_dataset5_sfm_full_sift_global/p044/attempt_1/metrics.csv,417,4d4c94c6f6f7dc17d05bfc3e6964ca7681576d0b0beafcb740c4c6364bcc7803
runs/sfm_dataset5_sfm_full_sift_global_fullres_eval/ablation_eval/splat_eval/sfm_dataset5_sfm_full_sift_global/p044/attempt_1/python_metrics.json,401,407a55a8937348909bb6c9f23e91d272b24b3e93da60c9106c33b05a268bd6c2
runs/sfm_dataset5_sfm_full_sift_global_fullres_eval/ablation_eval/splat_eval/sfm_dataset5_sfm_full_sift_global/p044/attempt_1/resource_samples.csv,3426,0542ebba8869c7c01609989380dbcec8b847d17c437fd3cbb2286fed8eda91cf
runs/sfm_dataset5_sfm_full_sift_global_fullres_eval/ablation_eval/splat_eval/sfm_dataset5_sfm_full_sift_global/p044/attempt_1/training_status.json,2105,2794edabcbcb496f2ba8db0ab85467992db39701c20f237d9061b6ec0df0e34f
runs/sfm_dataset5_sfm_full_sift_global_fullres_eval/ablation_eval/splat_eval_selection.json,558,5dc75aace15e0cc816b860c75a1d8ab0772c46035c69e56a143c44968e968ad0
runs/sfm_dataset5_sfm_full_sift_global_fullres_eval/diagnostics/runs/sfm_dataset5_sfm_full_sift_global/logs/colmap.log,15373965,6273d03feddcfba955c1f378cf741731d85f168f3d9720b7d78ca5bc7f334bad
runs/sfm_dataset5_sfm_full_sift_global_fullres_eval/diagnostics/runs/sfm_dataset5_sfm_full_sift_global/logs/pipeline.log,6259,8cea68b258a0016a029c603f7e23d96e868ae2c996d380361ad6ff1121503f65
runs/sfm_dataset5_sfm_full_sift_global_fullres_eval/diagnostics/runs/sfm_dataset5_sfm_full_sift_global/logs/warnings.log,452,b26863a989bdd3dc238e40a3b0aa718d5be49f46cc3be63c005714f7beb0dc16
runs/sfm_dataset5_sfm_full_sift_global_fullres_eval/diagnostics/runs/sfm_dataset5_sfm_full_sift_global/run_status.json,701,9da13a5380c5ff4245032ec9f66c906b71cad774bae7c51f6b8a40f75a45d656
runs/sfm_dataset5_sfm_full_sift_global_fullres_eval/diagnostics/runs/sfm_dataset5_sfm_full_sift_global/timings.json,2195,f32c10fbe2f46cd26064ef5ef9eae49914c59f3ed8cc4f051a98f223f23da541
runs/sfm_dataset5_sfm_full_sift_global_fullres_eval/diagnostics/runs/sfm_dataset5_sfm_full_sift_global_fullres_eval/resource_samples.csv,58139,ad24899f1f4642d60c1a2247a44ac568268e48911a712b370c0d928daa78bd03
runs/sfm_dataset5_sfm_full_sift_global_fullres_eval/diagnostics/runs/sfm_dataset5_sfm_full_sift_global_fullres_eval/resource_summary.json,152,3ca0727907ebac24c9a313d8da0977a71962b0865618172b4965693943808be3
runs/sfm_dataset5_sfm_full_sift_global_fullres_eval/resource_samples.csv,58139,ad24899f1f4642d60c1a2247a44ac568268e48911a712b370c0d928daa78bd03
runs/sfm_dataset5_sfm_full_sift_global_fullres_eval/sfm_dataset5_sfm_full_sift_global_fullres_eval.exit,32,aeb7fb11bf52cbddd6345591d2fde0597587b7b1cffe51a7219f9a75902d8158
runs/sfm_dataset5_sfm_full_sift_global_fullres_eval/worker_identity.json,470,544fc9be31d8adcf38530d5f703a35f73f0f14d34a99f5f3b4caeb2c0f612d16
runs/sfm_dataset5_sfm_full_sift_incremental_fullres_eval/ablation_eval/jobs/sfm_dataset5_sfm_full_sift_incremental/resource_samples.csv,126117,0379d9ab9f5a07d6d6c8102d330e50ce987bcf66e4eacd24250ad73d4194c870
runs/sfm_dataset5_sfm_full_sift_incremental_fullres_eval/ablation_eval/manifest.csv,1413,ba8c0c51baad295dcd0e247d1d1d9bb6dd88b3918ded0b393756ec0e2383f634
runs/sfm_dataset5_sfm_full_sift_incremental_fullres_eval/ablation_eval/results_final.csv,129,6cf300cc3eaa1536de18eb4bdbeb47d3308e50e0dd2e0f8c8cbbee795a57b170
runs/sfm_dataset5_sfm_full_sift_incremental_fullres_eval/ablation_eval/results_sfm.csv,860,5794730bbeee452bb288b85d4e2f840f0adf2509ce05aad83d326bafef370ec7
runs/sfm_dataset5_sfm_full_sift_incremental_fullres_eval/ablation_eval/results_splat.csv,298,39db4462af80f9c5d63208487ac3ac84ffe996ec2010f17b931958a3ddb3a8cb
runs/sfm_dataset5_sfm_full_sift_incremental_fullres_eval/ablation_eval/splat_eval_selection.json,188,143de258cc1a5ad6641137b7dab6c5a6593afb7a9beca5f83021c90af7684864
runs/sfm_dataset5_sfm_full_sift_incremental_fullres_eval/diagnostics/runs/sfm_dataset5_sfm_full_sift_incremental/logs/colmap.log,11032784,19a9448b3e23fce8f73ed79f18934715bc6d4c42e40d8c87e8b21329ab9635c0
runs/sfm_dataset5_sfm_full_sift_incremental_fullres_eval/diagnostics/runs/sfm_dataset5_sfm_full_sift_incremental/logs/pipeline.log,2658,e31357c883a3462e1685a72b044627a24b004f92dcc5379981015188d7dd030f
runs/sfm_dataset5_sfm_full_sift_incremental_fullres_eval/diagnostics/runs/sfm_dataset5_sfm_full_sift_incremental/logs/warnings.log,274,8c978b56b437261667d797c0f588f14cb23980ccd713fbcb1515ec090ce6d1df
runs/sfm_dataset5_sfm_full_sift_incremental_fullres_eval/diagnostics/runs/sfm_dataset5_sfm_full_sift_incremental/run_status.json,1405,24f0426a3eaa90687adcfc70a39a377de2ed59eb1d406f6ca8cedd6b34169234
runs/sfm_dataset5_sfm_full_sift_incremental_fullres_eval/diagnostics/runs/sfm_dataset5_sfm_full_sift_incremental/timings.json,4041,fae19ab554d83a5a6a1ac1d2e484d88e7670559275b18ee1199cb7624474b00a
runs/sfm_dataset5_sfm_full_sift_incremental_fullres_eval/diagnostics/runs/sfm_dataset5_sfm_full_sift_incremental_fullres_eval/resource_samples.csv,114304,71484c54402665843fc12bbaabbeb55ef5f6c50e4cba3d857628e64ff846f690
runs/sfm_dataset5_sfm_full_sift_incremental_fullres_eval/diagnostics/runs/sfm_dataset5_sfm_full_sift_incremental_fullres_eval/resource_summary.json,150,3399163605b64eb6f33f8f95946ebe794f7fb55ebc9390aac4daddc0f7c29225
runs/sfm_dataset5_sfm_full_sift_incremental_fullres_eval/resource_samples.csv,114304,71484c54402665843fc12bbaabbeb55ef5f6c50e4cba3d857628e64ff846f690
runs/sfm_dataset5_sfm_full_sift_incremental_fullres_eval/sfm_dataset5_sfm_full_sift_incremental_fullres_eval.exit,32,aeb7fb11bf52cbddd6345591d2fde0597587b7b1cffe51a7219f9a75902d8158
runs/sfm_dataset5_sfm_full_sift_incremental_fullres_eval/worker_identity.json,475,11535238fd90d59f1c80bc7f553477128981ad7b7e0b3ca339d117f2f894cb40
runs/sfm_dataset6_sfm_1024_aliked_global_fullres_eval/ablation_eval/jobs/sfm_dataset6_sfm_1024_aliked_global/resource_samples.csv,38797,3d50b4ac2cdd367e90c8a74e58650160f8ba5c8e187d847f416b3ea6ce44163e
runs/sfm_dataset6_sfm_1024_aliked_global_fullres_eval/ablation_eval/manifest.csv,3609,ff34a272c2d47cf0aa6c4a18445ba1fcafefbc67556edda13226939060b8391e
runs/sfm_dataset6_sfm_1024_aliked_global_fullres_eval/ablation_eval/metrics_long.csv,13275,465671989d218be11bca98b709dee9a0568ee3b25efa9a83d4ef7be6e6ea1788
runs/sfm_dataset6_sfm_1024_aliked_global_fullres_eval/ablation_eval/results_final.csv,129,6cf300cc3eaa1536de18eb4bdbeb47d3308e50e0dd2e0f8c8cbbee795a57b170
runs/sfm_dataset6_sfm_1024_aliked_global_fullres_eval/ablation_eval/results_sfm.csv,1171,51c473069f4be70194d66caefbc379ad5782efbece68d8624b919c77d4a28d25
runs/sfm_dataset6_sfm_1024_aliked_global_fullres_eval/ablation_eval/results_splat.csv,3511,804b060ae0c9175c13790bfb2dbfed53d73f9bf2af4e3dcc270716fbd87d3edd
runs/sfm_dataset6_sfm_1024_aliked_global_fullres_eval/ablation_eval/splat_eval/sfm_dataset6_sfm_1024_aliked_global/p000/attempt_1/lfs_eval_config.json,1356,cb2203da5d26ff25c0d3c42eadd03120278f181cccef913e88874a417c2f1132
runs/sfm_dataset6_sfm_1024_aliked_global_fullres_eval/ablation_eval/splat_eval/sfm_dataset6_sfm_1024_aliked_global/p000/attempt_1/loss_history.csv,8204,dc8a76f5abe93e6337e753857479ba8b1e1ceb1a960792784dfc09656fa5b3ce
runs/sfm_dataset6_sfm_1024_aliked_global_fullres_eval/ablation_eval/splat_eval/sfm_dataset6_sfm_1024_aliked_global/p000/attempt_1/metrics.csv,417,63dbee92dbd30140b3e0efbf0a1b15b7a63ba11f99ad7b35918640255c090f2f
runs/sfm_dataset6_sfm_1024_aliked_global_fullres_eval/ablation_eval/splat_eval/sfm_dataset6_sfm_1024_aliked_global/p000/attempt_1/python_metrics.json,456,9af93270cc1afba2a62dae17b30fd2eabddc07c6df0861055157c9efa2d83a50
runs/sfm_dataset6_sfm_1024_aliked_global_fullres_eval/ablation_eval/splat_eval/sfm_dataset6_sfm_1024_aliked_global/p000/attempt_1/resource_samples.csv,6765,802a2024ef5792d235e5112c5c01c1f1a2cf9c1ecc301c2c42d0e81d1e283f51
runs/sfm_dataset6_sfm_1024_aliked_global_fullres_eval/ablation_eval/splat_eval/sfm_dataset6_sfm_1024_aliked_global/p000/attempt_1/training_status.json,2150,2d4bde7796f1b0e2b4b74b02d538eb9da4c4e5f4a4ccb8a1c614d2994fe0980a
runs/sfm_dataset6_sfm_1024_aliked_global_fullres_eval/ablation_eval/splat_eval/sfm_dataset6_sfm_1024_aliked_global/p006/attempt_1/lfs_eval_config.json,1356,cb2203da5d26ff25c0d3c42eadd03120278f181cccef913e88874a417c2f1132
runs/sfm_dataset6_sfm_1024_aliked_global_fullres_eval/ablation_eval/splat_eval/sfm_dataset6_sfm_1024_aliked_global/p006/attempt_1/loss_history.csv,8167,66ee61afe1f965e0ba7efebf0d150018aa2132d9052ff90ba36275a43d7581c3
runs/sfm_dataset6_sfm_1024_aliked_global_fullres_eval/ablation_eval/splat_eval/sfm_dataset6_sfm_1024_aliked_global/p006/attempt_1/metrics.csv,417,59740ca645efc343a796e78cbed33a9001af15f97c91d7b46924b1f0eeca6b17
runs/sfm_dataset6_sfm_1024_aliked_global_fullres_eval/ablation_eval/splat_eval/sfm_dataset6_sfm_1024_aliked_global/p006/attempt_1/python_metrics.json,456,9af93270cc1afba2a62dae17b30fd2eabddc07c6df0861055157c9efa2d83a50
runs/sfm_dataset6_sfm_1024_aliked_global_fullres_eval/ablation_eval/splat_eval/sfm_dataset6_sfm_1024_aliked_global/p006/attempt_1/resource_samples.csv,6374,91071c9aec35f964e24828c5abe0467f9edcf2c1ccc2866ec731ab85cbdff16b
runs/sfm_dataset6_sfm_1024_aliked_global_fullres_eval/ablation_eval/splat_eval/sfm_dataset6_sfm_1024_aliked_global/p006/attempt_1/training_status.json,2152,6e81f9157b11dc3a3ebfeec1143431e7479deb80fae5d22f46baf6e09238b6c1
runs/sfm_dataset6_sfm_1024_aliked_global_fullres_eval/ablation_eval/splat_eval/sfm_dataset6_sfm_1024_aliked_global/p012/attempt_1/lfs_eval_config.json,1356,cb2203da5d26ff25c0d3c42eadd03120278f181cccef913e88874a417c2f1132
runs/sfm_dataset6_sfm_1024_aliked_global_fullres_eval/ablation_eval/splat_eval/sfm_dataset6_sfm_1024_aliked_global/p012/attempt_1/loss_history.csv,8181,cc031fe079651e2b0af8809947949ede22380c585fcd587a502fffc4568841b3
runs/sfm_dataset6_sfm_1024_aliked_global_fullres_eval/ablation_eval/splat_eval/sfm_dataset6_sfm_1024_aliked_global/p012/attempt_1/metrics.csv,417,9e89e0eca07ae8f7a86fac1d65b53354137076c001499ef203b67af7f3848623
runs/sfm_dataset6_sfm_1024_aliked_global_fullres_eval/ablation_eval/splat_eval/sfm_dataset6_sfm_1024_aliked_global/p012/attempt_1/python_metrics.json,456,9af93270cc1afba2a62dae17b30fd2eabddc07c6df0861055157c9efa2d83a50
runs/sfm_dataset6_sfm_1024_aliked_global_fullres_eval/ablation_eval/splat_eval/sfm_dataset6_sfm_1024_aliked_global/p012/attempt_1/resource_samples.csv,5098,c84730f2180a85b18a6f6b5980b96b80e8122b367e60063463b09197f7e7468d
runs/sfm_dataset6_sfm_1024_aliked_global_fullres_eval/ablation_eval/splat_eval/sfm_dataset6_sfm_1024_aliked_global/p012/attempt_1/training_status.json,2150,bf6eda78264e78660a38d5be8f071c48c19c455b944501585a4af5482afbc22d
runs/sfm_dataset6_sfm_1024_aliked_global_fullres_eval/ablation_eval/splat_eval/sfm_dataset6_sfm_1024_aliked_global/p018/attempt_1/lfs_eval_config.json,1356,cb2203da5d26ff25c0d3c42eadd03120278f181cccef913e88874a417c2f1132
runs/sfm_dataset6_sfm_1024_aliked_global_fullres_eval/ablation_eval/splat_eval/sfm_dataset6_sfm_1024_aliked_global/p018/attempt_1/loss_history.csv,8186,20b5a9d57a51f8b18e0d8626612f08d25722d9a81bfee0dd3fd5285a6b3a6210
runs/sfm_dataset6_sfm_1024_aliked_global_fullres_eval/ablation_eval/splat_eval/sfm_dataset6_sfm_1024_aliked_global/p018/attempt_1/metrics.csv,417,97a834c31287651eab04018ccf9e281a016484d2a87ad32caaad8aa73d63467e
runs/sfm_dataset6_sfm_1024_aliked_global_fullres_eval/ablation_eval/splat_eval/sfm_dataset6_sfm_1024_aliked_global/p018/attempt_1/python_metrics.json,456,9af93270cc1afba2a62dae17b30fd2eabddc07c6df0861055157c9efa2d83a50
runs/sfm_dataset6_sfm_1024_aliked_global_fullres_eval/ablation_eval/splat_eval/sfm_dataset6_sfm_1024_aliked_global/p018/attempt_1/resource_samples.csv,6198,f44639676c35720899668e60b5c24acb1565ac749bae27971999d799b662cea4
runs/sfm_dataset6_sfm_1024_aliked_global_fullres_eval/ablation_eval/splat_eval/sfm_dataset6_sfm_1024_aliked_global/p018/attempt_1/training_status.json,2152,aa260bce3e1c1721d62ae4502014696b97ba60e68d32ca5e820feb90a6a1fff8
runs/sfm_dataset6_sfm_1024_aliked_global_fullres_eval/ablation_eval/splat_eval/sfm_dataset6_sfm_1024_aliked_global/p024/attempt_1/lfs_eval_config.json,1356,cb2203da5d26ff25c0d3c42eadd03120278f181cccef913e88874a417c2f1132
runs/sfm_dataset6_sfm_1024_aliked_global_fullres_eval/ablation_eval/splat_eval/sfm_dataset6_sfm_1024_aliked_global/p024/attempt_1/loss_history.csv,8184,262e24f64484ae7c649c59d22eb42d9c3bd25f6a2b6301e80c14c0760923e166
runs/sfm_dataset6_sfm_1024_aliked_global_fullres_eval/ablation_eval/splat_eval/sfm_dataset6_sfm_1024_aliked_global/p024/attempt_1/metrics.csv,417,bf515c4a69e7c3c7a8a1e6221d5bcddd75d63ff948bdb73c480c2b595192cbbd
runs/sfm_dataset6_sfm_1024_aliked_global_fullres_eval/ablation_eval/splat_eval/sfm_dataset6_sfm_1024_aliked_global/p024/attempt_1/python_metrics.json,456,9af93270cc1afba2a62dae17b30fd2eabddc07c6df0861055157c9efa2d83a50
runs/sfm_dataset6_sfm_1024_aliked_global_fullres_eval/ablation_eval/splat_eval/sfm_dataset6_sfm_1024_aliked_global/p024/attempt_1/resource_samples.csv,5406,0b3a26f342936ff687b2ab46a6788a7497eafc53ded66b5c77ac5571691124be
runs/sfm_dataset6_sfm_1024_aliked_global_fullres_eval/ablation_eval/splat_eval/sfm_dataset6_sfm_1024_aliked_global/p024/attempt_1/training_status.json,2150,506a392f684889eaa8046ca8e0f6c4e0f39807873ae33ec7fa13f95bd2c2373f
runs/sfm_dataset6_sfm_1024_aliked_global_fullres_eval/ablation_eval/splat_eval/sfm_dataset6_sfm_1024_aliked_global/p029/attempt_1/lfs_eval_config.json,1356,cb2203da5d26ff25c0d3c42eadd03120278f181cccef913e88874a417c2f1132
runs/sfm_dataset6_sfm_1024_aliked_global_fullres_eval/ablation_eval/splat_eval/sfm_dataset6_sfm_1024_aliked_global/p029/attempt_1/loss_history.csv,6580,c69c5aefaea9985fc05ae4d9e8827a962f144e347dc788aae4021acfb6871837
runs/sfm_dataset6_sfm_1024_aliked_global_fullres_eval/ablation_eval/splat_eval/sfm_dataset6_sfm_1024_aliked_global/p029/attempt_1/metrics.csv,173,90f0a28ec37c166eadf659a07010ed0c7d507bc650c7a53b73cb43cfc821913f
runs/sfm_dataset6_sfm_1024_aliked_global_fullres_eval/ablation_eval/splat_eval/sfm_dataset6_sfm_1024_aliked_global/p029/attempt_1/resource_samples.csv,4482,ca800fe4d5badb4bc044201c51c0699b4ee89c5254693d391d38a0dfbc4c7fb8
runs/sfm_dataset6_sfm_1024_aliked_global_fullres_eval/ablation_eval/splat_eval/sfm_dataset6_sfm_1024_aliked_global/p029/attempt_1/training_status.json,1527,5c7ef8faeaa99fda3eddb1ff39271b6c16117111b90f334a358ce30a35402451
runs/sfm_dataset6_sfm_1024_aliked_global_fullres_eval/ablation_eval/splat_eval/sfm_dataset6_sfm_1024_aliked_global/p029/attempt_2_tile_mode_2/lfs_eval_config.json,1374,13ed29bbd1f16ac7062e245d5e649f31904c48a11e0999532f30660d43eb981c
runs/sfm_dataset6_sfm_1024_aliked_global_fullres_eval/ablation_eval/splat_eval/sfm_dataset6_sfm_1024_aliked_global/p029/attempt_2_tile_mode_2/metrics.csv,49,b0870fadfbc8a0f12933b544763ce90676acd42692de75c4810b2c6bbdb8c4d3
runs/sfm_dataset6_sfm_1024_aliked_global_fullres_eval/ablation_eval/splat_eval/sfm_dataset6_sfm_1024_aliked_global/p035/attempt_1/lfs_eval_config.json,1356,cb2203da5d26ff25c0d3c42eadd03120278f181cccef913e88874a417c2f1132
runs/sfm_dataset6_sfm_1024_aliked_global_fullres_eval/ablation_eval/splat_eval/sfm_dataset6_sfm_1024_aliked_global/p035/attempt_1/loss_history.csv,8161,099d8b3ed9d9207cc43556607be046e86dabfe4d8f46452120b46cbe73579bf6
runs/sfm_dataset6_sfm_1024_aliked_global_fullres_eval/ablation_eval/splat_eval/sfm_dataset6_sfm_1024_aliked_global/p035/attempt_1/metrics.csv,417,7a2c9d6b00cb68576320cadfe368738e5016538e08203e440cd4ef58915019a5
runs/sfm_dataset6_sfm_1024_aliked_global_fullres_eval/ablation_eval/splat_eval/sfm_dataset6_sfm_1024_aliked_global/p035/attempt_1/python_metrics.json,456,9af93270cc1afba2a62dae17b30fd2eabddc07c6df0861055157c9efa2d83a50
runs/sfm_dataset6_sfm_1024_aliked_global_fullres_eval/ablation_eval/splat_eval/sfm_dataset6_sfm_1024_aliked_global/p035/attempt_1/resource_samples.csv,4834,825ec28db52f94119656c5e2fd279dc8609991ab20f9beb8013c1427d41a5112
runs/sfm_dataset6_sfm_1024_aliked_global_fullres_eval/ablation_eval/splat_eval/sfm_dataset6_sfm_1024_aliked_global/p035/attempt_1/training_status.json,2152,7429e17688d94e6e963162d7f0ae0feb38860708a5a3b34f03be8935062db5ff
runs/sfm_dataset6_sfm_1024_aliked_global_fullres_eval/ablation_eval/splat_eval/sfm_dataset6_sfm_1024_aliked_global/p041/attempt_1/lfs_eval_config.json,1356,cb2203da5d26ff25c0d3c42eadd03120278f181cccef913e88874a417c2f1132
runs/sfm_dataset6_sfm_1024_aliked_global_fullres_eval/ablation_eval/splat_eval/sfm_dataset6_sfm_1024_aliked_global/p041/attempt_1/loss_history.csv,4548,12bf30b3764f54ac7ed830877786b06777b5bc0eb5cf038933ddcc9073342ca8
runs/sfm_dataset6_sfm_1024_aliked_global_fullres_eval/ablation_eval/splat_eval/sfm_dataset6_sfm_1024_aliked_global/p041/attempt_1/metrics.csv,171,596c3be279dbff1ff210794df40457a248155a7edf45aa346b1b437e0bfdacb5
runs/sfm_dataset6_sfm_1024_aliked_global_fullres_eval/ablation_eval/splat_eval/sfm_dataset6_sfm_1024_aliked_global/p041/attempt_1/resource_samples.csv,2634,cf0a56a03e61d1670b0dffb08e65666d9082ce5fb71fe61bfa296e12853407ab
runs/sfm_dataset6_sfm_1024_aliked_global_fullres_eval/ablation_eval/splat_eval/sfm_dataset6_sfm_1024_aliked_global/p041/attempt_1/training_status.json,1524,581db039ba602d732837494f31fb8bc6c3076ba21bcc0aef61780005e1df0890
runs/sfm_dataset6_sfm_1024_aliked_global_fullres_eval/ablation_eval/splat_eval/sfm_dataset6_sfm_1024_aliked_global/p047/attempt_1/lfs_eval_config.json,1356,cb2203da5d26ff25c0d3c42eadd03120278f181cccef913e88874a417c2f1132
runs/sfm_dataset6_sfm_1024_aliked_global_fullres_eval/ablation_eval/splat_eval/sfm_dataset6_sfm_1024_aliked_global/p047/attempt_1/loss_history.csv,8161,b84bdd7ca659d0db1e4fd886fb0ed9611cd8439a28caa9dd40c6153e4a8d37ca
runs/sfm_dataset6_sfm_1024_aliked_global_fullres_eval/ablation_eval/splat_eval/sfm_dataset6_sfm_1024_aliked_global/p047/attempt_1/metrics.csv,417,15ee3d2d02eecacc58bcf35abe06e5c5d028e278311c83034b82f45f4ebf3ebf
runs/sfm_dataset6_sfm_1024_aliked_global_fullres_eval/ablation_eval/splat_eval/sfm_dataset6_sfm_1024_aliked_global/p047/attempt_1/python_metrics.json,456,9af93270cc1afba2a62dae17b30fd2eabddc07c6df0861055157c9efa2d83a50
runs/sfm_dataset6_sfm_1024_aliked_global_fullres_eval/ablation_eval/splat_eval/sfm_dataset6_sfm_1024_aliked_global/p047/attempt_1/resource_samples.csv,5934,9add28909fefa11108a45e95bc56d77591adb7ed107f3e51697501624e9073db
runs/sfm_dataset6_sfm_1024_aliked_global_fullres_eval/ablation_eval/splat_eval/sfm_dataset6_sfm_1024_aliked_global/p047/attempt_1/training_status.json,2150,bf8618f22c61c24b77776f70d6ed3cb91f1a9ed7afe27f59e8be01c001bf4598
runs/sfm_dataset6_sfm_1024_aliked_global_fullres_eval/ablation_eval/splat_eval/sfm_dataset6_sfm_1024_aliked_global/p053/attempt_1/lfs_eval_config.json,1356,cb2203da5d26ff25c0d3c42eadd03120278f181cccef913e88874a417c2f1132
runs/sfm_dataset6_sfm_1024_aliked_global_fullres_eval/ablation_eval/splat_eval/sfm_dataset6_sfm_1024_aliked_global/p053/attempt_1/loss_history.csv,7726,d090055d1c93b2548e761b4aea870e470e21d82f210589bd12c91df1d476e888
runs/sfm_dataset6_sfm_1024_aliked_global_fullres_eval/ablation_eval/splat_eval/sfm_dataset6_sfm_1024_aliked_global/p053/attempt_1/metrics.csv,417,7a3da0ad86f3fc4e4d56c31abcf2a3e8a84b1be0dd2c903563da0e44f9cdfe75
runs/sfm_dataset6_sfm_1024_aliked_global_fullres_eval/ablation_eval/splat_eval/sfm_dataset6_sfm_1024_aliked_global/p053/attempt_1/python_metrics.json,401,d08cb24d04ea8397169d6e03eb0b3e1b8e43a70b51b31e77da9b89799be3abb7
runs/sfm_dataset6_sfm_1024_aliked_global_fullres_eval/ablation_eval/splat_eval/sfm_dataset6_sfm_1024_aliked_global/p053/attempt_1/resource_samples.csv,3250,0377ef57f2a4d823b76cdf9d81a07d3462d327d785a9b83d646d18252dbeb943
runs/sfm_dataset6_sfm_1024_aliked_global_fullres_eval/ablation_eval/splat_eval/sfm_dataset6_sfm_1024_aliked_global/p053/attempt_1/training_status.json,2152,f3b38b0babcdc4d82b9ef1f320b0ca1398c03745910ac0c90059fee41198f2f2
runs/sfm_dataset6_sfm_1024_aliked_global_fullres_eval/ablation_eval/splat_eval_selection.json,562,57aae36737fad88d62ef1ca92962dd3306a33abd10dd9e1c392f86af309e1ae8
runs/sfm_dataset6_sfm_1024_aliked_global_fullres_eval/diagnostics/runs/sfm_dataset6_sfm_1024_aliked_global/logs/colmap.log,17100366,8843a2dbc2dba624eee48a4fdb6eb72ae335163717530bfcc2ecc6b49913a4dd
runs/sfm_dataset6_sfm_1024_aliked_global_fullres_eval/diagnostics/runs/sfm_dataset6_sfm_1024_aliked_global/logs/pipeline.log,5036,9f6f818e8d8b49ca629afe66cda78e489d578748ad3aeccd5ccb4322f18d6bb2
runs/sfm_dataset6_sfm_1024_aliked_global_fullres_eval/diagnostics/runs/sfm_dataset6_sfm_1024_aliked_global/logs/warnings.log,274,a76959ef3d274cf30e53d78744f40c9d9f8b046d8047eec013125f460b790f5f
runs/sfm_dataset6_sfm_1024_aliked_global_fullres_eval/diagnostics/runs/sfm_dataset6_sfm_1024_aliked_global/run_status.json,701,97a9fb68ba9e52f1d2223e782c4f4f53c195dab34d82ee51226e0fad16fff0ac
runs/sfm_dataset6_sfm_1024_aliked_global_fullres_eval/diagnostics/runs/sfm_dataset6_sfm_1024_aliked_global/timings.json,2192,5034f66ad7a32f3ae8f7d5c497379780d9c9851aa85b7e822494d5fe1d8fb1b0
runs/sfm_dataset6_sfm_1024_aliked_global_fullres_eval/diagnostics/runs/sfm_dataset6_sfm_1024_aliked_global_fullres_eval/resource_samples.csv,59177,5e0942ad9d0e5eb1f4336ad55cd1e268d88c52cf204fa22e6dcee6757bbeeb6f
runs/sfm_dataset6_sfm_1024_aliked_global_fullres_eval/diagnostics/runs/sfm_dataset6_sfm_1024_aliked_global_fullres_eval/resource_summary.json,152,ed7dd3cd247cc83ec44829ecac26a08a58eeff7bf37f3b06b41781781a642929
runs/sfm_dataset6_sfm_1024_aliked_global_fullres_eval/resource_samples.csv,59177,5e0942ad9d0e5eb1f4336ad55cd1e268d88c52cf204fa22e6dcee6757bbeeb6f
runs/sfm_dataset6_sfm_1024_aliked_global_fullres_eval/scientific_runs/sfm_dataset6_sfm_1024_aliked_global/logs/colmap.log,17100366,8843a2dbc2dba624eee48a4fdb6eb72ae335163717530bfcc2ecc6b49913a4dd
runs/sfm_dataset6_sfm_1024_aliked_global_fullres_eval/scientific_runs/sfm_dataset6_sfm_1024_aliked_global/logs/pipeline.log,5036,9f6f818e8d8b49ca629afe66cda78e489d578748ad3aeccd5ccb4322f18d6bb2
runs/sfm_dataset6_sfm_1024_aliked_global_fullres_eval/scientific_runs/sfm_dataset6_sfm_1024_aliked_global/logs/warnings.log,274,a76959ef3d274cf30e53d78744f40c9d9f8b046d8047eec013125f460b790f5f
runs/sfm_dataset6_sfm_1024_aliked_global_fullres_eval/scientific_runs/sfm_dataset6_sfm_1024_aliked_global/run_status.json,701,97a9fb68ba9e52f1d2223e782c4f4f53c195dab34d82ee51226e0fad16fff0ac
runs/sfm_dataset6_sfm_1024_aliked_global_fullres_eval/scientific_runs/sfm_dataset6_sfm_1024_aliked_global/timings.json,2192,5034f66ad7a32f3ae8f7d5c497379780d9c9851aa85b7e822494d5fe1d8fb1b0
runs/sfm_dataset6_sfm_1024_aliked_global_fullres_eval/sfm_dataset6_sfm_1024_aliked_global_fullres_eval.exit,32,3a143a66a8ade855bb757f6066cbad1bac315de7527614a5039f344e7f23cd96
runs/sfm_dataset6_sfm_1024_aliked_global_fullres_eval/worker_identity.json,725,ba6191ddea8cedacc5c08624fc7d69ec43cb4498b1d4272c6cef21d0a22fb50f
runs/sfm_dataset6_sfm_1024_aliked_incremental_fullres_eval/ablation_eval/jobs/sfm_dataset6_sfm_1024_aliked_incremental/resource_samples.csv,126357,593c78e6a3592ca71c792d07dc0d98f6441e16bab6b3a9f95d7b5d11ffcc799b
runs/sfm_dataset6_sfm_1024_aliked_incremental_fullres_eval/ablation_eval/manifest.csv,3672,79552f26e08c2bedee54b3a12170fb3b9d6a4e4d83d26b630aaedde6d76c6eb8
runs/sfm_dataset6_sfm_1024_aliked_incremental_fullres_eval/ablation_eval/results_final.csv,129,6cf300cc3eaa1536de18eb4bdbeb47d3308e50e0dd2e0f8c8cbbee795a57b170
runs/sfm_dataset6_sfm_1024_aliked_incremental_fullres_eval/ablation_eval/results_sfm.csv,864,8d16c063f62c1537a47ff515adbf977388a30de7ddffed81ff04077732f99686
runs/sfm_dataset6_sfm_1024_aliked_incremental_fullres_eval/ablation_eval/results_splat.csv,318,f30916efe05598690e40a7431dc84e59ad72810b3f48ee41c24f9e958f698e6e
runs/sfm_dataset6_sfm_1024_aliked_incremental_fullres_eval/ablation_eval/splat_eval_selection.json,188,143de258cc1a5ad6641137b7dab6c5a6593afb7a9beca5f83021c90af7684864
runs/sfm_dataset6_sfm_1024_aliked_incremental_fullres_eval/diagnostics/runs/sfm_dataset6_sfm_1024_aliked_incremental/logs/colmap.log,12506990,af0626dcf817e3df9e721ceb9cea8c8576e79798a3101322af932bcbeca2b276
runs/sfm_dataset6_sfm_1024_aliked_incremental_fullres_eval/diagnostics/runs/sfm_dataset6_sfm_1024_aliked_incremental/logs/pipeline.log,2487,651f19afe5464ac50129600a99eab5ab1d565bc9b8d5db803ebad6517d57a030
runs/sfm_dataset6_sfm_1024_aliked_incremental_fullres_eval/diagnostics/runs/sfm_dataset6_sfm_1024_aliked_incremental/logs/warnings.log,274,4f71024c16a44386a73d111a9cdc3e6df47a6feea3184ab923799452c7ff1bee
runs/sfm_dataset6_sfm_1024_aliked_incremental_fullres_eval/diagnostics/runs/sfm_dataset6_sfm_1024_aliked_incremental/run_status.json,1353,891dafeccb96d0f358ca8e89612433e7a43cb8eb5a5349c10c7fd7e033aa5510
runs/sfm_dataset6_sfm_1024_aliked_incremental_fullres_eval/diagnostics/runs/sfm_dataset6_sfm_1024_aliked_incremental/timings.json,3806,416c52a961ad8af8df92e10bae28a410afe1689aef31c5fefb62869e7b383de7
runs/sfm_dataset6_sfm_1024_aliked_incremental_fullres_eval/diagnostics/runs/sfm_dataset6_sfm_1024_aliked_incremental_fullres_eval/resource_samples.csv,114926,c83343679b8b4fcad4ef5adae6fa3d596aff68f2e2a9b4e1d411202ee2c12be3
runs/sfm_dataset6_sfm_1024_aliked_incremental_fullres_eval/diagnostics/runs/sfm_dataset6_sfm_1024_aliked_incremental_fullres_eval/resource_summary.json,150,a08a2f6776765078f7ba46395955bab96ae297705e8aea20990a7ac09bc1cd1f
runs/sfm_dataset6_sfm_1024_aliked_incremental_fullres_eval/resource_samples.csv,114926,c83343679b8b4fcad4ef5adae6fa3d596aff68f2e2a9b4e1d411202ee2c12be3
runs/sfm_dataset6_sfm_1024_aliked_incremental_fullres_eval/sfm_dataset6_sfm_1024_aliked_incremental_fullres_eval.exit,32,aeb7fb11bf52cbddd6345591d2fde0597587b7b1cffe51a7219f9a75902d8158
runs/sfm_dataset6_sfm_1024_aliked_incremental_fullres_eval/worker_identity.json,730,fbf1f0d41e0057987d780e61ba20eed3149721dc15ae55c15fc26acc87bb8964
runs/sfm_dataset6_sfm_1024_sift_global_fullres_eval/ablation_eval/jobs/sfm_dataset6_sfm_1024_sift_global/resource_samples.csv,63246,7283fa1dd883127aceaa1c340622d037c809658b69ef7caf6fae802af9b4684c
runs/sfm_dataset6_sfm_1024_sift_global_fullres_eval/ablation_eval/manifest.csv,3396,af04209ab9bb190c32a268066d2be679af381486bf2287ab6043c75e35f517e2
runs/sfm_dataset6_sfm_1024_sift_global_fullres_eval/ablation_eval/metrics_long.csv,16284,e53f5a18ea983f7cba2b961e09eb7b281a9bbfae674ab1f76a9fb0dbf62648c4
runs/sfm_dataset6_sfm_1024_sift_global_fullres_eval/ablation_eval/results_final.csv,129,6cf300cc3eaa1536de18eb4bdbeb47d3308e50e0dd2e0f8c8cbbee795a57b170
runs/sfm_dataset6_sfm_1024_sift_global_fullres_eval/ablation_eval/results_sfm.csv,1163,162782651bb3044b357ade44afcfff76cc76453f117f495e2f5f702865c9a09b
runs/sfm_dataset6_sfm_1024_sift_global_fullres_eval/ablation_eval/results_splat.csv,3721,695ac90d84bf285ba5dca35e303e25413c3c141e16a499c9bd825400f8900770
runs/sfm_dataset6_sfm_1024_sift_global_fullres_eval/ablation_eval/splat_eval/sfm_dataset6_sfm_1024_sift_global/p000/attempt_1/lfs_eval_config.json,1356,cb2203da5d26ff25c0d3c42eadd03120278f181cccef913e88874a417c2f1132
runs/sfm_dataset6_sfm_1024_sift_global_fullres_eval/ablation_eval/splat_eval/sfm_dataset6_sfm_1024_sift_global/p000/attempt_1/loss_history.csv,8233,f34c7424caa5eaac2434ecc7e0a811bb33fd833cf89ce1a1e412cbea7fff95f6
runs/sfm_dataset6_sfm_1024_sift_global_fullres_eval/ablation_eval/splat_eval/sfm_dataset6_sfm_1024_sift_global/p000/attempt_1/metrics.csv,417,5f13a164d28da28893ccea8d4f255176d3d75b8090305e814ac361d37bae2f53
runs/sfm_dataset6_sfm_1024_sift_global_fullres_eval/ablation_eval/splat_eval/sfm_dataset6_sfm_1024_sift_global/p000/attempt_1/python_metrics.json,456,034ce758422f8cede7840d7fd3c04c42e00f0021e098b480dc4c854d4a0aa735
runs/sfm_dataset6_sfm_1024_sift_global_fullres_eval/ablation_eval/splat_eval/sfm_dataset6_sfm_1024_sift_global/p000/attempt_1/resource_samples.csv,5911,4c2bdb9642da74d75cd2efdca281c4e55a087849f51f0e6602646530f484e722
runs/sfm_dataset6_sfm_1024_sift_global_fullres_eval/ablation_eval/splat_eval/sfm_dataset6_sfm_1024_sift_global/p000/attempt_1/training_status.json,2137,b0610ea40ec63c064842aeec36914ba440c595536fa729f9d73f79af2d85e913
runs/sfm_dataset6_sfm_1024_sift_global_fullres_eval/ablation_eval/splat_eval/sfm_dataset6_sfm_1024_sift_global/p006/attempt_1/lfs_eval_config.json,1356,cb2203da5d26ff25c0d3c42eadd03120278f181cccef913e88874a417c2f1132
runs/sfm_dataset6_sfm_1024_sift_global_fullres_eval/ablation_eval/splat_eval/sfm_dataset6_sfm_1024_sift_global/p006/attempt_1/loss_history.csv,8201,c52eaabae1a4b40e42168705b4449b15b6206178308ac39cde4b9f58cc6ceec4
runs/sfm_dataset6_sfm_1024_sift_global_fullres_eval/ablation_eval/splat_eval/sfm_dataset6_sfm_1024_sift_global/p006/attempt_1/metrics.csv,417,d3a5a288e386a25ca2ccc6d835570d9773ea87167e3ac833b6197a772c257a02
runs/sfm_dataset6_sfm_1024_sift_global_fullres_eval/ablation_eval/splat_eval/sfm_dataset6_sfm_1024_sift_global/p006/attempt_1/python_metrics.json,456,034ce758422f8cede7840d7fd3c04c42e00f0021e098b480dc4c854d4a0aa735
runs/sfm_dataset6_sfm_1024_sift_global_fullres_eval/ablation_eval/splat_eval/sfm_dataset6_sfm_1024_sift_global/p006/attempt_1/resource_samples.csv,5142,c051f0b115d60f782fcbf0011b5fba8d37f30ea4a5c7439b994ba6325efd09c3
runs/sfm_dataset6_sfm_1024_sift_global_fullres_eval/ablation_eval/splat_eval/sfm_dataset6_sfm_1024_sift_global/p006/attempt_1/training_status.json,2137,0091bc65de11bb9bb481bad4d847c17f6fcecadfc23c6583ce6591b5e3110c20
runs/sfm_dataset6_sfm_1024_sift_global_fullres_eval/ablation_eval/splat_eval/sfm_dataset6_sfm_1024_sift_global/p012/attempt_1/lfs_eval_config.json,1356,cb2203da5d26ff25c0d3c42eadd03120278f181cccef913e88874a417c2f1132
runs/sfm_dataset6_sfm_1024_sift_global_fullres_eval/ablation_eval/splat_eval/sfm_dataset6_sfm_1024_sift_global/p012/attempt_1/loss_history.csv,8227,97dd942edefffcda237801604b4265be7096296bbef36a9ba38c49beba35f12b
runs/sfm_dataset6_sfm_1024_sift_global_fullres_eval/ablation_eval/splat_eval/sfm_dataset6_sfm_1024_sift_global/p012/attempt_1/metrics.csv,417,ec3c7ae15897a38c0eec1d852bb2593a021c1d9f1114dbfb1ec10475d6e2f3c6
runs/sfm_dataset6_sfm_1024_sift_global_fullres_eval/ablation_eval/splat_eval/sfm_dataset6_sfm_1024_sift_global/p012/attempt_1/python_metrics.json,456,034ce758422f8cede7840d7fd3c04c42e00f0021e098b480dc4c854d4a0aa735
runs/sfm_dataset6_sfm_1024_sift_global_fullres_eval/ablation_eval/splat_eval/sfm_dataset6_sfm_1024_sift_global/p012/attempt_1/resource_samples.csv,5450,66eb42787f7a1c8e811e5a1343031f41ee1558e822510b19d94e50fbc54e62a1
runs/sfm_dataset6_sfm_1024_sift_global_fullres_eval/ablation_eval/splat_eval/sfm_dataset6_sfm_1024_sift_global/p012/attempt_1/training_status.json,2138,957aab8de1bcbbf5c92a889b45f5cca78eda2cb7e90752f525f767564b2e463e
runs/sfm_dataset6_sfm_1024_sift_global_fullres_eval/ablation_eval/splat_eval/sfm_dataset6_sfm_1024_sift_global/p017/attempt_1/lfs_eval_config.json,1356,cb2203da5d26ff25c0d3c42eadd03120278f181cccef913e88874a417c2f1132
runs/sfm_dataset6_sfm_1024_sift_global_fullres_eval/ablation_eval/splat_eval/sfm_dataset6_sfm_1024_sift_global/p017/attempt_1/loss_history.csv,8243,905914981f16a1588010f75410ed3d3ced370b03c83f6ce8f6bfd9dfc8e381ce
runs/sfm_dataset6_sfm_1024_sift_global_fullres_eval/ablation_eval/splat_eval/sfm_dataset6_sfm_1024_sift_global/p017/attempt_1/metrics.csv,417,f09085dc5d818ac41d709f9831c51663634fa0ad7e93b2d966dddb7e2f5c46cb
runs/sfm_dataset6_sfm_1024_sift_global_fullres_eval/ablation_eval/splat_eval/sfm_dataset6_sfm_1024_sift_global/p017/attempt_1/python_metrics.json,456,034ce758422f8cede7840d7fd3c04c42e00f0021e098b480dc4c854d4a0aa735
runs/sfm_dataset6_sfm_1024_sift_global_fullres_eval/ablation_eval/splat_eval/sfm_dataset6_sfm_1024_sift_global/p017/attempt_1/resource_samples.csv,6830,9dba6f664098283f0fd6cd5eb1f6be8628c361a8463dd960667cade86fda5f9a
runs/sfm_dataset6_sfm_1024_sift_global_fullres_eval/ablation_eval/splat_eval/sfm_dataset6_sfm_1024_sift_global/p017/attempt_1/training_status.json,2139,90fbea2a16e3a896b5c5e00eebe17a6ce61a1e34d7a40d599813dbd1792a624b
runs/sfm_dataset6_sfm_1024_sift_global_fullres_eval/ablation_eval/splat_eval/sfm_dataset6_sfm_1024_sift_global/p023/attempt_1/lfs_eval_config.json,1356,cb2203da5d26ff25c0d3c42eadd03120278f181cccef913e88874a417c2f1132
runs/sfm_dataset6_sfm_1024_sift_global_fullres_eval/ablation_eval/splat_eval/sfm_dataset6_sfm_1024_sift_global/p023/attempt_1/loss_history.csv,8218,78da5d53a33d9ced5b214b567c626ed817233adf29de1ff45220d5871fb5be21
runs/sfm_dataset6_sfm_1024_sift_global_fullres_eval/ablation_eval/splat_eval/sfm_dataset6_sfm_1024_sift_global/p023/attempt_1/metrics.csv,417,d52eefbd0b6468aa32a415bb5b48c18680c606603c98e9faf574a50d506eda6c
runs/sfm_dataset6_sfm_1024_sift_global_fullres_eval/ablation_eval/splat_eval/sfm_dataset6_sfm_1024_sift_global/p023/attempt_1/python_metrics.json,456,034ce758422f8cede7840d7fd3c04c42e00f0021e098b480dc4c854d4a0aa735
runs/sfm_dataset6_sfm_1024_sift_global_fullres_eval/ablation_eval/splat_eval/sfm_dataset6_sfm_1024_sift_global/p023/attempt_1/resource_samples.csv,4966,6da5f81a0b2c263aba6cc9a3c1fc079ad8421888b7ce04dcea143546bb036ad3
runs/sfm_dataset6_sfm_1024_sift_global_fullres_eval/ablation_eval/splat_eval/sfm_dataset6_sfm_1024_sift_global/p023/attempt_1/training_status.json,2135,ed8fbf13e56728e8e0dacd86c94aca70154bcf35f922febed677301f96b689b8
runs/sfm_dataset6_sfm_1024_sift_global_fullres_eval/ablation_eval/splat_eval/sfm_dataset6_sfm_1024_sift_global/p029/attempt_1/lfs_eval_config.json,1356,cb2203da5d26ff25c0d3c42eadd03120278f181cccef913e88874a417c2f1132
runs/sfm_dataset6_sfm_1024_sift_global_fullres_eval/ablation_eval/splat_eval/sfm_dataset6_sfm_1024_sift_global/p029/attempt_1/loss_history.csv,8235,c6df42b13c596c359591115fc7080e3464a0a5038afb6023cfbdd405614f1b5e
runs/sfm_dataset6_sfm_1024_sift_global_fullres_eval/ablation_eval/splat_eval/sfm_dataset6_sfm_1024_sift_global/p029/attempt_1/metrics.csv,417,64c59a48ace0e4133af39b4b134319848586fedb7fdbd958d8afa57a6ed45888
runs/sfm_dataset6_sfm_1024_sift_global_fullres_eval/ablation_eval/splat_eval/sfm_dataset6_sfm_1024_sift_global/p029/attempt_1/python_metrics.json,456,034ce758422f8cede7840d7fd3c04c42e00f0021e098b480dc4c854d4a0aa735
runs/sfm_dataset6_sfm_1024_sift_global_fullres_eval/ablation_eval/splat_eval/sfm_dataset6_sfm_1024_sift_global/p029/attempt_1/resource_samples.csv,4614,0c01a71216af2cc969b8637c5c7ee6c1e276caf3af851740b460e38b1dd7ea01
runs/sfm_dataset6_sfm_1024_sift_global_fullres_eval/ablation_eval/splat_eval/sfm_dataset6_sfm_1024_sift_global/p029/attempt_1/training_status.json,2136,50a2ab4755fce695a07cf9d42e1017f89266753e373f7451b7ed185111f92d88
runs/sfm_dataset6_sfm_1024_sift_global_fullres_eval/ablation_eval/splat_eval/sfm_dataset6_sfm_1024_sift_global/p035/attempt_1/lfs_eval_config.json,1356,cb2203da5d26ff25c0d3c42eadd03120278f181cccef913e88874a417c2f1132
runs/sfm_dataset6_sfm_1024_sift_global_fullres_eval/ablation_eval/splat_eval/sfm_dataset6_sfm_1024_sift_global/p035/attempt_1/loss_history.csv,8206,23ea087bef906f5f151186046af9d9d23fe98af90b517353596bc2c2c4957437
runs/sfm_dataset6_sfm_1024_sift_global_fullres_eval/ablation_eval/splat_eval/sfm_dataset6_sfm_1024_sift_global/p035/attempt_1/metrics.csv,417,cdb62fb3cf090ffbe81ade3fdfff10cfd125f40e77204667bc1007c89e289717
runs/sfm_dataset6_sfm_1024_sift_global_fullres_eval/ablation_eval/splat_eval/sfm_dataset6_sfm_1024_sift_global/p035/attempt_1/python_metrics.json,456,034ce758422f8cede7840d7fd3c04c42e00f0021e098b480dc4c854d4a0aa735
runs/sfm_dataset6_sfm_1024_sift_global_fullres_eval/ablation_eval/splat_eval/sfm_dataset6_sfm_1024_sift_global/p035/attempt_1/resource_samples.csv,6198,1909fd9fab6a7e2806a965df1895e01990f2e44f8aac4513178d4cc7ac356794
runs/sfm_dataset6_sfm_1024_sift_global_fullres_eval/ablation_eval/splat_eval/sfm_dataset6_sfm_1024_sift_global/p035/attempt_1/training_status.json,2132,07fe5301616e7d59913d2161ed930a821885b331116158084d57f06ecfa86a12
runs/sfm_dataset6_sfm_1024_sift_global_fullres_eval/ablation_eval/splat_eval/sfm_dataset6_sfm_1024_sift_global/p040/attempt_1/lfs_eval_config.json,1356,cb2203da5d26ff25c0d3c42eadd03120278f181cccef913e88874a417c2f1132
runs/sfm_dataset6_sfm_1024_sift_global_fullres_eval/ablation_eval/splat_eval/sfm_dataset6_sfm_1024_sift_global/p040/attempt_1/loss_history.csv,8205,cb7af7cd6202bf082412c61d1f7b8732da4d9310a973a99af91bb33de107e54c
runs/sfm_dataset6_sfm_1024_sift_global_fullres_eval/ablation_eval/splat_eval/sfm_dataset6_sfm_1024_sift_global/p040/attempt_1/metrics.csv,417,bd9c5f46ac75b2196c61f781c55afec9722e29e501032ff5e688cf27f6967a6a
runs/sfm_dataset6_sfm_1024_sift_global_fullres_eval/ablation_eval/splat_eval/sfm_dataset6_sfm_1024_sift_global/p040/attempt_1/python_metrics.json,456,034ce758422f8cede7840d7fd3c04c42e00f0021e098b480dc4c854d4a0aa735
runs/sfm_dataset6_sfm_1024_sift_global_fullres_eval/ablation_eval/splat_eval/sfm_dataset6_sfm_1024_sift_global/p040/attempt_1/resource_samples.csv,6242,819716c830273a259cb14b9b0418d43846b1ec1fd7f0216a32adc46f6dce1e8b
runs/sfm_dataset6_sfm_1024_sift_global_fullres_eval/ablation_eval/splat_eval/sfm_dataset6_sfm_1024_sift_global/p040/attempt_1/training_status.json,2138,532c761451ef429078ed99405c29bfd136e0a3738268e3ae25bc0b0f73e50241
runs/sfm_dataset6_sfm_1024_sift_global_fullres_eval/ablation_eval/splat_eval/sfm_dataset6_sfm_1024_sift_global/p046/attempt_1/lfs_eval_config.json,1356,cb2203da5d26ff25c0d3c42eadd03120278f181cccef913e88874a417c2f1132
runs/sfm_dataset6_sfm_1024_sift_global_fullres_eval/ablation_eval/splat_eval/sfm_dataset6_sfm_1024_sift_global/p046/attempt_1/loss_history.csv,8187,29cb0284bad1e9da9c29c5b6cd2622844c292399c2fe273d8b5cad665152fc8a
runs/sfm_dataset6_sfm_1024_sift_global_fullres_eval/ablation_eval/splat_eval/sfm_dataset6_sfm_1024_sift_global/p046/attempt_1/metrics.csv,417,c4c4bb6fa550f0e83e2851b738d02275e8697f538f4b9d7af0faed1a6de8d706
runs/sfm_dataset6_sfm_1024_sift_global_fullres_eval/ablation_eval/splat_eval/sfm_dataset6_sfm_1024_sift_global/p046/attempt_1/python_metrics.json,456,034ce758422f8cede7840d7fd3c04c42e00f0021e098b480dc4c854d4a0aa735
runs/sfm_dataset6_sfm_1024_sift_global_fullres_eval/ablation_eval/splat_eval/sfm_dataset6_sfm_1024_sift_global/p046/attempt_1/resource_samples.csv,5274,ebb6b274dd39812f954645c4d9cf8a3036c18954aca398b0114b5dd05de43c8d
runs/sfm_dataset6_sfm_1024_sift_global_fullres_eval/ablation_eval/splat_eval/sfm_dataset6_sfm_1024_sift_global/p046/attempt_1/training_status.json,2136,d94da1a7dc297da986a17fed9bebe98bea733086b1b20892e53c81b2cf82a015
runs/sfm_dataset6_sfm_1024_sift_global_fullres_eval/ablation_eval/splat_eval/sfm_dataset6_sfm_1024_sift_global/p052/attempt_1/lfs_eval_config.json,1356,cb2203da5d26ff25c0d3c42eadd03120278f181cccef913e88874a417c2f1132
runs/sfm_dataset6_sfm_1024_sift_global_fullres_eval/ablation_eval/splat_eval/sfm_dataset6_sfm_1024_sift_global/p052/attempt_1/loss_history.csv,8163,a44b977fa3babd7c3d3c741bea0383d5be1857389517a00be3b7e95e997fcbda
runs/sfm_dataset6_sfm_1024_sift_global_fullres_eval/ablation_eval/splat_eval/sfm_dataset6_sfm_1024_sift_global/p052/attempt_1/metrics.csv,417,8c7368e171628765ec3377d33d2a9ed6621e80a96a36b68339fd86350d7842ab
runs/sfm_dataset6_sfm_1024_sift_global_fullres_eval/ablation_eval/splat_eval/sfm_dataset6_sfm_1024_sift_global/p052/attempt_1/python_metrics.json,456,034ce758422f8cede7840d7fd3c04c42e00f0021e098b480dc4c854d4a0aa735
runs/sfm_dataset6_sfm_1024_sift_global_fullres_eval/ablation_eval/splat_eval/sfm_dataset6_sfm_1024_sift_global/p052/attempt_1/resource_samples.csv,6198,a7d69ce11f0ed6b438a488c2a9a4033ebc08e98e8f5105acaf6d728abe14cf09
runs/sfm_dataset6_sfm_1024_sift_global_fullres_eval/ablation_eval/splat_eval/sfm_dataset6_sfm_1024_sift_global/p052/attempt_1/training_status.json,2134,5c1742ce9797bf7b1ed8bf1b1d772f74a41e674abd19e6b8b365821cad882f86
runs/sfm_dataset6_sfm_1024_sift_global_fullres_eval/ablation_eval/splat_eval_selection.json,558,41e784adfe39fdf271a45f1c35b400af016b124a89540744ace65add750875e6
runs/sfm_dataset6_sfm_1024_sift_global_fullres_eval/diagnostics/runs/sfm_dataset6_sfm_1024_sift_global/logs/colmap.log,17050093,13d2c131b7d7aa072a86dc94ef09a710ee521ff84e8d963d0090e1fdbc44b565
runs/sfm_dataset6_sfm_1024_sift_global_fullres_eval/diagnostics/runs/sfm_dataset6_sfm_1024_sift_global/logs/pipeline.log,5039,67a6a8b16dd2e4f0bbe551cdb888683861a6d9483e1bd682e3f5dd82c03f6d90
runs/sfm_dataset6_sfm_1024_sift_global_fullres_eval/diagnostics/runs/sfm_dataset6_sfm_1024_sift_global/logs/warnings.log,274,ed9be12ef041e22b05a15768002002b720936bb703591570fc9c9538e5da3e7a
runs/sfm_dataset6_sfm_1024_sift_global_fullres_eval/diagnostics/runs/sfm_dataset6_sfm_1024_sift_global/run_status.json,701,f409915c35606d46fab4a468054643f897de8d0886112dd17ebc2164b83358ca
runs/sfm_dataset6_sfm_1024_sift_global_fullres_eval/diagnostics/runs/sfm_dataset6_sfm_1024_sift_global/timings.json,2195,91490935ca479cd4baa27aa4643efd1b0b6de66be7d83db756d9d2e3f611d00d
runs/sfm_dataset6_sfm_1024_sift_global_fullres_eval/diagnostics/runs/sfm_dataset6_sfm_1024_sift_global_fullres_eval/resource_samples.csv,84571,66fcfec403db4f62565ee0b08e578702a76adcccc841e7bc843fe3f92d903b7c
runs/sfm_dataset6_sfm_1024_sift_global_fullres_eval/diagnostics/runs/sfm_dataset6_sfm_1024_sift_global_fullres_eval/resource_summary.json,152,4b1e270b2354eee6347bcfa3ca94db3ae3a7fde6d5a21617e4f1d7fe8f1aeebd
runs/sfm_dataset6_sfm_1024_sift_global_fullres_eval/resource_samples.csv,84571,66fcfec403db4f62565ee0b08e578702a76adcccc841e7bc843fe3f92d903b7c
runs/sfm_dataset6_sfm_1024_sift_global_fullres_eval/scientific_runs/sfm_dataset6_sfm_1024_sift_global/logs/colmap.log,17050093,13d2c131b7d7aa072a86dc94ef09a710ee521ff84e8d963d0090e1fdbc44b565
runs/sfm_dataset6_sfm_1024_sift_global_fullres_eval/scientific_runs/sfm_dataset6_sfm_1024_sift_global/logs/pipeline.log,5039,67a6a8b16dd2e4f0bbe551cdb888683861a6d9483e1bd682e3f5dd82c03f6d90
runs/sfm_dataset6_sfm_1024_sift_global_fullres_eval/scientific_runs/sfm_dataset6_sfm_1024_sift_global/logs/warnings.log,274,ed9be12ef041e22b05a15768002002b720936bb703591570fc9c9538e5da3e7a
runs/sfm_dataset6_sfm_1024_sift_global_fullres_eval/scientific_runs/sfm_dataset6_sfm_1024_sift_global/run_status.json,701,f409915c35606d46fab4a468054643f897de8d0886112dd17ebc2164b83358ca
runs/sfm_dataset6_sfm_1024_sift_global_fullres_eval/scientific_runs/sfm_dataset6_sfm_1024_sift_global/timings.json,2195,91490935ca479cd4baa27aa4643efd1b0b6de66be7d83db756d9d2e3f611d00d
runs/sfm_dataset6_sfm_1024_sift_global_fullres_eval/sfm_dataset6_sfm_1024_sift_global_fullres_eval.exit,32,aeb7fb11bf52cbddd6345591d2fde0597587b7b1cffe51a7219f9a75902d8158
runs/sfm_dataset6_sfm_1024_sift_global_fullres_eval/worker_identity.json,723,1dc6bf617580131e19c167a37d9a0c7299ace3bfdc2607586ed5b7171388edf6
runs/sfm_dataset6_sfm_1024_sift_incremental_fullres_eval/ablation_eval/jobs/sfm_dataset6_sfm_1024_sift_incremental/resource_samples.csv,126342,5d70fde5a1e259eea57c22c59dbc1271372269755c426a8c51bd85b30d54da4d
runs/sfm_dataset6_sfm_1024_sift_incremental_fullres_eval/ablation_eval/manifest.csv,3459,d41f5c0fb06d86336d3904b21af6c3cb63a327c83836171c30a23eb439c3722f
runs/sfm_dataset6_sfm_1024_sift_incremental_fullres_eval/ablation_eval/results_final.csv,129,6cf300cc3eaa1536de18eb4bdbeb47d3308e50e0dd2e0f8c8cbbee795a57b170
runs/sfm_dataset6_sfm_1024_sift_incremental_fullres_eval/ablation_eval/results_sfm.csv,860,99891a0f402843f95888dfb1b943a52bd7ebbf339a60449bb249196f75ee51d6
runs/sfm_dataset6_sfm_1024_sift_incremental_fullres_eval/ablation_eval/results_splat.csv,318,f30916efe05598690e40a7431dc84e59ad72810b3f48ee41c24f9e958f698e6e
runs/sfm_dataset6_sfm_1024_sift_incremental_fullres_eval/ablation_eval/splat_eval_selection.json,188,143de258cc1a5ad6641137b7dab6c5a6593afb7a9beca5f83021c90af7684864
runs/sfm_dataset6_sfm_1024_sift_incremental_fullres_eval/diagnostics/runs/sfm_dataset6_sfm_1024_sift_incremental/logs/colmap.log,11443113,1f5a320f8d9f68271a23574568a5ecc28e6500759a559e02edb8b9497e45f3d6
runs/sfm_dataset6_sfm_1024_sift_incremental_fullres_eval/diagnostics/runs/sfm_dataset6_sfm_1024_sift_incremental/logs/pipeline.log,2486,128de9566d5462103dec03ad69d50da750ee092a63139a3cb6b55a9c0f91ce23
runs/sfm_dataset6_sfm_1024_sift_incremental_fullres_eval/diagnostics/runs/sfm_dataset6_sfm_1024_sift_incremental/logs/warnings.log,274,97d11bbb7f4fb298dfab7595223c322299e266eaf3f419d927d858f19dcb9d73
runs/sfm_dataset6_sfm_1024_sift_incremental_fullres_eval/diagnostics/runs/sfm_dataset6_sfm_1024_sift_incremental/run_status.json,1349,1a82a523315b8b13325b8ebb2a3e5da1d76e19da99ecb708018134023cadac7c
runs/sfm_dataset6_sfm_1024_sift_incremental_fullres_eval/diagnostics/runs/sfm_dataset6_sfm_1024_sift_incremental/timings.json,3809,9fc9014e9d1d9f60be358c81a822142113247183c70868752cec3304440f121f
runs/sfm_dataset6_sfm_1024_sift_incremental_fullres_eval/diagnostics/runs/sfm_dataset6_sfm_1024_sift_incremental_fullres_eval/resource_samples.csv,114660,fd963e6d6f8fee411211db8b17274a858a6ea3c3d218202872be8da5ec9f175e
runs/sfm_dataset6_sfm_1024_sift_incremental_fullres_eval/diagnostics/runs/sfm_dataset6_sfm_1024_sift_incremental_fullres_eval/resource_summary.json,150,954272b2087889262f4943f03435091b926315f63f4c4fbda018a128c11e01b5
runs/sfm_dataset6_sfm_1024_sift_incremental_fullres_eval/resource_samples.csv,114660,fd963e6d6f8fee411211db8b17274a858a6ea3c3d218202872be8da5ec9f175e
runs/sfm_dataset6_sfm_1024_sift_incremental_fullres_eval/sfm_dataset6_sfm_1024_sift_incremental_fullres_eval.exit,32,aeb7fb11bf52cbddd6345591d2fde0597587b7b1cffe51a7219f9a75902d8158
runs/sfm_dataset6_sfm_1024_sift_incremental_fullres_eval/worker_identity.json,728,45db57494f57f17794275bbece9182ca4269e8cea72973149a96a01626b0443a
runs/sfm_dataset6_sfm_2048_aliked_global_fullres_eval/ablation_eval/jobs/sfm_dataset6_sfm_2048_aliked_global/resource_samples.csv,55615,d653807ca8f98d49df0fe9903468685273a889fcf9419f02d532fcfde9a25232
runs/sfm_dataset6_sfm_2048_aliked_global_fullres_eval/ablation_eval/manifest.csv,3609,306abff5f04775c18efd3ac1fdec9cd99c2c82727430c950772814869456414f
runs/sfm_dataset6_sfm_2048_aliked_global_fullres_eval/ablation_eval/metrics_long.csv,14900,7bbfa361b7b4a6fe9888ef423c6b874c8bdb0ed1a18a555e5f515279cf93112f
runs/sfm_dataset6_sfm_2048_aliked_global_fullres_eval/ablation_eval/results_final.csv,129,6cf300cc3eaa1536de18eb4bdbeb47d3308e50e0dd2e0f8c8cbbee795a57b170
runs/sfm_dataset6_sfm_2048_aliked_global_fullres_eval/ablation_eval/results_sfm.csv,1172,164b162c1001fcedbc3404f65e3ecfdadfe14c39c5de5f58a3f439807e8e33a2
runs/sfm_dataset6_sfm_2048_aliked_global_fullres_eval/ablation_eval/results_splat.csv,3641,9ab8090058ee88452f6843d79dfe4df20fb26fdd178bfa5365f876a643c4b700
runs/sfm_dataset6_sfm_2048_aliked_global_fullres_eval/ablation_eval/splat_eval/sfm_dataset6_sfm_2048_aliked_global/p000/attempt_1/lfs_eval_config.json,1356,cb2203da5d26ff25c0d3c42eadd03120278f181cccef913e88874a417c2f1132
runs/sfm_dataset6_sfm_2048_aliked_global_fullres_eval/ablation_eval/splat_eval/sfm_dataset6_sfm_2048_aliked_global/p000/attempt_1/loss_history.csv,7750,84f1de84f65dfc67c4ada07dc6639695ca1adec7e5fd13bfa3a50389817973e9
runs/sfm_dataset6_sfm_2048_aliked_global_fullres_eval/ablation_eval/splat_eval/sfm_dataset6_sfm_2048_aliked_global/p000/attempt_1/metrics.csv,417,3276430e91cd602a8d4689e7d49f1539ed9d7f499a55a69fe5583cc9e4c37eee
runs/sfm_dataset6_sfm_2048_aliked_global_fullres_eval/ablation_eval/splat_eval/sfm_dataset6_sfm_2048_aliked_global/p000/attempt_1/python_metrics.json,401,c12dd65c50fb04762cbe11d34575671a26e2825906034c202cb1cb36e5914b64
runs/sfm_dataset6_sfm_2048_aliked_global_fullres_eval/ablation_eval/splat_eval/sfm_dataset6_sfm_2048_aliked_global/p000/attempt_1/resource_samples.csv,4169,9c45c3a7f7e153737009212f964bd422e84ab6e892ec7ebd296ed301a5126bf2
runs/sfm_dataset6_sfm_2048_aliked_global_fullres_eval/ablation_eval/splat_eval/sfm_dataset6_sfm_2048_aliked_global/p000/attempt_1/training_status.json,2152,70cb6805308bcb3796f8ea738e52bb0eca1b17f90239632d2c6877bd031c086b
runs/sfm_dataset6_sfm_2048_aliked_global_fullres_eval/ablation_eval/splat_eval/sfm_dataset6_sfm_2048_aliked_global/p006/attempt_1/lfs_eval_config.json,1356,cb2203da5d26ff25c0d3c42eadd03120278f181cccef913e88874a417c2f1132
runs/sfm_dataset6_sfm_2048_aliked_global_fullres_eval/ablation_eval/splat_eval/sfm_dataset6_sfm_2048_aliked_global/p006/attempt_1/loss_history.csv,8099,33fd47f82a8d258c483aa0d2be535315adeaba5a055dbfadeb3e95514e29331c
runs/sfm_dataset6_sfm_2048_aliked_global_fullres_eval/ablation_eval/splat_eval/sfm_dataset6_sfm_2048_aliked_global/p006/attempt_1/metrics.csv,417,e370f6cba81db9aada6b64919e50026494360f6f62f863ace48985a26302df63
runs/sfm_dataset6_sfm_2048_aliked_global_fullres_eval/ablation_eval/splat_eval/sfm_dataset6_sfm_2048_aliked_global/p006/attempt_1/python_metrics.json,401,c12dd65c50fb04762cbe11d34575671a26e2825906034c202cb1cb36e5914b64
runs/sfm_dataset6_sfm_2048_aliked_global_fullres_eval/ablation_eval/splat_eval/sfm_dataset6_sfm_2048_aliked_global/p006/attempt_1/resource_samples.csv,5407,e2d7dd5f0aff516aa0621faa9e0d5e49a5c3ae372a256be0c810b043395e9bb8
runs/sfm_dataset6_sfm_2048_aliked_global_fullres_eval/ablation_eval/splat_eval/sfm_dataset6_sfm_2048_aliked_global/p006/attempt_1/training_status.json,2152,f4cbf751657b784f5c2e39c9ab9e45bf7f85bd8d7e5bb63189fa73658e167f89
runs/sfm_dataset6_sfm_2048_aliked_global_fullres_eval/ablation_eval/splat_eval/sfm_dataset6_sfm_2048_aliked_global/p012/attempt_1/lfs_eval_config.json,1356,cb2203da5d26ff25c0d3c42eadd03120278f181cccef913e88874a417c2f1132
runs/sfm_dataset6_sfm_2048_aliked_global_fullres_eval/ablation_eval/splat_eval/sfm_dataset6_sfm_2048_aliked_global/p012/attempt_1/loss_history.csv,8202,f01da197984f1e5a175065207d72c5b17fc1f881fa5389c58549288ffa0b256d
runs/sfm_dataset6_sfm_2048_aliked_global_fullres_eval/ablation_eval/splat_eval/sfm_dataset6_sfm_2048_aliked_global/p012/attempt_1/metrics.csv,417,7bc630bc530906b2d654d0b0c30126e78047917620d5fc4de4426149dad6fbe9
runs/sfm_dataset6_sfm_2048_aliked_global_fullres_eval/ablation_eval/splat_eval/sfm_dataset6_sfm_2048_aliked_global/p012/attempt_1/python_metrics.json,456,6c8e811e41c7b2de52e4e3e74a9bfb19cee7fb321c8ea879bf951910827bdc00
runs/sfm_dataset6_sfm_2048_aliked_global_fullres_eval/ablation_eval/splat_eval/sfm_dataset6_sfm_2048_aliked_global/p012/attempt_1/resource_samples.csv,5494,99dc85778a6a7d6a756fd2cd69fae5babe5e9785dcf3639421dd3b0dca5e47c6
runs/sfm_dataset6_sfm_2048_aliked_global_fullres_eval/ablation_eval/splat_eval/sfm_dataset6_sfm_2048_aliked_global/p012/attempt_1/training_status.json,2151,cc396b9c03bb2905cd4b9c4ad0fda70edba83f8fd2971bbaa6f97ccd188d73ae
runs/sfm_dataset6_sfm_2048_aliked_global_fullres_eval/ablation_eval/splat_eval/sfm_dataset6_sfm_2048_aliked_global/p018/attempt_1/lfs_eval_config.json,1356,cb2203da5d26ff25c0d3c42eadd03120278f181cccef913e88874a417c2f1132
runs/sfm_dataset6_sfm_2048_aliked_global_fullres_eval/ablation_eval/splat_eval/sfm_dataset6_sfm_2048_aliked_global/p018/attempt_1/loss_history.csv,8206,3863709f1e59a548bc0fb188444d1eb24edeca1990ce8fb15dfd4ec6f74493dd
runs/sfm_dataset6_sfm_2048_aliked_global_fullres_eval/ablation_eval/splat_eval/sfm_dataset6_sfm_2048_aliked_global/p018/attempt_1/metrics.csv,417,33b3bf7b6e634e8fd5b283433ba04aac950029c4485d230b2ccd62145587c0e5
runs/sfm_dataset6_sfm_2048_aliked_global_fullres_eval/ablation_eval/splat_eval/sfm_dataset6_sfm_2048_aliked_global/p018/attempt_1/python_metrics.json,456,6c8e811e41c7b2de52e4e3e74a9bfb19cee7fb321c8ea879bf951910827bdc00
runs/sfm_dataset6_sfm_2048_aliked_global_fullres_eval/ablation_eval/splat_eval/sfm_dataset6_sfm_2048_aliked_global/p018/attempt_1/resource_samples.csv,5406,10d3f844fcbf62faa35504dee8517f52ed1b6f2cc2f5d71d838418ea47e1d2bf
runs/sfm_dataset6_sfm_2048_aliked_global_fullres_eval/ablation_eval/splat_eval/sfm_dataset6_sfm_2048_aliked_global/p018/attempt_1/training_status.json,2154,913417a222ca5b09547eb68871eeafbb21bb1d9c21687e642ea17f3fbb6eaa5c
runs/sfm_dataset6_sfm_2048_aliked_global_fullres_eval/ablation_eval/splat_eval/sfm_dataset6_sfm_2048_aliked_global/p024/attempt_1/lfs_eval_config.json,1356,cb2203da5d26ff25c0d3c42eadd03120278f181cccef913e88874a417c2f1132
runs/sfm_dataset6_sfm_2048_aliked_global_fullres_eval/ablation_eval/splat_eval/sfm_dataset6_sfm_2048_aliked_global/p024/attempt_1/loss_history.csv,8233,55ae06c5d10a707fa406f09610968d5ee890642bd9da80d2f10710786e116975
runs/sfm_dataset6_sfm_2048_aliked_global_fullres_eval/ablation_eval/splat_eval/sfm_dataset6_sfm_2048_aliked_global/p024/attempt_1/metrics.csv,417,312c63c01198fa8d5ed83b37dd164c1e885dff5f986bcb9f213d074b9bf9f6ee
runs/sfm_dataset6_sfm_2048_aliked_global_fullres_eval/ablation_eval/splat_eval/sfm_dataset6_sfm_2048_aliked_global/p024/attempt_1/python_metrics.json,456,6c8e811e41c7b2de52e4e3e74a9bfb19cee7fb321c8ea879bf951910827bdc00
runs/sfm_dataset6_sfm_2048_aliked_global_fullres_eval/ablation_eval/splat_eval/sfm_dataset6_sfm_2048_aliked_global/p024/attempt_1/resource_samples.csv,6683,6abcb5b555fc29fcf832d9f0ffb737b986b27df555ec2c15f72d1e53c1fdeaa6
runs/sfm_dataset6_sfm_2048_aliked_global_fullres_eval/ablation_eval/splat_eval/sfm_dataset6_sfm_2048_aliked_global/p024/attempt_1/training_status.json,2149,42f2fb023304e63ff4d4c6cc8886b1841693fa03dfb4e43c3c9a0dd74f89e0f9
runs/sfm_dataset6_sfm_2048_aliked_global_fullres_eval/ablation_eval/splat_eval/sfm_dataset6_sfm_2048_aliked_global/p029/attempt_1/lfs_eval_config.json,1356,cb2203da5d26ff25c0d3c42eadd03120278f181cccef913e88874a417c2f1132
runs/sfm_dataset6_sfm_2048_aliked_global_fullres_eval/ablation_eval/splat_eval/sfm_dataset6_sfm_2048_aliked_global/p029/attempt_1/loss_history.csv,3899,d91e400c93ccca9241e80bc47d440b58de1091e3a1b573f6bd1693bcbc094206
runs/sfm_dataset6_sfm_2048_aliked_global_fullres_eval/ablation_eval/splat_eval/sfm_dataset6_sfm_2048_aliked_global/p029/attempt_1/metrics.csv,132,311ff1e31d8053b0db3d23fb985b56ee2effb52b7553e097593ba470432dd403
runs/sfm_dataset6_sfm_2048_aliked_global_fullres_eval/ablation_eval/splat_eval/sfm_dataset6_sfm_2048_aliked_global/p029/attempt_1/resource_samples.csv,2459,070b88ee41b8430a52b62662a2b5c55e157cf6d46dd41135591a3406f4234f16
runs/sfm_dataset6_sfm_2048_aliked_global_fullres_eval/ablation_eval/splat_eval/sfm_dataset6_sfm_2048_aliked_global/p029/attempt_1/training_status.json,1525,2e6a7e7754303b4728ad9f65927ab5b0fe9283fad75766a1736075d2c8f383b6
runs/sfm_dataset6_sfm_2048_aliked_global_fullres_eval/ablation_eval/splat_eval/sfm_dataset6_sfm_2048_aliked_global/p035/attempt_1/lfs_eval_config.json,1356,cb2203da5d26ff25c0d3c42eadd03120278f181cccef913e88874a417c2f1132
runs/sfm_dataset6_sfm_2048_aliked_global_fullres_eval/ablation_eval/splat_eval/sfm_dataset6_sfm_2048_aliked_global/p035/attempt_1/loss_history.csv,8224,be08abce2ee44db7f5612d1cc5db0c875f8fe38f9c3cf9ba11fbb4c38322aa2d
runs/sfm_dataset6_sfm_2048_aliked_global_fullres_eval/ablation_eval/splat_eval/sfm_dataset6_sfm_2048_aliked_global/p035/attempt_1/metrics.csv,417,c6d6f2cc40ecde807e557def838de14145b2a95edb8b1b98875bc57a1fdb6670
runs/sfm_dataset6_sfm_2048_aliked_global_fullres_eval/ablation_eval/splat_eval/sfm_dataset6_sfm_2048_aliked_global/p035/attempt_1/python_metrics.json,456,6c8e811e41c7b2de52e4e3e74a9bfb19cee7fb321c8ea879bf951910827bdc00
runs/sfm_dataset6_sfm_2048_aliked_global_fullres_eval/ablation_eval/splat_eval/sfm_dataset6_sfm_2048_aliked_global/p035/attempt_1/resource_samples.csv,5758,c812c390cfbfe653563f62593f843fa944c2766f18e7560603eef6b963d354bb
runs/sfm_dataset6_sfm_2048_aliked_global_fullres_eval/ablation_eval/splat_eval/sfm_dataset6_sfm_2048_aliked_global/p035/attempt_1/training_status.json,2152,c093155636e171ce47280a452bcbd82b75745e6c1ede8ac8d3e7085395d60e48
runs/sfm_dataset6_sfm_2048_aliked_global_fullres_eval/ablation_eval/splat_eval/sfm_dataset6_sfm_2048_aliked_global/p041/attempt_1/lfs_eval_config.json,1356,cb2203da5d26ff25c0d3c42eadd03120278f181cccef913e88874a417c2f1132
runs/sfm_dataset6_sfm_2048_aliked_global_fullres_eval/ablation_eval/splat_eval/sfm_dataset6_sfm_2048_aliked_global/p041/attempt_1/loss_history.csv,8234,8cbf12399a0a6a94c9aa5ca6f90a6b309db54c3d5d7e23f2cb60fbfe8beb5fdb
runs/sfm_dataset6_sfm_2048_aliked_global_fullres_eval/ablation_eval/splat_eval/sfm_dataset6_sfm_2048_aliked_global/p041/attempt_1/metrics.csv,417,0985a5294471a081c5f25642efcdfb13d29a72b578f0d4e43dc216de5035e5a2
runs/sfm_dataset6_sfm_2048_aliked_global_fullres_eval/ablation_eval/splat_eval/sfm_dataset6_sfm_2048_aliked_global/p041/attempt_1/python_metrics.json,456,6c8e811e41c7b2de52e4e3e74a9bfb19cee7fb321c8ea879bf951910827bdc00
runs/sfm_dataset6_sfm_2048_aliked_global_fullres_eval/ablation_eval/splat_eval/sfm_dataset6_sfm_2048_aliked_global/p041/attempt_1/resource_samples.csv,5362,d01c61c7d1223dd8fe74f859b8eae977a96a96cd90640d6c6dbc4b0cff00a657
runs/sfm_dataset6_sfm_2048_aliked_global_fullres_eval/ablation_eval/splat_eval/sfm_dataset6_sfm_2048_aliked_global/p041/attempt_1/training_status.json,2152,fac9e463f284ce86a7d13a06fec31bc06c61f97f4cd414ad9f4a78cf6bfab612
runs/sfm_dataset6_sfm_2048_aliked_global_fullres_eval/ablation_eval/splat_eval/sfm_dataset6_sfm_2048_aliked_global/p047/attempt_1/lfs_eval_config.json,1356,cb2203da5d26ff25c0d3c42eadd03120278f181cccef913e88874a417c2f1132
runs/sfm_dataset6_sfm_2048_aliked_global_fullres_eval/ablation_eval/splat_eval/sfm_dataset6_sfm_2048_aliked_global/p047/attempt_1/loss_history.csv,8227,0e7e4a190b4309ab6b0cb1e3081057def566dae7578620890dfbd318d3f5c114
runs/sfm_dataset6_sfm_2048_aliked_global_fullres_eval/ablation_eval/splat_eval/sfm_dataset6_sfm_2048_aliked_global/p047/attempt_1/metrics.csv,417,600cc0b9974bf5ccfb9284208145ff67ae2e8df986adf34a1e2a2e99991c889f
runs/sfm_dataset6_sfm_2048_aliked_global_fullres_eval/ablation_eval/splat_eval/sfm_dataset6_sfm_2048_aliked_global/p047/attempt_1/python_metrics.json,456,6c8e811e41c7b2de52e4e3e74a9bfb19cee7fb321c8ea879bf951910827bdc00
runs/sfm_dataset6_sfm_2048_aliked_global_fullres_eval/ablation_eval/splat_eval/sfm_dataset6_sfm_2048_aliked_global/p047/attempt_1/resource_samples.csv,6727,e44c99d574a6444858d4087a2e593a268b8a472f09a4059b2941150756860c93
runs/sfm_dataset6_sfm_2048_aliked_global_fullres_eval/ablation_eval/splat_eval/sfm_dataset6_sfm_2048_aliked_global/p047/attempt_1/training_status.json,2151,1c9afe49613823b782adcd1153f6a0f4486692b6cb32509d83d94dd4cb12034f
runs/sfm_dataset6_sfm_2048_aliked_global_fullres_eval/ablation_eval/splat_eval/sfm_dataset6_sfm_2048_aliked_global/p053/attempt_1/lfs_eval_config.json,1356,cb2203da5d26ff25c0d3c42eadd03120278f181cccef913e88874a417c2f1132
runs/sfm_dataset6_sfm_2048_aliked_global_fullres_eval/ablation_eval/splat_eval/sfm_dataset6_sfm_2048_aliked_global/p053/attempt_1/loss_history.csv,8237,bb698dde44fbd8af7dcdf75b98a05449d4f441ad0596be0153484f326fdafde8
runs/sfm_dataset6_sfm_2048_aliked_global_fullres_eval/ablation_eval/splat_eval/sfm_dataset6_sfm_2048_aliked_global/p053/attempt_1/metrics.csv,417,6fed72a8abb391fecd3e1a1f5e3595dc1e15efc2ae6ea89de33c957a6b7e767b
runs/sfm_dataset6_sfm_2048_aliked_global_fullres_eval/ablation_eval/splat_eval/sfm_dataset6_sfm_2048_aliked_global/p053/attempt_1/python_metrics.json,456,6c8e811e41c7b2de52e4e3e74a9bfb19cee7fb321c8ea879bf951910827bdc00
runs/sfm_dataset6_sfm_2048_aliked_global_fullres_eval/ablation_eval/splat_eval/sfm_dataset6_sfm_2048_aliked_global/p053/attempt_1/resource_samples.csv,5230,42acffe826db380987199296621598beca8af722638f4ea4a1acdad8b33933a0
runs/sfm_dataset6_sfm_2048_aliked_global_fullres_eval/ablation_eval/splat_eval/sfm_dataset6_sfm_2048_aliked_global/p053/attempt_1/training_status.json,2150,beaa40c7a225b602d013d1a453b3b247af28c4f2989be0da4f0edd0959ec825e
runs/sfm_dataset6_sfm_2048_aliked_global_fullres_eval/ablation_eval/splat_eval_selection.json,562,5926e9637bda4631cf918494ab0386f01ca2783b4078acf5a06db96664580cc2
runs/sfm_dataset6_sfm_2048_aliked_global_fullres_eval/diagnostics/runs/sfm_dataset6_sfm_2048_aliked_global/logs/colmap.log,17180832,c43e8e614a83895e1782f2f1e6f06e049a41cef131830f9fde6e89b06ed41438
runs/sfm_dataset6_sfm_2048_aliked_global_fullres_eval/diagnostics/runs/sfm_dataset6_sfm_2048_aliked_global/logs/pipeline.log,5043,28de3ee4302af5372398d9a1b69f611c0511e6d39684b58484b477daa16d5a1a
runs/sfm_dataset6_sfm_2048_aliked_global_fullres_eval/diagnostics/runs/sfm_dataset6_sfm_2048_aliked_global/logs/warnings.log,274,27c57ce63cca29f89b7cb8f1ba05c53b0724926617844c38c4bb1c0876d04a17
runs/sfm_dataset6_sfm_2048_aliked_global_fullres_eval/diagnostics/runs/sfm_dataset6_sfm_2048_aliked_global/run_status.json,701,d2562525903d84ae0f3930ba6259cca982320d68040e5d015c6e91a7cdff202e
runs/sfm_dataset6_sfm_2048_aliked_global_fullres_eval/diagnostics/runs/sfm_dataset6_sfm_2048_aliked_global/timings.json,2195,82b2a14e756fb58a8b6db059c2730913ed73d5cd7206cbd595768e8c7b68c1ac
runs/sfm_dataset6_sfm_2048_aliked_global_fullres_eval/diagnostics/runs/sfm_dataset6_sfm_2048_aliked_global_fullres_eval/resource_samples.csv,75825,2887b2174e6200f3803850ee79060b9547cbf8cb6712d9f8327d5836234e16ab
runs/sfm_dataset6_sfm_2048_aliked_global_fullres_eval/diagnostics/runs/sfm_dataset6_sfm_2048_aliked_global_fullres_eval/resource_summary.json,152,5af8798a97e2d04acad30a3518688327523f07a3af3bdc4fbbc6a46f81ef165d
runs/sfm_dataset6_sfm_2048_aliked_global_fullres_eval/resource_samples.csv,75825,2887b2174e6200f3803850ee79060b9547cbf8cb6712d9f8327d5836234e16ab
runs/sfm_dataset6_sfm_2048_aliked_global_fullres_eval/scientific_runs/sfm_dataset6_sfm_2048_aliked_global/logs/colmap.log,17180832,c43e8e614a83895e1782f2f1e6f06e049a41cef131830f9fde6e89b06ed41438
runs/sfm_dataset6_sfm_2048_aliked_global_fullres_eval/scientific_runs/sfm_dataset6_sfm_2048_aliked_global/logs/pipeline.log,5043,28de3ee4302af5372398d9a1b69f611c0511e6d39684b58484b477daa16d5a1a
runs/sfm_dataset6_sfm_2048_aliked_global_fullres_eval/scientific_runs/sfm_dataset6_sfm_2048_aliked_global/logs/warnings.log,274,27c57ce63cca29f89b7cb8f1ba05c53b0724926617844c38c4bb1c0876d04a17
runs/sfm_dataset6_sfm_2048_aliked_global_fullres_eval/scientific_runs/sfm_dataset6_sfm_2048_aliked_global/run_status.json,701,d2562525903d84ae0f3930ba6259cca982320d68040e5d015c6e91a7cdff202e
runs/sfm_dataset6_sfm_2048_aliked_global_fullres_eval/scientific_runs/sfm_dataset6_sfm_2048_aliked_global/timings.json,2195,82b2a14e756fb58a8b6db059c2730913ed73d5cd7206cbd595768e8c7b68c1ac
runs/sfm_dataset6_sfm_2048_aliked_global_fullres_eval/sfm_dataset6_sfm_2048_aliked_global_fullres_eval.exit,32,3a143a66a8ade855bb757f6066cbad1bac315de7527614a5039f344e7f23cd96
runs/sfm_dataset6_sfm_2048_aliked_global_fullres_eval/worker_identity.json,725,8293c032f0ec23f1f1ff47dd177a01a86abf92ce40fe6078d42caae336ecd306
runs/sfm_dataset6_sfm_2048_aliked_incremental_fullres_eval/ablation_eval/jobs/sfm_dataset6_sfm_2048_aliked_incremental/resource_samples.csv,126897,8fad96ae8664ea625972a892c874eb370f8d70fc39f8749dcec7fcdef32195bf
runs/sfm_dataset6_sfm_2048_aliked_incremental_fullres_eval/ablation_eval/manifest.csv,3672,04f187736a88aa2e24014812e7137f4813835d7c3e28d51b3287567464c4f388
runs/sfm_dataset6_sfm_2048_aliked_incremental_fullres_eval/ablation_eval/results_final.csv,129,6cf300cc3eaa1536de18eb4bdbeb47d3308e50e0dd2e0f8c8cbbee795a57b170
runs/sfm_dataset6_sfm_2048_aliked_incremental_fullres_eval/ablation_eval/results_sfm.csv,865,5f911bc4f480f677b7b817e07bc59493e7a2c180bbfdde3d9e19da00f6998887
runs/sfm_dataset6_sfm_2048_aliked_incremental_fullres_eval/ablation_eval/results_splat.csv,318,f30916efe05598690e40a7431dc84e59ad72810b3f48ee41c24f9e958f698e6e
runs/sfm_dataset6_sfm_2048_aliked_incremental_fullres_eval/ablation_eval/splat_eval_selection.json,188,143de258cc1a5ad6641137b7dab6c5a6593afb7a9beca5f83021c90af7684864
runs/sfm_dataset6_sfm_2048_aliked_incremental_fullres_eval/diagnostics/runs/sfm_dataset6_sfm_2048_aliked_incremental/logs/colmap.log,11772839,5182ec162158572396115918e2c2355b7665e59a7be769e6b4be0912c938f8de
runs/sfm_dataset6_sfm_2048_aliked_incremental_fullres_eval/diagnostics/runs/sfm_dataset6_sfm_2048_aliked_incremental/logs/pipeline.log,2487,6e04e84f24108c6d8c16a705552333b7f89553b8768ff604f2907e91513ce8f2
runs/sfm_dataset6_sfm_2048_aliked_incremental_fullres_eval/diagnostics/runs/sfm_dataset6_sfm_2048_aliked_incremental/logs/warnings.log,274,a3f15a3b36add5c31ff910ce43e3d72536309f24d6e393f2ed2cba65e774e9ef
runs/sfm_dataset6_sfm_2048_aliked_incremental_fullres_eval/diagnostics/runs/sfm_dataset6_sfm_2048_aliked_incremental/run_status.json,1353,9fefc64025d1ac05b2e6537911b92c35f1b5f65a0dec638a6ce02ba721c2ab2b
runs/sfm_dataset6_sfm_2048_aliked_incremental_fullres_eval/diagnostics/runs/sfm_dataset6_sfm_2048_aliked_incremental/timings.json,3806,d4f790dff5bd06faa305f7f2525a45603594acc8b652c788f79e2a3da27f6cdb
runs/sfm_dataset6_sfm_2048_aliked_incremental_fullres_eval/diagnostics/runs/sfm_dataset6_sfm_2048_aliked_incremental_fullres_eval/resource_samples.csv,115430,bd90447fab6687a5379f4e9f55af1ee40acb9c43b74126211e2eb114c440bbd0
runs/sfm_dataset6_sfm_2048_aliked_incremental_fullres_eval/diagnostics/runs/sfm_dataset6_sfm_2048_aliked_incremental_fullres_eval/resource_summary.json,150,3113c80bc80c6857311c73f3be967f10fd305aec09c2b27c37d35b48eb8b2a85
runs/sfm_dataset6_sfm_2048_aliked_incremental_fullres_eval/resource_samples.csv,115430,bd90447fab6687a5379f4e9f55af1ee40acb9c43b74126211e2eb114c440bbd0
runs/sfm_dataset6_sfm_2048_aliked_incremental_fullres_eval/sfm_dataset6_sfm_2048_aliked_incremental_fullres_eval.exit,32,aeb7fb11bf52cbddd6345591d2fde0597587b7b1cffe51a7219f9a75902d8158
runs/sfm_dataset6_sfm_2048_aliked_incremental_fullres_eval/worker_identity.json,730,02ffb85cb913aaa7a254216180114852dc27a501068f4aeaf810018f0eab27d9
runs/sfm_dataset6_sfm_2048_sift_global_fullres_eval_retry1/ablation_eval/jobs/sfm_dataset6_sfm_2048_sift_global/resource_samples.csv,41544,33129f5e95d45402fc174bfa7b5fc511c8df2602b4888937f032c4e5108606c8
runs/sfm_dataset6_sfm_2048_sift_global_fullres_eval_retry1/ablation_eval/manifest.csv,3396,1d5765016d59396d0480cfaf248fc5d4e4305eb73aa2a8d2b6deed818a1fd71d
runs/sfm_dataset6_sfm_2048_sift_global_fullres_eval_retry1/ablation_eval/results_final.csv,129,6cf300cc3eaa1536de18eb4bdbeb47d3308e50e0dd2e0f8c8cbbee795a57b170
runs/sfm_dataset6_sfm_2048_sift_global_fullres_eval_retry1/ablation_eval/results_sfm.csv,674,15a18fb556e8794489c76be193f8139a86b4cb1dfdfd3b083c3adfa2a7e5c7da
runs/sfm_dataset6_sfm_2048_sift_global_fullres_eval_retry1/ablation_eval/results_splat.csv,318,f30916efe05598690e40a7431dc84e59ad72810b3f48ee41c24f9e958f698e6e
runs/sfm_dataset6_sfm_2048_sift_global_fullres_eval_retry1/diagnostics/runs/sfm_dataset6_sfm_2048_sift_global/logs/colmap.log,10431565,46028b6916fc50648feb6cc48dcda59273c968406a9c70e759b2e5efdf7cd889
runs/sfm_dataset6_sfm_2048_sift_global_fullres_eval_retry1/diagnostics/runs/sfm_dataset6_sfm_2048_sift_global/logs/pipeline.log,2476,852c8ef9539044b38bd03f3edabd6c4b31bb4e11245a7ea2a2008bd27b47cf15
runs/sfm_dataset6_sfm_2048_sift_global_fullres_eval_retry1/diagnostics/runs/sfm_dataset6_sfm_2048_sift_global/logs/warnings.log,274,682451742e0c5cd903e4869df029280469c08d0b4b18d843440a368d65820b6e
runs/sfm_dataset6_sfm_2048_sift_global_fullres_eval_retry1/diagnostics/runs/sfm_dataset6_sfm_2048_sift_global/run_status.json,1422,cdd0ce9a619439a6bf71ce9863d82d31764e16f5111808518b4ab8046f427d39
runs/sfm_dataset6_sfm_2048_sift_global_fullres_eval_retry1/diagnostics/runs/sfm_dataset6_sfm_2048_sift_global/timings.json,3809,04ccb95a64e8977c9fd4e0606e086e2125dcf8b460e26cc1954aa0a70dbe9a05
runs/sfm_dataset6_sfm_2048_sift_global_fullres_eval_retry1/diagnostics/runs/sfm_dataset6_sfm_2048_sift_global_fullres_eval_retry1/resource_samples.csv,37498,219f73190716dc233a2b13b0de3c9f656e3e3852c74c4b5ea856e9bab18a7763
runs/sfm_dataset6_sfm_2048_sift_global_fullres_eval_retry1/diagnostics/runs/sfm_dataset6_sfm_2048_sift_global_fullres_eval_retry1/resource_summary.json,151,499f0259bc4ef8e351c20b714326abc5c511a58632dd250dfcc17a93e9f3539d
runs/sfm_dataset6_sfm_2048_sift_global_fullres_eval_retry1/recovery/stage1_ablation_eval/jobs/sfm_dataset6_sfm_2048_sift_global/resource_samples.csv,41544,33129f5e95d45402fc174bfa7b5fc511c8df2602b4888937f032c4e5108606c8
runs/sfm_dataset6_sfm_2048_sift_global_fullres_eval_retry1/recovery/stage1_ablation_eval/results_final.csv,129,6cf300cc3eaa1536de18eb4bdbeb47d3308e50e0dd2e0f8c8cbbee795a57b170
runs/sfm_dataset6_sfm_2048_sift_global_fullres_eval_retry1/recovery/stage1_ablation_eval/results_sfm.csv,674,15a18fb556e8794489c76be193f8139a86b4cb1dfdfd3b083c3adfa2a7e5c7da
runs/sfm_dataset6_sfm_2048_sift_global_fullres_eval_retry1/recovery/stage1_ablation_eval/results_splat.csv,6219,4db81a728be4dc4e18589f9e288ba0602d521cefa00f90d0db30488fe5df992e
runs/sfm_dataset6_sfm_2048_sift_global_fullres_eval_retry1/recovery/stage1_ablation_eval/splat_eval/sfm_dataset6_sfm_2048_sift_global/p004/attempt_1/lfs_eval_config.json,1356,cb2203da5d26ff25c0d3c42eadd03120278f181cccef913e88874a417c2f1132
runs/sfm_dataset6_sfm_2048_sift_global_fullres_eval_retry1/recovery/stage1_ablation_eval/splat_eval/sfm_dataset6_sfm_2048_sift_global/p004/attempt_1/loss_history.csv,8189,2d769ee0dce53e8a1f864ad203f9ae144cb414c72403be858c812aaea659f84d
runs/sfm_dataset6_sfm_2048_sift_global_fullres_eval_retry1/recovery/stage1_ablation_eval/splat_eval/sfm_dataset6_sfm_2048_sift_global/p004/attempt_1/metrics.csv,417,e8f61a30d4ed324a892cd2419d4c46b554dde978b3b66c325dd7227af1bfe71d
runs/sfm_dataset6_sfm_2048_sift_global_fullres_eval_retry1/recovery/stage1_ablation_eval/splat_eval/sfm_dataset6_sfm_2048_sift_global/p004/attempt_1/python_metrics.json,456,29667b4ce2acdba081ca2896bfeb690ed19752c83cc86a9ec30b0c4aac513240
runs/sfm_dataset6_sfm_2048_sift_global_fullres_eval_retry1/recovery/stage1_ablation_eval/splat_eval/sfm_dataset6_sfm_2048_sift_global/p004/attempt_1/resource_samples.csv,5268,7409d32c363a258bea3f97e9849fd5ef5b9743873e1372f61ca9e52795fadbc8
runs/sfm_dataset6_sfm_2048_sift_global_fullres_eval_retry1/recovery/stage1_ablation_eval/splat_eval/sfm_dataset6_sfm_2048_sift_global/p004/attempt_1/training_status.json,2135,f4a73326fc68b19512850565da4fd351e3b20af71bb17c3b5984066a20fab4ce
runs/sfm_dataset6_sfm_2048_sift_global_fullres_eval_retry1/recovery/stage1_ablation_eval/splat_eval/sfm_dataset6_sfm_2048_sift_global/p015/attempt_1/lfs_eval_config.json,1356,cb2203da5d26ff25c0d3c42eadd03120278f181cccef913e88874a417c2f1132
runs/sfm_dataset6_sfm_2048_sift_global_fullres_eval_retry1/recovery/stage1_ablation_eval/splat_eval/sfm_dataset6_sfm_2048_sift_global/p015/attempt_1/loss_history.csv,7945,4f59359ea89a165df4d56f79d4892217a7d7813a16d2fba9e14b08253dd79561
runs/sfm_dataset6_sfm_2048_sift_global_fullres_eval_retry1/recovery/stage1_ablation_eval/splat_eval/sfm_dataset6_sfm_2048_sift_global/p015/attempt_1/metrics.csv,417,4229ec20779677ef39c3a7c0a39a38b93fdd35f7c1d9eb1177b0ed37ad2dfeec
runs/sfm_dataset6_sfm_2048_sift_global_fullres_eval_retry1/recovery/stage1_ablation_eval/splat_eval/sfm_dataset6_sfm_2048_sift_global/p015/attempt_1/python_metrics.json,456,29667b4ce2acdba081ca2896bfeb690ed19752c83cc86a9ec30b0c4aac513240
runs/sfm_dataset6_sfm_2048_sift_global_fullres_eval_retry1/recovery/stage1_ablation_eval/splat_eval/sfm_dataset6_sfm_2048_sift_global/p015/attempt_1/resource_samples.csv,4650,8a9083db0d5dbf02f6d567441bfa5c82b8d08dd99a9f178290bf4fb60598f1f2
runs/sfm_dataset6_sfm_2048_sift_global_fullres_eval_retry1/recovery/stage1_ablation_eval/splat_eval/sfm_dataset6_sfm_2048_sift_global/p015/attempt_1/training_status.json,2136,efbbc033cdca67cf9659b5a6a1751aac393e0509a61d8e32c98134a113510cb4
runs/sfm_dataset6_sfm_2048_sift_global_fullres_eval_retry1/recovery/stage1_ablation_eval/splat_eval/sfm_dataset6_sfm_2048_sift_global/p018/attempt_1/lfs_eval_config.json,1356,cb2203da5d26ff25c0d3c42eadd03120278f181cccef913e88874a417c2f1132
runs/sfm_dataset6_sfm_2048_sift_global_fullres_eval_retry1/recovery/stage1_ablation_eval/splat_eval/sfm_dataset6_sfm_2048_sift_global/p018/attempt_1/loss_history.csv,5593,adcc0ea6d85930a6a1f3034ebe33c4d7a6d7f46181b3ca3fd50a14f1957be238
runs/sfm_dataset6_sfm_2048_sift_global_fullres_eval_retry1/recovery/stage1_ablation_eval/splat_eval/sfm_dataset6_sfm_2048_sift_global/p018/attempt_1/metrics.csv,165,c7d27b9da531e3880569eaa1deb97813ef98b084310da3aca828e1e58609e41f
runs/sfm_dataset6_sfm_2048_sift_global_fullres_eval_retry1/recovery/stage1_ablation_eval/splat_eval/sfm_dataset6_sfm_2048_sift_global/p018/attempt_1/resource_samples.csv,2502,6d5c529c8a4fda6154cfe61d2e26d2c0329fa5286b8405fbd9847af015cb6d1a
runs/sfm_dataset6_sfm_2048_sift_global_fullres_eval_retry1/recovery/stage1_ablation_eval/splat_eval/sfm_dataset6_sfm_2048_sift_global/p018/attempt_1/training_status.json,1500,421efbfafd8ee0ecb7a8cc87913451fab70bba1b809e84d2609a145a7f2bcf96
runs/sfm_dataset6_sfm_2048_sift_global_fullres_eval_retry1/recovery/stage1_ablation_eval/splat_eval/sfm_dataset6_sfm_2048_sift_global/p035/attempt_1/lfs_eval_config.json,1356,cb2203da5d26ff25c0d3c42eadd03120278f181cccef913e88874a417c2f1132
runs/sfm_dataset6_sfm_2048_sift_global_fullres_eval_retry1/recovery/stage1_ablation_eval/splat_eval/sfm_dataset6_sfm_2048_sift_global/p035/attempt_1/loss_history.csv,8008,2848237651d751377b5af111badecc15400bd518a33f3880c17dbfa46c2ee649
runs/sfm_dataset6_sfm_2048_sift_global_fullres_eval_retry1/recovery/stage1_ablation_eval/splat_eval/sfm_dataset6_sfm_2048_sift_global/p035/attempt_1/metrics.csv,417,62b806182c3736bb480268f305e54b4cde13703568b2a1655a4c4e0bf8526391
runs/sfm_dataset6_sfm_2048_sift_global_fullres_eval_retry1/recovery/stage1_ablation_eval/splat_eval/sfm_dataset6_sfm_2048_sift_global/p035/attempt_1/python_metrics.json,401,7dbbbb25e15f99ea1234e79274174b3dd113fd5c259792af32a24e617d51cd49
runs/sfm_dataset6_sfm_2048_sift_global_fullres_eval_retry1/recovery/stage1_ablation_eval/splat_eval/sfm_dataset6_sfm_2048_sift_global/p035/attempt_1/resource_samples.csv,3514,1c9b9803dbd82a40f45929c7346c56a38e01a3d26623339310dbb67dcb2a8d31
runs/sfm_dataset6_sfm_2048_sift_global_fullres_eval_retry1/recovery/stage1_ablation_eval/splat_eval/sfm_dataset6_sfm_2048_sift_global/p035/attempt_1/training_status.json,2140,7ecd082f5c19e94f6fc439f3dc16b02a64a829f690c9362a6cfde6d3d6a5e296
runs/sfm_dataset6_sfm_2048_sift_global_fullres_eval_retry1/recovery/stage1_ablation_eval/splat_eval/sfm_dataset6_sfm_2048_sift_global/p037/attempt_1/lfs_eval_config.json,1356,cb2203da5d26ff25c0d3c42eadd03120278f181cccef913e88874a417c2f1132
runs/sfm_dataset6_sfm_2048_sift_global_fullres_eval_retry1/recovery/stage1_ablation_eval/splat_eval/sfm_dataset6_sfm_2048_sift_global/p037/attempt_1/loss_history.csv,7618,475407b67afeedcfc3a24778c665ff068464fdc3c8150ababd1fe65c54fe290c
runs/sfm_dataset6_sfm_2048_sift_global_fullres_eval_retry1/recovery/stage1_ablation_eval/splat_eval/sfm_dataset6_sfm_2048_sift_global/p037/attempt_1/metrics.csv,417,513bee524a8faac7dca56664be671e7d54473e0b64188aad013d4e00e018bfba
runs/sfm_dataset6_sfm_2048_sift_global_fullres_eval_retry1/recovery/stage1_ablation_eval/splat_eval/sfm_dataset6_sfm_2048_sift_global/p037/attempt_1/python_metrics.json,456,29667b4ce2acdba081ca2896bfeb690ed19752c83cc86a9ec30b0c4aac513240
runs/sfm_dataset6_sfm_2048_sift_global_fullres_eval_retry1/recovery/stage1_ablation_eval/splat_eval/sfm_dataset6_sfm_2048_sift_global/p037/attempt_1/resource_samples.csv,3602,938afd160676c0ca8f4d7ccabbe4e3a256363239c81209e07fac0d2d8ffe8a11
runs/sfm_dataset6_sfm_2048_sift_global_fullres_eval_retry1/recovery/stage1_ablation_eval/splat_eval/sfm_dataset6_sfm_2048_sift_global/p037/attempt_1/training_status.json,2140,38df174cb0574a27507a90cea20054c0d97cb67d5de95fedb7789cb0e96df5a6
runs/sfm_dataset6_sfm_2048_sift_global_fullres_eval_retry1/recovery/stage1_ablation_eval/splat_eval/sfm_dataset6_sfm_2048_sift_global/p043/attempt_1/lfs_eval_config.json,1356,cb2203da5d26ff25c0d3c42eadd03120278f181cccef913e88874a417c2f1132
runs/sfm_dataset6_sfm_2048_sift_global_fullres_eval_retry1/recovery/stage1_ablation_eval/splat_eval/sfm_dataset6_sfm_2048_sift_global/p043/attempt_1/metrics.csv,88,854955c978f5e522f95736e42d787bf5c3d0fa2a9db2d98cebfbf6ee27da8f84
runs/sfm_dataset6_sfm_2048_sift_global_fullres_eval_retry1/recovery/stage1_ablation_eval/splat_eval/sfm_dataset6_sfm_2048_sift_global/p043/attempt_1/resource_samples.csv,698,48165faaadf5c393dab175719b356002273ff49424ce7bc5c7851491c5241e6c
runs/sfm_dataset6_sfm_2048_sift_global_fullres_eval_retry1/recovery/stage1_ablation_eval/splat_eval/sfm_dataset6_sfm_2048_sift_global/p044/attempt_1/lfs_eval_config.json,1356,cb2203da5d26ff25c0d3c42eadd03120278f181cccef913e88874a417c2f1132
runs/sfm_dataset6_sfm_2048_sift_global_fullres_eval_retry1/recovery/stage1_ablation_eval/splat_eval/sfm_dataset6_sfm_2048_sift_global/p044/attempt_1/loss_history.csv,7897,526af0839897255243cea49430cee842d87d81ef58d977960443e66de335e38b
runs/sfm_dataset6_sfm_2048_sift_global_fullres_eval_retry1/recovery/stage1_ablation_eval/splat_eval/sfm_dataset6_sfm_2048_sift_global/p044/attempt_1/metrics.csv,417,607915a911e63422494063b3103728a6ff1d43e16d2301f15fb348e7836acb6f
runs/sfm_dataset6_sfm_2048_sift_global_fullres_eval_retry1/recovery/stage1_ablation_eval/splat_eval/sfm_dataset6_sfm_2048_sift_global/p044/attempt_1/python_metrics.json,456,29667b4ce2acdba081ca2896bfeb690ed19752c83cc86a9ec30b0c4aac513240
runs/sfm_dataset6_sfm_2048_sift_global_fullres_eval_retry1/recovery/stage1_ablation_eval/splat_eval/sfm_dataset6_sfm_2048_sift_global/p044/attempt_1/resource_samples.csv,4130,34b10c6a0bab9995cb6aae5410cb96f7a89b1657221ef4c8cc8e4462670eef3b
runs/sfm_dataset6_sfm_2048_sift_global_fullres_eval_retry1/recovery/stage1_ablation_eval/splat_eval/sfm_dataset6_sfm_2048_sift_global/p044/attempt_1/training_status.json,2133,e124b20c09f1d56ee3bdbf84e9542b855fcff01f4b8d94129a173b53b4b8d1f2
runs/sfm_dataset6_sfm_2048_sift_global_fullres_eval_retry1/recovery/stage1_ablation_eval/splat_eval/sfm_dataset6_sfm_2048_sift_global/p045/attempt_1/lfs_eval_config.json,1356,cb2203da5d26ff25c0d3c42eadd03120278f181cccef913e88874a417c2f1132
runs/sfm_dataset6_sfm_2048_sift_global_fullres_eval_retry1/recovery/stage1_ablation_eval/splat_eval/sfm_dataset6_sfm_2048_sift_global/p045/attempt_1/loss_history.csv,7778,540a5ee95ced1dd4ecc71f8a9fb8367b08face2823b9610f81554393f809b363
runs/sfm_dataset6_sfm_2048_sift_global_fullres_eval_retry1/recovery/stage1_ablation_eval/splat_eval/sfm_dataset6_sfm_2048_sift_global/p045/attempt_1/metrics.csv,417,8e71b14920baf0a30cabc218433dc4bc22dbfefc9e28fcc2fceb05ff66f067a1
runs/sfm_dataset6_sfm_2048_sift_global_fullres_eval_retry1/recovery/stage1_ablation_eval/splat_eval/sfm_dataset6_sfm_2048_sift_global/p045/attempt_1/python_metrics.json,401,7dbbbb25e15f99ea1234e79274174b3dd113fd5c259792af32a24e617d51cd49
runs/sfm_dataset6_sfm_2048_sift_global_fullres_eval_retry1/recovery/stage1_ablation_eval/splat_eval/sfm_dataset6_sfm_2048_sift_global/p045/attempt_1/resource_samples.csv,3734,37c672f15868bab45f9f7dc94e9fba169724c601425e9162c5d64d2fe2c9c526
runs/sfm_dataset6_sfm_2048_sift_global_fullres_eval_retry1/recovery/stage1_ablation_eval/splat_eval/sfm_dataset6_sfm_2048_sift_global/p045/attempt_1/training_status.json,2138,18c14f5a79b5e73c04de8c9a28f37fe8efdd243d23e717ed9484a8fde11fa2c5
runs/sfm_dataset6_sfm_2048_sift_global_fullres_eval_retry1/recovery/stage1_ablation_eval/splat_eval/sfm_dataset6_sfm_2048_sift_global/p048/attempt_1/lfs_eval_config.json,1356,cb2203da5d26ff25c0d3c42eadd03120278f181cccef913e88874a417c2f1132
runs/sfm_dataset6_sfm_2048_sift_global_fullres_eval_retry1/recovery/stage1_ablation_eval/splat_eval/sfm_dataset6_sfm_2048_sift_global/p048/attempt_1/loss_history.csv,7572,4bcb13221c7c250d20c63d1132604acaa78591a0300c8f33fc5e2a6051847182
runs/sfm_dataset6_sfm_2048_sift_global_fullres_eval_retry1/recovery/stage1_ablation_eval/splat_eval/sfm_dataset6_sfm_2048_sift_global/p048/attempt_1/metrics.csv,417,3e9bfe50b82deb7296121f0e67dda72508db1bfcaa23ce3f0094d6d45e3c0577
runs/sfm_dataset6_sfm_2048_sift_global_fullres_eval_retry1/recovery/stage1_ablation_eval/splat_eval/sfm_dataset6_sfm_2048_sift_global/p048/attempt_1/python_metrics.json,401,7dbbbb25e15f99ea1234e79274174b3dd113fd5c259792af32a24e617d51cd49
runs/sfm_dataset6_sfm_2048_sift_global_fullres_eval_retry1/recovery/stage1_ablation_eval/splat_eval/sfm_dataset6_sfm_2048_sift_global/p048/attempt_1/resource_samples.csv,4130,936b3d0c2c5ef063bcb656fbe52b52ca8dc07a787ee0fe26e76f2fd319f5309f
runs/sfm_dataset6_sfm_2048_sift_global_fullres_eval_retry1/recovery/stage1_ablation_eval/splat_eval/sfm_dataset6_sfm_2048_sift_global/p048/attempt_1/training_status.json,2138,0b6ea9e1bc498d565b63f16755d2b54f2ea3d8524898217dcfb920743cb9bfbb
runs/sfm_dataset6_sfm_2048_sift_global_fullres_eval_retry1/recovery/stage1_ablation_eval/splat_eval/sfm_dataset6_sfm_2048_sift_global/p050/attempt_1/lfs_eval_config.json,1356,cb2203da5d26ff25c0d3c42eadd03120278f181cccef913e88874a417c2f1132
runs/sfm_dataset6_sfm_2048_sift_global_fullres_eval_retry1/recovery/stage1_ablation_eval/splat_eval/sfm_dataset6_sfm_2048_sift_global/p050/attempt_1/loss_history.csv,6782,e56d75354cb65f89a43452fa7788cac468c5e07135db539abf6768491763511c
runs/sfm_dataset6_sfm_2048_sift_global_fullres_eval_retry1/recovery/stage1_ablation_eval/splat_eval/sfm_dataset6_sfm_2048_sift_global/p050/attempt_1/metrics.csv,397,a3271305b379b2a9be5763b48591e373e6fb21005ec619ef5232031a352f0c6a
runs/sfm_dataset6_sfm_2048_sift_global_fullres_eval_retry1/recovery/stage1_ablation_eval/splat_eval/sfm_dataset6_sfm_2048_sift_global/p050/attempt_1/python_metrics.json,456,29667b4ce2acdba081ca2896bfeb690ed19752c83cc86a9ec30b0c4aac513240
runs/sfm_dataset6_sfm_2048_sift_global_fullres_eval_retry1/recovery/stage1_ablation_eval/splat_eval/sfm_dataset6_sfm_2048_sift_global/p050/attempt_1/resource_samples.csv,1930,8f88dfe2e2552e103e7304ef9d25ce992d3e5465b74f94d76bc9c0a6720440a4
runs/sfm_dataset6_sfm_2048_sift_global_fullres_eval_retry1/recovery/stage1_ablation_eval/splat_eval/sfm_dataset6_sfm_2048_sift_global/p050/attempt_1/training_status.json,2115,f167858bf188075f0be159135d63a485c0936f2857705cb5885ad31c8fa6f513
runs/sfm_dataset6_sfm_2048_sift_global_fullres_eval_retry1/recovery/stage1_ablation_eval/splat_eval/sfm_dataset6_sfm_2048_sift_global/p053/attempt_1/lfs_eval_config.json,1356,cb2203da5d26ff25c0d3c42eadd03120278f181cccef913e88874a417c2f1132
runs/sfm_dataset6_sfm_2048_sift_global_fullres_eval_retry1/recovery/stage1_ablation_eval/splat_eval/sfm_dataset6_sfm_2048_sift_global/p053/attempt_1/loss_history.csv,7582,5d714532ebb6318a9d331c284fae97871f543e4962e55553f89f827601882a7b
runs/sfm_dataset6_sfm_2048_sift_global_fullres_eval_retry1/recovery/stage1_ablation_eval/splat_eval/sfm_dataset6_sfm_2048_sift_global/p053/attempt_1/metrics.csv,417,2db0884050a012ab772534c0b0305f71cfc3704707f1bf6ffaf5ebc2c4359de4
runs/sfm_dataset6_sfm_2048_sift_global_fullres_eval_retry1/recovery/stage1_ablation_eval/splat_eval/sfm_dataset6_sfm_2048_sift_global/p053/attempt_1/python_metrics.json,456,29667b4ce2acdba081ca2896bfeb690ed19752c83cc86a9ec30b0c4aac513240
runs/sfm_dataset6_sfm_2048_sift_global_fullres_eval_retry1/recovery/stage1_ablation_eval/splat_eval/sfm_dataset6_sfm_2048_sift_global/p053/attempt_1/resource_samples.csv,3294,3bd8952f5bd6dee56e3f97a02282f386d83ec19794a5dcf6fb67e7917e6104e9
runs/sfm_dataset6_sfm_2048_sift_global_fullres_eval_retry1/recovery/stage1_ablation_eval/splat_eval/sfm_dataset6_sfm_2048_sift_global/p053/attempt_1/training_status.json,2137,e6d60268b4e01a5494c0de7489d6109189b34311c24f505faa85c3a502f15ecd
runs/sfm_dataset6_sfm_2048_sift_global_fullres_eval_retry1/recovery/stage1_ablation_eval/splat_eval/sfm_dataset6_sfm_2048_sift_global/p057/attempt_1/lfs_eval_config.json,1356,cb2203da5d26ff25c0d3c42eadd03120278f181cccef913e88874a417c2f1132
runs/sfm_dataset6_sfm_2048_sift_global_fullres_eval_retry1/recovery/stage1_ablation_eval/splat_eval/sfm_dataset6_sfm_2048_sift_global/p057/attempt_1/loss_history.csv,6775,1af12c22c641d3e32351c1221afb1485de3f3672137c3ba8c1cd3e0d3efc259d
runs/sfm_dataset6_sfm_2048_sift_global_fullres_eval_retry1/recovery/stage1_ablation_eval/splat_eval/sfm_dataset6_sfm_2048_sift_global/p057/attempt_1/metrics.csv,397,8c25677dac6d6ff420cc8cd0415dbcb4914112eedbc57b8c64ddada0015055c4
runs/sfm_dataset6_sfm_2048_sift_global_fullres_eval_retry1/recovery/stage1_ablation_eval/splat_eval/sfm_dataset6_sfm_2048_sift_global/p057/attempt_1/python_metrics.json,401,7dbbbb25e15f99ea1234e79274174b3dd113fd5c259792af32a24e617d51cd49
runs/sfm_dataset6_sfm_2048_sift_global_fullres_eval_retry1/recovery/stage1_ablation_eval/splat_eval/sfm_dataset6_sfm_2048_sift_global/p057/attempt_1/resource_samples.csv,1754,5d56bffa7492b24a73affae126f6ed488a5c05849b10d2fccf3c2699bcca31b9
runs/sfm_dataset6_sfm_2048_sift_global_fullres_eval_retry1/recovery/stage1_ablation_eval/splat_eval/sfm_dataset6_sfm_2048_sift_global/p057/attempt_1/training_status.json,2118,83213aa9e18e56ad60a78b86ae9b3ebff410b40f67e7dc0262fff8f5e11882ca
runs/sfm_dataset6_sfm_2048_sift_global_fullres_eval_retry1/recovery/stage1_ablation_eval/splat_eval/sfm_dataset6_sfm_2048_sift_global/p060/attempt_1/lfs_eval_config.json,1356,cb2203da5d26ff25c0d3c42eadd03120278f181cccef913e88874a417c2f1132
runs/sfm_dataset6_sfm_2048_sift_global_fullres_eval_retry1/recovery/stage1_ablation_eval/splat_eval/sfm_dataset6_sfm_2048_sift_global/p060/attempt_1/loss_history.csv,44,fbc19b56c0474c4f12c562ff5c8c5cec3256ec4458ce2e93ac9cb5fcbe2b35a1
runs/sfm_dataset6_sfm_2048_sift_global_fullres_eval_retry1/recovery/stage1_ablation_eval/splat_eval/sfm_dataset6_sfm_2048_sift_global/p060/attempt_1/resource_samples.csv,82,cbc96f9ffa88e78dcd9cbe5ac0ef13eae5d34885276e6c36b621b52b30232271
runs/sfm_dataset6_sfm_2048_sift_global_fullres_eval_retry1/recovery/stage1_ablation_eval/splat_eval/sfm_dataset6_sfm_2048_sift_global/p060/attempt_1/training_status.json,1486,bc3320dcbf8d9c4ca25ab494f73b287be2b5215494ea96162c14e558f2356dbb
runs/sfm_dataset6_sfm_2048_sift_global_fullres_eval_retry1/recovery/stage1_ablation_eval/splat_eval/sfm_dataset6_sfm_2048_sift_global/p080/attempt_1/lfs_eval_config.json,1356,cb2203da5d26ff25c0d3c42eadd03120278f181cccef913e88874a417c2f1132
runs/sfm_dataset6_sfm_2048_sift_global_fullres_eval_retry1/recovery/stage1_ablation_eval/splat_eval/sfm_dataset6_sfm_2048_sift_global/p080/attempt_1/loss_history.csv,8156,8c7dea5f080ea40d975c6b6bdbb540929cdaf0c6aa5b6b7a22e1c22f68b09770
runs/sfm_dataset6_sfm_2048_sift_global_fullres_eval_retry1/recovery/stage1_ablation_eval/splat_eval/sfm_dataset6_sfm_2048_sift_global/p080/attempt_1/metrics.csv,417,ccf58fdd1055d0fba7402bb878f764f6c0d178a71977d43eaadbe89981f0d83d
runs/sfm_dataset6_sfm_2048_sift_global_fullres_eval_retry1/recovery/stage1_ablation_eval/splat_eval/sfm_dataset6_sfm_2048_sift_global/p080/attempt_1/python_metrics.json,456,29667b4ce2acdba081ca2896bfeb690ed19752c83cc86a9ec30b0c4aac513240
runs/sfm_dataset6_sfm_2048_sift_global_fullres_eval_retry1/recovery/stage1_ablation_eval/splat_eval/sfm_dataset6_sfm_2048_sift_global/p080/attempt_1/resource_samples.csv,3954,2f5458d3f1b688d1972cef8dafa2059d8ba14a87f5362b1a44d74fbdfcd9398c
runs/sfm_dataset6_sfm_2048_sift_global_fullres_eval_retry1/recovery/stage1_ablation_eval/splat_eval/sfm_dataset6_sfm_2048_sift_global/p080/attempt_1/training_status.json,2138,ad18781b00da4b502c15d8fce815ec8901b2e9c168036f69b4a6ea0ff5a31b03
runs/sfm_dataset6_sfm_2048_sift_global_fullres_eval_retry1/recovery/stage1_ablation_eval/splat_eval/sfm_dataset6_sfm_2048_sift_global/p081/attempt_1/lfs_eval_config.json,1356,cb2203da5d26ff25c0d3c42eadd03120278f181cccef913e88874a417c2f1132
runs/sfm_dataset6_sfm_2048_sift_global_fullres_eval_retry1/recovery/stage1_ablation_eval/splat_eval/sfm_dataset6_sfm_2048_sift_global/p081/attempt_1/loss_history.csv,8173,da6ae20a4755738a261d9d5bb320dff12b84c64a5e3c8e6844f3263e2d0b1d4c
runs/sfm_dataset6_sfm_2048_sift_global_fullres_eval_retry1/recovery/stage1_ablation_eval/splat_eval/sfm_dataset6_sfm_2048_sift_global/p081/attempt_1/metrics.csv,417,6d3fca66b75e564d874b7bc0cc27231b23c3d8fdf5e15fcae989fb985a19d6ca
runs/sfm_dataset6_sfm_2048_sift_global_fullres_eval_retry1/recovery/stage1_ablation_eval/splat_eval/sfm_dataset6_sfm_2048_sift_global/p081/attempt_1/python_metrics.json,401,7dbbbb25e15f99ea1234e79274174b3dd113fd5c259792af32a24e617d51cd49
runs/sfm_dataset6_sfm_2048_sift_global_fullres_eval_retry1/recovery/stage1_ablation_eval/splat_eval/sfm_dataset6_sfm_2048_sift_global/p081/attempt_1/resource_samples.csv,4042,ea9923c239a95fa9c11c62c547bf6ec4b25d1c0522ebb3a0b6720a2f8a6f1d5f
runs/sfm_dataset6_sfm_2048_sift_global_fullres_eval_retry1/recovery/stage1_ablation_eval/splat_eval/sfm_dataset6_sfm_2048_sift_global/p081/attempt_1/training_status.json,2136,c959ca1f15552d7cc01d8ed8ce33fcad0e921bb52d509b3bfea38a3b9700d839
runs/sfm_dataset6_sfm_2048_sift_global_fullres_eval_retry1/recovery/stage1_ablation_eval/splat_eval/sfm_dataset6_sfm_2048_sift_global/p085/attempt_1/lfs_eval_config.json,1356,cb2203da5d26ff25c0d3c42eadd03120278f181cccef913e88874a417c2f1132
runs/sfm_dataset6_sfm_2048_sift_global_fullres_eval_retry1/recovery/stage1_ablation_eval/splat_eval/sfm_dataset6_sfm_2048_sift_global/p085/attempt_1/loss_history.csv,6787,a115f412e1e00b3b717072359c1dcc3ca350958652d8394e899108929761e927
runs/sfm_dataset6_sfm_2048_sift_global_fullres_eval_retry1/recovery/stage1_ablation_eval/splat_eval/sfm_dataset6_sfm_2048_sift_global/p085/attempt_1/metrics.csv,397,eada15ba7a3d43a9c46fd2fb8055fda229966599069a810ed96138331574c787
runs/sfm_dataset6_sfm_2048_sift_global_fullres_eval_retry1/recovery/stage1_ablation_eval/splat_eval/sfm_dataset6_sfm_2048_sift_global/p085/attempt_1/python_metrics.json,401,7dbbbb25e15f99ea1234e79274174b3dd113fd5c259792af32a24e617d51cd49
runs/sfm_dataset6_sfm_2048_sift_global_fullres_eval_retry1/recovery/stage1_ablation_eval/splat_eval/sfm_dataset6_sfm_2048_sift_global/p085/attempt_1/resource_samples.csv,1490,8733890848e3c9c92c57a16f547fd0cc7cb7bd62ebc9dcbc33013eca4b1277c2
runs/sfm_dataset6_sfm_2048_sift_global_fullres_eval_retry1/recovery/stage1_ablation_eval/splat_eval/sfm_dataset6_sfm_2048_sift_global/p085/attempt_1/training_status.json,2114,c3f72261c82c1e591a8c110cb134919e463bc9d6a62dee4ed733a7e64de27679
runs/sfm_dataset6_sfm_2048_sift_global_fullres_eval_retry1/recovery/stage1_ablation_eval/splat_eval/sfm_dataset6_sfm_2048_sift_global/p095/attempt_1/lfs_eval_config.json,1356,cb2203da5d26ff25c0d3c42eadd03120278f181cccef913e88874a417c2f1132
runs/sfm_dataset6_sfm_2048_sift_global_fullres_eval_retry1/recovery/stage1_ablation_eval/splat_eval/sfm_dataset6_sfm_2048_sift_global/p095/attempt_1/loss_history.csv,6782,5e26e80506228afb72ee2ae8fda508e104cef98b17e2bdfe7bc6c1d524c961a8
runs/sfm_dataset6_sfm_2048_sift_global_fullres_eval_retry1/recovery/stage1_ablation_eval/splat_eval/sfm_dataset6_sfm_2048_sift_global/p095/attempt_1/metrics.csv,397,0d980ed2189ff80578865d933aa0cb2c16ea3d011f23f49e7c5d228dcae0b3e4
runs/sfm_dataset6_sfm_2048_sift_global_fullres_eval_retry1/recovery/stage1_ablation_eval/splat_eval/sfm_dataset6_sfm_2048_sift_global/p095/attempt_1/python_metrics.json,456,29667b4ce2acdba081ca2896bfeb690ed19752c83cc86a9ec30b0c4aac513240
runs/sfm_dataset6_sfm_2048_sift_global_fullres_eval_retry1/recovery/stage1_ablation_eval/splat_eval/sfm_dataset6_sfm_2048_sift_global/p095/attempt_1/resource_samples.csv,2018,0866d93ef73c826322130a08170eedb7dff02fa97676fe8cb335fbebe393ded9
runs/sfm_dataset6_sfm_2048_sift_global_fullres_eval_retry1/recovery/stage1_ablation_eval/splat_eval/sfm_dataset6_sfm_2048_sift_global/p095/attempt_1/training_status.json,2118,8c6f30a0144763ec9acd9975123828900205f9a51d2f8e40fee3643fa2edd9a5
runs/sfm_dataset6_sfm_2048_sift_global_fullres_eval_retry1/recovery/stage1_ablation_eval/splat_eval/sfm_dataset6_sfm_2048_sift_global/p098/attempt_1/lfs_eval_config.json,1356,cb2203da5d26ff25c0d3c42eadd03120278f181cccef913e88874a417c2f1132
runs/sfm_dataset6_sfm_2048_sift_global_fullres_eval_retry1/recovery/stage1_ablation_eval/splat_eval/sfm_dataset6_sfm_2048_sift_global/p098/attempt_1/loss_history.csv,6775,ef04076feef26e9660fabb7a6bc88acfca71eee819590d41dd4cabf99df8850f
runs/sfm_dataset6_sfm_2048_sift_global_fullres_eval_retry1/recovery/stage1_ablation_eval/splat_eval/sfm_dataset6_sfm_2048_sift_global/p098/attempt_1/metrics.csv,397,bb85c32bed9486fe39f662f18512dadf0edb9c44ec4371aa346ca5ecb4b6bf87
runs/sfm_dataset6_sfm_2048_sift_global_fullres_eval_retry1/recovery/stage1_ablation_eval/splat_eval/sfm_dataset6_sfm_2048_sift_global/p098/attempt_1/python_metrics.json,456,29667b4ce2acdba081ca2896bfeb690ed19752c83cc86a9ec30b0c4aac513240
runs/sfm_dataset6_sfm_2048_sift_global_fullres_eval_retry1/recovery/stage1_ablation_eval/splat_eval/sfm_dataset6_sfm_2048_sift_global/p098/attempt_1/resource_samples.csv,1930,22d7a177f683bd533a896e2f8af19133f287a0d66a3e663271fb7b39636685a5
runs/sfm_dataset6_sfm_2048_sift_global_fullres_eval_retry1/recovery/stage1_ablation_eval/splat_eval/sfm_dataset6_sfm_2048_sift_global/p098/attempt_1/training_status.json,2116,68f8deb6526be1fa745aae66e7f82580198a761dd6973df6433328e83e3f651a
runs/sfm_dataset6_sfm_2048_sift_global_fullres_eval_retry1/recovery/stage1_ablation_eval/splat_eval/sfm_dataset6_sfm_2048_sift_global/p099/attempt_1/lfs_eval_config.json,1356,cb2203da5d26ff25c0d3c42eadd03120278f181cccef913e88874a417c2f1132
runs/sfm_dataset6_sfm_2048_sift_global_fullres_eval_retry1/recovery/stage1_ablation_eval/splat_eval/sfm_dataset6_sfm_2048_sift_global/p099/attempt_1/loss_history.csv,6786,c02ef9b9f88d29198036a878201551df58a1c1dd01dbf07759a12a7d740dddda
runs/sfm_dataset6_sfm_2048_sift_global_fullres_eval_retry1/recovery/stage1_ablation_eval/splat_eval/sfm_dataset6_sfm_2048_sift_global/p099/attempt_1/metrics.csv,397,d113dd6dc496460765fa4a7a057abf7348a1d557d9ae9695389ee7e486bca958
runs/sfm_dataset6_sfm_2048_sift_global_fullres_eval_retry1/recovery/stage1_ablation_eval/splat_eval/sfm_dataset6_sfm_2048_sift_global/p099/attempt_1/python_metrics.json,456,29667b4ce2acdba081ca2896bfeb690ed19752c83cc86a9ec30b0c4aac513240
runs/sfm_dataset6_sfm_2048_sift_global_fullres_eval_retry1/recovery/stage1_ablation_eval/splat_eval/sfm_dataset6_sfm_2048_sift_global/p099/attempt_1/resource_samples.csv,1974,0431f0a3cf1ef6213810a9e7166a3aad59d99889062c0c3f93177655d610388a
runs/sfm_dataset6_sfm_2048_sift_global_fullres_eval_retry1/recovery/stage1_ablation_eval/splat_eval/sfm_dataset6_sfm_2048_sift_global/p099/attempt_1/training_status.json,2112,3496f525caf2599e8497b9b68a4cff2242acb915ef5a44859b45259d06c149b8
runs/sfm_dataset6_sfm_2048_sift_global_fullres_eval_retry1/resource_samples.csv,37498,219f73190716dc233a2b13b0de3c9f656e3e3852c74c4b5ea856e9bab18a7763
runs/sfm_dataset6_sfm_2048_sift_global_fullres_eval_retry1/sfm_dataset6_sfm_2048_sift_global_fullres_eval_retry1.exit,34,8966f436785a4cae0c3d21882e83c34ca197eccd8f7b6bccba662563436d2bab
runs/sfm_dataset6_sfm_2048_sift_global_fullres_eval_retry1/worker_identity.json,761,0b24aece489fa4e00f6defc674ceefb37267d15545b56de4e313b01680fc155e
runs/sfm_dataset6_sfm_2048_sift_incremental_fullres_eval/ablation_eval/jobs/sfm_dataset6_sfm_2048_sift_incremental/resource_samples.csv,126330,ed8662896bc3adbbdf36303c21ae4614e2a23eabc41fb9507321dea6a03ddd42
runs/sfm_dataset6_sfm_2048_sift_incremental_fullres_eval/ablation_eval/manifest.csv,3459,4c5b6fad86b58f9cd1297d0172fb3cf92ee3bceb4326f2a10fc770908cedc8ac
runs/sfm_dataset6_sfm_2048_sift_incremental_fullres_eval/ablation_eval/results_final.csv,129,6cf300cc3eaa1536de18eb4bdbeb47d3308e50e0dd2e0f8c8cbbee795a57b170
runs/sfm_dataset6_sfm_2048_sift_incremental_fullres_eval/ablation_eval/results_sfm.csv,860,765a2c09d5c5a4b6f9f670a6e114570fd7651f2dd62d67d9e2db48f69bde76a3
runs/sfm_dataset6_sfm_2048_sift_incremental_fullres_eval/ablation_eval/results_splat.csv,318,f30916efe05598690e40a7431dc84e59ad72810b3f48ee41c24f9e958f698e6e
runs/sfm_dataset6_sfm_2048_sift_incremental_fullres_eval/ablation_eval/splat_eval_selection.json,188,143de258cc1a5ad6641137b7dab6c5a6593afb7a9beca5f83021c90af7684864
runs/sfm_dataset6_sfm_2048_sift_incremental_fullres_eval/diagnostics/runs/sfm_dataset6_sfm_2048_sift_incremental/logs/colmap.log,11553537,15b17221bc53cea8c29e5400e1107041b779ed7f3fd6c2ffd733aa569eb8f7f9
runs/sfm_dataset6_sfm_2048_sift_incremental_fullres_eval/diagnostics/runs/sfm_dataset6_sfm_2048_sift_incremental/logs/pipeline.log,2486,db4ff7fde773d7585b58890ce7a09e21fbfe93e04d91d69461161528ecc42443
runs/sfm_dataset6_sfm_2048_sift_incremental_fullres_eval/diagnostics/runs/sfm_dataset6_sfm_2048_sift_incremental/logs/warnings.log,274,5d6ebfbe9645a40e2962874ec284cfb2e713d84cc59dccd5cbc73c5c46848b78
runs/sfm_dataset6_sfm_2048_sift_incremental_fullres_eval/diagnostics/runs/sfm_dataset6_sfm_2048_sift_incremental/run_status.json,1349,93139beae0225e47aca3ff2e567ee24fd1e63f865ed6bece680a7a4381cd0b94
runs/sfm_dataset6_sfm_2048_sift_incremental_fullres_eval/diagnostics/runs/sfm_dataset6_sfm_2048_sift_incremental/timings.json,3809,abdb8dbcd1b18bb6dd19f2ad46d874a0d6d57e4bea293eb574c098afe340ab8b
runs/sfm_dataset6_sfm_2048_sift_incremental_fullres_eval/diagnostics/runs/sfm_dataset6_sfm_2048_sift_incremental_fullres_eval/resource_samples.csv,114545,664b77fa7959d27d85ed9499896b4f2f12dfe3c48e499b97341934042d3b3152
runs/sfm_dataset6_sfm_2048_sift_incremental_fullres_eval/diagnostics/runs/sfm_dataset6_sfm_2048_sift_incremental_fullres_eval/resource_summary.json,150,cb00c0611e4491b7f82b0b56ee07f1065d21a8fbed376252727689ac52d9cef0
runs/sfm_dataset6_sfm_2048_sift_incremental_fullres_eval/resource_samples.csv,114545,664b77fa7959d27d85ed9499896b4f2f12dfe3c48e499b97341934042d3b3152
runs/sfm_dataset6_sfm_2048_sift_incremental_fullres_eval/sfm_dataset6_sfm_2048_sift_incremental_fullres_eval.exit,32,aeb7fb11bf52cbddd6345591d2fde0597587b7b1cffe51a7219f9a75902d8158
runs/sfm_dataset6_sfm_2048_sift_incremental_fullres_eval/worker_identity.json,728,6ed94e4536cad48096d5d83203fda555ee96cfcf61ec269b28e06f5b57225f42
runs/sfm_dataset6_sfm_full_aliked_global_fullres_eval/ablation_eval/jobs/sfm_dataset6_sfm_full_aliked_global/resource_samples.csv,59835,ef5d23de038c4191454aba3a25624b642f010493b61fd067b9adc2757f91a258
runs/sfm_dataset6_sfm_full_aliked_global_fullres_eval/ablation_eval/manifest.csv,3553,10a24a6f78edc7cfef1622b76454ae564547fc60de1b697ae342fc597da9f165
runs/sfm_dataset6_sfm_full_aliked_global_fullres_eval/ablation_eval/metrics_long.csv,16526,0dc6216e8694237ea8654df9a3a73c971f8287d3cf84553971fde1db11a5c511
runs/sfm_dataset6_sfm_full_aliked_global_fullres_eval/ablation_eval/results_final.csv,129,6cf300cc3eaa1536de18eb4bdbeb47d3308e50e0dd2e0f8c8cbbee795a57b170
runs/sfm_dataset6_sfm_full_aliked_global_fullres_eval/ablation_eval/results_sfm.csv,1171,124e52ebe6a8bf359b6ff6546661598bdda2916592b6ae82fe73057e767a642e
runs/sfm_dataset6_sfm_full_aliked_global_fullres_eval/ablation_eval/results_splat.csv,3764,81ecb4d9222ba3cb036c97b7163bffcac18384c62c64d8f07af97889fe384473
runs/sfm_dataset6_sfm_full_aliked_global_fullres_eval/ablation_eval/splat_eval/sfm_dataset6_sfm_full_aliked_global/p000/attempt_1/lfs_eval_config.json,1356,cb2203da5d26ff25c0d3c42eadd03120278f181cccef913e88874a417c2f1132
runs/sfm_dataset6_sfm_full_aliked_global_fullres_eval/ablation_eval/splat_eval/sfm_dataset6_sfm_full_aliked_global/p000/attempt_1/loss_history.csv,8229,a76414dba1e3625583ee114b197998eb36f57745bc58f07c0d9263c222036c80
runs/sfm_dataset6_sfm_full_aliked_global_fullres_eval/ablation_eval/splat_eval/sfm_dataset6_sfm_full_aliked_global/p000/attempt_1/metrics.csv,417,2a54abb1d82a457a94a04bf1ed85ffda71ca339a976e95aa35d7dc82a37fd73b
runs/sfm_dataset6_sfm_full_aliked_global_fullres_eval/ablation_eval/splat_eval/sfm_dataset6_sfm_full_aliked_global/p000/attempt_1/python_metrics.json,456,62d61373d6306661a2e472cb7e14b23d655101f6348c2ce75cf3bc5d03aac400
runs/sfm_dataset6_sfm_full_aliked_global_fullres_eval/ablation_eval/splat_eval/sfm_dataset6_sfm_full_aliked_global/p000/attempt_1/resource_samples.csv,7467,f091c28f98c00d31ef81c7a3366c4881bde085551029fa15c8fce94b52a522e7
runs/sfm_dataset6_sfm_full_aliked_global_fullres_eval/ablation_eval/splat_eval/sfm_dataset6_sfm_full_aliked_global/p000/attempt_1/training_status.json,2151,0c1f66c1603a044a88fdec11d51323956d93d7ce7bf1f9821f04586899ba011c
runs/sfm_dataset6_sfm_full_aliked_global_fullres_eval/ablation_eval/splat_eval/sfm_dataset6_sfm_full_aliked_global/p005/attempt_1/lfs_eval_config.json,1356,cb2203da5d26ff25c0d3c42eadd03120278f181cccef913e88874a417c2f1132
runs/sfm_dataset6_sfm_full_aliked_global_fullres_eval/ablation_eval/splat_eval/sfm_dataset6_sfm_full_aliked_global/p005/attempt_1/loss_history.csv,8222,0289cf1d2e2d948bbe929bb8308274a945986a529a99b9a0a641ce7fc15a1b34
runs/sfm_dataset6_sfm_full_aliked_global_fullres_eval/ablation_eval/splat_eval/sfm_dataset6_sfm_full_aliked_global/p005/attempt_1/metrics.csv,417,bdbaaffeb9e4a5cb2a93621e7b70f0aa7135f7109a2e07ac21f71ebec86f70eb
runs/sfm_dataset6_sfm_full_aliked_global_fullres_eval/ablation_eval/splat_eval/sfm_dataset6_sfm_full_aliked_global/p005/attempt_1/python_metrics.json,456,62d61373d6306661a2e472cb7e14b23d655101f6348c2ce75cf3bc5d03aac400
runs/sfm_dataset6_sfm_full_aliked_global_fullres_eval/ablation_eval/splat_eval/sfm_dataset6_sfm_full_aliked_global/p005/attempt_1/resource_samples.csv,6726,5745d4b020c93d724856578edeb2961d1cb423c29123aaf1ea343fab49e356df
runs/sfm_dataset6_sfm_full_aliked_global_fullres_eval/ablation_eval/splat_eval/sfm_dataset6_sfm_full_aliked_global/p005/attempt_1/training_status.json,2152,85f674d26b88380844f9fbd6456b4262b0d7f461d5b650c6a7a0d062192f1a7f
runs/sfm_dataset6_sfm_full_aliked_global_fullres_eval/ablation_eval/splat_eval/sfm_dataset6_sfm_full_aliked_global/p011/attempt_1/lfs_eval_config.json,1356,cb2203da5d26ff25c0d3c42eadd03120278f181cccef913e88874a417c2f1132
runs/sfm_dataset6_sfm_full_aliked_global_fullres_eval/ablation_eval/splat_eval/sfm_dataset6_sfm_full_aliked_global/p011/attempt_1/loss_history.csv,8224,54510c9e2b586fa3908d835f78d80e8c90fd11d75e0ba923dc0bcd819fc834fe
runs/sfm_dataset6_sfm_full_aliked_global_fullres_eval/ablation_eval/splat_eval/sfm_dataset6_sfm_full_aliked_global/p011/attempt_1/metrics.csv,417,316997ea409528f07947e53e3563dbfd9af701d412f84dc998fdcd7cc6709ef8
runs/sfm_dataset6_sfm_full_aliked_global_fullres_eval/ablation_eval/splat_eval/sfm_dataset6_sfm_full_aliked_global/p011/attempt_1/python_metrics.json,456,62d61373d6306661a2e472cb7e14b23d655101f6348c2ce75cf3bc5d03aac400
runs/sfm_dataset6_sfm_full_aliked_global_fullres_eval/ablation_eval/splat_eval/sfm_dataset6_sfm_full_aliked_global/p011/attempt_1/resource_samples.csv,5939,10f587987c0c54eaa3a2bcb2b57f4a8ba670076961100e2ec9f0ce814a68ca13
runs/sfm_dataset6_sfm_full_aliked_global_fullres_eval/ablation_eval/splat_eval/sfm_dataset6_sfm_full_aliked_global/p011/attempt_1/training_status.json,2153,d22a13233b0b66faaccaa1bbf109335fa5dc547c07167e0ea0f6a63bb7dbf092
runs/sfm_dataset6_sfm_full_aliked_global_fullres_eval/ablation_eval/splat_eval/sfm_dataset6_sfm_full_aliked_global/p016/attempt_1/lfs_eval_config.json,1356,cb2203da5d26ff25c0d3c42eadd03120278f181cccef913e88874a417c2f1132
runs/sfm_dataset6_sfm_full_aliked_global_fullres_eval/ablation_eval/splat_eval/sfm_dataset6_sfm_full_aliked_global/p016/attempt_1/loss_history.csv,8230,f4b5347a5fef1ef56f0adc3b02bf167f2e7c7bb09ce84147e7cc03d74f9f43d2
runs/sfm_dataset6_sfm_full_aliked_global_fullres_eval/ablation_eval/splat_eval/sfm_dataset6_sfm_full_aliked_global/p016/attempt_1/metrics.csv,417,51a33a13b754eef57e72eb39d420c18dfb3455903ec30ac9d7e7b4b6b895d996
runs/sfm_dataset6_sfm_full_aliked_global_fullres_eval/ablation_eval/splat_eval/sfm_dataset6_sfm_full_aliked_global/p016/attempt_1/python_metrics.json,456,62d61373d6306661a2e472cb7e14b23d655101f6348c2ce75cf3bc5d03aac400
runs/sfm_dataset6_sfm_full_aliked_global_fullres_eval/ablation_eval/splat_eval/sfm_dataset6_sfm_full_aliked_global/p016/attempt_1/resource_samples.csv,6594,4827f70bcc7988d5b74dd3f6324438ba57bcb39cf89c8e0c85a8fca05973e0c4
runs/sfm_dataset6_sfm_full_aliked_global_fullres_eval/ablation_eval/splat_eval/sfm_dataset6_sfm_full_aliked_global/p016/attempt_1/training_status.json,2152,ee39001084f44b9c38fafcfcd01c4cac5d5d57fbd370a86bcef58c3bc57526ca
runs/sfm_dataset6_sfm_full_aliked_global_fullres_eval/ablation_eval/splat_eval/sfm_dataset6_sfm_full_aliked_global/p021/attempt_1/lfs_eval_config.json,1356,cb2203da5d26ff25c0d3c42eadd03120278f181cccef913e88874a417c2f1132
runs/sfm_dataset6_sfm_full_aliked_global_fullres_eval/ablation_eval/splat_eval/sfm_dataset6_sfm_full_aliked_global/p021/attempt_1/loss_history.csv,8233,1689970b366f7db0715c1959dcc4b6f73c22cd255535c48849e99ac4d5a9dda0
runs/sfm_dataset6_sfm_full_aliked_global_fullres_eval/ablation_eval/splat_eval/sfm_dataset6_sfm_full_aliked_global/p021/attempt_1/metrics.csv,417,2b4f29fdba73a917d7d39ff20db6176536f07af9e67cf9195ebd9a1bb46ce578
runs/sfm_dataset6_sfm_full_aliked_global_fullres_eval/ablation_eval/splat_eval/sfm_dataset6_sfm_full_aliked_global/p021/attempt_1/python_metrics.json,456,62d61373d6306661a2e472cb7e14b23d655101f6348c2ce75cf3bc5d03aac400
runs/sfm_dataset6_sfm_full_aliked_global_fullres_eval/ablation_eval/splat_eval/sfm_dataset6_sfm_full_aliked_global/p021/attempt_1/resource_samples.csv,7606,276b974ef98b41d557063de7b0b9522c8a04099e601da90dc4070688738d6eb3
runs/sfm_dataset6_sfm_full_aliked_global_fullres_eval/ablation_eval/splat_eval/sfm_dataset6_sfm_full_aliked_global/p021/attempt_1/training_status.json,2148,6c9194aad8186c238c861c26a35c8f0cf2647a68060004fe97d64494a616eec2
runs/sfm_dataset6_sfm_full_aliked_global_fullres_eval/ablation_eval/splat_eval/sfm_dataset6_sfm_full_aliked_global/p027/attempt_1/lfs_eval_config.json,1356,cb2203da5d26ff25c0d3c42eadd03120278f181cccef913e88874a417c2f1132
runs/sfm_dataset6_sfm_full_aliked_global_fullres_eval/ablation_eval/splat_eval/sfm_dataset6_sfm_full_aliked_global/p027/attempt_1/loss_history.csv,8217,4073732c19511586ce89a58e54d33a7b2458f2ed62b8b561eb958e62786d4192
runs/sfm_dataset6_sfm_full_aliked_global_fullres_eval/ablation_eval/splat_eval/sfm_dataset6_sfm_full_aliked_global/p027/attempt_1/metrics.csv,417,59968b616ce274495db5cc6e883113e110cac2987f4d38a1eeffeaa266ef8cd6
runs/sfm_dataset6_sfm_full_aliked_global_fullres_eval/ablation_eval/splat_eval/sfm_dataset6_sfm_full_aliked_global/p027/attempt_1/python_metrics.json,456,62d61373d6306661a2e472cb7e14b23d655101f6348c2ce75cf3bc5d03aac400
runs/sfm_dataset6_sfm_full_aliked_global_fullres_eval/ablation_eval/splat_eval/sfm_dataset6_sfm_full_aliked_global/p027/attempt_1/resource_samples.csv,6199,3cd5cdc3585ef4911f78c78a0837fcd8a8c211051b33b73124e851a0efa79528
runs/sfm_dataset6_sfm_full_aliked_global_fullres_eval/ablation_eval/splat_eval/sfm_dataset6_sfm_full_aliked_global/p027/attempt_1/training_status.json,2151,4b19bb0f5e3e2f6fa02ac2285279370c5f985c85ce937517dace8ef027eb8f3d
runs/sfm_dataset6_sfm_full_aliked_global_fullres_eval/ablation_eval/splat_eval/sfm_dataset6_sfm_full_aliked_global/p032/attempt_1/lfs_eval_config.json,1356,cb2203da5d26ff25c0d3c42eadd03120278f181cccef913e88874a417c2f1132
runs/sfm_dataset6_sfm_full_aliked_global_fullres_eval/ablation_eval/splat_eval/sfm_dataset6_sfm_full_aliked_global/p032/attempt_1/loss_history.csv,8224,c6b1d76315b1eb39b1c095a3321dc84486d386d8f8940531f68c96ac4b9f22b8
runs/sfm_dataset6_sfm_full_aliked_global_fullres_eval/ablation_eval/splat_eval/sfm_dataset6_sfm_full_aliked_global/p032/attempt_1/metrics.csv,417,dbf8e0bb4f0cfaeb672aa93b163c02302380e2869ab822f609e4a5d8ee5dc9db
runs/sfm_dataset6_sfm_full_aliked_global_fullres_eval/ablation_eval/splat_eval/sfm_dataset6_sfm_full_aliked_global/p032/attempt_1/python_metrics.json,456,62d61373d6306661a2e472cb7e14b23d655101f6348c2ce75cf3bc5d03aac400
runs/sfm_dataset6_sfm_full_aliked_global_fullres_eval/ablation_eval/splat_eval/sfm_dataset6_sfm_full_aliked_global/p032/attempt_1/resource_samples.csv,5626,5d954c3f7027341276104387051ebcd782251419142dfba4d24c227ab267ce97
runs/sfm_dataset6_sfm_full_aliked_global_fullres_eval/ablation_eval/splat_eval/sfm_dataset6_sfm_full_aliked_global/p032/attempt_1/training_status.json,2148,3390a3c7f90c386548a9d4f0a99882067f2f9c16f232ca90baf0025fd17d702d
runs/sfm_dataset6_sfm_full_aliked_global_fullres_eval/ablation_eval/splat_eval/sfm_dataset6_sfm_full_aliked_global/p037/attempt_1/lfs_eval_config.json,1356,cb2203da5d26ff25c0d3c42eadd03120278f181cccef913e88874a417c2f1132
runs/sfm_dataset6_sfm_full_aliked_global_fullres_eval/ablation_eval/splat_eval/sfm_dataset6_sfm_full_aliked_global/p037/attempt_1/loss_history.csv,8222,bae02713c0413cbf1dcbba36ea999c1366b79df359773efe2fbe5a8db8b0c9a2
runs/sfm_dataset6_sfm_full_aliked_global_fullres_eval/ablation_eval/splat_eval/sfm_dataset6_sfm_full_aliked_global/p037/attempt_1/metrics.csv,417,ac935cbe8fdc8a8092e1ec3d4867cb88057f2f0bc073bbb742d060ac130b8c93
runs/sfm_dataset6_sfm_full_aliked_global_fullres_eval/ablation_eval/splat_eval/sfm_dataset6_sfm_full_aliked_global/p037/attempt_1/python_metrics.json,456,62d61373d6306661a2e472cb7e14b23d655101f6348c2ce75cf3bc5d03aac400
runs/sfm_dataset6_sfm_full_aliked_global_fullres_eval/ablation_eval/splat_eval/sfm_dataset6_sfm_full_aliked_global/p037/attempt_1/resource_samples.csv,5406,f3f428ccc7556aa37010545e8ded449e69194dc61630cca9f25cc894ef69dacf
runs/sfm_dataset6_sfm_full_aliked_global_fullres_eval/ablation_eval/splat_eval/sfm_dataset6_sfm_full_aliked_global/p037/attempt_1/training_status.json,2150,6812fe029d172cd4827b2326125f869e804cd34c7ac5c6b365ab2432c3b6016d
runs/sfm_dataset6_sfm_full_aliked_global_fullres_eval/ablation_eval/splat_eval/sfm_dataset6_sfm_full_aliked_global/p043/attempt_1/lfs_eval_config.json,1356,cb2203da5d26ff25c0d3c42eadd03120278f181cccef913e88874a417c2f1132
runs/sfm_dataset6_sfm_full_aliked_global_fullres_eval/ablation_eval/splat_eval/sfm_dataset6_sfm_full_aliked_global/p043/attempt_1/loss_history.csv,8205,adc34f358c418d49c5b6f829a40b6b0fcc4b904ffa65ea9d9c0c379315b2bc37
runs/sfm_dataset6_sfm_full_aliked_global_fullres_eval/ablation_eval/splat_eval/sfm_dataset6_sfm_full_aliked_global/p043/attempt_1/metrics.csv,417,9d009c485c48fe332191244f1d9848d7a96f1e9cb24d5c3476f01e51f73cba11
runs/sfm_dataset6_sfm_full_aliked_global_fullres_eval/ablation_eval/splat_eval/sfm_dataset6_sfm_full_aliked_global/p043/attempt_1/python_metrics.json,456,62d61373d6306661a2e472cb7e14b23d655101f6348c2ce75cf3bc5d03aac400
runs/sfm_dataset6_sfm_full_aliked_global_fullres_eval/ablation_eval/splat_eval/sfm_dataset6_sfm_full_aliked_global/p043/attempt_1/resource_samples.csv,5274,257a898452f026a166aaa4d437018079f588e7d0c8a00d9c838fa60d67bd749f
runs/sfm_dataset6_sfm_full_aliked_global_fullres_eval/ablation_eval/splat_eval/sfm_dataset6_sfm_full_aliked_global/p043/attempt_1/training_status.json,2152,92588260e4ce821d4b7ed4df600e56d97d141e74fae49442b4b5b4b9f9d460c7
runs/sfm_dataset6_sfm_full_aliked_global_fullres_eval/ablation_eval/splat_eval/sfm_dataset6_sfm_full_aliked_global/p048/attempt_1/lfs_eval_config.json,1356,cb2203da5d26ff25c0d3c42eadd03120278f181cccef913e88874a417c2f1132
runs/sfm_dataset6_sfm_full_aliked_global_fullres_eval/ablation_eval/splat_eval/sfm_dataset6_sfm_full_aliked_global/p048/attempt_1/loss_history.csv,8217,de8fb1265b7b224ede61eba8bb5406f8774ae64a2d56b4fc31182c59021b072d
runs/sfm_dataset6_sfm_full_aliked_global_fullres_eval/ablation_eval/splat_eval/sfm_dataset6_sfm_full_aliked_global/p048/attempt_1/metrics.csv,417,c37bd78941e01d195075e393b5370a6d9b69a82d988b5de935df1d7475ac8dd5
runs/sfm_dataset6_sfm_full_aliked_global_fullres_eval/ablation_eval/splat_eval/sfm_dataset6_sfm_full_aliked_global/p048/attempt_1/python_metrics.json,456,62d61373d6306661a2e472cb7e14b23d655101f6348c2ce75cf3bc5d03aac400
runs/sfm_dataset6_sfm_full_aliked_global_fullres_eval/ablation_eval/splat_eval/sfm_dataset6_sfm_full_aliked_global/p048/attempt_1/resource_samples.csv,5450,7680a32319217c3675c2d038e9ab68fef2ff7d05c6596ea70ec9c86514f76494
runs/sfm_dataset6_sfm_full_aliked_global_fullres_eval/ablation_eval/splat_eval/sfm_dataset6_sfm_full_aliked_global/p048/attempt_1/training_status.json,2150,d7a48b2e37fff8d1f078a5a24874047fe0d6c9dc6a7754c3561adf2106748201
runs/sfm_dataset6_sfm_full_aliked_global_fullres_eval/ablation_eval/splat_eval_selection.json,562,20addf521996fa79da47619afb5ad16a8a47fd3dfd32a4ecb29a67d7392845db
runs/sfm_dataset6_sfm_full_aliked_global_fullres_eval/diagnostics/runs/sfm_dataset6_sfm_full_aliked_global/logs/colmap.log,17142485,a6fa5770f5915063685070bb064f48de7329b1983f4ed697f5586e88df1a5a79
runs/sfm_dataset6_sfm_full_aliked_global_fullres_eval/diagnostics/runs/sfm_dataset6_sfm_full_aliked_global/logs/pipeline.log,5045,141f794f743f9970a7d8845b969c243738c82fe171c3d76e896d2af90a055099
runs/sfm_dataset6_sfm_full_aliked_global_fullres_eval/diagnostics/runs/sfm_dataset6_sfm_full_aliked_global/logs/warnings.log,274,d9e7e8a1dec9f3788bac9dca7598c696ebd7b07d064728ee0e2470b70eb0f583
runs/sfm_dataset6_sfm_full_aliked_global_fullres_eval/diagnostics/runs/sfm_dataset6_sfm_full_aliked_global/run_status.json,701,2d87454a7c1f2c6a3e525cd83835c8bfc80f050b960673cefd56c229ba37c016
runs/sfm_dataset6_sfm_full_aliked_global_fullres_eval/diagnostics/runs/sfm_dataset6_sfm_full_aliked_global/timings.json,2195,27d59f074747208ce8d300293478ad742c55cece4e56beed244a6d04cae1c51e
runs/sfm_dataset6_sfm_full_aliked_global_fullres_eval/diagnostics/runs/sfm_dataset6_sfm_full_aliked_global_fullres_eval/resource_samples.csv,84117,927659a7285544658c0c7221577df6c46075343401b180bc2469c9134502927c
runs/sfm_dataset6_sfm_full_aliked_global_fullres_eval/diagnostics/runs/sfm_dataset6_sfm_full_aliked_global_fullres_eval/resource_summary.json,152,dbaf969a45dddc4fbc27b3cfa744e5ab719f2f07bff3f868d7d3bef2f13e303b
runs/sfm_dataset6_sfm_full_aliked_global_fullres_eval/resource_samples.csv,84117,927659a7285544658c0c7221577df6c46075343401b180bc2469c9134502927c
runs/sfm_dataset6_sfm_full_aliked_global_fullres_eval/scientific_runs/sfm_dataset6_sfm_full_aliked_global/logs/colmap.log,17142485,a6fa5770f5915063685070bb064f48de7329b1983f4ed697f5586e88df1a5a79
runs/sfm_dataset6_sfm_full_aliked_global_fullres_eval/scientific_runs/sfm_dataset6_sfm_full_aliked_global/logs/pipeline.log,5045,141f794f743f9970a7d8845b969c243738c82fe171c3d76e896d2af90a055099
runs/sfm_dataset6_sfm_full_aliked_global_fullres_eval/scientific_runs/sfm_dataset6_sfm_full_aliked_global/logs/warnings.log,274,d9e7e8a1dec9f3788bac9dca7598c696ebd7b07d064728ee0e2470b70eb0f583
runs/sfm_dataset6_sfm_full_aliked_global_fullres_eval/scientific_runs/sfm_dataset6_sfm_full_aliked_global/run_status.json,701,2d87454a7c1f2c6a3e525cd83835c8bfc80f050b960673cefd56c229ba37c016
runs/sfm_dataset6_sfm_full_aliked_global_fullres_eval/scientific_runs/sfm_dataset6_sfm_full_aliked_global/timings.json,2195,27d59f074747208ce8d300293478ad742c55cece4e56beed244a6d04cae1c51e
runs/sfm_dataset6_sfm_full_aliked_global_fullres_eval/sfm_dataset6_sfm_full_aliked_global_fullres_eval.exit,32,aeb7fb11bf52cbddd6345591d2fde0597587b7b1cffe51a7219f9a75902d8158
runs/sfm_dataset6_sfm_full_aliked_global_fullres_eval/worker_identity.json,725,115c169435f1c1ce1deac5462bead1c84b3aff49e93bff3e2d59cde0a9169f48
runs/sfm_dataset6_sfm_full_aliked_incremental_fullres_eval/ablation_eval/jobs/sfm_dataset6_sfm_full_aliked_incremental/resource_samples.csv,126903,99d3b397b8aaa0f5f8d78a8c097ae34fb9c6bb2e4d58c4277a195fbe804e2c77
runs/sfm_dataset6_sfm_full_aliked_incremental_fullres_eval/ablation_eval/manifest.csv,3616,ca86695f0035297b0d6b3abbdff0d490ab16869542a4c1f6b4783d523862b202
runs/sfm_dataset6_sfm_full_aliked_incremental_fullres_eval/ablation_eval/results_final.csv,129,6cf300cc3eaa1536de18eb4bdbeb47d3308e50e0dd2e0f8c8cbbee795a57b170
runs/sfm_dataset6_sfm_full_aliked_incremental_fullres_eval/ablation_eval/results_sfm.csv,865,748b0726b4e713c000f78664d1d545ef010e7a7a44810316cf83cf621b8c91fc
runs/sfm_dataset6_sfm_full_aliked_incremental_fullres_eval/ablation_eval/results_splat.csv,318,f30916efe05598690e40a7431dc84e59ad72810b3f48ee41c24f9e958f698e6e
runs/sfm_dataset6_sfm_full_aliked_incremental_fullres_eval/ablation_eval/splat_eval_selection.json,188,143de258cc1a5ad6641137b7dab6c5a6593afb7a9beca5f83021c90af7684864
runs/sfm_dataset6_sfm_full_aliked_incremental_fullres_eval/diagnostics/runs/sfm_dataset6_sfm_full_aliked_incremental/logs/colmap.log,11790085,8702e6b5ba69400365bbb8a8f2e98ed01ed04dae77822ecbc15bf414e7bdeba7
runs/sfm_dataset6_sfm_full_aliked_incremental_fullres_eval/diagnostics/runs/sfm_dataset6_sfm_full_aliked_incremental/logs/pipeline.log,2487,ff13f2c8ec0b16872a1c4047d200b4de647aaadea52ff12d94df2382c764e201
runs/sfm_dataset6_sfm_full_aliked_incremental_fullres_eval/diagnostics/runs/sfm_dataset6_sfm_full_aliked_incremental/logs/warnings.log,274,2bcbf2b5fdca17aba85c33671bb8e06b4fef56793017e7ad1855786fa2796202
runs/sfm_dataset6_sfm_full_aliked_incremental_fullres_eval/diagnostics/runs/sfm_dataset6_sfm_full_aliked_incremental/run_status.json,1353,97a8b9f3023174f882be92268c855345a75678461d6ef636d06ac00cb2116a39
runs/sfm_dataset6_sfm_full_aliked_incremental_fullres_eval/diagnostics/runs/sfm_dataset6_sfm_full_aliked_incremental/timings.json,3807,851a347e1964badc101628830c4792102816596e0a78303ee8776cc1388e28ec
runs/sfm_dataset6_sfm_full_aliked_incremental_fullres_eval/diagnostics/runs/sfm_dataset6_sfm_full_aliked_incremental_fullres_eval/resource_samples.csv,115449,ddd6a673fc71812089eee9174932aba3a6fea0e5f0e7b8fc3fd13a6f4fcc3f7e
runs/sfm_dataset6_sfm_full_aliked_incremental_fullres_eval/diagnostics/runs/sfm_dataset6_sfm_full_aliked_incremental_fullres_eval/resource_summary.json,151,c728d98fede95324a5b85ee955056756f07137c805e0e6056cd7c0d7e055f651
runs/sfm_dataset6_sfm_full_aliked_incremental_fullres_eval/resource_samples.csv,115449,ddd6a673fc71812089eee9174932aba3a6fea0e5f0e7b8fc3fd13a6f4fcc3f7e
runs/sfm_dataset6_sfm_full_aliked_incremental_fullres_eval/sfm_dataset6_sfm_full_aliked_incremental_fullres_eval.exit,32,aeb7fb11bf52cbddd6345591d2fde0597587b7b1cffe51a7219f9a75902d8158
runs/sfm_dataset6_sfm_full_aliked_incremental_fullres_eval/worker_identity.json,730,a4bcd37fb5b030faf212a4f032490b1bd8d93d40fdaecdbe4ae06a24defe70f8
runs/sfm_dataset6_sfm_full_sift_global_fullres_eval/ablation_eval/jobs/sfm_dataset6_sfm_full_sift_global/resource_samples.csv,76419,348b0686a7461ac6f097c87d4668f89bce1ca87dfeec4d7e52e5331adccd179e
runs/sfm_dataset6_sfm_full_sift_global_fullres_eval/ablation_eval/manifest.csv,3341,0a1ab336e2bcf15106e0e652f4bf2976ca3c2b99a7d466698d549330baebbdbf
runs/sfm_dataset6_sfm_full_sift_global_fullres_eval/ablation_eval/metrics_long.csv,17879,8efff2bb5c672e29823a26c9b44526788ed0ff0c011e16fde468073183264115
runs/sfm_dataset6_sfm_full_sift_global_fullres_eval/ablation_eval/results_final.csv,129,6cf300cc3eaa1536de18eb4bdbeb47d3308e50e0dd2e0f8c8cbbee795a57b170
runs/sfm_dataset6_sfm_full_sift_global_fullres_eval/ablation_eval/results_sfm.csv,1165,a488be1628a29f0eba90b3564f21403180b5cc4b5321c327a485059fb9db4b28
runs/sfm_dataset6_sfm_full_sift_global_fullres_eval/ablation_eval/results_splat.csv,4066,dcadef54ed9b9697430ea93512ced2a6578804ebaa9595629d75e3781a108d29
runs/sfm_dataset6_sfm_full_sift_global_fullres_eval/ablation_eval/results_splat.pre_near_empty_replacement.csv,3370,7b56ca89df02ef9bb9839c69ff95e225468739d21083cd1c32abbaa7bae47dc0
runs/sfm_dataset6_sfm_full_sift_global_fullres_eval/ablation_eval/splat_eval/sfm_dataset6_sfm_full_sift_global/p000/attempt_1/lfs_eval_config.json,1356,cb2203da5d26ff25c0d3c42eadd03120278f181cccef913e88874a417c2f1132
runs/sfm_dataset6_sfm_full_sift_global_fullres_eval/ablation_eval/splat_eval/sfm_dataset6_sfm_full_sift_global/p000/attempt_1/loss_history.csv,8232,197fb04f4c2bf55b06944c5275320e62abfc7a1d0b431039fe4116bbb19b9c1f
runs/sfm_dataset6_sfm_full_sift_global_fullres_eval/ablation_eval/splat_eval/sfm_dataset6_sfm_full_sift_global/p000/attempt_1/metrics.csv,417,18d9eb2bf4b4e5e7c2aa3cd997cc53e76a346c88d3b93c18de66f81f942ea135
runs/sfm_dataset6_sfm_full_sift_global_fullres_eval/ablation_eval/splat_eval/sfm_dataset6_sfm_full_sift_global/p000/attempt_1/python_metrics.json,456,1fa9ced54fb2c76b616d405aa03af78070fad57bd42701b0b80558e137b4ab69
runs/sfm_dataset6_sfm_full_sift_global_fullres_eval/ablation_eval/splat_eval/sfm_dataset6_sfm_full_sift_global/p000/attempt_1/resource_samples.csv,5049,1a89acd3e09507000d533303ee033af1f9d253c1aad89e02ee1db0097a9d4138
runs/sfm_dataset6_sfm_full_sift_global_fullres_eval/ablation_eval/splat_eval/sfm_dataset6_sfm_full_sift_global/p000/attempt_1/training_status.json,2137,4c582bc9665d4472bc189d65c6cbf2687ac7f27d3091eaf4d06d6e63b591dec2
runs/sfm_dataset6_sfm_full_sift_global_fullres_eval/ablation_eval/splat_eval/sfm_dataset6_sfm_full_sift_global/p001/attempt_1/lfs_eval_config.json,1356,cb2203da5d26ff25c0d3c42eadd03120278f181cccef913e88874a417c2f1132
runs/sfm_dataset6_sfm_full_sift_global_fullres_eval/ablation_eval/splat_eval/sfm_dataset6_sfm_full_sift_global/p001/attempt_1/loss_history.csv,8211,096674e0d61627ddbe4891c81b6be59b09cc8121a6b16479c1ff65d7a8986e2a
runs/sfm_dataset6_sfm_full_sift_global_fullres_eval/ablation_eval/splat_eval/sfm_dataset6_sfm_full_sift_global/p001/attempt_1/metrics.csv,417,4f5e5c9b63b4370a87c60974018f55ca08743c3c772909821d0b1b6eaae57a21
runs/sfm_dataset6_sfm_full_sift_global_fullres_eval/ablation_eval/splat_eval/sfm_dataset6_sfm_full_sift_global/p001/attempt_1/python_metrics.json,456,1fa9ced54fb2c76b616d405aa03af78070fad57bd42701b0b80558e137b4ab69
runs/sfm_dataset6_sfm_full_sift_global_fullres_eval/ablation_eval/splat_eval/sfm_dataset6_sfm_full_sift_global/p001/attempt_1/resource_samples.csv,4567,dd7b5f1dd7885a1552f473b8868747afb3274a57fd44a0f256b1e082c274abc4
runs/sfm_dataset6_sfm_full_sift_global_fullres_eval/ablation_eval/splat_eval/sfm_dataset6_sfm_full_sift_global/p001/attempt_1/training_status.json,2138,e86555a7eefd919d6cd429a54f4c8f7292ff4b055435924de64edaa3bf207936
runs/sfm_dataset6_sfm_full_sift_global_fullres_eval/ablation_eval/splat_eval/sfm_dataset6_sfm_full_sift_global/p007/attempt_1/lfs_eval_config.json,1356,cb2203da5d26ff25c0d3c42eadd03120278f181cccef913e88874a417c2f1132
runs/sfm_dataset6_sfm_full_sift_global_fullres_eval/ablation_eval/splat_eval/sfm_dataset6_sfm_full_sift_global/p007/attempt_1/loss_history.csv,8199,c3717c794643618ad1feefb8c447f6b947ea9b81867bf1fb6061c1ea9e969666
runs/sfm_dataset6_sfm_full_sift_global_fullres_eval/ablation_eval/splat_eval/sfm_dataset6_sfm_full_sift_global/p007/attempt_1/metrics.csv,417,6a6549970750467701df91f467fdfb04b201285405c7ea392f6cf9bd41bf7216
runs/sfm_dataset6_sfm_full_sift_global_fullres_eval/ablation_eval/splat_eval/sfm_dataset6_sfm_full_sift_global/p007/attempt_1/python_metrics.json,456,1fa9ced54fb2c76b616d405aa03af78070fad57bd42701b0b80558e137b4ab69
runs/sfm_dataset6_sfm_full_sift_global_fullres_eval/ablation_eval/splat_eval/sfm_dataset6_sfm_full_sift_global/p007/attempt_1/resource_samples.csv,6198,9b794b4188d8600820e2ee61bc8f5be0bddb74ab852b422f3a4cb9e72a07ea18
runs/sfm_dataset6_sfm_full_sift_global_fullres_eval/ablation_eval/splat_eval/sfm_dataset6_sfm_full_sift_global/p007/attempt_1/training_status.json,2136,01a206dfe0556f8c411a698e893cf99ab103e7c9a5726ece6928532a912cb6d6
runs/sfm_dataset6_sfm_full_sift_global_fullres_eval/ablation_eval/splat_eval/sfm_dataset6_sfm_full_sift_global/p015/attempt_1/lfs_eval_config.json,1356,cb2203da5d26ff25c0d3c42eadd03120278f181cccef913e88874a417c2f1132
runs/sfm_dataset6_sfm_full_sift_global_fullres_eval/ablation_eval/splat_eval/sfm_dataset6_sfm_full_sift_global/p015/attempt_1/loss_history.csv,8148,8be3d64d70fee1d655120bc7618ef34ecca1a054d927ca48650b33f45c3f718b
runs/sfm_dataset6_sfm_full_sift_global_fullres_eval/ablation_eval/splat_eval/sfm_dataset6_sfm_full_sift_global/p015/attempt_1/metrics.csv,417,542a0b9d2427b97a70561edbb3c1fbd36dc388648e167266949e1c61439f23ce
runs/sfm_dataset6_sfm_full_sift_global_fullres_eval/ablation_eval/splat_eval/sfm_dataset6_sfm_full_sift_global/p015/attempt_1/python_metrics.json,401,65fd661d7175b7d668511afccb443c3f3ca5bd4d4c2ee28b687008d1ad426245
runs/sfm_dataset6_sfm_full_sift_global_fullres_eval/ablation_eval/splat_eval/sfm_dataset6_sfm_full_sift_global/p015/attempt_1/resource_samples.csv,3470,ecbad9c5ee3c86614526dac22be8efb8fff63cb209041ba0a8f172bbbf49069c
runs/sfm_dataset6_sfm_full_sift_global_fullres_eval/ablation_eval/splat_eval/sfm_dataset6_sfm_full_sift_global/p015/attempt_1/training_status.json,2140,47e904dfcabc260f1d02891491646784ba62f509eb034e03b19390117d3c961f
runs/sfm_dataset6_sfm_full_sift_global_fullres_eval/ablation_eval/splat_eval/sfm_dataset6_sfm_full_sift_global/p023/attempt_1/lfs_eval_config.json,1356,cb2203da5d26ff25c0d3c42eadd03120278f181cccef913e88874a417c2f1132
runs/sfm_dataset6_sfm_full_sift_global_fullres_eval/ablation_eval/splat_eval/sfm_dataset6_sfm_full_sift_global/p023/attempt_1/loss_history.csv,8196,0f355a499f05e70550b90a2900ce4d38b34bad3fd34671d11b9a95d2f59d01fc
runs/sfm_dataset6_sfm_full_sift_global_fullres_eval/ablation_eval/splat_eval/sfm_dataset6_sfm_full_sift_global/p023/attempt_1/metrics.csv,417,19c7634f8aec6e5e754b6d5c3a01e4b021a4e960ac58abdbaba7c68304fff985
runs/sfm_dataset6_sfm_full_sift_global_fullres_eval/ablation_eval/splat_eval/sfm_dataset6_sfm_full_sift_global/p023/attempt_1/python_metrics.json,401,65fd661d7175b7d668511afccb443c3f3ca5bd4d4c2ee28b687008d1ad426245
runs/sfm_dataset6_sfm_full_sift_global_fullres_eval/ablation_eval/splat_eval/sfm_dataset6_sfm_full_sift_global/p023/attempt_1/resource_samples.csv,3508,4cd7eb07755200cbea03d12fbf8e67a22d542a440b073ca7f4c893ba41304cb4
runs/sfm_dataset6_sfm_full_sift_global_fullres_eval/ablation_eval/splat_eval/sfm_dataset6_sfm_full_sift_global/p023/attempt_1/training_status.json,2132,0421ce851c7b0a5d58f7fb0284beeea12e4fb472c4f53257cce966f23cd51314
runs/sfm_dataset6_sfm_full_sift_global_fullres_eval/ablation_eval/splat_eval/sfm_dataset6_sfm_full_sift_global/p030/attempt_1/lfs_eval_config.json,1356,cb2203da5d26ff25c0d3c42eadd03120278f181cccef913e88874a417c2f1132
runs/sfm_dataset6_sfm_full_sift_global_fullres_eval/ablation_eval/splat_eval/sfm_dataset6_sfm_full_sift_global/p030/attempt_1/loss_history.csv,8192,8c3615007bde9bc6d12dddd78e993bb5e9b1425e7054842943c6c309bc95365f
runs/sfm_dataset6_sfm_full_sift_global_fullres_eval/ablation_eval/splat_eval/sfm_dataset6_sfm_full_sift_global/p030/attempt_1/metrics.csv,417,ecd3454c1c3aed62b9c20959577cfeefb78f362cd3a3b6f100c18c29b1c9757f
runs/sfm_dataset6_sfm_full_sift_global_fullres_eval/ablation_eval/splat_eval/sfm_dataset6_sfm_full_sift_global/p030/attempt_1/python_metrics.json,456,1fa9ced54fb2c76b616d405aa03af78070fad57bd42701b0b80558e137b4ab69
runs/sfm_dataset6_sfm_full_sift_global_fullres_eval/ablation_eval/splat_eval/sfm_dataset6_sfm_full_sift_global/p030/attempt_1/resource_samples.csv,4218,27c77d2ad4342c9792ada9883e9e901dc597d2f3df7db57bf8f29da07f13b1a9
runs/sfm_dataset6_sfm_full_sift_global_fullres_eval/ablation_eval/splat_eval/sfm_dataset6_sfm_full_sift_global/p030/attempt_1/training_status.json,2135,f9ac76ae73c13e096a89c9c1ee47a62317fe3020b1ca264b3f74c78a90e4c755
runs/sfm_dataset6_sfm_full_sift_global_fullres_eval/ablation_eval/splat_eval/sfm_dataset6_sfm_full_sift_global/p037/attempt_1/lfs_eval_config.json,1356,cb2203da5d26ff25c0d3c42eadd03120278f181cccef913e88874a417c2f1132
runs/sfm_dataset6_sfm_full_sift_global_fullres_eval/ablation_eval/splat_eval/sfm_dataset6_sfm_full_sift_global/p037/attempt_1/loss_history.csv,8192,c44af88d07067c0438208ee0620262d941c73de184e20bc93262919f0bc4d903
runs/sfm_dataset6_sfm_full_sift_global_fullres_eval/ablation_eval/splat_eval/sfm_dataset6_sfm_full_sift_global/p037/attempt_1/metrics.csv,417,2d63d895a660d3300fe7bd7b7d1e703d02dd200d526a8380841eed216aa6d8c8
runs/sfm_dataset6_sfm_full_sift_global_fullres_eval/ablation_eval/splat_eval/sfm_dataset6_sfm_full_sift_global/p037/attempt_1/python_metrics.json,456,1fa9ced54fb2c76b616d405aa03af78070fad57bd42701b0b80558e137b4ab69
runs/sfm_dataset6_sfm_full_sift_global_fullres_eval/ablation_eval/splat_eval/sfm_dataset6_sfm_full_sift_global/p037/attempt_1/resource_samples.csv,3822,a2b4064c44ccec301f42b3bfaf342194d04022d6bb0116eeca9cc28379fbcf86
runs/sfm_dataset6_sfm_full_sift_global_fullres_eval/ablation_eval/splat_eval/sfm_dataset6_sfm_full_sift_global/p037/attempt_1/training_status.json,2137,13755fc3b63505ce5d3266f310b6633fe7cfa1b04d108c45269abc3d7f39a1b8
runs/sfm_dataset6_sfm_full_sift_global_fullres_eval/ablation_eval/splat_eval/sfm_dataset6_sfm_full_sift_global/p045/attempt_1/lfs_eval_config.json,1356,cb2203da5d26ff25c0d3c42eadd03120278f181cccef913e88874a417c2f1132
runs/sfm_dataset6_sfm_full_sift_global_fullres_eval/ablation_eval/splat_eval/sfm_dataset6_sfm_full_sift_global/p045/attempt_1/loss_history.csv,8147,dbc5762368ea989bbcc4bd47503bcfd4052f85230761f5433f965ba2a664e6e7
runs/sfm_dataset6_sfm_full_sift_global_fullres_eval/ablation_eval/splat_eval/sfm_dataset6_sfm_full_sift_global/p045/attempt_1/metrics.csv,417,c62e2423a2b73a83c0f53a699577dec17ea3d06656a4621a6c5d957c7b675374
runs/sfm_dataset6_sfm_full_sift_global_fullres_eval/ablation_eval/splat_eval/sfm_dataset6_sfm_full_sift_global/p045/attempt_1/python_metrics.json,401,65fd661d7175b7d668511afccb443c3f3ca5bd4d4c2ee28b687008d1ad426245
runs/sfm_dataset6_sfm_full_sift_global_fullres_eval/ablation_eval/splat_eval/sfm_dataset6_sfm_full_sift_global/p045/attempt_1/resource_samples.csv,4130,4c320eb07418ddfa65f2ee509183c33d1e0b0b74b7e317fafa432d3319221023
runs/sfm_dataset6_sfm_full_sift_global_fullres_eval/ablation_eval/splat_eval/sfm_dataset6_sfm_full_sift_global/p045/attempt_1/training_status.json,2136,8e9ee8d919d01de36935394fb1ab8b12978bf843871ac8bdbcea06284435edf1
runs/sfm_dataset6_sfm_full_sift_global_fullres_eval/ablation_eval/splat_eval/sfm_dataset6_sfm_full_sift_global/p052/attempt_1/lfs_eval_config.json,1356,cb2203da5d26ff25c0d3c42eadd03120278f181cccef913e88874a417c2f1132
runs/sfm_dataset6_sfm_full_sift_global_fullres_eval/ablation_eval/splat_eval/sfm_dataset6_sfm_full_sift_global/p052/attempt_1/loss_history.csv,6477,f4f822ea2e30edfd1d65222492814b41ced4d1b0b4b5e87ec86ff5936755254e
runs/sfm_dataset6_sfm_full_sift_global_fullres_eval/ablation_eval/splat_eval/sfm_dataset6_sfm_full_sift_global/p052/attempt_1/metrics.csv,393,a25d4163a7a6f4a2036d9c12fd7cf12fc14e254c6e18da9cee541c6908f63e60
runs/sfm_dataset6_sfm_full_sift_global_fullres_eval/ablation_eval/splat_eval/sfm_dataset6_sfm_full_sift_global/p052/attempt_1/python_metrics.json,401,65fd661d7175b7d668511afccb443c3f3ca5bd4d4c2ee28b687008d1ad426245
runs/sfm_dataset6_sfm_full_sift_global_fullres_eval/ablation_eval/splat_eval/sfm_dataset6_sfm_full_sift_global/p052/attempt_1/resource_samples.csv,1534,67e605db45aa5f5341f8256cb46f6e6ad1d3d5a8333d9a2adb4dd1225ac11372
runs/sfm_dataset6_sfm_full_sift_global_fullres_eval/ablation_eval/splat_eval/sfm_dataset6_sfm_full_sift_global/p052/attempt_1/training_status.json,2113,8e13e56400827456239d0aa43880179ceedd42a9e2758148101df3f50f457ff3
runs/sfm_dataset6_sfm_full_sift_global_fullres_eval/ablation_eval/splat_eval/sfm_dataset6_sfm_full_sift_global/p054/attempt_1/lfs_eval_config.json,1356,cb2203da5d26ff25c0d3c42eadd03120278f181cccef913e88874a417c2f1132
runs/sfm_dataset6_sfm_full_sift_global_fullres_eval/ablation_eval/splat_eval/sfm_dataset6_sfm_full_sift_global/p054/attempt_1/loss_history.csv,8019,5a59d2eea0b05b62297d7ee0f1f8bb4d3acfcbe95bff4f8c75db50a82f9b2bc1
runs/sfm_dataset6_sfm_full_sift_global_fullres_eval/ablation_eval/splat_eval/sfm_dataset6_sfm_full_sift_global/p054/attempt_1/metrics.csv,417,5bc36fa7a52bbdb11730ee7a535df8fdaec9b06b9ebd125a9d387d8b1416ae32
runs/sfm_dataset6_sfm_full_sift_global_fullres_eval/ablation_eval/splat_eval/sfm_dataset6_sfm_full_sift_global/p054/attempt_1/python_metrics.json,401,007e736a65c314b348251ec761f561510d37881af00bbf5a7540e99b2e9b2dba
runs/sfm_dataset6_sfm_full_sift_global_fullres_eval/ablation_eval/splat_eval/sfm_dataset6_sfm_full_sift_global/p054/attempt_1/resource_samples.csv,3426,958373ddbcc6cbb6e9d3d1264da3ea46a31e1417b610ffccc3fbde5b9c8adc5f
runs/sfm_dataset6_sfm_full_sift_global_fullres_eval/ablation_eval/splat_eval/sfm_dataset6_sfm_full_sift_global/p054/attempt_1/training_status.json,2138,39b152ca44fba7e450bcd64bd6d7191c4239d687997e0c34f60b9e4834c238ff
runs/sfm_dataset6_sfm_full_sift_global_fullres_eval/ablation_eval/splat_eval/sfm_dataset6_sfm_full_sift_global/p060/attempt_1/lfs_eval_config.json,1356,cb2203da5d26ff25c0d3c42eadd03120278f181cccef913e88874a417c2f1132
runs/sfm_dataset6_sfm_full_sift_global_fullres_eval/ablation_eval/splat_eval/sfm_dataset6_sfm_full_sift_global/p060/attempt_1/loss_history.csv,8172,cbed21b83998a29062fd5c5defd080b551fed7e857dc448fa3aebc72d027e1a3
runs/sfm_dataset6_sfm_full_sift_global_fullres_eval/ablation_eval/splat_eval/sfm_dataset6_sfm_full_sift_global/p060/attempt_1/metrics.csv,417,e9c10919a6246a30fe8ef3f62c2fcbcdfd6e601e25c9665a820d08dc6e56ecdb
runs/sfm_dataset6_sfm_full_sift_global_fullres_eval/ablation_eval/splat_eval/sfm_dataset6_sfm_full_sift_global/p060/attempt_1/python_metrics.json,401,65fd661d7175b7d668511afccb443c3f3ca5bd4d4c2ee28b687008d1ad426245
runs/sfm_dataset6_sfm_full_sift_global_fullres_eval/ablation_eval/splat_eval/sfm_dataset6_sfm_full_sift_global/p060/attempt_1/resource_samples.csv,4042,e0261a03e7673ab252e2170cfdecca7dfb84c212bdf19fa6806c2dbbb08fee86
runs/sfm_dataset6_sfm_full_sift_global_fullres_eval/ablation_eval/splat_eval/sfm_dataset6_sfm_full_sift_global/p060/attempt_1/training_status.json,2139,4ba7c71a017c9b198eb5d16004d40ab1cd8d28f36022a43f5a01bb3e628d60b8
runs/sfm_dataset6_sfm_full_sift_global_fullres_eval/ablation_eval/splat_eval/sfm_dataset6_sfm_full_sift_global/p067/attempt_1/lfs_eval_config.json,1356,cb2203da5d26ff25c0d3c42eadd03120278f181cccef913e88874a417c2f1132
runs/sfm_dataset6_sfm_full_sift_global_fullres_eval/ablation_eval/splat_eval/sfm_dataset6_sfm_full_sift_global/p067/attempt_1/metrics.csv,49,b0870fadfbc8a0f12933b544763ce90676acd42692de75c4810b2c6bbdb8c4d3
runs/sfm_dataset6_sfm_full_sift_global_fullres_eval/ablation_eval/splat_eval/sfm_dataset6_sfm_full_sift_global/p067/attempt_1/resource_samples.csv,82,6a6d8500897a865d697c92ab2c420ab4faf84ce44bd45974ff89efbd31bc4719
runs/sfm_dataset6_sfm_full_sift_global_fullres_eval/ablation_eval/splat_eval_selection.json,558,ed528b1da0d80a5ca4aa32e7c53ea0c0e1b367ca16966be609993852e2ff2db8
runs/sfm_dataset6_sfm_full_sift_global_fullres_eval/diagnostics/runs/sfm_dataset6_sfm_full_sift_global/logs/colmap.log,17085286,12d6ccb50862c8a0d12b41ac6cb2b443e2f5922aa28c7c57b0e4c294e2c3a8ed
runs/sfm_dataset6_sfm_full_sift_global_fullres_eval/diagnostics/runs/sfm_dataset6_sfm_full_sift_global/logs/pipeline.log,5913,466ec3024bdea53f90178b963fbf0c4f413aa52a8109b271afa81b298a9c3189
runs/sfm_dataset6_sfm_full_sift_global_fullres_eval/diagnostics/runs/sfm_dataset6_sfm_full_sift_global/logs/warnings.log,274,7d7becd3b61a7d855fdc233a92b01d71018145f7214e98827238a69edbfd15b0
runs/sfm_dataset6_sfm_full_sift_global_fullres_eval/diagnostics/runs/sfm_dataset6_sfm_full_sift_global/run_status.json,701,a92e23c625722d831912dfed4877eb6d615a9de2ca884c726323b479e6ccbb1f
runs/sfm_dataset6_sfm_full_sift_global_fullres_eval/diagnostics/runs/sfm_dataset6_sfm_full_sift_global/timings.json,2195,fa9c5b086cfa136bae8c53f5fbe535e152c6b95f8765d07c66401f7ca55d64c8
runs/sfm_dataset6_sfm_full_sift_global_fullres_eval/diagnostics/runs/sfm_dataset6_sfm_full_sift_global_fullres_eval/resource_samples.csv,78377,b5f151278e21c5b036cf76bbe176449892a55ffe8400fb4e8cb0a72b0cd0e72d
runs/sfm_dataset6_sfm_full_sift_global_fullres_eval/diagnostics/runs/sfm_dataset6_sfm_full_sift_global_fullres_eval/resource_summary.json,152,f6dc64b9524a72414b437d5ccd284896fd28872822b6d1a2d32c3f10b8d03d03
runs/sfm_dataset6_sfm_full_sift_global_fullres_eval/resource_samples.csv,78377,b5f151278e21c5b036cf76bbe176449892a55ffe8400fb4e8cb0a72b0cd0e72d
runs/sfm_dataset6_sfm_full_sift_global_fullres_eval/scientific_runs/sfm_dataset6_sfm_full_sift_global/logs/colmap.log,17085286,12d6ccb50862c8a0d12b41ac6cb2b443e2f5922aa28c7c57b0e4c294e2c3a8ed
runs/sfm_dataset6_sfm_full_sift_global_fullres_eval/scientific_runs/sfm_dataset6_sfm_full_sift_global/logs/pipeline.log,5913,466ec3024bdea53f90178b963fbf0c4f413aa52a8109b271afa81b298a9c3189
runs/sfm_dataset6_sfm_full_sift_global_fullres_eval/scientific_runs/sfm_dataset6_sfm_full_sift_global/logs/warnings.log,274,7d7becd3b61a7d855fdc233a92b01d71018145f7214e98827238a69edbfd15b0
runs/sfm_dataset6_sfm_full_sift_global_fullres_eval/scientific_runs/sfm_dataset6_sfm_full_sift_global/run_status.json,701,a92e23c625722d831912dfed4877eb6d615a9de2ca884c726323b479e6ccbb1f
runs/sfm_dataset6_sfm_full_sift_global_fullres_eval/scientific_runs/sfm_dataset6_sfm_full_sift_global/timings.json,2195,fa9c5b086cfa136bae8c53f5fbe535e152c6b95f8765d07c66401f7ca55d64c8
runs/sfm_dataset6_sfm_full_sift_global_fullres_eval/sfm_dataset6_sfm_full_sift_global_fullres_eval.exit,32,aeb7fb11bf52cbddd6345591d2fde0597587b7b1cffe51a7219f9a75902d8158
runs/sfm_dataset6_sfm_full_sift_global_fullres_eval/worker_identity.json,723,782e0365f26c0edc8b1060a4af24c013c826d0f0e7f54272fb858e88c32ce281
runs/sfm_dataset6_sfm_full_sift_incremental_fullres_eval/ablation_eval/jobs/sfm_dataset6_sfm_full_sift_incremental/resource_samples.csv,126176,6dd151a072a3e458b98c6980d71459e389e38c5da1e873078d753e2188061c72
runs/sfm_dataset6_sfm_full_sift_incremental_fullres_eval/ablation_eval/manifest.csv,3403,ad908a68adc9443f85c6f620dc7753a52275fab9b5a51dfd93791e6ef4159a7c
runs/sfm_dataset6_sfm_full_sift_incremental_fullres_eval/ablation_eval/results_final.csv,129,6cf300cc3eaa1536de18eb4bdbeb47d3308e50e0dd2e0f8c8cbbee795a57b170
runs/sfm_dataset6_sfm_full_sift_incremental_fullres_eval/ablation_eval/results_sfm.csv,860,69dc9cfd4a6630f897b53d3b9f60fb5ac7a03421d4cbcf3edb547ed02e89f2dc
runs/sfm_dataset6_sfm_full_sift_incremental_fullres_eval/ablation_eval/results_splat.csv,318,f30916efe05598690e40a7431dc84e59ad72810b3f48ee41c24f9e958f698e6e
runs/sfm_dataset6_sfm_full_sift_incremental_fullres_eval/ablation_eval/splat_eval_selection.json,188,143de258cc1a5ad6641137b7dab6c5a6593afb7a9beca5f83021c90af7684864
runs/sfm_dataset6_sfm_full_sift_incremental_fullres_eval/diagnostics/runs/sfm_dataset6_sfm_full_sift_incremental/logs/colmap.log,11514056,869a19ceae44006c48d7c5dd38b320a4d115780ec313d55011fd53b4e263a56c
runs/sfm_dataset6_sfm_full_sift_incremental_fullres_eval/diagnostics/runs/sfm_dataset6_sfm_full_sift_incremental/logs/pipeline.log,2488,1a70f3c9bfe1688284f5404346f1d424d865f55d65b4ad49b3e3f194f8a8345e
runs/sfm_dataset6_sfm_full_sift_incremental_fullres_eval/diagnostics/runs/sfm_dataset6_sfm_full_sift_incremental/logs/warnings.log,274,6a254126902106cafa254952131b67bbe596febca8e92553bafab1b7aad68a06
runs/sfm_dataset6_sfm_full_sift_incremental_fullres_eval/diagnostics/runs/sfm_dataset6_sfm_full_sift_incremental/run_status.json,1349,a6bdc55ef266b5111ba0c7d97cf0f5174bc14399f2e684312226abeed9dfd768
runs/sfm_dataset6_sfm_full_sift_incremental_fullres_eval/diagnostics/runs/sfm_dataset6_sfm_full_sift_incremental/timings.json,3812,2bb0b7ccfb2764c586adbcc3a525bda672d5aa6dfb5a20c715b0e91b150bd5a0
runs/sfm_dataset6_sfm_full_sift_incremental_fullres_eval/diagnostics/runs/sfm_dataset6_sfm_full_sift_incremental_fullres_eval/resource_samples.csv,114312,57151fa26d57a26998285487e9ee9e2b68cdefa6546fd79457c2877d0da80199
runs/sfm_dataset6_sfm_full_sift_incremental_fullres_eval/diagnostics/runs/sfm_dataset6_sfm_full_sift_incremental_fullres_eval/resource_summary.json,150,78ccc9ddf56b2756e05537bf244cb5e5abebbeddf6712aebe40b3423847ec16f
runs/sfm_dataset6_sfm_full_sift_incremental_fullres_eval/resource_samples.csv,114312,57151fa26d57a26998285487e9ee9e2b68cdefa6546fd79457c2877d0da80199
runs/sfm_dataset6_sfm_full_sift_incremental_fullres_eval/sfm_dataset6_sfm_full_sift_incremental_fullres_eval.exit,32,aeb7fb11bf52cbddd6345591d2fde0597587b7b1cffe51a7219f9a75902d8158
runs/sfm_dataset6_sfm_full_sift_incremental_fullres_eval/worker_identity.json,728,db4ce9760b72ec002afb2270ed9b5813dd53099cead7fc514eea7bc145f5be5d
