dataset_id,dataset,feature_resolution,feature_type,mapper,run_id,row_type,patch_id,status,sfm_status,patch_size,gaussian_limit,max_width,ssim,psnr,lpips,metric_source,eval_target_source,eval_image_width,eval_image_height,training_runtime_seconds,actual_splat_count,peak_ram_mib,peak_vram_mib,failure_reason,sfm_warning,updated_at,source_uri
D1,dataset1,1024,aliked,global,sfm_dataset1_sfm_1024_aliked_global_fullres_eval,patch,p000,COMPLETE,complete,400,1000000,,0.6279850721359252,20.661226905259728,0.6453211098909378,python_full_resolution_undistorted,full_resolution_undistorted,5376,4708,3688.965,1000000,13064,7663,,,2026-07-08T01:32:20.999319+00:00,s3://3dreefs-ben-eu-north1/experiments/ablations/stage1_fullres_eval/runs/sfm_dataset1_sfm_1024_aliked_global_fullres_eval/ablation_eval/results_splat.csv
D1,dataset1,1024,aliked,global,sfm_dataset1_sfm_1024_aliked_global_fullres_eval,patch,p001,COMPLETE,complete,400,1000000,,0.6553519643843174,21.182794973263064,0.6225453674793243,python_full_resolution_undistorted,full_resolution_undistorted,5376,4708,3510.226,1000000,14045,13859,,,2026-07-08T03:04:31.216872+00:00,s3://3dreefs-ben-eu-north1/experiments/ablations/stage1_fullres_eval/runs/sfm_dataset1_sfm_1024_aliked_global_fullres_eval/ablation_eval/results_splat.csv
D1,dataset1,1024,aliked,global,sfm_dataset1_sfm_1024_aliked_global_fullres_eval,patch,p002,COMPLETE,complete,400,1000000,,0.6605948978348782,21.627019828001334,0.6296023600979855,python_full_resolution_undistorted,full_resolution_undistorted,5378,4700,3704.735,1000000,14040,14353,,,2026-07-08T04:36:33.844093+00:00,s3://3dreefs-ben-eu-north1/experiments/ablations/stage1_fullres_eval/runs/sfm_dataset1_sfm_1024_aliked_global_fullres_eval/ablation_eval/results_splat.csv
D1,dataset1,1024,aliked,global,sfm_dataset1_sfm_1024_aliked_global_fullres_eval,patch,p003,COMPLETE,complete,400,1000000,,0.6429838565262881,21.17756612685004,0.5851503177122637,python_full_resolution_undistorted,full_resolution_undistorted,5376,4708,3039.749,1000000,11875,13765,,,2026-07-08T05:45:03.079007+00:00,s3://3dreefs-ben-eu-north1/experiments/ablations/stage1_fullres_eval/runs/sfm_dataset1_sfm_1024_aliked_global_fullres_eval/ablation_eval/results_splat.csv
D1,dataset1,1024,aliked,incremental,sfm_dataset1_sfm_1024_aliked_incremental_fullres_eval,patch,p000,FAIL,complete_with_warnings,,,,,,,,,,,,,,,SfM status complete_with_warnings; downstream evaluation was not scheduled,multiple_sparse_models:16,2026-07-08T03:44:16.736533+00:00,s3://3dreefs-ben-eu-north1/experiments/ablations/stage1_fullres_eval/runs/sfm_dataset1_sfm_1024_aliked_incremental_fullres_eval/ablation_eval/results_splat.csv
D1,dataset1,1024,aliked,incremental,sfm_dataset1_sfm_1024_aliked_incremental_fullres_eval,patch,p001,FAIL,complete_with_warnings,,,,,,,,,,,,,,,SfM status complete_with_warnings; downstream evaluation was not scheduled,multiple_sparse_models:16,2026-07-08T03:44:16.736533+00:00,s3://3dreefs-ben-eu-north1/experiments/ablations/stage1_fullres_eval/runs/sfm_dataset1_sfm_1024_aliked_incremental_fullres_eval/ablation_eval/results_splat.csv
D1,dataset1,1024,aliked,incremental,sfm_dataset1_sfm_1024_aliked_incremental_fullres_eval,patch,p002,FAIL,complete_with_warnings,,,,,,,,,,,,,,,SfM status complete_with_warnings; downstream evaluation was not scheduled,multiple_sparse_models:16,2026-07-08T03:44:16.736533+00:00,s3://3dreefs-ben-eu-north1/experiments/ablations/stage1_fullres_eval/runs/sfm_dataset1_sfm_1024_aliked_incremental_fullres_eval/ablation_eval/results_splat.csv
D1,dataset1,1024,aliked,incremental,sfm_dataset1_sfm_1024_aliked_incremental_fullres_eval,patch,p003,FAIL,complete_with_warnings,,,,,,,,,,,,,,,SfM status complete_with_warnings; downstream evaluation was not scheduled,multiple_sparse_models:16,2026-07-08T03:44:16.736533+00:00,s3://3dreefs-ben-eu-north1/experiments/ablations/stage1_fullres_eval/runs/sfm_dataset1_sfm_1024_aliked_incremental_fullres_eval/ablation_eval/results_splat.csv
D1,dataset1,1024,sift,global,sfm_dataset1_sfm_1024_sift_global_fullres_eval,patch,p000,COMPLETE,complete,400,1000000,,0.7185648053120344,23.50594066054301,0.5541902543642582,python_full_resolution_undistorted,full_resolution_undistorted,5351,4695,3974.749,1000000,16643,9659,,,2026-07-08T12:14:17.279474+00:00,s3://3dreefs-ben-eu-north1/experiments/ablations/stage1_fullres_eval/runs/sfm_dataset1_sfm_1024_sift_global_fullres_eval/ablation_eval/results_splat.csv
D1,dataset1,1024,sift,global,sfm_dataset1_sfm_1024_sift_global_fullres_eval,patch,p004,COMPLETE,complete,400,1000000,,0.7495129352960831,24.093777554561655,0.5316621638261355,python_full_resolution_undistorted,full_resolution_undistorted,5351,4695,4116.7,1000000,16751,16051,,,2026-07-08T13:45:53.182954+00:00,s3://3dreefs-ben-eu-north1/experiments/ablations/stage1_fullres_eval/runs/sfm_dataset1_sfm_1024_sift_global_fullres_eval/ablation_eval/results_splat.csv
D1,dataset1,1024,sift,global,sfm_dataset1_sfm_1024_sift_global_fullres_eval,patch,p007,COMPLETE,complete,400,1000000,,0.7270305648446083,23.89282180900309,0.5531750060617924,python_full_resolution_undistorted,full_resolution_undistorted,5351,4695,3805.515,1000000,16722,15871,,,2026-07-08T15:12:36.504952+00:00,s3://3dreefs-ben-eu-north1/experiments/ablations/stage1_fullres_eval/runs/sfm_dataset1_sfm_1024_sift_global_fullres_eval/ablation_eval/results_splat.csv
D1,dataset1,1024,sift,global,sfm_dataset1_sfm_1024_sift_global_fullres_eval,patch,p011,COMPLETE,complete,400,1000000,,0.7209545925259591,23.712022453136843,0.5454268455505371,python_full_resolution_undistorted,full_resolution_undistorted,5351,4695,3837.778,1000000,17688,15905,,,2026-07-08T16:40:02.646718+00:00,s3://3dreefs-ben-eu-north1/experiments/ablations/stage1_fullres_eval/runs/sfm_dataset1_sfm_1024_sift_global_fullres_eval/ablation_eval/results_splat.csv
D1,dataset1,1024,sift,global,sfm_dataset1_sfm_1024_sift_global_fullres_eval,patch,p014,COMPLETE,complete,400,1000000,,0.7051359078822992,23.33078598573438,0.5570151056998816,python_full_resolution_undistorted,full_resolution_undistorted,5351,4695,3828.941,1000000,17430,15815,,,2026-07-08T18:06:30.409062+00:00,s3://3dreefs-ben-eu-north1/experiments/ablations/stage1_fullres_eval/runs/sfm_dataset1_sfm_1024_sift_global_fullres_eval/ablation_eval/results_splat.csv
D1,dataset1,1024,sift,global,sfm_dataset1_sfm_1024_sift_global_fullres_eval,patch,p018,COMPLETE,complete,400,1000000,,0.686269360780716,22.42517167366656,0.5589455932378768,python_full_resolution_undistorted,full_resolution_undistorted,5351,4695,3877.131,1000000,16737,15851,,,2026-07-08T19:34:43.540807+00:00,s3://3dreefs-ben-eu-north1/experiments/ablations/stage1_fullres_eval/runs/sfm_dataset1_sfm_1024_sift_global_fullres_eval/ablation_eval/results_splat.csv
D1,dataset1,1024,sift,global,sfm_dataset1_sfm_1024_sift_global_fullres_eval,patch,p021,COMPLETE,complete,400,1000000,,0.7052084743976593,22.998351262440625,0.5524134300649166,python_full_resolution_undistorted,full_resolution_undistorted,5351,4695,4061.155,1000000,16705,15839,,,2026-07-08T21:06:22.484283+00:00,s3://3dreefs-ben-eu-north1/experiments/ablations/stage1_fullres_eval/runs/sfm_dataset1_sfm_1024_sift_global_fullres_eval/ablation_eval/results_splat.csv
D1,dataset1,1024,sift,global,sfm_dataset1_sfm_1024_sift_global_fullres_eval,patch,p025,COMPLETE,complete,400,1000000,,0.6794743925333023,22.42510905427612,0.5583433091640473,python_full_resolution_undistorted,full_resolution_undistorted,5351,4695,4041.242,1000000,18068,15819,,,2026-07-08T22:37:26.288579+00:00,s3://3dreefs-ben-eu-north1/experiments/ablations/stage1_fullres_eval/runs/sfm_dataset1_sfm_1024_sift_global_fullres_eval/ablation_eval/results_splat.csv
D1,dataset1,1024,sift,global,sfm_dataset1_sfm_1024_sift_global_fullres_eval,patch,p028,COMPLETE,complete,400,1000000,,0.7419345347504867,24.07433252483977,0.4833201044484189,python_full_resolution_undistorted,full_resolution_undistorted,5351,4695,3749.081,1000000,13871,15771,,,2026-07-08T23:51:21.467970+00:00,s3://3dreefs-ben-eu-north1/experiments/ablations/stage1_fullres_eval/runs/sfm_dataset1_sfm_1024_sift_global_fullres_eval/ablation_eval/results_splat.csv
D1,dataset1,1024,sift,global,sfm_dataset1_sfm_1024_sift_global_fullres_eval,patch,p032,COMPLETE,complete,400,1000000,,0.6782391292708261,22.113675620500167,0.5572558198656354,python_full_resolution_undistorted,full_resolution_undistorted,5351,4695,4025.716,1000000,17720,15805,,,2026-07-09T01:19:16.195139+00:00,s3://3dreefs-ben-eu-north1/experiments/ablations/stage1_fullres_eval/runs/sfm_dataset1_sfm_1024_sift_global_fullres_eval/ablation_eval/results_splat.csv
D1,dataset1,1024,sift,incremental,sfm_dataset1_sfm_1024_sift_incremental_fullres_eval,run,,FAIL,failed,,,,,,,,,,,,,,,sfm_timeout_exceeded_24h,sfm_timeout_exceeded_24h,2026-07-08T20:34:44.763173+00:00,s3://3dreefs-ben-eu-north1/experiments/ablations/stage1_fullres_eval/runs/sfm_dataset1_sfm_1024_sift_incremental_fullres_eval/ablation_eval/results_sfm.csv
D1,dataset1,2048,aliked,global,sfm_dataset1_sfm_2048_aliked_global_fullres_eval,patch,p000,COMPLETE,complete,400,1000000,,0.63111507371068,20.55238926248274,0.6431355856359005,python_full_resolution_undistorted,full_resolution_undistorted,5374,4710,3656.367,1000000,13265,7663,,,2026-07-08T01:37:50.674216+00:00,s3://3dreefs-ben-eu-north1/experiments/ablations/stage1_fullres_eval/runs/sfm_dataset1_sfm_2048_aliked_global_fullres_eval/ablation_eval/results_splat.csv
D1,dataset1,2048,aliked,global,sfm_dataset1_sfm_2048_aliked_global_fullres_eval,patch,p001,COMPLETE,complete,400,1000000,,0.6500611683806857,21.132127961589127,0.6177698341575829,python_full_resolution_undistorted,full_resolution_undistorted,5374,4710,3400.004,1000000,13674,13961,,,2026-07-08T03:00:49.948412+00:00,s3://3dreefs-ben-eu-north1/experiments/ablations/stage1_fullres_eval/runs/sfm_dataset1_sfm_2048_aliked_global_fullres_eval/ablation_eval/results_splat.csv
D1,dataset1,2048,aliked,global,sfm_dataset1_sfm_2048_aliked_global_fullres_eval,patch,p002,COMPLETE,complete,400,1000000,,0.6645187970839048,21.517255092921687,0.6248601926000494,python_full_resolution_undistorted,full_resolution_undistorted,5374,4699,3597.306,1000000,13620,13841,,,2026-07-08T04:27:47.496166+00:00,s3://3dreefs-ben-eu-north1/experiments/ablations/stage1_fullres_eval/runs/sfm_dataset1_sfm_2048_aliked_global_fullres_eval/ablation_eval/results_splat.csv
D1,dataset1,2048,aliked,global,sfm_dataset1_sfm_2048_aliked_global_fullres_eval,patch,p003,COMPLETE,complete,400,1000000,,0.6068631066725805,20.354234553777992,0.6278941447918231,python_full_resolution_undistorted,full_resolution_undistorted,5374,4710,3147.601,1000000,11979,14479,,,2026-07-08T05:38:57.103225+00:00,s3://3dreefs-ben-eu-north1/experiments/ablations/stage1_fullres_eval/runs/sfm_dataset1_sfm_2048_aliked_global_fullres_eval/ablation_eval/results_splat.csv
D1,dataset1,2048,aliked,incremental,sfm_dataset1_sfm_2048_aliked_incremental_fullres_eval,patch,p000,FAIL,complete_with_warnings,,,,,,,,,,,,,,,SfM status complete_with_warnings; downstream evaluation was not scheduled,multiple_sparse_models:16,2026-07-08T04:15:56.881650+00:00,s3://3dreefs-ben-eu-north1/experiments/ablations/stage1_fullres_eval/runs/sfm_dataset1_sfm_2048_aliked_incremental_fullres_eval/ablation_eval/results_splat.csv
D1,dataset1,2048,aliked,incremental,sfm_dataset1_sfm_2048_aliked_incremental_fullres_eval,patch,p001,FAIL,complete_with_warnings,,,,,,,,,,,,,,,SfM status complete_with_warnings; downstream evaluation was not scheduled,multiple_sparse_models:16,2026-07-08T04:15:56.881650+00:00,s3://3dreefs-ben-eu-north1/experiments/ablations/stage1_fullres_eval/runs/sfm_dataset1_sfm_2048_aliked_incremental_fullres_eval/ablation_eval/results_splat.csv
D1,dataset1,2048,aliked,incremental,sfm_dataset1_sfm_2048_aliked_incremental_fullres_eval,patch,p002,FAIL,complete_with_warnings,,,,,,,,,,,,,,,SfM status complete_with_warnings; downstream evaluation was not scheduled,multiple_sparse_models:16,2026-07-08T04:15:56.881650+00:00,s3://3dreefs-ben-eu-north1/experiments/ablations/stage1_fullres_eval/runs/sfm_dataset1_sfm_2048_aliked_incremental_fullres_eval/ablation_eval/results_splat.csv
D1,dataset1,2048,aliked,incremental,sfm_dataset1_sfm_2048_aliked_incremental_fullres_eval,patch,p003,FAIL,complete_with_warnings,,,,,,,,,,,,,,,SfM status complete_with_warnings; downstream evaluation was not scheduled,multiple_sparse_models:16,2026-07-08T04:15:56.881650+00:00,s3://3dreefs-ben-eu-north1/experiments/ablations/stage1_fullres_eval/runs/sfm_dataset1_sfm_2048_aliked_incremental_fullres_eval/ablation_eval/results_splat.csv
D1,dataset1,2048,sift,global,sfm_dataset1_sfm_2048_sift_global_fullres_eval,patch,p000,COMPLETE,complete,400,1000000,,0.6923488500790719,22.388081605276373,0.5890083488745567,python_full_resolution_undistorted,full_resolution_undistorted,5352,4697,3755.406,1000000,16727,7281,,,2026-07-08T13:13:36.216978+00:00,s3://3dreefs-ben-eu-north1/experiments/ablations/stage1_fullres_eval/runs/sfm_dataset1_sfm_2048_sift_global_fullres_eval/ablation_eval/results_splat.csv
D1,dataset1,2048,sift,global,sfm_dataset1_sfm_2048_sift_global_fullres_eval,patch,p004,COMPLETE,complete,400,1000000,,0.7304046720266342,23.356413629557963,0.5505690447986126,python_full_resolution_undistorted,full_resolution_undistorted,5368,4717,3891.169,1000000,17044,13569,,,2026-07-08T14:41:11.470671+00:00,s3://3dreefs-ben-eu-north1/experiments/ablations/stage1_fullres_eval/runs/sfm_dataset1_sfm_2048_sift_global_fullres_eval/ablation_eval/results_splat.csv
D1,dataset1,2048,sift,global,sfm_dataset1_sfm_2048_sift_global_fullres_eval,patch,p007,COMPLETE,complete,400,1000000,,0.7512111709668086,24.09272548721678,0.5277283077056591,python_full_resolution_undistorted,full_resolution_undistorted,5352,4697,3984.288,1000000,17024,13387,,,2026-07-08T16:08:41.509312+00:00,s3://3dreefs-ben-eu-north1/experiments/ablations/stage1_fullres_eval/runs/sfm_dataset1_sfm_2048_sift_global_fullres_eval/ablation_eval/results_splat.csv
D1,dataset1,2048,sift,global,sfm_dataset1_sfm_2048_sift_global_fullres_eval,patch,p011,COMPLETE,complete,400,1000000,,0.7234644724263085,23.121048723213416,0.5168221121033033,python_full_resolution_undistorted,full_resolution_undistorted,5352,4697,3741.742,1000000,16758,13459,,,2026-07-08T17:31:14.397814+00:00,s3://3dreefs-ben-eu-north1/experiments/ablations/stage1_fullres_eval/runs/sfm_dataset1_sfm_2048_sift_global_fullres_eval/ablation_eval/results_splat.csv
D1,dataset1,2048,sift,global,sfm_dataset1_sfm_2048_sift_global_fullres_eval,patch,p014,COMPLETE,complete,400,1000000,,0.6872611120343208,22.3922876223472,0.5504275247454643,python_full_resolution_undistorted,full_resolution_undistorted,5352,4697,3887.501,1000000,16902,13473,,,2026-07-08T18:58:23.099129+00:00,s3://3dreefs-ben-eu-north1/experiments/ablations/stage1_fullres_eval/runs/sfm_dataset1_sfm_2048_sift_global_fullres_eval/ablation_eval/results_splat.csv
D1,dataset1,2048,sift,global,sfm_dataset1_sfm_2048_sift_global_fullres_eval,patch,p018,COMPLETE,complete,400,1000000,,0.6802867039656028,22.239912336729166,0.5411569040555221,python_full_resolution_undistorted,full_resolution_undistorted,5352,4697,3937.039,1000000,17901,13415,,,2026-07-08T20:25:43.397351+00:00,s3://3dreefs-ben-eu-north1/experiments/ablations/stage1_fullres_eval/runs/sfm_dataset1_sfm_2048_sift_global_fullres_eval/ablation_eval/results_splat.csv
D1,dataset1,2048,sift,global,sfm_dataset1_sfm_2048_sift_global_fullres_eval,patch,p021,COMPLETE,complete,400,1000000,,0.6620569050312042,21.72055907322521,0.5492535278201103,python_full_resolution_undistorted,full_resolution_undistorted,5352,4697,3865.13,1000000,17710,13409,,,2026-07-08T21:51:56.857851+00:00,s3://3dreefs-ben-eu-north1/experiments/ablations/stage1_fullres_eval/runs/sfm_dataset1_sfm_2048_sift_global_fullres_eval/ablation_eval/results_splat.csv
D1,dataset1,2048,sift,global,sfm_dataset1_sfm_2048_sift_global_fullres_eval,patch,p025,COMPLETE,complete,400,1000000,,0.6755136511264703,22.304055216086628,0.5550788480501908,python_full_resolution_undistorted,full_resolution_undistorted,5352,4697,3761.842,1000000,17379,13433,,,2026-07-08T23:15:59.149126+00:00,s3://3dreefs-ben-eu-north1/experiments/ablations/stage1_fullres_eval/runs/sfm_dataset1_sfm_2048_sift_global_fullres_eval/ablation_eval/results_splat.csv
D1,dataset1,2048,sift,global,sfm_dataset1_sfm_2048_sift_global_fullres_eval,patch,p028,COMPLETE,complete,400,1000000,,0.6710138932252542,22.000063838196077,0.5785648035697448,python_full_resolution_undistorted,full_resolution_undistorted,5352,4697,3985.644,1000000,18314,13475,,,2026-07-09T00:43:58.576394+00:00,s3://3dreefs-ben-eu-north1/experiments/ablations/stage1_fullres_eval/runs/sfm_dataset1_sfm_2048_sift_global_fullres_eval/ablation_eval/results_splat.csv
D1,dataset1,2048,sift,global,sfm_dataset1_sfm_2048_sift_global_fullres_eval,patch,p032,COMPLETE,complete,400,1000000,,0.6847425086157662,22.122510306282866,0.543299515758242,python_full_resolution_undistorted,full_resolution_undistorted,5352,4697,3927.157,1000000,16831,13361,,,2026-07-09T02:08:12.403880+00:00,s3://3dreefs-ben-eu-north1/experiments/ablations/stage1_fullres_eval/runs/sfm_dataset1_sfm_2048_sift_global_fullres_eval/ablation_eval/results_splat.csv
D1,dataset1,2048,sift,incremental,sfm_dataset1_sfm_2048_sift_incremental_fullres_eval,run,,FAIL,failed,,,,,,,,,,,,,,,sfm_timeout_exceeded_24h,sfm_timeout_exceeded_24h,2026-07-08T20:34:53.064632+00:00,s3://3dreefs-ben-eu-north1/experiments/ablations/stage1_fullres_eval/runs/sfm_dataset1_sfm_2048_sift_incremental_fullres_eval/ablation_eval/results_sfm.csv
D1,dataset1,full,aliked,global,sfm_dataset1_sfm_full_aliked_global_fullres_eval,patch,p000,COMPLETE,complete,400,1000000,,0.6298904895782471,20.559650607779073,0.6434601292014122,python_full_resolution_undistorted,full_resolution_undistorted,5374,4709,3665.303,1000000,13154,7281,,,2026-07-08T01:25:11.405141+00:00,s3://3dreefs-ben-eu-north1/experiments/ablations/stage1_fullres_eval/runs/sfm_dataset1_sfm_full_aliked_global_fullres_eval/ablation_eval/results_splat.csv
D1,dataset1,full,aliked,global,sfm_dataset1_sfm_full_aliked_global_fullres_eval,patch,p001,COMPLETE,complete,400,1000000,,0.6468307681985803,20.961874035998402,0.6255400140543241,python_full_resolution_undistorted,full_resolution_undistorted,5374,4709,3308.891,1000000,13797,13393,,,2026-07-08T02:48:47.568372+00:00,s3://3dreefs-ben-eu-north1/experiments/ablations/stage1_fullres_eval/runs/sfm_dataset1_sfm_full_aliked_global_fullres_eval/ablation_eval/results_splat.csv
D1,dataset1,full,aliked,global,sfm_dataset1_sfm_full_aliked_global_fullres_eval,patch,p002,COMPLETE,complete,400,1000000,,0.6719067739812952,21.989658166381062,0.6116318357618231,python_full_resolution_undistorted,full_resolution_undistorted,5376,4699,3663.764,1000000,13805,13525,,,2026-07-08T04:18:36.380931+00:00,s3://3dreefs-ben-eu-north1/experiments/ablations/stage1_fullres_eval/runs/sfm_dataset1_sfm_full_aliked_global_fullres_eval/ablation_eval/results_splat.csv
D1,dataset1,full,aliked,global,sfm_dataset1_sfm_full_aliked_global_fullres_eval,patch,p003,COMPLETE,complete,400,1000000,,0.6183660251122934,20.681400762734462,0.6147902232629282,python_full_resolution_undistorted,full_resolution_undistorted,5374,4709,3170.771,1000000,12365,13395,,,2026-07-08T05:33:22.938968+00:00,s3://3dreefs-ben-eu-north1/experiments/ablations/stage1_fullres_eval/runs/sfm_dataset1_sfm_full_aliked_global_fullres_eval/ablation_eval/results_splat.csv
D1,dataset1,full,aliked,incremental,sfm_dataset1_sfm_full_aliked_incremental_fullres_eval,patch,p000,FAIL,complete_with_warnings,,,,,,,,,,,,,,,SfM status complete_with_warnings; downstream evaluation was not scheduled,multiple_sparse_models:16,2026-07-08T04:45:46.975477+00:00,s3://3dreefs-ben-eu-north1/experiments/ablations/stage1_fullres_eval/runs/sfm_dataset1_sfm_full_aliked_incremental_fullres_eval/ablation_eval/results_splat.csv
D1,dataset1,full,aliked,incremental,sfm_dataset1_sfm_full_aliked_incremental_fullres_eval,patch,p001,FAIL,complete_with_warnings,,,,,,,,,,,,,,,SfM status complete_with_warnings; downstream evaluation was not scheduled,multiple_sparse_models:16,2026-07-08T04:45:46.975477+00:00,s3://3dreefs-ben-eu-north1/experiments/ablations/stage1_fullres_eval/runs/sfm_dataset1_sfm_full_aliked_incremental_fullres_eval/ablation_eval/results_splat.csv
D1,dataset1,full,aliked,incremental,sfm_dataset1_sfm_full_aliked_incremental_fullres_eval,patch,p002,FAIL,complete_with_warnings,,,,,,,,,,,,,,,SfM status complete_with_warnings; downstream evaluation was not scheduled,multiple_sparse_models:16,2026-07-08T04:45:46.975477+00:00,s3://3dreefs-ben-eu-north1/experiments/ablations/stage1_fullres_eval/runs/sfm_dataset1_sfm_full_aliked_incremental_fullres_eval/ablation_eval/results_splat.csv
D1,dataset1,full,aliked,incremental,sfm_dataset1_sfm_full_aliked_incremental_fullres_eval,patch,p003,FAIL,complete_with_warnings,,,,,,,,,,,,,,,SfM status complete_with_warnings; downstream evaluation was not scheduled,multiple_sparse_models:16,2026-07-08T04:45:46.975477+00:00,s3://3dreefs-ben-eu-north1/experiments/ablations/stage1_fullres_eval/runs/sfm_dataset1_sfm_full_aliked_incremental_fullres_eval/ablation_eval/results_splat.csv
D1,dataset1,full,sift,global,sfm_dataset1_sfm_full_sift_global_fullres_eval,patch,p000,COMPLETE,complete,400,1000000,,0.7096039623022079,23.25520520857602,0.5601584494113923,python_full_resolution_undistorted,full_resolution_undistorted,5349,4694,3829.405,1000000,16700,9843,,,2026-07-08T13:36:57.699323+00:00,s3://3dreefs-ben-eu-north1/experiments/ablations/stage1_fullres_eval/runs/sfm_dataset1_sfm_full_sift_global_fullres_eval/ablation_eval/results_splat.csv
D1,dataset1,full,sift,global,sfm_dataset1_sfm_full_sift_global_fullres_eval,patch,p004,COMPLETE,complete,400,1000000,,0.6573371567896434,21.49056751967197,0.5713775402733258,python_full_resolution_undistorted,full_resolution_undistorted,5349,4694,3486.339,1000000,15352,15967,,,2026-07-08T14:52:02.874540+00:00,s3://3dreefs-ben-eu-north1/experiments/ablations/stage1_fullres_eval/runs/sfm_dataset1_sfm_full_sift_global_fullres_eval/ablation_eval/results_splat.csv
D1,dataset1,full,sift,global,sfm_dataset1_sfm_full_sift_global_fullres_eval,patch,p008,COMPLETE,complete,400,1000000,,0.7320885913712638,23.6634247917757,0.5261531225272588,python_full_resolution_undistorted,full_resolution_undistorted,5349,4694,3637.575,1000000,16537,16035,,,2026-07-08T16:13:44.493588+00:00,s3://3dreefs-ben-eu-north1/experiments/ablations/stage1_fullres_eval/runs/sfm_dataset1_sfm_full_sift_global_fullres_eval/ablation_eval/results_splat.csv
D1,dataset1,full,sift,global,sfm_dataset1_sfm_full_sift_global_fullres_eval,patch,p011,COMPLETE,complete,400,1000000,,0.6989860534667969,23.182519139953005,0.5651997102273477,python_full_resolution_undistorted,full_resolution_undistorted,5365,4713,3794.957,1000000,17417,15893,,,2026-07-08T17:39:18.127223+00:00,s3://3dreefs-ben-eu-north1/experiments/ablations/stage1_fullres_eval/runs/sfm_dataset1_sfm_full_sift_global_fullres_eval/ablation_eval/results_splat.csv
D1,dataset1,full,sift,global,sfm_dataset1_sfm_full_sift_global_fullres_eval,patch,p015,COMPLETE,complete,400,1000000,,0.6857405853898901,22.77485185500799,0.5826169597475153,python_full_resolution_undistorted,full_resolution_undistorted,5349,4694,4030.563,1000000,16761,16015,,,2026-07-08T19:09:25.081225+00:00,s3://3dreefs-ben-eu-north1/experiments/ablations/stage1_fullres_eval/runs/sfm_dataset1_sfm_full_sift_global_fullres_eval/ablation_eval/results_splat.csv
D1,dataset1,full,sift,global,sfm_dataset1_sfm_full_sift_global_fullres_eval,patch,p019,COMPLETE,complete,400,1000000,,0.6930096417665481,22.39666674426214,0.534205561131239,python_full_resolution_undistorted,full_resolution_undistorted,5349,4694,4095.083,1000000,16807,16413,,,2026-07-08T20:42:08.401718+00:00,s3://3dreefs-ben-eu-north1/experiments/ablations/stage1_fullres_eval/runs/sfm_dataset1_sfm_full_sift_global_fullres_eval/ablation_eval/results_splat.csv
D1,dataset1,full,sift,global,sfm_dataset1_sfm_full_sift_global_fullres_eval,patch,p023,COMPLETE,complete,400,1000000,,0.6662449475966001,21.789862439162697,0.5616589815993058,python_full_resolution_undistorted,full_resolution_undistorted,5349,4694,3944.505,1000000,17680,16059,,,2026-07-08T22:10:49.384553+00:00,s3://3dreefs-ben-eu-north1/experiments/ablations/stage1_fullres_eval/runs/sfm_dataset1_sfm_full_sift_global_fullres_eval/ablation_eval/results_splat.csv
D1,dataset1,full,sift,global,sfm_dataset1_sfm_full_sift_global_fullres_eval,patch,p026,COMPLETE,complete,400,1000000,,0.6723966613793985,21.912926364461352,0.5703435158118223,python_full_resolution_undistorted,full_resolution_undistorted,5365,4713,3719.472,1000000,16858,15913,,,2026-07-08T23:36:36.570459+00:00,s3://3dreefs-ben-eu-north1/experiments/ablations/stage1_fullres_eval/runs/sfm_dataset1_sfm_full_sift_global_fullres_eval/ablation_eval/results_splat.csv
D1,dataset1,full,sift,global,sfm_dataset1_sfm_full_sift_global_fullres_eval,patch,p030,COMPLETE,complete,400,1000000,,0.6775800089041392,22.13133662261769,0.5901283042298423,python_full_resolution_undistorted,full_resolution_undistorted,5349,4694,4274.566,1000000,18089,16013,,,2026-07-09T01:09:45.766376+00:00,s3://3dreefs-ben-eu-north1/experiments/ablations/stage1_fullres_eval/runs/sfm_dataset1_sfm_full_sift_global_fullres_eval/ablation_eval/results_splat.csv
D1,dataset1,full,sift,global,sfm_dataset1_sfm_full_sift_global_fullres_eval,patch,p034,COMPLETE,complete,400,1000000,,0.6827730816953322,21.904627376390927,0.5605383068323135,python_full_resolution_undistorted,full_resolution_undistorted,5365,4713,3765.986,1000000,16681,16033,,,2026-07-09T02:33:21.170545+00:00,s3://3dreefs-ben-eu-north1/experiments/ablations/stage1_fullres_eval/runs/sfm_dataset1_sfm_full_sift_global_fullres_eval/ablation_eval/results_splat.csv
D1,dataset1,full,sift,incremental,sfm_dataset1_sfm_full_sift_incremental_fullres_eval,run,,FAIL,failed,,,,,,,,,,,,,,,sfm_timeout_exceeded_24h,sfm_timeout_exceeded_24h,2026-07-08T20:34:51.664683+00:00,s3://3dreefs-ben-eu-north1/experiments/ablations/stage1_fullres_eval/runs/sfm_dataset1_sfm_full_sift_incremental_fullres_eval/ablation_eval/results_sfm.csv
D2,dataset2,1024,aliked,global,sfm_dataset2_sfm_1024_aliked_global_fullres_eval,patch,p000,COMPLETE,complete,400,1000000,,0.6696547288447618,21.780853610814287,0.674221858382225,python_full_resolution_undistorted,full_resolution_undistorted,5385,4712,3146.714,1000000,10480,8841,,,2026-07-08T01:00:15.316779+00:00,s3://3dreefs-ben-eu-north1/experiments/ablations/stage1_fullres_eval/runs/sfm_dataset2_sfm_1024_aliked_global_fullres_eval/ablation_eval/results_splat.csv
D2,dataset2,1024,aliked,global,sfm_dataset2_sfm_1024_aliked_global_fullres_eval,patch,p001,COMPLETE,complete,400,1000000,,0.6333289831876755,19.621908240725286,0.7112742140889168,python_full_resolution_undistorted,full_resolution_undistorted,5385,4712,3178.831,1000000,12098,15027,,,2026-07-08T02:21:06.121730+00:00,s3://3dreefs-ben-eu-north1/experiments/ablations/stage1_fullres_eval/runs/sfm_dataset2_sfm_1024_aliked_global_fullres_eval/ablation_eval/results_splat.csv
D2,dataset2,1024,aliked,global,sfm_dataset2_sfm_1024_aliked_global_fullres_eval,patch,p002,COMPLETE,complete,400,1000000,,0.6717664567199914,22.044208602627855,0.6869246492514739,python_full_resolution_undistorted,full_resolution_undistorted,5385,4712,3216.134,1000000,11640,14969,,,2026-07-08T03:40:05.665356+00:00,s3://3dreefs-ben-eu-north1/experiments/ablations/stage1_fullres_eval/runs/sfm_dataset2_sfm_1024_aliked_global_fullres_eval/ablation_eval/results_splat.csv
D2,dataset2,1024,aliked,global,sfm_dataset2_sfm_1024_aliked_global_fullres_eval,patch,p003,COMPLETE,complete,400,1000000,,0.6838894313887546,19.4155077801226,0.7002113147785789,python_full_resolution_undistorted,full_resolution_undistorted,5385,4712,3257.895,1000000,11517,14981,,,2026-07-08T04:59:39.013966+00:00,s3://3dreefs-ben-eu-north1/experiments/ablations/stage1_fullres_eval/runs/sfm_dataset2_sfm_1024_aliked_global_fullres_eval/ablation_eval/results_splat.csv
D2,dataset2,1024,aliked,global,sfm_dataset2_sfm_1024_aliked_global_fullres_eval,patch,p004,COMPLETE,complete,400,1000000,,0.6914008308101345,22.384274273746083,0.6508490620432673,python_full_resolution_undistorted,full_resolution_undistorted,5385,4712,3270.767,1000000,11767,15069,,,2026-07-08T06:20:32.068769+00:00,s3://3dreefs-ben-eu-north1/experiments/ablations/stage1_fullres_eval/runs/sfm_dataset2_sfm_1024_aliked_global_fullres_eval/ablation_eval/results_splat.csv
D2,dataset2,1024,aliked,global,sfm_dataset2_sfm_1024_aliked_global_fullres_eval,patch,p005,COMPLETE,complete,400,1000000,,0.6981333902007655,20.257738289780047,0.6841760356175272,python_full_resolution_undistorted,full_resolution_undistorted,5385,4712,3185.964,1000000,11516,15101,,,2026-07-08T07:40:03.511143+00:00,s3://3dreefs-ben-eu-north1/experiments/ablations/stage1_fullres_eval/runs/sfm_dataset2_sfm_1024_aliked_global_fullres_eval/ablation_eval/results_splat.csv
D2,dataset2,1024,aliked,global,sfm_dataset2_sfm_1024_aliked_global_fullres_eval,patch,p006,COMPLETE,complete,400,1000000,,0.7433038204908371,23.819593807192938,0.5960702061653137,python_full_resolution_undistorted,full_resolution_undistorted,5385,4712,2994.813,1000000,10810,14939,,,2026-07-08T08:51:07.588958+00:00,s3://3dreefs-ben-eu-north1/experiments/ablations/stage1_fullres_eval/runs/sfm_dataset2_sfm_1024_aliked_global_fullres_eval/ablation_eval/results_splat.csv
D2,dataset2,1024,aliked,incremental,sfm_dataset2_sfm_1024_aliked_incremental_fullres_eval,patch,p000,FAIL,complete_with_warnings,,,,,,,,,,,,,,,SfM status complete_with_warnings; downstream evaluation was not scheduled,multiple_sparse_models:26,2026-07-08T00:46:54.993426+00:00,s3://3dreefs-ben-eu-north1/experiments/ablations/stage1_fullres_eval/runs/sfm_dataset2_sfm_1024_aliked_incremental_fullres_eval/ablation_eval/results_splat.csv
D2,dataset2,1024,aliked,incremental,sfm_dataset2_sfm_1024_aliked_incremental_fullres_eval,patch,p001,FAIL,complete_with_warnings,,,,,,,,,,,,,,,SfM status complete_with_warnings; downstream evaluation was not scheduled,multiple_sparse_models:26,2026-07-08T00:46:54.993426+00:00,s3://3dreefs-ben-eu-north1/experiments/ablations/stage1_fullres_eval/runs/sfm_dataset2_sfm_1024_aliked_incremental_fullres_eval/ablation_eval/results_splat.csv
D2,dataset2,1024,sift,global,sfm_dataset2_sfm_1024_sift_global_fullres_eval,patch,p000,COMPLETE,complete,400,1000000,,0.7719308298987311,24.868769549608224,0.5654776539351489,python_full_resolution_undistorted,full_resolution_undistorted,5384,4712,3828.633,1000000,13559,7309,,,2026-07-08T07:35:16.247460+00:00,s3://3dreefs-ben-eu-north1/experiments/ablations/stage1_fullres_eval/runs/sfm_dataset2_sfm_1024_sift_global_fullres_eval/ablation_eval/results_splat.csv
D2,dataset2,1024,sift,global,sfm_dataset2_sfm_1024_sift_global_fullres_eval,patch,p002,COMPLETE,complete,400,1000000,,0.7442188324072422,24.15708402156604,0.5896279979974796,python_full_resolution_undistorted,full_resolution_undistorted,5384,4712,3406.456,1000000,13894,13535,,,2026-07-08T08:54:33.701437+00:00,s3://3dreefs-ben-eu-north1/experiments/ablations/stage1_fullres_eval/runs/sfm_dataset2_sfm_1024_sift_global_fullres_eval/ablation_eval/results_splat.csv
D2,dataset2,1024,sift,global,sfm_dataset2_sfm_1024_sift_global_fullres_eval,patch,p005,COMPLETE,complete,400,1000000,,0.7031497160593668,22.816621512981154,0.5950377475131642,python_full_resolution_undistorted,full_resolution_undistorted,5384,4712,3802.77,1000000,13550,13479,,,2026-07-08T10:17:32.359108+00:00,s3://3dreefs-ben-eu-north1/experiments/ablations/stage1_fullres_eval/runs/sfm_dataset2_sfm_1024_sift_global_fullres_eval/ablation_eval/results_splat.csv
D2,dataset2,1024,sift,global,sfm_dataset2_sfm_1024_sift_global_fullres_eval,patch,p007,COMPLETE,complete,400,1000000,,0.6973950878167764,23.391245123016436,0.6106749268678519,python_full_resolution_undistorted,full_resolution_undistorted,5384,4712,3135.331,1000000,14194,13495,,,2026-07-08T11:32:32.114849+00:00,s3://3dreefs-ben-eu-north1/experiments/ablations/stage1_fullres_eval/runs/sfm_dataset2_sfm_1024_sift_global_fullres_eval/ablation_eval/results_splat.csv
D2,dataset2,1024,sift,global,sfm_dataset2_sfm_1024_sift_global_fullres_eval,patch,p010,COMPLETE,complete,400,1000000,,0.6518841706789457,22.4804392969408,0.6215099906310056,python_full_resolution_undistorted,full_resolution_undistorted,5384,4712,3367.46,1000000,14608,13549,,,2026-07-08T12:51:57.744634+00:00,s3://3dreefs-ben-eu-north1/experiments/ablations/stage1_fullres_eval/runs/sfm_dataset2_sfm_1024_sift_global_fullres_eval/ablation_eval/results_splat.csv
D2,dataset2,1024,sift,global,sfm_dataset2_sfm_1024_sift_global_fullres_eval,patch,p012,COMPLETE,complete,400,1000000,,0.6481857678374728,22.209111731881308,0.6122356548502639,python_full_resolution_undistorted,full_resolution_undistorted,5384,4712,3254.341,1000000,14494,13587,,,2026-07-08T14:08:12.175964+00:00,s3://3dreefs-ben-eu-north1/experiments/ablations/stage1_fullres_eval/runs/sfm_dataset2_sfm_1024_sift_global_fullres_eval/ablation_eval/results_splat.csv
D2,dataset2,1024,sift,global,sfm_dataset2_sfm_1024_sift_global_fullres_eval,patch,p015,COMPLETE,complete,400,1000000,,0.5279948176481785,18.974069572743684,0.6633141942513294,python_full_resolution_undistorted,full_resolution_undistorted,5365,4713,3271.256,1000000,15759,13429,,,2026-07-08T15:26:27.517610+00:00,s3://3dreefs-ben-eu-north1/experiments/ablations/stage1_fullres_eval/runs/sfm_dataset2_sfm_1024_sift_global_fullres_eval/ablation_eval/results_splat.csv
D2,dataset2,1024,sift,global,sfm_dataset2_sfm_1024_sift_global_fullres_eval,patch,p017,COMPLETE,complete,400,1000000,,0.5477233811830863,19.55111199293493,0.6300482016343337,python_full_resolution_undistorted,full_resolution_undistorted,5384,4712,3258.577,1000000,15878,13641,,,2026-07-08T16:44:52.775388+00:00,s3://3dreefs-ben-eu-north1/experiments/ablations/stage1_fullres_eval/runs/sfm_dataset2_sfm_1024_sift_global_fullres_eval/ablation_eval/results_splat.csv
D2,dataset2,1024,sift,global,sfm_dataset2_sfm_1024_sift_global_fullres_eval,patch,p020,COMPLETE,complete,400,1000000,,0.5464908606127689,19.160976155347946,0.6349838752495615,python_full_resolution_undistorted,full_resolution_undistorted,5365,4713,3190.527,1000000,15734,13463,,,2026-07-08T18:01:18.818319+00:00,s3://3dreefs-ben-eu-north1/experiments/ablations/stage1_fullres_eval/runs/sfm_dataset2_sfm_1024_sift_global_fullres_eval/ablation_eval/results_splat.csv
D2,dataset2,1024,sift,global,sfm_dataset2_sfm_1024_sift_global_fullres_eval,patch,p022,COMPLETE,complete,400,1000000,,0.5644677375492296,19.560854614287848,0.588877017560758,python_full_resolution_undistorted,full_resolution_undistorted,5384,4712,2832.255,1000000,12915,13465,,,2026-07-08T18:59:59.763869+00:00,s3://3dreefs-ben-eu-north1/experiments/ablations/stage1_fullres_eval/runs/sfm_dataset2_sfm_1024_sift_global_fullres_eval/ablation_eval/results_splat.csv
D2,dataset2,1024,sift,incremental,sfm_dataset2_sfm_1024_sift_incremental_fullres_eval,run,,FAIL,failed,,,,,,,,,,,,,,,sfm_timeout_exceeded_24h,sfm_timeout_exceeded_24h,2026-07-08T20:34:27.944520+00:00,s3://3dreefs-ben-eu-north1/experiments/ablations/stage1_fullres_eval/runs/sfm_dataset2_sfm_1024_sift_incremental_fullres_eval/ablation_eval/results_sfm.csv
D2,dataset2,2048,aliked,global,sfm_dataset2_sfm_2048_aliked_global_fullres_eval,patch,p000,COMPLETE,complete,400,1000000,,0.6995738411650938,22.852738171389007,0.6398921836824978,python_full_resolution_undistorted,full_resolution_undistorted,5377,4709,3066.474,1000000,10899,7281,,,2026-07-08T01:32:50.119961+00:00,s3://3dreefs-ben-eu-north1/experiments/ablations/stage1_fullres_eval/runs/sfm_dataset2_sfm_2048_aliked_global_fullres_eval/ablation_eval/results_splat.csv
D2,dataset2,2048,aliked,global,sfm_dataset2_sfm_2048_aliked_global_fullres_eval,patch,p001,COMPLETE,complete,400,1000000,,0.6170290529727935,19.865934439119723,0.705458565056324,python_full_resolution_undistorted,full_resolution_undistorted,5377,4709,3418.453,1000000,12445,13425,,,2026-07-08T02:57:08.687792+00:00,s3://3dreefs-ben-eu-north1/experiments/ablations/stage1_fullres_eval/runs/sfm_dataset2_sfm_2048_aliked_global_fullres_eval/ablation_eval/results_splat.csv
D2,dataset2,2048,aliked,global,sfm_dataset2_sfm_2048_aliked_global_fullres_eval,patch,p002,COMPLETE,complete,400,1000000,,0.699795355667939,23.345965619172755,0.6343454863574054,python_full_resolution_undistorted,full_resolution_undistorted,5359,4698,3018.415,1000000,11945,13511,,,2026-07-08T04:12:04.093662+00:00,s3://3dreefs-ben-eu-north1/experiments/ablations/stage1_fullres_eval/runs/sfm_dataset2_sfm_2048_aliked_global_fullres_eval/ablation_eval/results_splat.csv
D2,dataset2,2048,aliked,global,sfm_dataset2_sfm_2048_aliked_global_fullres_eval,patch,p003,COMPLETE,complete,400,1000000,,0.6817547678947449,20.81093670200034,0.6711343462402756,python_full_resolution_undistorted,full_resolution_undistorted,5377,4709,3287.932,1000000,11771,13473,,,2026-07-08T05:31:44.529942+00:00,s3://3dreefs-ben-eu-north1/experiments/ablations/stage1_fullres_eval/runs/sfm_dataset2_sfm_2048_aliked_global_fullres_eval/ablation_eval/results_splat.csv
D2,dataset2,2048,aliked,global,sfm_dataset2_sfm_2048_aliked_global_fullres_eval,patch,p004,COMPLETE,complete,400,1000000,,0.6663601905912966,21.24147829011157,0.6770298368222004,python_full_resolution_undistorted,full_resolution_undistorted,5377,4709,3619.237,1000000,12039,13477,,,2026-07-08T06:56:47.993635+00:00,s3://3dreefs-ben-eu-north1/experiments/ablations/stage1_fullres_eval/runs/sfm_dataset2_sfm_2048_aliked_global_fullres_eval/ablation_eval/results_splat.csv
D2,dataset2,2048,aliked,global,sfm_dataset2_sfm_2048_aliked_global_fullres_eval,patch,p005,COMPLETE,complete,400,1000000,,0.7129469856619834,21.36473315596412,0.6505523815751075,python_full_resolution_undistorted,full_resolution_undistorted,5377,4709,3356.614,1000000,12001,13551,,,2026-07-08T08:19:13.936876+00:00,s3://3dreefs-ben-eu-north1/experiments/ablations/stage1_fullres_eval/runs/sfm_dataset2_sfm_2048_aliked_global_fullres_eval/ablation_eval/results_splat.csv
D2,dataset2,2048,aliked,global,sfm_dataset2_sfm_2048_aliked_global_fullres_eval,patch,p006,COMPLETE,complete,400,1000000,,0.7100265191660987,20.359614400804286,0.674466727508439,python_full_resolution_undistorted,full_resolution_undistorted,5377,4709,3699.048,1000000,11564,13407,,,2026-07-08T09:44:40.018002+00:00,s3://3dreefs-ben-eu-north1/experiments/ablations/stage1_fullres_eval/runs/sfm_dataset2_sfm_2048_aliked_global_fullres_eval/ablation_eval/results_splat.csv
D2,dataset2,2048,aliked,incremental,sfm_dataset2_sfm_2048_aliked_incremental_fullres_eval,patch,p000,FAIL,complete_with_warnings,,,,,,,,,,,,,,,SfM status complete_with_warnings; downstream evaluation was not scheduled,multiple_sparse_models:30,2026-07-08T02:01:04.305615+00:00,s3://3dreefs-ben-eu-north1/experiments/ablations/stage1_fullres_eval/runs/sfm_dataset2_sfm_2048_aliked_incremental_fullres_eval/ablation_eval/results_splat.csv
D2,dataset2,2048,aliked,incremental,sfm_dataset2_sfm_2048_aliked_incremental_fullres_eval,patch,p001,FAIL,complete_with_warnings,,,,,,,,,,,,,,,SfM status complete_with_warnings; downstream evaluation was not scheduled,multiple_sparse_models:30,2026-07-08T02:01:04.305615+00:00,s3://3dreefs-ben-eu-north1/experiments/ablations/stage1_fullres_eval/runs/sfm_dataset2_sfm_2048_aliked_incremental_fullres_eval/ablation_eval/results_splat.csv
D2,dataset2,2048,aliked,incremental,sfm_dataset2_sfm_2048_aliked_incremental_fullres_eval,patch,p002,FAIL,complete_with_warnings,,,,,,,,,,,,,,,SfM status complete_with_warnings; downstream evaluation was not scheduled,multiple_sparse_models:30,2026-07-08T02:01:04.305615+00:00,s3://3dreefs-ben-eu-north1/experiments/ablations/stage1_fullres_eval/runs/sfm_dataset2_sfm_2048_aliked_incremental_fullres_eval/ablation_eval/results_splat.csv
D2,dataset2,2048,sift,global,sfm_dataset2_sfm_2048_sift_global_fullres_eval,patch,p000,COMPLETE,complete,400,1000000,,0.7691337670150556,24.661239564108037,0.5692082988588434,python_full_resolution_undistorted,full_resolution_undistorted,5384,4712,3631.812,1000000,13587,7309,,,2026-07-08T08:10:27.957319+00:00,s3://3dreefs-ben-eu-north1/experiments/ablations/stage1_fullres_eval/runs/sfm_dataset2_sfm_2048_sift_global_fullres_eval/ablation_eval/results_splat.csv
D2,dataset2,2048,sift,global,sfm_dataset2_sfm_2048_sift_global_fullres_eval,patch,p002,COMPLETE,complete,400,1000000,,0.7499849090450689,24.10896267847582,0.5943895264675743,python_full_resolution_undistorted,full_resolution_undistorted,5384,4712,3336.813,1000000,13885,13565,,,2026-07-08T09:27:58.796348+00:00,s3://3dreefs-ben-eu-north1/experiments/ablations/stage1_fullres_eval/runs/sfm_dataset2_sfm_2048_sift_global_fullres_eval/ablation_eval/results_splat.csv
D2,dataset2,2048,sift,global,sfm_dataset2_sfm_2048_sift_global_fullres_eval,patch,p005,COMPLETE,complete,400,1000000,,0.6960915625095367,22.7353921451497,0.614744821661397,python_full_resolution_undistorted,full_resolution_undistorted,5365,4713,3621.508,1000000,14375,13547,,,2026-07-08T10:50:13.641344+00:00,s3://3dreefs-ben-eu-north1/experiments/ablations/stage1_fullres_eval/runs/sfm_dataset2_sfm_2048_sift_global_fullres_eval/ablation_eval/results_splat.csv
D2,dataset2,2048,sift,global,sfm_dataset2_sfm_2048_sift_global_fullres_eval,patch,p007,COMPLETE,complete,400,1000000,,0.6935147031759604,23.308264459793655,0.6126893651791108,python_full_resolution_undistorted,full_resolution_undistorted,5384,4712,3122.694,1000000,14351,13569,,,2026-07-08T12:04:55.212716+00:00,s3://3dreefs-ben-eu-north1/experiments/ablations/stage1_fullres_eval/runs/sfm_dataset2_sfm_2048_sift_global_fullres_eval/ablation_eval/results_splat.csv
D2,dataset2,2048,sift,global,sfm_dataset2_sfm_2048_sift_global_fullres_eval,patch,p010,COMPLETE,complete,400,1000000,,0.6311732423611176,21.887712858348216,0.6282880031145536,python_full_resolution_undistorted,full_resolution_undistorted,5384,4712,3443.944,1000000,14800,13533,,,2026-07-08T13:25:10.506092+00:00,s3://3dreefs-ben-eu-north1/experiments/ablations/stage1_fullres_eval/runs/sfm_dataset2_sfm_2048_sift_global_fullres_eval/ablation_eval/results_splat.csv
D2,dataset2,2048,sift,global,sfm_dataset2_sfm_2048_sift_global_fullres_eval,patch,p012,COMPLETE,complete,400,1000000,,0.6412090972850197,22.227890838651593,0.6008265865476508,python_full_resolution_undistorted,full_resolution_undistorted,5384,4712,3182.246,1000000,14733,13469,,,2026-07-08T14:40:31.434282+00:00,s3://3dreefs-ben-eu-north1/experiments/ablations/stage1_fullres_eval/runs/sfm_dataset2_sfm_2048_sift_global_fullres_eval/ablation_eval/results_splat.csv
D2,dataset2,2048,sift,global,sfm_dataset2_sfm_2048_sift_global_fullres_eval,patch,p015,COMPLETE,complete,400,1000000,,0.532303777260658,19.065113986444022,0.6703311006228129,python_full_resolution_undistorted,full_resolution_undistorted,5384,4712,3203.357,1000000,15857,13549,,,2026-07-08T15:56:48.669648+00:00,s3://3dreefs-ben-eu-north1/experiments/ablations/stage1_fullres_eval/runs/sfm_dataset2_sfm_2048_sift_global_fullres_eval/ablation_eval/results_splat.csv
D2,dataset2,2048,sift,global,sfm_dataset2_sfm_2048_sift_global_fullres_eval,patch,p017,COMPLETE,complete,400,1000000,,0.5492316996439909,19.476024358110287,0.6449360388975877,python_full_resolution_undistorted,full_resolution_undistorted,5365,4713,3128.795,1000000,15900,13571,,,2026-07-08T17:12:04.183129+00:00,s3://3dreefs-ben-eu-north1/experiments/ablations/stage1_fullres_eval/runs/sfm_dataset2_sfm_2048_sift_global_fullres_eval/ablation_eval/results_splat.csv
D2,dataset2,2048,sift,global,sfm_dataset2_sfm_2048_sift_global_fullres_eval,patch,p020,COMPLETE,complete,400,1000000,,0.5343125118659093,18.90555560454815,0.6371038609590286,python_full_resolution_undistorted,full_resolution_undistorted,5365,4713,3135.2,1000000,16017,13513,,,2026-07-08T18:27:04.363739+00:00,s3://3dreefs-ben-eu-north1/experiments/ablations/stage1_fullres_eval/runs/sfm_dataset2_sfm_2048_sift_global_fullres_eval/ablation_eval/results_splat.csv
D2,dataset2,2048,sift,global,sfm_dataset2_sfm_2048_sift_global_fullres_eval,patch,p022,COMPLETE,complete,400,1000000,,0.5398893943854741,19.120686858185955,0.6450592279434204,python_full_resolution_undistorted,full_resolution_undistorted,5384,4712,3218.035,1000000,15672,13581,,,2026-07-08T19:40:57.716455+00:00,s3://3dreefs-ben-eu-north1/experiments/ablations/stage1_fullres_eval/runs/sfm_dataset2_sfm_2048_sift_global_fullres_eval/ablation_eval/results_splat.csv
D2,dataset2,2048,sift,incremental,sfm_dataset2_sfm_2048_sift_incremental_fullres_eval,run,,FAIL,failed,,,,,,,,,,,,,,,sfm_timeout_exceeded_24h,sfm_timeout_exceeded_24h,2026-07-08T20:34:38.530929+00:00,s3://3dreefs-ben-eu-north1/experiments/ablations/stage1_fullres_eval/runs/sfm_dataset2_sfm_2048_sift_incremental_fullres_eval/ablation_eval/results_sfm.csv
D2,dataset2,full,aliked,global,sfm_dataset2_sfm_full_aliked_global_fullres_eval,patch,p000,COMPLETE,complete,400,1000000,,0.6545296785158988,21.241192138741173,0.6805078601225828,python_full_resolution_undistorted,full_resolution_undistorted,5382,4711,3186.881,1000000,11668,8823,,,2026-07-08T01:51:26.866340+00:00,s3://3dreefs-ben-eu-north1/experiments/ablations/stage1_fullres_eval/runs/sfm_dataset2_sfm_full_aliked_global_fullres_eval/ablation_eval/results_splat.csv
D2,dataset2,full,aliked,global,sfm_dataset2_sfm_full_aliked_global_fullres_eval,patch,p001,COMPLETE,complete,400,1000000,,0.6795695821444193,22.365354828795727,0.6659761407436469,python_full_resolution_undistorted,full_resolution_undistorted,5382,4711,3260.502,1000000,12198,14997,,,2026-07-08T03:13:30.242733+00:00,s3://3dreefs-ben-eu-north1/experiments/ablations/stage1_fullres_eval/runs/sfm_dataset2_sfm_full_aliked_global_fullres_eval/ablation_eval/results_splat.csv
D2,dataset2,full,aliked,global,sfm_dataset2_sfm_full_aliked_global_fullres_eval,patch,p002,COMPLETE,complete,400,1000000,,0.7191016778349877,21.693108182304563,0.6510188341140747,python_full_resolution_undistorted,full_resolution_undistorted,5382,4711,3318.416,1000000,11861,15003,,,2026-07-08T04:36:44.676166+00:00,s3://3dreefs-ben-eu-north1/experiments/ablations/stage1_fullres_eval/runs/sfm_dataset2_sfm_full_aliked_global_fullres_eval/ablation_eval/results_splat.csv
D2,dataset2,full,aliked,global,sfm_dataset2_sfm_full_aliked_global_fullres_eval,patch,p003,COMPLETE,complete,400,1000000,,0.6632453203201294,20.06794497484353,0.6924751636229063,python_full_resolution_undistorted,full_resolution_undistorted,5382,4711,3521.546,1000000,11859,15057,,,2026-07-08T06:02:36.807752+00:00,s3://3dreefs-ben-eu-north1/experiments/ablations/stage1_fullres_eval/runs/sfm_dataset2_sfm_full_aliked_global_fullres_eval/ablation_eval/results_splat.csv
D2,dataset2,full,aliked,global,sfm_dataset2_sfm_full_aliked_global_fullres_eval,patch,p004,COMPLETE,complete,400,1000000,,0.663972295820713,21.691577210532678,0.682532300055027,python_full_resolution_undistorted,full_resolution_undistorted,5365,4702,3398.488,1000000,12362,15005,,,2026-07-08T07:26:39.065578+00:00,s3://3dreefs-ben-eu-north1/experiments/ablations/stage1_fullres_eval/runs/sfm_dataset2_sfm_full_aliked_global_fullres_eval/ablation_eval/results_splat.csv
D2,dataset2,full,aliked,global,sfm_dataset2_sfm_full_aliked_global_fullres_eval,patch,p005,COMPLETE,complete,400,1000000,,0.7074302526620718,23.563803122066265,0.6095867042358105,python_full_resolution_undistorted,full_resolution_undistorted,5382,4711,3083.082,1000000,10743,15015,,,2026-07-08T08:36:38.209080+00:00,s3://3dreefs-ben-eu-north1/experiments/ablations/stage1_fullres_eval/runs/sfm_dataset2_sfm_full_aliked_global_fullres_eval/ablation_eval/results_splat.csv
D2,dataset2,full,aliked,global,sfm_dataset2_sfm_full_aliked_global_fullres_eval,patch,p006,COMPLETE,complete,400,1000000,,0.7337834939360619,22.293115426587093,0.6507982224225998,python_full_resolution_undistorted,full_resolution_undistorted,5382,4711,3667.099,1000000,11862,15065,,,2026-07-08T10:06:19.969563+00:00,s3://3dreefs-ben-eu-north1/experiments/ablations/stage1_fullres_eval/runs/sfm_dataset2_sfm_full_aliked_global_fullres_eval/ablation_eval/results_splat.csv
D2,dataset2,full,aliked,incremental,sfm_dataset2_sfm_full_aliked_incremental_fullres_eval,patch,p000,FAIL,complete_with_warnings,,,,,,,,,,,,,,,SfM status complete_with_warnings; downstream evaluation was not scheduled,multiple_sparse_models:25,2026-07-08T02:15:14.824024+00:00,s3://3dreefs-ben-eu-north1/experiments/ablations/stage1_fullres_eval/runs/sfm_dataset2_sfm_full_aliked_incremental_fullres_eval/ablation_eval/results_splat.csv
D2,dataset2,full,aliked,incremental,sfm_dataset2_sfm_full_aliked_incremental_fullres_eval,patch,p001,FAIL,complete_with_warnings,,,,,,,,,,,,,,,SfM status complete_with_warnings; downstream evaluation was not scheduled,multiple_sparse_models:25,2026-07-08T02:15:14.824024+00:00,s3://3dreefs-ben-eu-north1/experiments/ablations/stage1_fullres_eval/runs/sfm_dataset2_sfm_full_aliked_incremental_fullres_eval/ablation_eval/results_splat.csv
D2,dataset2,full,aliked,incremental,sfm_dataset2_sfm_full_aliked_incremental_fullres_eval,patch,p002,FAIL,complete_with_warnings,,,,,,,,,,,,,,,SfM status complete_with_warnings; downstream evaluation was not scheduled,multiple_sparse_models:25,2026-07-08T02:15:14.824024+00:00,s3://3dreefs-ben-eu-north1/experiments/ablations/stage1_fullres_eval/runs/sfm_dataset2_sfm_full_aliked_incremental_fullres_eval/ablation_eval/results_splat.csv
D2,dataset2,full,sift,global,sfm_dataset2_sfm_full_sift_global_fullres_eval,patch,p000,COMPLETE,complete,400,1000000,,0.7528252341808417,24.030662071148033,0.5847225464307345,python_full_resolution_undistorted,full_resolution_undistorted,5365,4713,3887.476,1000000,13737,8841,,,2026-07-08T09:24:13.986523+00:00,s3://3dreefs-ben-eu-north1/experiments/ablations/stage1_fullres_eval/runs/sfm_dataset2_sfm_full_sift_global_fullres_eval/ablation_eval/results_splat.csv
D2,dataset2,full,sift,global,sfm_dataset2_sfm_full_sift_global_fullres_eval,patch,p002,COMPLETE,complete,400,1000000,,0.7047051356898414,23.34994197699869,0.6158398869964812,python_full_resolution_undistorted,full_resolution_undistorted,5384,4712,3145.187,1000000,13979,15025,,,2026-07-08T10:38:17.139194+00:00,s3://3dreefs-ben-eu-north1/experiments/ablations/stage1_fullres_eval/runs/sfm_dataset2_sfm_full_sift_global_fullres_eval/ablation_eval/results_splat.csv
D2,dataset2,full,sift,global,sfm_dataset2_sfm_full_sift_global_fullres_eval,patch,p005,COMPLETE,complete,400,1000000,,0.7208305284380913,23.541003415738693,0.6041169926524163,python_full_resolution_undistorted,full_resolution_undistorted,5384,4712,3164.971,1000000,14204,15277,,,2026-07-08T11:54:54.398971+00:00,s3://3dreefs-ben-eu-north1/experiments/ablations/stage1_fullres_eval/runs/sfm_dataset2_sfm_full_sift_global_fullres_eval/ablation_eval/results_splat.csv
D2,dataset2,full,sift,global,sfm_dataset2_sfm_full_sift_global_fullres_eval,patch,p007,COMPLETE,complete,400,1000000,,0.7155997251209459,23.682960270397263,0.6047636552860862,python_full_resolution_undistorted,full_resolution_undistorted,5384,4712,3244.579,1000000,14084,15003,,,2026-07-08T13:12:38.203386+00:00,s3://3dreefs-ben-eu-north1/experiments/ablations/stage1_fullres_eval/runs/sfm_dataset2_sfm_full_sift_global_fullres_eval/ablation_eval/results_splat.csv
D2,dataset2,full,sift,global,sfm_dataset2_sfm_full_sift_global_fullres_eval,patch,p010,COMPLETE,complete,400,1000000,,0.6322733234418066,21.638951322945534,0.6023032296645013,python_full_resolution_undistorted,full_resolution_undistorted,5384,4712,3242.945,1000000,14807,15103,,,2026-07-08T14:30:22.168125+00:00,s3://3dreefs-ben-eu-north1/experiments/ablations/stage1_fullres_eval/runs/sfm_dataset2_sfm_full_sift_global_fullres_eval/ablation_eval/results_splat.csv
D2,dataset2,full,sift,global,sfm_dataset2_sfm_full_sift_global_fullres_eval,patch,p012,COMPLETE,complete,400,1000000,,0.6886875966661855,23.416878031588357,0.6277198854245638,python_full_resolution_undistorted,full_resolution_undistorted,5384,4712,3275.823,1000000,14261,15133,,,2026-07-08T15:47:27.616830+00:00,s3://3dreefs-ben-eu-north1/experiments/ablations/stage1_fullres_eval/runs/sfm_dataset2_sfm_full_sift_global_fullres_eval/ablation_eval/results_splat.csv
D2,dataset2,full,sift,global,sfm_dataset2_sfm_full_sift_global_fullres_eval,patch,p015,COMPLETE,complete,400,1000000,,0.5253744721412659,18.96614861383991,0.6656552970409393,python_full_resolution_undistorted,full_resolution_undistorted,5384,4712,3209.021,1000000,16033,15077,,,2026-07-08T17:04:19.699942+00:00,s3://3dreefs-ben-eu-north1/experiments/ablations/stage1_fullres_eval/runs/sfm_dataset2_sfm_full_sift_global_fullres_eval/ablation_eval/results_splat.csv
D2,dataset2,full,sift,global,sfm_dataset2_sfm_full_sift_global_fullres_eval,patch,p017,COMPLETE,complete,400,1000000,,0.5548732471771729,19.96189107454814,0.6349493983464364,python_full_resolution_undistorted,full_resolution_undistorted,5384,4712,3179.624,1000000,15727,15045,,,2026-07-08T18:20:23.905058+00:00,s3://3dreefs-ben-eu-north1/experiments/ablations/stage1_fullres_eval/runs/sfm_dataset2_sfm_full_sift_global_fullres_eval/ablation_eval/results_splat.csv
D2,dataset2,full,sift,global,sfm_dataset2_sfm_full_sift_global_fullres_eval,patch,p020,COMPLETE,complete,400,1000000,,0.5194386312594781,18.56609612705318,0.6629877686500549,python_full_resolution_undistorted,full_resolution_undistorted,5384,4712,3116.774,1000000,15899,15029,,,2026-07-08T19:35:33.012390+00:00,s3://3dreefs-ben-eu-north1/experiments/ablations/stage1_fullres_eval/runs/sfm_dataset2_sfm_full_sift_global_fullres_eval/ablation_eval/results_splat.csv
D2,dataset2,full,sift,global,sfm_dataset2_sfm_full_sift_global_fullres_eval,patch,p022,COMPLETE,complete,400,1000000,,0.5185785874724388,18.69875048990097,0.6610471174120903,python_full_resolution_undistorted,full_resolution_undistorted,5384,4712,3037.343,1000000,16514,15133,,,2026-07-08T20:49:41.064662+00:00,s3://3dreefs-ben-eu-north1/experiments/ablations/stage1_fullres_eval/runs/sfm_dataset2_sfm_full_sift_global_fullres_eval/ablation_eval/results_splat.csv
D2,dataset2,full,sift,incremental,sfm_dataset2_sfm_full_sift_incremental_fullres_eval,run,,FAIL,failed,,,,,,,,,,,,,,,sfm_timeout_exceeded_24h,sfm_timeout_exceeded_24h,2026-07-08T20:34:47.149863+00:00,s3://3dreefs-ben-eu-north1/experiments/ablations/stage1_fullres_eval/runs/sfm_dataset2_sfm_full_sift_incremental_fullres_eval/ablation_eval/results_sfm.csv
D3,dataset3,1024,aliked,global,sfm_dataset3_sfm_1024_aliked_global_fullres_eval,patch,p000,COMPLETE,complete,400,1000000,,0.7421224299404356,24.92823209176281,0.6515087121062808,python_full_resolution_undistorted,full_resolution_undistorted,3476,5215,3247.756,1000000,11529,5385,,,2026-07-08T00:15:58.548764+00:00,s3://3dreefs-ben-eu-north1/experiments/ablations/stage1_fullres_eval/runs/sfm_dataset3_sfm_1024_aliked_global_fullres_eval/ablation_eval/results_splat.csv
D3,dataset3,1024,aliked,global,sfm_dataset3_sfm_1024_aliked_global_fullres_eval,patch,p001,COMPLETE,complete,400,1000000,,0.7246339783072472,24.302972067960575,0.6715469747781754,python_full_resolution_undistorted,full_resolution_undistorted,3473,5211,3492.453,1000000,12164,11025,,,2026-07-08T01:31:54.108049+00:00,s3://3dreefs-ben-eu-north1/experiments/ablations/stage1_fullres_eval/runs/sfm_dataset3_sfm_1024_aliked_global_fullres_eval/ablation_eval/results_splat.csv
D3,dataset3,1024,aliked,global,sfm_dataset3_sfm_1024_aliked_global_fullres_eval,patch,p002,COMPLETE,complete,400,1000000,,0.6931505709886551,21.885351811477882,0.7141401931643486,python_full_resolution_undistorted,full_resolution_undistorted,3473,5211,3536.494,1000000,12339,18739,,,2026-07-08T02:48:03.654059+00:00,s3://3dreefs-ben-eu-north1/experiments/ablations/stage1_fullres_eval/runs/sfm_dataset3_sfm_1024_aliked_global_fullres_eval/ablation_eval/results_splat.csv
D3,dataset3,1024,aliked,global,sfm_dataset3_sfm_1024_aliked_global_fullres_eval,patch,p003,COMPLETE,complete,400,1000000,,0.7023218363523483,23.594333576861896,0.6897387012839318,python_full_resolution_undistorted,full_resolution_undistorted,3473,5211,3424.522,1000000,12209,12303,,,2026-07-08T04:02:50.566328+00:00,s3://3dreefs-ben-eu-north1/experiments/ablations/stage1_fullres_eval/runs/sfm_dataset3_sfm_1024_aliked_global_fullres_eval/ablation_eval/results_splat.csv
D3,dataset3,1024,aliked,global,sfm_dataset3_sfm_1024_aliked_global_fullres_eval,patch,p004,COMPLETE,complete,400,1000000,,0.7328125865031512,25.67527036825526,0.660419639868614,python_full_resolution_undistorted,full_resolution_undistorted,3473,5211,3047.585,1000000,12344,10957,,,2026-07-08T05:11:08.135596+00:00,s3://3dreefs-ben-eu-north1/experiments/ablations/stage1_fullres_eval/runs/sfm_dataset3_sfm_1024_aliked_global_fullres_eval/ablation_eval/results_splat.csv
D3,dataset3,1024,aliked,global,sfm_dataset3_sfm_1024_aliked_global_fullres_eval,patch,p005,COMPLETE,complete,400,1000000,,0.7095561654944169,24.297926882613687,0.6888365949455061,python_full_resolution_undistorted,full_resolution_undistorted,3473,5211,3519.246,1000000,12327,12391,,,2026-07-08T06:26:53.472822+00:00,s3://3dreefs-ben-eu-north1/experiments/ablations/stage1_fullres_eval/runs/sfm_dataset3_sfm_1024_aliked_global_fullres_eval/ablation_eval/results_splat.csv
D3,dataset3,1024,aliked,global,sfm_dataset3_sfm_1024_aliked_global_fullres_eval,patch,p006,COMPLETE,complete,400,1000000,,0.7246881080301184,23.818011835008736,0.6720316488491861,python_full_resolution_undistorted,full_resolution_undistorted,3473,5211,3539.973,1000000,12245,12391,,,2026-07-08T07:42:37.704919+00:00,s3://3dreefs-ben-eu-north1/experiments/ablations/stage1_fullres_eval/runs/sfm_dataset3_sfm_1024_aliked_global_fullres_eval/ablation_eval/results_splat.csv
D3,dataset3,1024,aliked,global,sfm_dataset3_sfm_1024_aliked_global_fullres_eval,patch,p007,COMPLETE,complete,400,1000000,,0.7300705562035242,25.643013408354122,0.6522057089540694,python_full_resolution_undistorted,full_resolution_undistorted,3476,5215,3109.764,1000000,12377,10269,,,2026-07-08T08:50:59.734715+00:00,s3://3dreefs-ben-eu-north1/experiments/ablations/stage1_fullres_eval/runs/sfm_dataset3_sfm_1024_aliked_global_fullres_eval/ablation_eval/results_splat.csv
D3,dataset3,1024,aliked,incremental,sfm_dataset3_sfm_1024_aliked_incremental_fullres_eval,patch,p000,FAIL,complete_with_warnings,,,,,,,,,,,,,,,SfM status complete_with_warnings; downstream evaluation was not scheduled,multiple_sparse_models:11,2026-07-08T12:37:52.249152+00:00,s3://3dreefs-ben-eu-north1/experiments/ablations/stage1_fullres_eval/runs/sfm_dataset3_sfm_1024_aliked_incremental_fullres_eval/ablation_eval/results_splat.csv
D3,dataset3,1024,aliked,incremental,sfm_dataset3_sfm_1024_aliked_incremental_fullres_eval,patch,p001,FAIL,complete_with_warnings,,,,,,,,,,,,,,,SfM status complete_with_warnings; downstream evaluation was not scheduled,multiple_sparse_models:11,2026-07-08T12:37:52.249152+00:00,s3://3dreefs-ben-eu-north1/experiments/ablations/stage1_fullres_eval/runs/sfm_dataset3_sfm_1024_aliked_incremental_fullres_eval/ablation_eval/results_splat.csv
D3,dataset3,1024,aliked,incremental,sfm_dataset3_sfm_1024_aliked_incremental_fullres_eval,patch,p002,FAIL,complete_with_warnings,,,,,,,,,,,,,,,SfM status complete_with_warnings; downstream evaluation was not scheduled,multiple_sparse_models:11,2026-07-08T12:37:52.249152+00:00,s3://3dreefs-ben-eu-north1/experiments/ablations/stage1_fullres_eval/runs/sfm_dataset3_sfm_1024_aliked_incremental_fullres_eval/ablation_eval/results_splat.csv
D3,dataset3,1024,aliked,incremental,sfm_dataset3_sfm_1024_aliked_incremental_fullres_eval,patch,p003,FAIL,complete_with_warnings,,,,,,,,,,,,,,,SfM status complete_with_warnings; downstream evaluation was not scheduled,multiple_sparse_models:11,2026-07-08T12:37:52.249152+00:00,s3://3dreefs-ben-eu-north1/experiments/ablations/stage1_fullres_eval/runs/sfm_dataset3_sfm_1024_aliked_incremental_fullres_eval/ablation_eval/results_splat.csv
D3,dataset3,1024,aliked,incremental,sfm_dataset3_sfm_1024_aliked_incremental_fullres_eval,patch,p004,FAIL,complete_with_warnings,,,,,,,,,,,,,,,SfM status complete_with_warnings; downstream evaluation was not scheduled,multiple_sparse_models:11,2026-07-08T12:37:52.249152+00:00,s3://3dreefs-ben-eu-north1/experiments/ablations/stage1_fullres_eval/runs/sfm_dataset3_sfm_1024_aliked_incremental_fullres_eval/ablation_eval/results_splat.csv
D3,dataset3,1024,aliked,incremental,sfm_dataset3_sfm_1024_aliked_incremental_fullres_eval,patch,p005,FAIL,complete_with_warnings,,,,,,,,,,,,,,,SfM status complete_with_warnings; downstream evaluation was not scheduled,multiple_sparse_models:11,2026-07-08T12:37:52.249152+00:00,s3://3dreefs-ben-eu-north1/experiments/ablations/stage1_fullres_eval/runs/sfm_dataset3_sfm_1024_aliked_incremental_fullres_eval/ablation_eval/results_splat.csv
D3,dataset3,1024,aliked,incremental,sfm_dataset3_sfm_1024_aliked_incremental_fullres_eval,patch,p006,FAIL,complete_with_warnings,,,,,,,,,,,,,,,SfM status complete_with_warnings; downstream evaluation was not scheduled,multiple_sparse_models:11,2026-07-08T12:37:52.249152+00:00,s3://3dreefs-ben-eu-north1/experiments/ablations/stage1_fullres_eval/runs/sfm_dataset3_sfm_1024_aliked_incremental_fullres_eval/ablation_eval/results_splat.csv
D3,dataset3,1024,aliked,incremental,sfm_dataset3_sfm_1024_aliked_incremental_fullres_eval,patch,p007,FAIL,complete_with_warnings,,,,,,,,,,,,,,,SfM status complete_with_warnings; downstream evaluation was not scheduled,multiple_sparse_models:11,2026-07-08T12:37:52.249152+00:00,s3://3dreefs-ben-eu-north1/experiments/ablations/stage1_fullres_eval/runs/sfm_dataset3_sfm_1024_aliked_incremental_fullres_eval/ablation_eval/results_splat.csv
D3,dataset3,1024,sift,global,sfm_dataset3_sfm_1024_sift_global_fullres_eval,patch,p000,COMPLETE,complete,400,1000000,,0.7258827243095789,24.44158725621516,0.659807637715951,python_full_resolution_undistorted,full_resolution_undistorted,3487,5229,3134.411,1000000,12734,5677,,,2026-07-08T02:11:16.830443+00:00,s3://3dreefs-ben-eu-north1/experiments/ablations/stage1_fullres_eval/runs/sfm_dataset3_sfm_1024_sift_global_fullres_eval/ablation_eval/results_splat.csv
D3,dataset3,1024,sift,global,sfm_dataset3_sfm_1024_sift_global_fullres_eval,patch,p001,COMPLETE,complete,400,1000000,,0.7151029140521319,22.79255340861425,0.6835482854109544,python_full_resolution_undistorted,full_resolution_undistorted,3487,5229,3438.345,1000000,13013,10735,,,2026-07-08T03:25:24.731503+00:00,s3://3dreefs-ben-eu-north1/experiments/ablations/stage1_fullres_eval/runs/sfm_dataset3_sfm_1024_sift_global_fullres_eval/ablation_eval/results_splat.csv
D3,dataset3,1024,sift,global,sfm_dataset3_sfm_1024_sift_global_fullres_eval,patch,p002,COMPLETE,complete,400,1000000,,0.7419210849581538,25.898014961131633,0.6451985658826055,python_full_resolution_undistorted,full_resolution_undistorted,3487,5229,3091.568,1000000,12990,10787,,,2026-07-08T04:33:07.469857+00:00,s3://3dreefs-ben-eu-north1/experiments/ablations/stage1_fullres_eval/runs/sfm_dataset3_sfm_1024_sift_global_fullres_eval/ablation_eval/results_splat.csv
D3,dataset3,1024,sift,global,sfm_dataset3_sfm_1024_sift_global_fullres_eval,patch,p003,COMPLETE,complete,400,1000000,,0.7547376065543203,26.06461179985495,0.6245849836956371,python_full_resolution_undistorted,full_resolution_undistorted,3487,5229,2919.519,1000000,12575,10679,,,2026-07-08T05:36:26.146121+00:00,s3://3dreefs-ben-eu-north1/experiments/ablations/stage1_fullres_eval/runs/sfm_dataset3_sfm_1024_sift_global_fullres_eval/ablation_eval/results_splat.csv
D3,dataset3,1024,sift,global,sfm_dataset3_sfm_1024_sift_global_fullres_eval,patch,p004,COMPLETE,complete,400,1000000,,0.7394583687186241,25.468443574234605,0.6423169553279877,python_full_resolution_undistorted,full_resolution_undistorted,3487,5229,3058.257,1000000,13074,10783,,,2026-07-08T06:45:22.528380+00:00,s3://3dreefs-ben-eu-north1/experiments/ablations/stage1_fullres_eval/runs/sfm_dataset3_sfm_1024_sift_global_fullres_eval/ablation_eval/results_splat.csv
D3,dataset3,1024,sift,global,sfm_dataset3_sfm_1024_sift_global_fullres_eval,patch,p005,COMPLETE,complete,400,1000000,,0.7446461960673332,25.454990320547935,0.6520859211683273,python_full_resolution_undistorted,full_resolution_undistorted,3487,5229,3272.679,1000000,12878,10645,,,2026-07-08T07:57:25.171546+00:00,s3://3dreefs-ben-eu-north1/experiments/ablations/stage1_fullres_eval/runs/sfm_dataset3_sfm_1024_sift_global_fullres_eval/ablation_eval/results_splat.csv
D3,dataset3,1024,sift,global,sfm_dataset3_sfm_1024_sift_global_fullres_eval,patch,p006,COMPLETE,complete,400,1000000,,0.7147984419550214,25.953980749589295,0.6560365302222115,python_full_resolution_undistorted,full_resolution_undistorted,3487,5229,3212.241,1000000,12766,10631,,,2026-07-08T09:06:14.820039+00:00,s3://3dreefs-ben-eu-north1/experiments/ablations/stage1_fullres_eval/runs/sfm_dataset3_sfm_1024_sift_global_fullres_eval/ablation_eval/results_splat.csv
D3,dataset3,1024,sift,global,sfm_dataset3_sfm_1024_sift_global_fullres_eval,patch,p007,COMPLETE,complete,400,1000000,,0.724129644724039,26.60979272790681,0.6569373584710635,python_full_resolution_undistorted,full_resolution_undistorted,3487,5229,2906.828,1000000,10872,11301,,,2026-07-08T10:06:13.675332+00:00,s3://3dreefs-ben-eu-north1/experiments/ablations/stage1_fullres_eval/runs/sfm_dataset3_sfm_1024_sift_global_fullres_eval/ablation_eval/results_splat.csv
D3,dataset3,1024,sift,global,sfm_dataset3_sfm_1024_sift_global_fullres_eval,patch,p008,COMPLETE,complete,400,1000000,,0.7132277687390646,26.75520528951552,0.6207541724046072,python_full_resolution_undistorted,full_resolution_undistorted,3484,5223,2703.54,1000000,7841,10425,,,2026-07-08T10:53:59.832716+00:00,s3://3dreefs-ben-eu-north1/experiments/ablations/stage1_fullres_eval/runs/sfm_dataset3_sfm_1024_sift_global_fullres_eval/ablation_eval/results_splat.csv
D3,dataset3,1024,sift,incremental,sfm_dataset3_sfm_1024_sift_incremental_fullres_eval,patch,p000,COMPLETE,complete,400,1000000,,0.7440528320638757,24.94485578674212,0.6504214704036713,python_full_resolution_undistorted,full_resolution_undistorted,3483,5224,3027.078,1000000,12900,5397,,,2026-07-08T23:12:50.621763+00:00,s3://3dreefs-ben-eu-north1/experiments/ablations/stage1_fullres_eval/runs/sfm_dataset3_sfm_1024_sift_incremental_fullres_eval/ablation_eval/results_splat.csv
D3,dataset3,1024,sift,incremental,sfm_dataset3_sfm_1024_sift_incremental_fullres_eval,patch,p001,COMPLETE,complete,400,1000000,,0.7445514135890536,26.09232017965514,0.6359139581521353,python_full_resolution_undistorted,full_resolution_undistorted,3481,5218,3058.996,1000000,12967,10449,,,2026-07-09T00:20:30.490241+00:00,s3://3dreefs-ben-eu-north1/experiments/ablations/stage1_fullres_eval/runs/sfm_dataset3_sfm_1024_sift_incremental_fullres_eval/ablation_eval/results_splat.csv
D3,dataset3,1024,sift,incremental,sfm_dataset3_sfm_1024_sift_incremental_fullres_eval,patch,p002,COMPLETE,complete,400,1000000,,0.6912236109375953,23.424664108201277,0.7088052660226822,python_full_resolution_undistorted,full_resolution_undistorted,3481,5218,3555.53,1000000,13279,10623,,,2026-07-09T01:37:36.254382+00:00,s3://3dreefs-ben-eu-north1/experiments/ablations/stage1_fullres_eval/runs/sfm_dataset3_sfm_1024_sift_incremental_fullres_eval/ablation_eval/results_splat.csv
D3,dataset3,1024,sift,incremental,sfm_dataset3_sfm_1024_sift_incremental_fullres_eval,patch,p003,COMPLETE,complete,400,1000000,,0.716754191961044,25.784263703013092,0.6645054511534862,python_full_resolution_undistorted,full_resolution_undistorted,3481,5218,3087.935,1000000,13158,10359,,,2026-07-09T02:47:00.172662+00:00,s3://3dreefs-ben-eu-north1/experiments/ablations/stage1_fullres_eval/runs/sfm_dataset3_sfm_1024_sift_incremental_fullres_eval/ablation_eval/results_splat.csv
D3,dataset3,1024,sift,incremental,sfm_dataset3_sfm_1024_sift_incremental_fullres_eval,patch,p004,COMPLETE,complete,400,1000000,,0.7277072072029114,25.674945645634594,0.6597842160198424,python_full_resolution_undistorted,full_resolution_undistorted,3481,5218,2947.39,1000000,13184,10379,,,2026-07-09T03:52:38.107297+00:00,s3://3dreefs-ben-eu-north1/experiments/ablations/stage1_fullres_eval/runs/sfm_dataset3_sfm_1024_sift_incremental_fullres_eval/ablation_eval/results_splat.csv
D3,dataset3,1024,sift,incremental,sfm_dataset3_sfm_1024_sift_incremental_fullres_eval,patch,p005,COMPLETE,complete,400,1000000,,0.7210299438900418,26.251909074080555,0.6671451181173325,python_full_resolution_undistorted,full_resolution_undistorted,3481,5218,2997.63,1000000,13270,10367,,,2026-07-09T04:59:02.522594+00:00,s3://3dreefs-ben-eu-north1/experiments/ablations/stage1_fullres_eval/runs/sfm_dataset3_sfm_1024_sift_incremental_fullres_eval/ablation_eval/results_splat.csv
D3,dataset3,1024,sift,incremental,sfm_dataset3_sfm_1024_sift_incremental_fullres_eval,patch,p006,COMPLETE,complete,400,1000000,,0.7300997499157401,26.05398899353515,0.6450896192999447,python_full_resolution_undistorted,full_resolution_undistorted,3481,5218,3082.866,1000000,13016,10395,,,2026-07-09T06:06:12.337992+00:00,s3://3dreefs-ben-eu-north1/experiments/ablations/stage1_fullres_eval/runs/sfm_dataset3_sfm_1024_sift_incremental_fullres_eval/ablation_eval/results_splat.csv
D3,dataset3,1024,sift,incremental,sfm_dataset3_sfm_1024_sift_incremental_fullres_eval,patch,p007,COMPLETE,complete,400,1000000,,0.7378249030846816,25.883673928097785,0.647968237216656,python_full_resolution_undistorted,full_resolution_undistorted,3481,5218,3219.972,1000000,13089,10367,,,2026-07-09T07:17:54.166736+00:00,s3://3dreefs-ben-eu-north1/experiments/ablations/stage1_fullres_eval/runs/sfm_dataset3_sfm_1024_sift_incremental_fullres_eval/ablation_eval/results_splat.csv
D3,dataset3,1024,sift,incremental,sfm_dataset3_sfm_1024_sift_incremental_fullres_eval,patch,p008,COMPLETE,complete,400,1000000,,0.7468604246775309,26.04123122171415,0.6285501993619479,python_full_resolution_undistorted,full_resolution_undistorted,3481,5218,2977.839,1000000,13303,10295,,,2026-07-09T08:25:49.120600+00:00,s3://3dreefs-ben-eu-north1/experiments/ablations/stage1_fullres_eval/runs/sfm_dataset3_sfm_1024_sift_incremental_fullres_eval/ablation_eval/results_splat.csv
D3,dataset3,2048,aliked,global,sfm_dataset3_sfm_2048_aliked_global_fullres_eval,patch,p000,COMPLETE,complete,400,1000000,,0.7525857022830418,25.66584026689523,0.639366957119533,python_full_resolution_undistorted,full_resolution_undistorted,3484,5225,3092.102,1000000,12015,5397,,,2026-07-08T00:44:52.193974+00:00,s3://3dreefs-ben-eu-north1/experiments/ablations/stage1_fullres_eval/runs/sfm_dataset3_sfm_2048_aliked_global_fullres_eval/ablation_eval/results_splat.csv
D3,dataset3,2048,aliked,global,sfm_dataset3_sfm_2048_aliked_global_fullres_eval,patch,p001,COMPLETE,complete,400,1000000,,0.7335256725549698,24.919414965204197,0.6569780349731446,python_full_resolution_undistorted,full_resolution_undistorted,3483,5221,3387.84,1000000,12251,11129,,,2026-07-08T02:00:10.552401+00:00,s3://3dreefs-ben-eu-north1/experiments/ablations/stage1_fullres_eval/runs/sfm_dataset3_sfm_2048_aliked_global_fullres_eval/ablation_eval/results_splat.csv
D3,dataset3,2048,aliked,global,sfm_dataset3_sfm_2048_aliked_global_fullres_eval,patch,p002,COMPLETE,complete,400,1000000,,0.6995244428515435,22.653755599754064,0.6954316675662995,python_full_resolution_undistorted,full_resolution_undistorted,3483,5221,3442.826,1000000,12268,12661,,,2026-07-08T03:15:46.148615+00:00,s3://3dreefs-ben-eu-north1/experiments/ablations/stage1_fullres_eval/runs/sfm_dataset3_sfm_2048_aliked_global_fullres_eval/ablation_eval/results_splat.csv
D3,dataset3,2048,aliked,global,sfm_dataset3_sfm_2048_aliked_global_fullres_eval,patch,p003,COMPLETE,complete,400,1000000,,0.7124736353754997,24.8739330988736,0.6709453582763671,python_full_resolution_undistorted,full_resolution_undistorted,3483,5221,3348.306,1000000,12330,10675,,,2026-07-08T04:29:58.617465+00:00,s3://3dreefs-ben-eu-north1/experiments/ablations/stage1_fullres_eval/runs/sfm_dataset3_sfm_2048_aliked_global_fullres_eval/ablation_eval/results_splat.csv
D3,dataset3,2048,aliked,global,sfm_dataset3_sfm_2048_aliked_global_fullres_eval,patch,p004,COMPLETE,complete,400,1000000,,0.7336988945802053,26.057931804647225,0.6581035719977485,python_full_resolution_undistorted,full_resolution_undistorted,3484,5225,2957.365,1000000,12222,10393,,,2026-07-08T05:35:48.996732+00:00,s3://3dreefs-ben-eu-north1/experiments/ablations/stage1_fullres_eval/runs/sfm_dataset3_sfm_2048_aliked_global_fullres_eval/ablation_eval/results_splat.csv
D3,dataset3,2048,aliked,global,sfm_dataset3_sfm_2048_aliked_global_fullres_eval,patch,p005,COMPLETE,complete,400,1000000,,0.7069368836207267,24.80349247154435,0.6881491923943545,python_full_resolution_undistorted,full_resolution_undistorted,3484,5225,3269.639,1000000,12333,11021,,,2026-07-08T06:48:30.342407+00:00,s3://3dreefs-ben-eu-north1/experiments/ablations/stage1_fullres_eval/runs/sfm_dataset3_sfm_2048_aliked_global_fullres_eval/ablation_eval/results_splat.csv
D3,dataset3,2048,aliked,global,sfm_dataset3_sfm_2048_aliked_global_fullres_eval,patch,p006,COMPLETE,complete,400,1000000,,0.723280352981467,24.52314839725176,0.6594602371516981,python_full_resolution_undistorted,full_resolution_undistorted,3483,5221,3334.103,1000000,12104,10419,,,2026-07-08T08:02:25.055890+00:00,s3://3dreefs-ben-eu-north1/experiments/ablations/stage1_fullres_eval/runs/sfm_dataset3_sfm_2048_aliked_global_fullres_eval/ablation_eval/results_splat.csv
D3,dataset3,2048,aliked,global,sfm_dataset3_sfm_2048_aliked_global_fullres_eval,patch,p007,COMPLETE,complete,400,1000000,,0.7420348808169365,25.870850643783836,0.6401368290185928,python_full_resolution_undistorted,full_resolution_undistorted,3484,5225,3119.677,1000000,12425,10537,,,2026-07-08T09:14:14.295499+00:00,s3://3dreefs-ben-eu-north1/experiments/ablations/stage1_fullres_eval/runs/sfm_dataset3_sfm_2048_aliked_global_fullres_eval/ablation_eval/results_splat.csv
D3,dataset3,2048,aliked,incremental,sfm_dataset3_sfm_2048_aliked_incremental_fullres_eval,patch,p000,FAIL,complete_with_warnings,,,,,,,,,,,,,,,SfM status complete_with_warnings; downstream evaluation was not scheduled,multiple_sparse_models:6,2026-07-08T15:34:09.737469+00:00,s3://3dreefs-ben-eu-north1/experiments/ablations/stage1_fullres_eval/runs/sfm_dataset3_sfm_2048_aliked_incremental_fullres_eval/ablation_eval/results_splat.csv
D3,dataset3,2048,aliked,incremental,sfm_dataset3_sfm_2048_aliked_incremental_fullres_eval,patch,p001,FAIL,complete_with_warnings,,,,,,,,,,,,,,,SfM status complete_with_warnings; downstream evaluation was not scheduled,multiple_sparse_models:6,2026-07-08T15:34:09.737469+00:00,s3://3dreefs-ben-eu-north1/experiments/ablations/stage1_fullres_eval/runs/sfm_dataset3_sfm_2048_aliked_incremental_fullres_eval/ablation_eval/results_splat.csv
D3,dataset3,2048,aliked,incremental,sfm_dataset3_sfm_2048_aliked_incremental_fullres_eval,patch,p002,FAIL,complete_with_warnings,,,,,,,,,,,,,,,SfM status complete_with_warnings; downstream evaluation was not scheduled,multiple_sparse_models:6,2026-07-08T15:34:09.737469+00:00,s3://3dreefs-ben-eu-north1/experiments/ablations/stage1_fullres_eval/runs/sfm_dataset3_sfm_2048_aliked_incremental_fullres_eval/ablation_eval/results_splat.csv
D3,dataset3,2048,aliked,incremental,sfm_dataset3_sfm_2048_aliked_incremental_fullres_eval,patch,p003,FAIL,complete_with_warnings,,,,,,,,,,,,,,,SfM status complete_with_warnings; downstream evaluation was not scheduled,multiple_sparse_models:6,2026-07-08T15:34:09.737469+00:00,s3://3dreefs-ben-eu-north1/experiments/ablations/stage1_fullres_eval/runs/sfm_dataset3_sfm_2048_aliked_incremental_fullres_eval/ablation_eval/results_splat.csv
D3,dataset3,2048,aliked,incremental,sfm_dataset3_sfm_2048_aliked_incremental_fullres_eval,patch,p004,FAIL,complete_with_warnings,,,,,,,,,,,,,,,SfM status complete_with_warnings; downstream evaluation was not scheduled,multiple_sparse_models:6,2026-07-08T15:34:09.737469+00:00,s3://3dreefs-ben-eu-north1/experiments/ablations/stage1_fullres_eval/runs/sfm_dataset3_sfm_2048_aliked_incremental_fullres_eval/ablation_eval/results_splat.csv
D3,dataset3,2048,aliked,incremental,sfm_dataset3_sfm_2048_aliked_incremental_fullres_eval,patch,p005,FAIL,complete_with_warnings,,,,,,,,,,,,,,,SfM status complete_with_warnings; downstream evaluation was not scheduled,multiple_sparse_models:6,2026-07-08T15:34:09.737469+00:00,s3://3dreefs-ben-eu-north1/experiments/ablations/stage1_fullres_eval/runs/sfm_dataset3_sfm_2048_aliked_incremental_fullres_eval/ablation_eval/results_splat.csv
D3,dataset3,2048,aliked,incremental,sfm_dataset3_sfm_2048_aliked_incremental_fullres_eval,patch,p006,FAIL,complete_with_warnings,,,,,,,,,,,,,,,SfM status complete_with_warnings; downstream evaluation was not scheduled,multiple_sparse_models:6,2026-07-08T15:34:09.737469+00:00,s3://3dreefs-ben-eu-north1/experiments/ablations/stage1_fullres_eval/runs/sfm_dataset3_sfm_2048_aliked_incremental_fullres_eval/ablation_eval/results_splat.csv
D3,dataset3,2048,aliked,incremental,sfm_dataset3_sfm_2048_aliked_incremental_fullres_eval,patch,p007,FAIL,complete_with_warnings,,,,,,,,,,,,,,,SfM status complete_with_warnings; downstream evaluation was not scheduled,multiple_sparse_models:6,2026-07-08T15:34:09.737469+00:00,s3://3dreefs-ben-eu-north1/experiments/ablations/stage1_fullres_eval/runs/sfm_dataset3_sfm_2048_aliked_incremental_fullres_eval/ablation_eval/results_splat.csv
D3,dataset3,2048,sift,global,sfm_dataset3_sfm_2048_sift_global_fullres_eval,patch,p000,COMPLETE,complete,400,1000000,,0.7405127978750637,25.134508221847966,0.6133490524121693,python_full_resolution_undistorted,full_resolution_undistorted,3482,5219,2922.635,1000000,10953,5397,,,2026-07-08T02:20:35.323484+00:00,s3://3dreefs-ben-eu-north1/experiments/ablations/stage1_fullres_eval/runs/sfm_dataset3_sfm_2048_sift_global_fullres_eval/ablation_eval/results_splat.csv
D3,dataset3,2048,sift,global,sfm_dataset3_sfm_2048_sift_global_fullres_eval,patch,p001,COMPLETE,complete,400,1000000,,0.7540971179803212,27.330715344283462,0.6292056461175283,python_full_resolution_undistorted,full_resolution_undistorted,3484,5225,2811.319,1000000,11227,10285,,,2026-07-08T03:19:41.846167+00:00,s3://3dreefs-ben-eu-north1/experiments/ablations/stage1_fullres_eval/runs/sfm_dataset3_sfm_2048_sift_global_fullres_eval/ablation_eval/results_splat.csv
D3,dataset3,2048,sift,global,sfm_dataset3_sfm_2048_sift_global_fullres_eval,patch,p002,COMPLETE,complete,400,1000000,,0.7204413070128515,26.80726884624583,0.6447008573091947,python_full_resolution_undistorted,full_resolution_undistorted,3484,5225,2860.736,1000000,10831,10329,,,2026-07-08T04:18:03.515909+00:00,s3://3dreefs-ben-eu-north1/experiments/ablations/stage1_fullres_eval/runs/sfm_dataset3_sfm_2048_sift_global_fullres_eval/ablation_eval/results_splat.csv
D3,dataset3,2048,sift,global,sfm_dataset3_sfm_2048_sift_global_fullres_eval,patch,p003,COMPLETE,complete,400,1000000,,0.7187995064643121,25.964364930416867,0.664839344639932,python_full_resolution_undistorted,full_resolution_undistorted,3482,5219,2979.807,1000000,12272,10423,,,2026-07-08T05:20:30.912645+00:00,s3://3dreefs-ben-eu-north1/experiments/ablations/stage1_fullres_eval/runs/sfm_dataset3_sfm_2048_sift_global_fullres_eval/ablation_eval/results_splat.csv
D3,dataset3,2048,sift,global,sfm_dataset3_sfm_2048_sift_global_fullres_eval,patch,p004,COMPLETE,complete,400,1000000,,0.7315672414643424,26.306059051153394,0.6510996563094003,python_full_resolution_undistorted,full_resolution_undistorted,3484,5225,2913.502,1000000,12880,10385,,,2026-07-08T06:23:43.549167+00:00,s3://3dreefs-ben-eu-north1/experiments/ablations/stage1_fullres_eval/runs/sfm_dataset3_sfm_2048_sift_global_fullres_eval/ablation_eval/results_splat.csv
D3,dataset3,2048,sift,global,sfm_dataset3_sfm_2048_sift_global_fullres_eval,patch,p005,COMPLETE,complete,400,1000000,,0.7348194301128388,25.54445203216836,0.6450053334236145,python_full_resolution_undistorted,full_resolution_undistorted,3484,5225,3022.35,1000000,13086,10459,,,2026-07-08T07:31:08.290709+00:00,s3://3dreefs-ben-eu-north1/experiments/ablations/stage1_fullres_eval/runs/sfm_dataset3_sfm_2048_sift_global_fullres_eval/ablation_eval/results_splat.csv
D3,dataset3,2048,sift,global,sfm_dataset3_sfm_2048_sift_global_fullres_eval,patch,p006,COMPLETE,complete,400,1000000,,0.7317846102846993,25.06781679322883,0.63803288506137,python_full_resolution_undistorted,full_resolution_undistorted,3484,5225,3300.909,1000000,12773,10703,,,2026-07-08T08:41:03.583833+00:00,s3://3dreefs-ben-eu-north1/experiments/ablations/stage1_fullres_eval/runs/sfm_dataset3_sfm_2048_sift_global_fullres_eval/ablation_eval/results_splat.csv
D3,dataset3,2048,sift,global,sfm_dataset3_sfm_2048_sift_global_fullres_eval,patch,p007,COMPLETE,complete,400,1000000,,0.726640596985817,24.704320674343855,0.6774846494197846,python_full_resolution_undistorted,full_resolution_undistorted,3482,5219,3411.252,1000000,13056,12517,,,2026-07-08T09:54:09.887872+00:00,s3://3dreefs-ben-eu-north1/experiments/ablations/stage1_fullres_eval/runs/sfm_dataset3_sfm_2048_sift_global_fullres_eval/ablation_eval/results_splat.csv
D3,dataset3,2048,sift,global,sfm_dataset3_sfm_2048_sift_global_fullres_eval,patch,p008,COMPLETE,complete,400,1000000,,0.7538593924707837,26.247603645457158,0.6300790475474464,python_full_resolution_undistorted,full_resolution_undistorted,3484,5225,2860.745,1000000,13011,10335,,,2026-07-08T10:56:39.441691+00:00,s3://3dreefs-ben-eu-north1/experiments/ablations/stage1_fullres_eval/runs/sfm_dataset3_sfm_2048_sift_global_fullres_eval/ablation_eval/results_splat.csv
D3,dataset3,2048,sift,global,sfm_dataset3_sfm_2048_sift_global_fullres_eval,patch,p009,COMPLETE,complete,400,1000000,,0.7499265812692189,25.98332523730031,0.6226506999560765,python_full_resolution_undistorted,full_resolution_undistorted,3482,5219,2633.533,1000000,10423,10563,,,2026-07-08T11:49:16.371831+00:00,s3://3dreefs-ben-eu-north1/experiments/ablations/stage1_fullres_eval/runs/sfm_dataset3_sfm_2048_sift_global_fullres_eval/ablation_eval/results_splat.csv
D3,dataset3,2048,sift,incremental,sfm_dataset3_sfm_2048_sift_incremental_fullres_eval,patch,p000,COMPLETE,complete,400,1000000,,0.7509268377766465,26.26121006480535,0.6249927751945726,python_full_resolution_undistorted,full_resolution_undistorted,3483,5223,2963.876,1000000,12797,5397,,,2026-07-08T09:49:19.947563+00:00,s3://3dreefs-ben-eu-north1/experiments/ablations/stage1_fullres_eval/runs/sfm_dataset3_sfm_2048_sift_incremental_fullres_eval/ablation_eval/results_splat.csv
D3,dataset3,2048,sift,incremental,sfm_dataset3_sfm_2048_sift_incremental_fullres_eval,patch,p001,COMPLETE,complete,400,1000000,,0.7513910647895601,25.863514809688514,0.6225245926115248,python_full_resolution_undistorted,full_resolution_undistorted,3480,5219,3107.643,1000000,12976,10451,,,2026-07-08T10:57:23.016572+00:00,s3://3dreefs-ben-eu-north1/experiments/ablations/stage1_fullres_eval/runs/sfm_dataset3_sfm_2048_sift_incremental_fullres_eval/ablation_eval/results_splat.csv
D3,dataset3,2048,sift,incremental,sfm_dataset3_sfm_2048_sift_incremental_fullres_eval,patch,p002,COMPLETE,complete,400,1000000,,0.69174824655056,22.586079901289935,0.7123566463589668,python_full_resolution_undistorted,full_resolution_undistorted,3480,5219,3576.47,1000000,13439,11747,,,2026-07-08T12:13:51.215122+00:00,s3://3dreefs-ben-eu-north1/experiments/ablations/stage1_fullres_eval/runs/sfm_dataset3_sfm_2048_sift_incremental_fullres_eval/ablation_eval/results_splat.csv
D3,dataset3,2048,sift,incremental,sfm_dataset3_sfm_2048_sift_incremental_fullres_eval,patch,p003,COMPLETE,complete,400,1000000,,0.7290181987213366,26.03145635700518,0.6548261814045183,python_full_resolution_undistorted,full_resolution_undistorted,3480,5219,3012.195,1000000,12862,10561,,,2026-07-08T13:18:27.624745+00:00,s3://3dreefs-ben-eu-north1/experiments/ablations/stage1_fullres_eval/runs/sfm_dataset3_sfm_2048_sift_incremental_fullres_eval/ablation_eval/results_splat.csv
D3,dataset3,2048,sift,incremental,sfm_dataset3_sfm_2048_sift_incremental_fullres_eval,patch,p004,COMPLETE,complete,400,1000000,,0.7412538662552833,26.03243175994419,0.6476950213313103,python_full_resolution_undistorted,full_resolution_undistorted,3480,5219,3059.665,1000000,13117,10581,,,2026-07-08T14:27:13.368410+00:00,s3://3dreefs-ben-eu-north1/experiments/ablations/stage1_fullres_eval/runs/sfm_dataset3_sfm_2048_sift_incremental_fullres_eval/ablation_eval/results_splat.csv
D3,dataset3,2048,sift,incremental,sfm_dataset3_sfm_2048_sift_incremental_fullres_eval,patch,p005,COMPLETE,complete,400,1000000,,0.7475124084287219,25.821631091957187,0.6454020904170142,python_full_resolution_undistorted,full_resolution_undistorted,3480,5219,2985.222,1000000,13075,10367,,,2026-07-08T15:32:33.501590+00:00,s3://3dreefs-ben-eu-north1/experiments/ablations/stage1_fullres_eval/runs/sfm_dataset3_sfm_2048_sift_incremental_fullres_eval/ablation_eval/results_splat.csv
D3,dataset3,2048,sift,incremental,sfm_dataset3_sfm_2048_sift_incremental_fullres_eval,patch,p006,COMPLETE,complete,400,1000000,,0.7076638858569296,24.809629894341725,0.6852548969419379,python_full_resolution_undistorted,full_resolution_undistorted,3480,5219,3243.057,1000000,13121,10535,,,2026-07-08T16:43:23.734377+00:00,s3://3dreefs-ben-eu-north1/experiments/ablations/stage1_fullres_eval/runs/sfm_dataset3_sfm_2048_sift_incremental_fullres_eval/ablation_eval/results_splat.csv
D3,dataset3,2048,sift,incremental,sfm_dataset3_sfm_2048_sift_incremental_fullres_eval,patch,p007,COMPLETE,complete,400,1000000,,0.7438948230865674,25.548664797195507,0.6427785876469735,python_full_resolution_undistorted,full_resolution_undistorted,3480,5219,3313.61,1000000,13376,10841,,,2026-07-08T17:55:41.234704+00:00,s3://3dreefs-ben-eu-north1/experiments/ablations/stage1_fullres_eval/runs/sfm_dataset3_sfm_2048_sift_incremental_fullres_eval/ablation_eval/results_splat.csv
D3,dataset3,2048,sift,incremental,sfm_dataset3_sfm_2048_sift_incremental_fullres_eval,patch,p008,COMPLETE,complete,400,1000000,,0.7530843982329736,26.466566816921276,0.6199202476403652,python_full_resolution_undistorted,full_resolution_undistorted,3480,5219,3008.562,1000000,13478,10465,,,2026-07-08T19:03:07.219584+00:00,s3://3dreefs-ben-eu-north1/experiments/ablations/stage1_fullres_eval/runs/sfm_dataset3_sfm_2048_sift_incremental_fullres_eval/ablation_eval/results_splat.csv
D3,dataset3,full,aliked,global,sfm_dataset3_sfm_full_aliked_global_fullres_eval,patch,p000,COMPLETE,complete,400,1000000,,0.7436458882358339,24.882475954638796,0.6501381827725304,python_full_resolution_undistorted,full_resolution_undistorted,3485,5224,3160.41,1000000,11947,6219,,,2026-07-08T00:40:40.986513+00:00,s3://3dreefs-ben-eu-north1/experiments/ablations/stage1_fullres_eval/runs/sfm_dataset3_sfm_full_aliked_global_fullres_eval/ablation_eval/results_splat.csv
D3,dataset3,full,aliked,global,sfm_dataset3_sfm_full_aliked_global_fullres_eval,patch,p001,COMPLETE,complete,400,1000000,,0.7393685847520828,24.01253481166761,0.6618848115205764,python_full_resolution_undistorted,full_resolution_undistorted,3481,5220,3450.304,1000000,12418,12885,,,2026-07-08T01:56:37.345690+00:00,s3://3dreefs-ben-eu-north1/experiments/ablations/stage1_fullres_eval/runs/sfm_dataset3_sfm_full_aliked_global_fullres_eval/ablation_eval/results_splat.csv
D3,dataset3,full,aliked,global,sfm_dataset3_sfm_full_aliked_global_fullres_eval,patch,p002,COMPLETE,complete,400,1000000,,0.7139091804623604,23.693714832885757,0.6868909612298012,python_full_resolution_undistorted,full_resolution_undistorted,3481,5220,3544.277,1000000,12351,13331,,,2026-07-08T03:13:44.646431+00:00,s3://3dreefs-ben-eu-north1/experiments/ablations/stage1_fullres_eval/runs/sfm_dataset3_sfm_full_aliked_global_fullres_eval/ablation_eval/results_splat.csv
D3,dataset3,full,aliked,global,sfm_dataset3_sfm_full_aliked_global_fullres_eval,patch,p003,COMPLETE,complete,400,1000000,,0.723942705988884,24.350292714317362,0.6693026155233384,python_full_resolution_undistorted,full_resolution_undistorted,3481,5220,3219.248,1000000,12442,11399,,,2026-07-08T04:25:23.735921+00:00,s3://3dreefs-ben-eu-north1/experiments/ablations/stage1_fullres_eval/runs/sfm_dataset3_sfm_full_aliked_global_fullres_eval/ablation_eval/results_splat.csv
D3,dataset3,full,aliked,global,sfm_dataset3_sfm_full_aliked_global_fullres_eval,patch,p004,COMPLETE,complete,400,1000000,,0.7190463572740555,25.048334350465225,0.6761225312948227,python_full_resolution_undistorted,full_resolution_undistorted,3481,5220,3025.221,1000000,12532,11695,,,2026-07-08T05:33:53.576260+00:00,s3://3dreefs-ben-eu-north1/experiments/ablations/stage1_fullres_eval/runs/sfm_dataset3_sfm_full_aliked_global_fullres_eval/ablation_eval/results_splat.csv
D3,dataset3,full,aliked,global,sfm_dataset3_sfm_full_aliked_global_fullres_eval,patch,p005,COMPLETE,complete,400,1000000,,0.6996949544319739,24.70849044320868,0.6918029708740039,python_full_resolution_undistorted,full_resolution_undistorted,3481,5220,3243.401,1000000,12360,11271,,,2026-07-08T06:47:00.339377+00:00,s3://3dreefs-ben-eu-north1/experiments/ablations/stage1_fullres_eval/runs/sfm_dataset3_sfm_full_aliked_global_fullres_eval/ablation_eval/results_splat.csv
D3,dataset3,full,aliked,global,sfm_dataset3_sfm_full_aliked_global_fullres_eval,patch,p006,COMPLETE,complete,400,1000000,,0.720507372648288,25.235252405196697,0.6605377946144495,python_full_resolution_undistorted,full_resolution_undistorted,3481,5220,3328.474,1000000,12431,11629,,,2026-07-08T08:01:34.793283+00:00,s3://3dreefs-ben-eu-north1/experiments/ablations/stage1_fullres_eval/runs/sfm_dataset3_sfm_full_aliked_global_fullres_eval/ablation_eval/results_splat.csv
D3,dataset3,full,aliked,global,sfm_dataset3_sfm_full_aliked_global_fullres_eval,patch,p007,COMPLETE,complete,400,1000000,,0.741348569733756,25.92105021369103,0.6371638757841928,python_full_resolution_undistorted,full_resolution_undistorted,3481,5220,2914.88,1000000,12847,11245,,,2026-07-08T09:07:03.871593+00:00,s3://3dreefs-ben-eu-north1/experiments/ablations/stage1_fullres_eval/runs/sfm_dataset3_sfm_full_aliked_global_fullres_eval/ablation_eval/results_splat.csv
D3,dataset3,full,aliked,incremental,sfm_dataset3_sfm_full_aliked_incremental_fullres_eval,patch,p000,FAIL,complete_with_warnings,,,,,,,,,,,,,,,SfM status complete_with_warnings; downstream evaluation was not scheduled,multiple_sparse_models:5,2026-07-08T14:54:24.832637+00:00,s3://3dreefs-ben-eu-north1/experiments/ablations/stage1_fullres_eval/runs/sfm_dataset3_sfm_full_aliked_incremental_fullres_eval/ablation_eval/results_splat.csv
D3,dataset3,full,aliked,incremental,sfm_dataset3_sfm_full_aliked_incremental_fullres_eval,patch,p001,FAIL,complete_with_warnings,,,,,,,,,,,,,,,SfM status complete_with_warnings; downstream evaluation was not scheduled,multiple_sparse_models:5,2026-07-08T14:54:24.832637+00:00,s3://3dreefs-ben-eu-north1/experiments/ablations/stage1_fullres_eval/runs/sfm_dataset3_sfm_full_aliked_incremental_fullres_eval/ablation_eval/results_splat.csv
D3,dataset3,full,aliked,incremental,sfm_dataset3_sfm_full_aliked_incremental_fullres_eval,patch,p002,FAIL,complete_with_warnings,,,,,,,,,,,,,,,SfM status complete_with_warnings; downstream evaluation was not scheduled,multiple_sparse_models:5,2026-07-08T14:54:24.832637+00:00,s3://3dreefs-ben-eu-north1/experiments/ablations/stage1_fullres_eval/runs/sfm_dataset3_sfm_full_aliked_incremental_fullres_eval/ablation_eval/results_splat.csv
D3,dataset3,full,aliked,incremental,sfm_dataset3_sfm_full_aliked_incremental_fullres_eval,patch,p003,FAIL,complete_with_warnings,,,,,,,,,,,,,,,SfM status complete_with_warnings; downstream evaluation was not scheduled,multiple_sparse_models:5,2026-07-08T14:54:24.832637+00:00,s3://3dreefs-ben-eu-north1/experiments/ablations/stage1_fullres_eval/runs/sfm_dataset3_sfm_full_aliked_incremental_fullres_eval/ablation_eval/results_splat.csv
D3,dataset3,full,aliked,incremental,sfm_dataset3_sfm_full_aliked_incremental_fullres_eval,patch,p004,FAIL,complete_with_warnings,,,,,,,,,,,,,,,SfM status complete_with_warnings; downstream evaluation was not scheduled,multiple_sparse_models:5,2026-07-08T14:54:24.832637+00:00,s3://3dreefs-ben-eu-north1/experiments/ablations/stage1_fullres_eval/runs/sfm_dataset3_sfm_full_aliked_incremental_fullres_eval/ablation_eval/results_splat.csv
D3,dataset3,full,aliked,incremental,sfm_dataset3_sfm_full_aliked_incremental_fullres_eval,patch,p005,FAIL,complete_with_warnings,,,,,,,,,,,,,,,SfM status complete_with_warnings; downstream evaluation was not scheduled,multiple_sparse_models:5,2026-07-08T14:54:24.832637+00:00,s3://3dreefs-ben-eu-north1/experiments/ablations/stage1_fullres_eval/runs/sfm_dataset3_sfm_full_aliked_incremental_fullres_eval/ablation_eval/results_splat.csv
D3,dataset3,full,aliked,incremental,sfm_dataset3_sfm_full_aliked_incremental_fullres_eval,patch,p006,FAIL,complete_with_warnings,,,,,,,,,,,,,,,SfM status complete_with_warnings; downstream evaluation was not scheduled,multiple_sparse_models:5,2026-07-08T14:54:24.832637+00:00,s3://3dreefs-ben-eu-north1/experiments/ablations/stage1_fullres_eval/runs/sfm_dataset3_sfm_full_aliked_incremental_fullres_eval/ablation_eval/results_splat.csv
D3,dataset3,full,aliked,incremental,sfm_dataset3_sfm_full_aliked_incremental_fullres_eval,patch,p007,FAIL,complete_with_warnings,,,,,,,,,,,,,,,SfM status complete_with_warnings; downstream evaluation was not scheduled,multiple_sparse_models:5,2026-07-08T14:54:24.832637+00:00,s3://3dreefs-ben-eu-north1/experiments/ablations/stage1_fullres_eval/runs/sfm_dataset3_sfm_full_aliked_incremental_fullres_eval/ablation_eval/results_splat.csv
D3,dataset3,full,sift,global,sfm_dataset3_sfm_full_sift_global_fullres_eval,patch,p000,COMPLETE,complete,400,1000000,,0.7073263274995905,21.69172900805548,0.7009562944111071,python_full_resolution_undistorted,full_resolution_undistorted,3486,5227,3554.665,1000000,12968,8897,,,2026-07-08T03:14:23.993227+00:00,s3://3dreefs-ben-eu-north1/experiments/ablations/stage1_fullres_eval/runs/sfm_dataset3_sfm_full_sift_global_fullres_eval/ablation_eval/results_splat.csv
D3,dataset3,full,sift,global,sfm_dataset3_sfm_full_sift_global_fullres_eval,patch,p001,COMPLETE,complete,400,1000000,,0.7299672731986413,25.47835390164744,0.6663170258204142,python_full_resolution_undistorted,full_resolution_undistorted,3483,5221,3134.667,1000000,13186,10393,,,2026-07-08T04:24:26.397732+00:00,s3://3dreefs-ben-eu-north1/experiments/ablations/stage1_fullres_eval/runs/sfm_dataset3_sfm_full_sift_global_fullres_eval/ablation_eval/results_splat.csv
D3,dataset3,full,sift,global,sfm_dataset3_sfm_full_sift_global_fullres_eval,patch,p002,COMPLETE,complete,400,1000000,,0.7366241537607633,25.91894048937366,0.6483931281627753,python_full_resolution_undistorted,full_resolution_undistorted,3486,5227,2969.898,1000000,12974,10451,,,2026-07-08T05:31:45.627292+00:00,s3://3dreefs-ben-eu-north1/experiments/ablations/stage1_fullres_eval/runs/sfm_dataset3_sfm_full_sift_global_fullres_eval/ablation_eval/results_splat.csv
D3,dataset3,full,sift,global,sfm_dataset3_sfm_full_sift_global_fullres_eval,patch,p003,COMPLETE,complete,400,1000000,,0.7253444243121792,25.322451266805945,0.6648531934699496,python_full_resolution_undistorted,full_resolution_undistorted,3486,5227,3039.165,1000000,13082,10535,,,2026-07-08T06:39:51.973215+00:00,s3://3dreefs-ben-eu-north1/experiments/ablations/stage1_fullres_eval/runs/sfm_dataset3_sfm_full_sift_global_fullres_eval/ablation_eval/results_splat.csv
D3,dataset3,full,sift,global,sfm_dataset3_sfm_full_sift_global_fullres_eval,patch,p004,COMPLETE,complete,400,1000000,,0.7244760958771956,23.49864083514701,0.6774446070194244,python_full_resolution_undistorted,full_resolution_undistorted,3486,5227,3493.896,1000000,13164,11931,,,2026-07-08T07:56:05.623785+00:00,s3://3dreefs-ben-eu-north1/experiments/ablations/stage1_fullres_eval/runs/sfm_dataset3_sfm_full_sift_global_fullres_eval/ablation_eval/results_splat.csv
D3,dataset3,full,sift,global,sfm_dataset3_sfm_full_sift_global_fullres_eval,patch,p005,COMPLETE,complete,400,1000000,,0.7317423961664501,25.542611181717184,0.6620026356295535,python_full_resolution_undistorted,full_resolution_undistorted,3483,5221,3155.165,1000000,13190,10417,,,2026-07-08T09:06:42.258188+00:00,s3://3dreefs-ben-eu-north1/experiments/ablations/stage1_fullres_eval/runs/sfm_dataset3_sfm_full_sift_global_fullres_eval/ablation_eval/results_splat.csv
D3,dataset3,full,sift,global,sfm_dataset3_sfm_full_sift_global_fullres_eval,patch,p006,COMPLETE,complete,400,1000000,,0.7584080389051726,26.114346264918737,0.6298468925736167,python_full_resolution_undistorted,full_resolution_undistorted,3483,5221,2919.093,1000000,12698,10429,,,2026-07-08T10:11:14.704859+00:00,s3://3dreefs-ben-eu-north1/experiments/ablations/stage1_fullres_eval/runs/sfm_dataset3_sfm_full_sift_global_fullres_eval/ablation_eval/results_splat.csv
D3,dataset3,full,sift,global,sfm_dataset3_sfm_full_sift_global_fullres_eval,patch,p007,COMPLETE,complete,400,1000000,,0.7342888351642725,25.64466928686506,0.6328900257746378,python_full_resolution_undistorted,full_resolution_undistorted,3483,5221,2938.735,1000000,12786,10397,,,2026-07-08T11:16:24.241805+00:00,s3://3dreefs-ben-eu-north1/experiments/ablations/stage1_fullres_eval/runs/sfm_dataset3_sfm_full_sift_global_fullres_eval/ablation_eval/results_splat.csv
D3,dataset3,full,sift,global,sfm_dataset3_sfm_full_sift_global_fullres_eval,patch,p008,COMPLETE,complete,400,1000000,,0.7481237590312958,27.649720743812452,0.6277127534151077,python_full_resolution_undistorted,full_resolution_undistorted,3486,5227,2778.746,1000000,9998,10363,,,2026-07-08T12:12:08.247190+00:00,s3://3dreefs-ben-eu-north1/experiments/ablations/stage1_fullres_eval/runs/sfm_dataset3_sfm_full_sift_global_fullres_eval/ablation_eval/results_splat.csv
D3,dataset3,full,sift,incremental,sfm_dataset3_sfm_full_sift_incremental_fullres_eval,patch,p000,COMPLETE,complete,400,1000000,,0.7485652292096937,25.761890585365197,0.6337154797605566,python_full_resolution_undistorted,full_resolution_undistorted,3482,5223,3052.191,1000000,13013,6219,,,2026-07-08T10:43:56.241801+00:00,s3://3dreefs-ben-eu-north1/experiments/ablations/stage1_fullres_eval/runs/sfm_dataset3_sfm_full_sift_incremental_fullres_eval/ablation_eval/results_splat.csv
D3,dataset3,full,sift,incremental,sfm_dataset3_sfm_full_sift_incremental_fullres_eval,patch,p001,COMPLETE,complete,400,1000000,,0.7505564256147905,26.70000492743003,0.6250918850754247,python_full_resolution_undistorted,full_resolution_undistorted,3480,5219,2994.903,1000000,13018,11233,,,2026-07-08T11:48:12.541479+00:00,s3://3dreefs-ben-eu-north1/experiments/ablations/stage1_fullres_eval/runs/sfm_dataset3_sfm_full_sift_incremental_fullres_eval/ablation_eval/results_splat.csv
D3,dataset3,full,sift,incremental,sfm_dataset3_sfm_full_sift_incremental_fullres_eval,patch,p002,COMPLETE,complete,400,1000000,,0.7163922816514969,22.783988723340077,0.6909688785672188,python_full_resolution_undistorted,full_resolution_undistorted,3480,5219,3548.346,1000000,13024,13713,,,2026-07-08T13:04:14.609098+00:00,s3://3dreefs-ben-eu-north1/experiments/ablations/stage1_fullres_eval/runs/sfm_dataset3_sfm_full_sift_incremental_fullres_eval/ablation_eval/results_splat.csv
D3,dataset3,full,sift,incremental,sfm_dataset3_sfm_full_sift_incremental_fullres_eval,patch,p003,COMPLETE,complete,400,1000000,,0.7165001756266544,25.66252187504762,0.6724190735503247,python_full_resolution_undistorted,full_resolution_undistorted,3480,5219,3108.47,1000000,13025,11209,,,2026-07-08T14:12:32.932567+00:00,s3://3dreefs-ben-eu-north1/experiments/ablations/stage1_fullres_eval/runs/sfm_dataset3_sfm_full_sift_incremental_fullres_eval/ablation_eval/results_splat.csv
D3,dataset3,full,sift,incremental,sfm_dataset3_sfm_full_sift_incremental_fullres_eval,patch,p004,COMPLETE,complete,400,1000000,,0.7285716339945794,26.23192689605579,0.6612965017557144,python_full_resolution_undistorted,full_resolution_undistorted,3480,5219,3011.445,1000000,13283,11163,,,2026-07-08T15:19:59.118138+00:00,s3://3dreefs-ben-eu-north1/experiments/ablations/stage1_fullres_eval/runs/sfm_dataset3_sfm_full_sift_incremental_fullres_eval/ablation_eval/results_splat.csv
D3,dataset3,full,sift,incremental,sfm_dataset3_sfm_full_sift_incremental_fullres_eval,patch,p005,COMPLETE,complete,400,1000000,,0.729454388221105,26.16981208301987,0.6675593339734607,python_full_resolution_undistorted,full_resolution_undistorted,3480,5219,2976.926,1000000,13004,11391,,,2026-07-08T16:25:15.141637+00:00,s3://3dreefs-ben-eu-north1/experiments/ablations/stage1_fullres_eval/runs/sfm_dataset3_sfm_full_sift_incremental_fullres_eval/ablation_eval/results_splat.csv
D3,dataset3,full,sift,incremental,sfm_dataset3_sfm_full_sift_incremental_fullres_eval,patch,p006,COMPLETE,complete,400,1000000,,0.7264628121347139,25.552411356589317,0.6478513190240571,python_full_resolution_undistorted,full_resolution_undistorted,3480,5219,2996.864,1000000,13266,11255,,,2026-07-08T17:29:48.117116+00:00,s3://3dreefs-ben-eu-north1/experiments/ablations/stage1_fullres_eval/runs/sfm_dataset3_sfm_full_sift_incremental_fullres_eval/ablation_eval/results_splat.csv
D3,dataset3,full,sift,incremental,sfm_dataset3_sfm_full_sift_incremental_fullres_eval,patch,p007,COMPLETE,complete,400,1000000,,0.7401750408686124,25.647654694837314,0.641144070869837,python_full_resolution_undistorted,full_resolution_undistorted,3480,5219,3302.474,1000000,13362,11255,,,2026-07-08T18:41:49.439350+00:00,s3://3dreefs-ben-eu-north1/experiments/ablations/stage1_fullres_eval/runs/sfm_dataset3_sfm_full_sift_incremental_fullres_eval/ablation_eval/results_splat.csv
D3,dataset3,full,sift,incremental,sfm_dataset3_sfm_full_sift_incremental_fullres_eval,patch,p008,COMPLETE,complete,400,1000000,,0.7428271480095692,25.62086291242397,0.6321436953850281,python_full_resolution_undistorted,full_resolution_undistorted,3480,5219,2998.631,1000000,13237,11679,,,2026-07-08T19:48:52.289353+00:00,s3://3dreefs-ben-eu-north1/experiments/ablations/stage1_fullres_eval/runs/sfm_dataset3_sfm_full_sift_incremental_fullres_eval/ablation_eval/results_splat.csv
D4,dataset4,1024,aliked,global,sfm_dataset4_sfm_1024_aliked_global_fullres_eval,patch,p000,COMPLETE,complete,400,1000000,,0.5394936580406992,16.068001853963864,0.7630080988532618,python_full_resolution_undistorted,full_resolution_undistorted,5353,4696,3297.798,1000000,13694,7305,,,2026-07-08T16:52:07.184454+00:00,s3://3dreefs-ben-eu-north1/experiments/ablations/stage1_fullres_eval/runs/sfm_dataset4_sfm_1024_aliked_global_fullres_eval/ablation_eval/results_splat.csv
D4,dataset4,1024,aliked,global,sfm_dataset4_sfm_1024_aliked_global_fullres_eval,patch,p002,COMPLETE,complete,400,1000000,,0.508993324637413,15.980065364274626,0.8031167894601822,python_full_resolution_undistorted,full_resolution_undistorted,5353,4696,3698.918,1000000,14511,13749,,,2026-07-08T18:20:09.346886+00:00,s3://3dreefs-ben-eu-north1/experiments/ablations/stage1_fullres_eval/runs/sfm_dataset4_sfm_1024_aliked_global_fullres_eval/ablation_eval/results_splat.csv
D4,dataset4,1024,aliked,global,sfm_dataset4_sfm_1024_aliked_global_fullres_eval,patch,p004,COMPLETE,complete,400,1000000,,0.49689560593702853,15.350860767235162,0.7957798532950573,python_full_resolution_undistorted,full_resolution_undistorted,5367,4703,3579.897,1000000,14388,13615,,,2026-07-08T19:45:20.775453+00:00,s3://3dreefs-ben-eu-north1/experiments/ablations/stage1_fullres_eval/runs/sfm_dataset4_sfm_1024_aliked_global_fullres_eval/ablation_eval/results_splat.csv
D4,dataset4,1024,aliked,global,sfm_dataset4_sfm_1024_aliked_global_fullres_eval,patch,p006,COMPLETE,complete,400,1000000,,0.49965144458569977,15.915885386724277,0.801323823238674,python_full_resolution_undistorted,full_resolution_undistorted,5353,4696,4036.815,1000000,14433,14249,,,2026-07-08T21:17:47.690820+00:00,s3://3dreefs-ben-eu-north1/experiments/ablations/stage1_fullres_eval/runs/sfm_dataset4_sfm_1024_aliked_global_fullres_eval/ablation_eval/results_splat.csv
D4,dataset4,1024,aliked,global,sfm_dataset4_sfm_1024_aliked_global_fullres_eval,patch,p008,COMPLETE,complete,400,1000000,,0.5245974002213314,15.78939307208038,0.7674161113541702,python_full_resolution_undistorted,full_resolution_undistorted,5367,4703,3490.791,1000000,13885,13463,,,2026-07-08T22:34:30.318799+00:00,s3://3dreefs-ben-eu-north1/experiments/ablations/stage1_fullres_eval/runs/sfm_dataset4_sfm_1024_aliked_global_fullres_eval/ablation_eval/results_splat.csv
D4,dataset4,1024,aliked,global,sfm_dataset4_sfm_1024_aliked_global_fullres_eval,patch,p009,COMPLETE,complete,400,1000000,,0.5310214459896088,17.112457056612755,0.764703014918736,python_full_resolution_undistorted,full_resolution_undistorted,5382,4716,3024.884,1000000,14071,13437,,,2026-07-08T23:47:05.515795+00:00,s3://3dreefs-ben-eu-north1/experiments/ablations/stage1_fullres_eval/runs/sfm_dataset4_sfm_1024_aliked_global_fullres_eval/ablation_eval/results_splat.csv
D4,dataset4,1024,aliked,global,sfm_dataset4_sfm_1024_aliked_global_fullres_eval,patch,p011,COMPLETE,complete,400,1000000,,0.5040102845583206,16.521401195580932,0.7711192690409147,python_full_resolution_undistorted,full_resolution_undistorted,5382,4716,3829.365,1000000,14348,13461,,,2026-07-09T01:15:52.619507+00:00,s3://3dreefs-ben-eu-north1/experiments/ablations/stage1_fullres_eval/runs/sfm_dataset4_sfm_1024_aliked_global_fullres_eval/ablation_eval/results_splat.csv
D4,dataset4,1024,aliked,global,sfm_dataset4_sfm_1024_aliked_global_fullres_eval,patch,p013,COMPLETE,complete,400,1000000,,0.5074571942960894,16.500040865860424,0.7714549141961176,python_full_resolution_undistorted,full_resolution_undistorted,5353,4696,3555.587,1000000,14459,13451,,,2026-07-09T02:38:58.850620+00:00,s3://3dreefs-ben-eu-north1/experiments/ablations/stage1_fullres_eval/runs/sfm_dataset4_sfm_1024_aliked_global_fullres_eval/ablation_eval/results_splat.csv
D4,dataset4,1024,aliked,global,sfm_dataset4_sfm_1024_aliked_global_fullres_eval,patch,p015,COMPLETE,complete,400,1000000,,0.5231295549555829,17.009186660441006,0.75452510934127,python_full_resolution_undistorted,full_resolution_undistorted,5353,4696,3633.806,1000000,14357,13423,,,2026-07-09T04:03:57.359125+00:00,s3://3dreefs-ben-eu-north1/experiments/ablations/stage1_fullres_eval/runs/sfm_dataset4_sfm_1024_aliked_global_fullres_eval/ablation_eval/results_splat.csv
D4,dataset4,1024,aliked,global,sfm_dataset4_sfm_1024_aliked_global_fullres_eval,patch,p017,COMPLETE,complete,400,1000000,,0.5269263561429649,17.79234469596167,0.7009427465241531,python_full_resolution_undistorted,full_resolution_undistorted,5353,4696,3743.781,1000000,14030,13657,,,2026-07-09T05:25:02.152988+00:00,s3://3dreefs-ben-eu-north1/experiments/ablations/stage1_fullres_eval/runs/sfm_dataset4_sfm_1024_aliked_global_fullres_eval/ablation_eval/results_splat.csv
D4,dataset4,1024,aliked,incremental,sfm_dataset4_sfm_1024_aliked_incremental_fullres_eval,patch,p000,FAIL,complete_with_warnings,,,,,,,,,,,,,,,SfM status complete_with_warnings; downstream evaluation was not scheduled,multiple_sparse_models:50,2026-07-08T16:23:19.733706+00:00,s3://3dreefs-ben-eu-north1/experiments/ablations/stage1_fullres_eval/runs/sfm_dataset4_sfm_1024_aliked_incremental_fullres_eval/ablation_eval/results_splat.csv
D4,dataset4,1024,aliked,incremental,sfm_dataset4_sfm_1024_aliked_incremental_fullres_eval,patch,p001,FAIL,complete_with_warnings,,,,,,,,,,,,,,,SfM status complete_with_warnings; downstream evaluation was not scheduled,multiple_sparse_models:50,2026-07-08T16:23:19.733706+00:00,s3://3dreefs-ben-eu-north1/experiments/ablations/stage1_fullres_eval/runs/sfm_dataset4_sfm_1024_aliked_incremental_fullres_eval/ablation_eval/results_splat.csv
D4,dataset4,1024,aliked,incremental,sfm_dataset4_sfm_1024_aliked_incremental_fullres_eval,patch,p002,FAIL,complete_with_warnings,,,,,,,,,,,,,,,SfM status complete_with_warnings; downstream evaluation was not scheduled,multiple_sparse_models:50,2026-07-08T16:23:19.733706+00:00,s3://3dreefs-ben-eu-north1/experiments/ablations/stage1_fullres_eval/runs/sfm_dataset4_sfm_1024_aliked_incremental_fullres_eval/ablation_eval/results_splat.csv
D4,dataset4,1024,aliked,incremental,sfm_dataset4_sfm_1024_aliked_incremental_fullres_eval,patch,p003,FAIL,complete_with_warnings,,,,,,,,,,,,,,,SfM status complete_with_warnings; downstream evaluation was not scheduled,multiple_sparse_models:50,2026-07-08T16:23:19.733706+00:00,s3://3dreefs-ben-eu-north1/experiments/ablations/stage1_fullres_eval/runs/sfm_dataset4_sfm_1024_aliked_incremental_fullres_eval/ablation_eval/results_splat.csv
D4,dataset4,1024,aliked,incremental,sfm_dataset4_sfm_1024_aliked_incremental_fullres_eval,patch,p004,FAIL,complete_with_warnings,,,,,,,,,,,,,,,SfM status complete_with_warnings; downstream evaluation was not scheduled,multiple_sparse_models:50,2026-07-08T16:23:19.733706+00:00,s3://3dreefs-ben-eu-north1/experiments/ablations/stage1_fullres_eval/runs/sfm_dataset4_sfm_1024_aliked_incremental_fullres_eval/ablation_eval/results_splat.csv
D4,dataset4,1024,sift,global,sfm_dataset4_sfm_1024_sift_global_fullres_eval,patch,p000,COMPLETE,complete,400,1000000,,0.5460347577929496,16.516025846228587,0.7600353911519051,python_full_resolution_undistorted,full_resolution_undistorted,5396,4735,3683.412,1000000,15134,9973,,,2026-07-08T21:11:01.279629+00:00,s3://3dreefs-ben-eu-north1/experiments/ablations/stage1_fullres_eval/runs/sfm_dataset4_sfm_1024_sift_global_fullres_eval/ablation_eval/results_splat.csv
D4,dataset4,1024,sift,global,sfm_dataset4_sfm_1024_sift_global_fullres_eval,patch,p004,COMPLETE,complete,400,1000000,,0.5503988678638752,16.908456680249458,0.7617912292480469,python_full_resolution_undistorted,full_resolution_undistorted,5396,4735,3612.329,1000000,15140,16193,,,2026-07-08T22:35:19.682406+00:00,s3://3dreefs-ben-eu-north1/experiments/ablations/stage1_fullres_eval/runs/sfm_dataset4_sfm_1024_sift_global_fullres_eval/ablation_eval/results_splat.csv
D4,dataset4,1024,sift,global,sfm_dataset4_sfm_1024_sift_global_fullres_eval,patch,p008,COMPLETE,complete,400,1000000,,0.5504600554704666,17.03123766107364,0.7612646222114563,python_full_resolution_undistorted,full_resolution_undistorted,5396,4735,3653.332,1000000,15503,16215,,,2026-07-08T23:59:05.423325+00:00,s3://3dreefs-ben-eu-north1/experiments/ablations/stage1_fullres_eval/runs/sfm_dataset4_sfm_1024_sift_global_fullres_eval/ablation_eval/results_splat.csv
D4,dataset4,1024,sift,global,sfm_dataset4_sfm_1024_sift_global_fullres_eval,patch,p012,COMPLETE,complete,400,1000000,,0.5050599794638785,16.63995535068736,0.7823488963277716,python_full_resolution_undistorted,full_resolution_undistorted,5365,4709,3660.983,1000000,15341,16157,,,2026-07-09T01:23:43.560593+00:00,s3://3dreefs-ben-eu-north1/experiments/ablations/stage1_fullres_eval/runs/sfm_dataset4_sfm_1024_sift_global_fullres_eval/ablation_eval/results_splat.csv
D4,dataset4,1024,sift,global,sfm_dataset4_sfm_1024_sift_global_fullres_eval,patch,p016,COMPLETE,complete,400,1000000,,0.5995078038524937,18.448774061484745,0.6674655208716521,python_full_resolution_undistorted,full_resolution_undistorted,5396,4735,3461.573,1000000,15054,16267,,,2026-07-09T02:44:23.929092+00:00,s3://3dreefs-ben-eu-north1/experiments/ablations/stage1_fullres_eval/runs/sfm_dataset4_sfm_1024_sift_global_fullres_eval/ablation_eval/results_splat.csv
D4,dataset4,1024,sift,global,sfm_dataset4_sfm_1024_sift_global_fullres_eval,patch,p021,COMPLETE,complete,400,1000000,,0.5590164623199365,17.931414187236268,0.7127376183485373,python_full_resolution_undistorted,full_resolution_undistorted,5396,4735,3678.889,1000000,15142,16223,,,2026-07-09T04:10:26.584734+00:00,s3://3dreefs-ben-eu-north1/experiments/ablations/stage1_fullres_eval/runs/sfm_dataset4_sfm_1024_sift_global_fullres_eval/ablation_eval/results_splat.csv
D4,dataset4,1024,sift,global,sfm_dataset4_sfm_1024_sift_global_fullres_eval,patch,p025,COMPLETE,complete,400,1000000,,0.47277405323126376,15.908620218512498,0.7975881069134443,python_full_resolution_undistorted,full_resolution_undistorted,5396,4735,3576.463,1000000,15072,16193,,,2026-07-09T05:34:24.107234+00:00,s3://3dreefs-ben-eu-north1/experiments/ablations/stage1_fullres_eval/runs/sfm_dataset4_sfm_1024_sift_global_fullres_eval/ablation_eval/results_splat.csv
D4,dataset4,1024,sift,global,sfm_dataset4_sfm_1024_sift_global_fullres_eval,patch,p029,COMPLETE,complete,400,1000000,,0.4494042595227559,15.055666584529163,0.8334437287770785,python_full_resolution_undistorted,full_resolution_undistorted,5396,4735,3638.976,1000000,15094,16323,,,2026-07-09T06:58:49.010500+00:00,s3://3dreefs-ben-eu-north1/experiments/ablations/stage1_fullres_eval/runs/sfm_dataset4_sfm_1024_sift_global_fullres_eval/ablation_eval/results_splat.csv
D4,dataset4,1024,sift,global,sfm_dataset4_sfm_1024_sift_global_fullres_eval,patch,p033,COMPLETE,complete,400,1000000,,0.5914049729322776,18.886478672049794,0.6481715929813874,python_full_resolution_undistorted,full_resolution_undistorted,5365,4709,3561.83,1000000,15683,16195,,,2026-07-09T08:22:45.923340+00:00,s3://3dreefs-ben-eu-north1/experiments/ablations/stage1_fullres_eval/runs/sfm_dataset4_sfm_1024_sift_global_fullres_eval/ablation_eval/results_splat.csv
D4,dataset4,1024,sift,global,sfm_dataset4_sfm_1024_sift_global_fullres_eval,patch,p037,COMPLETE,complete,400,1000000,,0.5819115459918975,19.26790766365376,0.6467889939035688,python_full_resolution_undistorted,full_resolution_undistorted,5357,4705,3473.331,1000000,15177,16191,,,2026-07-09T09:43:05.165679+00:00,s3://3dreefs-ben-eu-north1/experiments/ablations/stage1_fullres_eval/runs/sfm_dataset4_sfm_1024_sift_global_fullres_eval/ablation_eval/results_splat.csv
D4,dataset4,1024,sift,incremental,sfm_dataset4_sfm_1024_sift_incremental_fullres_eval,run,,FAIL,failed,,,,,,,,,,,,,,,sfm_timeout_exceeded_24h,sfm_timeout_exceeded_24h,2026-07-09T09:26:07.791750+00:00,s3://3dreefs-ben-eu-north1/experiments/ablations/stage1_fullres_eval/runs/sfm_dataset4_sfm_1024_sift_incremental_fullres_eval/ablation_eval/results_sfm.csv
D4,dataset4,2048,aliked,global,sfm_dataset4_sfm_2048_aliked_global_fullres_eval,patch,p000,COMPLETE,complete,400,1000000,,0.5186244715005159,17.076074800094055,0.7430434077978134,python_full_resolution_undistorted,full_resolution_undistorted,5364,4702,3550.531,1000000,14042,7321,,,2026-07-08T17:54:21.981478+00:00,s3://3dreefs-ben-eu-north1/experiments/ablations/stage1_fullres_eval/runs/sfm_dataset4_sfm_2048_aliked_global_fullres_eval/ablation_eval/results_splat.csv
D4,dataset4,2048,aliked,global,sfm_dataset4_sfm_2048_aliked_global_fullres_eval,patch,p003,COMPLETE,complete,400,1000000,,0.482169434428215,13.512509495578179,0.6588279455900192,python_full_resolution_undistorted,full_resolution_undistorted,5381,4719,2683.979,1000000,8604,13145,,,2026-07-08T18:41:47.805632+00:00,s3://3dreefs-ben-eu-north1/experiments/ablations/stage1_fullres_eval/runs/sfm_dataset4_sfm_2048_aliked_global_fullres_eval/ablation_eval/results_splat.csv
D4,dataset4,2048,aliked,global,sfm_dataset4_sfm_2048_aliked_global_fullres_eval,patch,p005,COMPLETE,complete,400,1000000,,0.4509984354178111,14.100202033127188,0.6133200228214264,python_full_resolution_undistorted,full_resolution_undistorted,5381,4719,2701.954,1000000,8242,12963,,,2026-07-08T19:28:52.814423+00:00,s3://3dreefs-ben-eu-north1/experiments/ablations/stage1_fullres_eval/runs/sfm_dataset4_sfm_2048_aliked_global_fullres_eval/ablation_eval/results_splat.csv
D4,dataset4,2048,aliked,global,sfm_dataset4_sfm_2048_aliked_global_fullres_eval,patch,p008,COMPLETE,complete,400,1000000,,0.5061450503967904,16.142277555216932,0.7852784362999169,python_full_resolution_undistorted,full_resolution_undistorted,5346,4694,3431.005,1000000,14390,13689,,,2026-07-08T20:50:33.638911+00:00,s3://3dreefs-ben-eu-north1/experiments/ablations/stage1_fullres_eval/runs/sfm_dataset4_sfm_2048_aliked_global_fullres_eval/ablation_eval/results_splat.csv
D4,dataset4,2048,aliked,global,sfm_dataset4_sfm_2048_aliked_global_fullres_eval,patch,p010,COMPLETE,complete,400,1000000,,0.501269406080246,15.370171972403147,0.6704662084579468,python_full_resolution_undistorted,full_resolution_undistorted,5381,4719,2576.569,1000000,9037,13125,,,2026-07-08T21:36:49.457621+00:00,s3://3dreefs-ben-eu-north1/experiments/ablations/stage1_fullres_eval/runs/sfm_dataset4_sfm_2048_aliked_global_fullres_eval/ablation_eval/results_splat.csv
D4,dataset4,2048,aliked,global,sfm_dataset4_sfm_2048_aliked_global_fullres_eval,patch,p013,COMPLETE,complete,400,1000000,,0.48763068364216733,15.73009495466668,0.7746886198337262,python_full_resolution_undistorted,full_resolution_undistorted,5364,4702,3157.832,1000000,12441,13437,,,2026-07-08T22:46:55.704511+00:00,s3://3dreefs-ben-eu-north1/experiments/ablations/stage1_fullres_eval/runs/sfm_dataset4_sfm_2048_aliked_global_fullres_eval/ablation_eval/results_splat.csv
D4,dataset4,2048,aliked,global,sfm_dataset4_sfm_2048_aliked_global_fullres_eval,patch,p015,COMPLETE,complete,400,1000000,,0.5082010303224836,15.812159099494156,0.7871056761060442,python_full_resolution_undistorted,full_resolution_undistorted,5364,4702,3857.861,1000000,14205,13539,,,2026-07-09T00:14:23.039804+00:00,s3://3dreefs-ben-eu-north1/experiments/ablations/stage1_fullres_eval/runs/sfm_dataset4_sfm_2048_aliked_global_fullres_eval/ablation_eval/results_splat.csv
D4,dataset4,2048,aliked,global,sfm_dataset4_sfm_2048_aliked_global_fullres_eval,patch,p018,COMPLETE,complete,400,1000000,,0.4821524761225048,14.368469085108005,0.7822411938717491,python_full_resolution_undistorted,full_resolution_undistorted,5346,4694,3374.769,1000000,11237,13365,,,2026-07-09T01:23:02.253410+00:00,s3://3dreefs-ben-eu-north1/experiments/ablations/stage1_fullres_eval/runs/sfm_dataset4_sfm_2048_aliked_global_fullres_eval/ablation_eval/results_splat.csv
D4,dataset4,2048,aliked,global,sfm_dataset4_sfm_2048_aliked_global_fullres_eval,patch,p020,COMPLETE,complete,400,1000000,,0.5056112382722937,15.226483164823117,0.7853417811186417,python_full_resolution_undistorted,full_resolution_undistorted,5364,4702,3259.47,1000000,11825,13611,,,2026-07-09T02:32:13.695986+00:00,s3://3dreefs-ben-eu-north1/experiments/ablations/stage1_fullres_eval/runs/sfm_dataset4_sfm_2048_aliked_global_fullres_eval/ablation_eval/results_splat.csv
D4,dataset4,2048,aliked,global,sfm_dataset4_sfm_2048_aliked_global_fullres_eval,patch,p023,COMPLETE,complete,400,1000000,,0.5285696956244382,16.508949905887373,0.7598445722551057,python_full_resolution_undistorted,full_resolution_undistorted,5381,4719,3322.81,1000000,14121,13505,,,2026-07-09T03:49:17.471463+00:00,s3://3dreefs-ben-eu-north1/experiments/ablations/stage1_fullres_eval/runs/sfm_dataset4_sfm_2048_aliked_global_fullres_eval/ablation_eval/results_splat.csv
D4,dataset4,2048,aliked,incremental,sfm_dataset4_sfm_2048_aliked_incremental_fullres_eval,patch,p000,FAIL,complete_with_warnings,,,,,,,,,,,,,,,SfM status complete_with_warnings; downstream evaluation was not scheduled,multiple_sparse_models:50,2026-07-08T17:41:53.394340+00:00,s3://3dreefs-ben-eu-north1/experiments/ablations/stage1_fullres_eval/runs/sfm_dataset4_sfm_2048_aliked_incremental_fullres_eval/ablation_eval/results_splat.csv
D4,dataset4,2048,aliked,incremental,sfm_dataset4_sfm_2048_aliked_incremental_fullres_eval,patch,p001,FAIL,complete_with_warnings,,,,,,,,,,,,,,,SfM status complete_with_warnings; downstream evaluation was not scheduled,multiple_sparse_models:50,2026-07-08T17:41:53.394340+00:00,s3://3dreefs-ben-eu-north1/experiments/ablations/stage1_fullres_eval/runs/sfm_dataset4_sfm_2048_aliked_incremental_fullres_eval/ablation_eval/results_splat.csv
D4,dataset4,2048,aliked,incremental,sfm_dataset4_sfm_2048_aliked_incremental_fullres_eval,patch,p002,FAIL,complete_with_warnings,,,,,,,,,,,,,,,SfM status complete_with_warnings; downstream evaluation was not scheduled,multiple_sparse_models:50,2026-07-08T17:41:53.394340+00:00,s3://3dreefs-ben-eu-north1/experiments/ablations/stage1_fullres_eval/runs/sfm_dataset4_sfm_2048_aliked_incremental_fullres_eval/ablation_eval/results_splat.csv
D4,dataset4,2048,aliked,incremental,sfm_dataset4_sfm_2048_aliked_incremental_fullres_eval,patch,p003,FAIL,complete_with_warnings,,,,,,,,,,,,,,,SfM status complete_with_warnings; downstream evaluation was not scheduled,multiple_sparse_models:50,2026-07-08T17:41:53.394340+00:00,s3://3dreefs-ben-eu-north1/experiments/ablations/stage1_fullres_eval/runs/sfm_dataset4_sfm_2048_aliked_incremental_fullres_eval/ablation_eval/results_splat.csv
D4,dataset4,2048,sift,global,sfm_dataset4_sfm_2048_sift_global_fullres_eval,patch,p000,COMPLETE,complete,400,1000000,,0.5488125865276043,17.258148649775332,0.7427436006374848,python_full_resolution_undistorted,full_resolution_undistorted,5366,4710,3503.677,1000000,15130,7733,,,2026-07-08T21:47:05.845749+00:00,s3://3dreefs-ben-eu-north1/experiments/ablations/stage1_fullres_eval/runs/sfm_dataset4_sfm_2048_sift_global_fullres_eval/ablation_eval/results_splat.csv
D4,dataset4,2048,sift,global,sfm_dataset4_sfm_2048_sift_global_fullres_eval,patch,p004,COMPLETE,complete,400,1000000,,0.524004077440814,16.691885496747236,0.7448484678017465,python_full_resolution_undistorted,full_resolution_undistorted,5357,4705,3496.358,1000000,15224,13947,,,2026-07-08T23:08:21.206608+00:00,s3://3dreefs-ben-eu-north1/experiments/ablations/stage1_fullres_eval/runs/sfm_dataset4_sfm_2048_sift_global_fullres_eval/ablation_eval/results_splat.csv
D4,dataset4,2048,sift,global,sfm_dataset4_sfm_2048_sift_global_fullres_eval,patch,p008,COMPLETE,complete,400,1000000,,0.5709246405296855,17.738538373359837,0.7312247554461161,python_full_resolution_undistorted,full_resolution_undistorted,5396,4734,3518.437,1000000,15068,13931,,,2026-07-09T00:28:21.778325+00:00,s3://3dreefs-ben-eu-north1/experiments/ablations/stage1_fullres_eval/runs/sfm_dataset4_sfm_2048_sift_global_fullres_eval/ablation_eval/results_splat.csv
D4,dataset4,2048,sift,global,sfm_dataset4_sfm_2048_sift_global_fullres_eval,patch,p012,COMPLETE,complete,400,1000000,,0.518900433411965,16.68880376119255,0.7882679242354172,python_full_resolution_undistorted,full_resolution_undistorted,5396,4734,3723.918,1000000,15156,13953,,,2026-07-09T01:53:45.729356+00:00,s3://3dreefs-ben-eu-north1/experiments/ablations/stage1_fullres_eval/runs/sfm_dataset4_sfm_2048_sift_global_fullres_eval/ablation_eval/results_splat.csv
D4,dataset4,2048,sift,global,sfm_dataset4_sfm_2048_sift_global_fullres_eval,patch,p016,COMPLETE,complete,400,1000000,,0.5887552874210553,18.42368235849702,0.6770357504869119,python_full_resolution_undistorted,full_resolution_undistorted,5396,4734,3450.727,1000000,15175,14019,,,2026-07-09T03:14:43.701046+00:00,s3://3dreefs-ben-eu-north1/experiments/ablations/stage1_fullres_eval/runs/sfm_dataset4_sfm_2048_sift_global_fullres_eval/ablation_eval/results_splat.csv
D4,dataset4,2048,sift,global,sfm_dataset4_sfm_2048_sift_global_fullres_eval,patch,p021,COMPLETE,complete,400,1000000,,0.5988380269092672,18.96347818663717,0.6525851190090179,python_full_resolution_undistorted,full_resolution_undistorted,5366,4710,3604.158,1000000,15085,13917,,,2026-07-09T04:35:13.671457+00:00,s3://3dreefs-ben-eu-north1/experiments/ablations/stage1_fullres_eval/runs/sfm_dataset4_sfm_2048_sift_global_fullres_eval/ablation_eval/results_splat.csv
D4,dataset4,2048,sift,global,sfm_dataset4_sfm_2048_sift_global_fullres_eval,patch,p025,COMPLETE,complete,400,1000000,,0.5716284551681616,18.342833436812025,0.6831856232423049,python_full_resolution_undistorted,full_resolution_undistorted,5396,4734,3583.88,1000000,15112,14011,,,2026-07-09T05:58:34.728345+00:00,s3://3dreefs-ben-eu-north1/experiments/ablations/stage1_fullres_eval/runs/sfm_dataset4_sfm_2048_sift_global_fullres_eval/ablation_eval/results_splat.csv
D4,dataset4,2048,sift,global,sfm_dataset4_sfm_2048_sift_global_fullres_eval,patch,p029,COMPLETE,complete,400,1000000,,0.5447846414187015,17.81112165728445,0.7090769746364691,python_full_resolution_undistorted,full_resolution_undistorted,5396,4734,3576.654,1000000,15182,13979,,,2026-07-09T07:21:58.440010+00:00,s3://3dreefs-ben-eu-north1/experiments/ablations/stage1_fullres_eval/runs/sfm_dataset4_sfm_2048_sift_global_fullres_eval/ablation_eval/results_splat.csv
D4,dataset4,2048,sift,global,sfm_dataset4_sfm_2048_sift_global_fullres_eval,patch,p033,COMPLETE,complete,400,1000000,,0.46242666163960017,15.26002556194929,0.814280405237868,python_full_resolution_undistorted,full_resolution_undistorted,5357,4705,3676.717,1000000,15051,13911,,,2026-07-09T08:45:28.873421+00:00,s3://3dreefs-ben-eu-north1/experiments/ablations/stage1_fullres_eval/runs/sfm_dataset4_sfm_2048_sift_global_fullres_eval/ablation_eval/results_splat.csv
D4,dataset4,2048,sift,global,sfm_dataset4_sfm_2048_sift_global_fullres_eval,patch,p037,COMPLETE,complete,400,1000000,,0.5810928960000316,19.071726503841905,0.6566405911599437,python_full_resolution_undistorted,full_resolution_undistorted,5396,4734,3570.261,1000000,15660,13905,,,2026-07-09T10:03:36.545876+00:00,s3://3dreefs-ben-eu-north1/experiments/ablations/stage1_fullres_eval/runs/sfm_dataset4_sfm_2048_sift_global_fullres_eval/ablation_eval/results_splat.csv
D4,dataset4,2048,sift,incremental,sfm_dataset4_sfm_2048_sift_incremental_fullres_eval,run,,FAIL,failed,,,,,,,,,,,,,,,sfm_timeout_exceeded_24h,sfm_timeout_exceeded_24h,2026-07-09T09:21:49.892866+00:00,s3://3dreefs-ben-eu-north1/experiments/ablations/stage1_fullres_eval/runs/sfm_dataset4_sfm_2048_sift_incremental_fullres_eval/ablation_eval/results_sfm.csv
D4,dataset4,full,aliked,global,sfm_dataset4_sfm_full_aliked_global_fullres_eval,patch,p000,COMPLETE,complete,400,1000000,,0.5185238634928678,15.935553488612769,0.7801588957126324,python_full_resolution_undistorted,full_resolution_undistorted,5380,4717,3526.242,1000000,14827,7305,,,2026-07-08T19:31:42.122677+00:00,s3://3dreefs-ben-eu-north1/experiments/ablations/stage1_fullres_eval/runs/sfm_dataset4_sfm_full_aliked_global_fullres_eval/ablation_eval/results_splat.csv
D4,dataset4,full,aliked,global,sfm_dataset4_sfm_full_aliked_global_fullres_eval,patch,p003,COMPLETE,complete,400,1000000,,0.5267929937158312,15.969586474498604,0.7901183792522976,python_full_resolution_undistorted,full_resolution_undistorted,5380,4717,3332.485,1000000,14088,13433,,,2026-07-08T20:50:13.690094+00:00,s3://3dreefs-ben-eu-north1/experiments/ablations/stage1_fullres_eval/runs/sfm_dataset4_sfm_full_aliked_global_fullres_eval/ablation_eval/results_splat.csv
D4,dataset4,full,aliked,global,sfm_dataset4_sfm_full_aliked_global_fullres_eval,patch,p006,COMPLETE,complete,400,1000000,,0.5144554595736897,16.07628485247838,0.7670756017460543,python_full_resolution_undistorted,full_resolution_undistorted,5380,4717,3539.36,1000000,14239,13491,,,2026-07-08T22:12:04.383237+00:00,s3://3dreefs-ben-eu-north1/experiments/ablations/stage1_fullres_eval/runs/sfm_dataset4_sfm_full_aliked_global_fullres_eval/ablation_eval/results_splat.csv
D4,dataset4,full,aliked,global,sfm_dataset4_sfm_full_aliked_global_fullres_eval,patch,p008,COMPLETE,complete,400,1000000,,0.5147236654391656,15.986286287079505,0.8011680245399475,python_full_resolution_undistorted,full_resolution_undistorted,5380,4717,3877.302,1000000,14388,13491,,,2026-07-08T23:41:46.936417+00:00,s3://3dreefs-ben-eu-north1/experiments/ablations/stage1_fullres_eval/runs/sfm_dataset4_sfm_full_aliked_global_fullres_eval/ablation_eval/results_splat.csv
D4,dataset4,full,aliked,global,sfm_dataset4_sfm_full_aliked_global_fullres_eval,patch,p011,COMPLETE,complete,400,1000000,,0.4965061917901039,15.535411194709082,0.7517139787475268,python_full_resolution_undistorted,full_resolution_undistorted,5380,4717,3091.747,1000000,12276,13377,,,2026-07-09T00:49:19.433285+00:00,s3://3dreefs-ben-eu-north1/experiments/ablations/stage1_fullres_eval/runs/sfm_dataset4_sfm_full_aliked_global_fullres_eval/ablation_eval/results_splat.csv
D4,dataset4,full,aliked,global,sfm_dataset4_sfm_full_aliked_global_fullres_eval,patch,p014,COMPLETE,complete,400,1000000,,0.4937634964783986,15.858616869360667,0.7725039949783912,python_full_resolution_undistorted,full_resolution_undistorted,5363,4700,3718.121,1000000,14639,14147,,,2026-07-09T02:18:09.820134+00:00,s3://3dreefs-ben-eu-north1/experiments/ablations/stage1_fullres_eval/runs/sfm_dataset4_sfm_full_aliked_global_fullres_eval/ablation_eval/results_splat.csv
D4,dataset4,full,aliked,global,sfm_dataset4_sfm_full_aliked_global_fullres_eval,patch,p017,COMPLETE,complete,400,1000000,,0.5081860906368977,16.771240907819173,0.7804341960597683,python_full_resolution_undistorted,full_resolution_undistorted,5380,4717,3786.937,1000000,14290,13549,,,2026-07-09T03:45:22.784862+00:00,s3://3dreefs-ben-eu-north1/experiments/ablations/stage1_fullres_eval/runs/sfm_dataset4_sfm_full_aliked_global_fullres_eval/ablation_eval/results_splat.csv
D4,dataset4,full,aliked,global,sfm_dataset4_sfm_full_aliked_global_fullres_eval,patch,p019,COMPLETE,complete,400,1000000,,0.46049267384741044,15.595719205192742,0.8191132975949181,python_full_resolution_undistorted,full_resolution_undistorted,5380,4717,3457.901,1000000,14757,13539,,,2026-07-09T05:06:35.016773+00:00,s3://3dreefs-ben-eu-north1/experiments/ablations/stage1_fullres_eval/runs/sfm_dataset4_sfm_full_aliked_global_fullres_eval/ablation_eval/results_splat.csv
D4,dataset4,full,aliked,global,sfm_dataset4_sfm_full_aliked_global_fullres_eval,patch,p022,COMPLETE,complete,400,1000000,,0.4453180747873643,14.293608581577253,0.8459718052078696,python_full_resolution_undistorted,full_resolution_undistorted,5363,4700,3411.843,1000000,14274,13435,,,2026-07-09T06:26:08.962299+00:00,s3://3dreefs-ben-eu-north1/experiments/ablations/stage1_fullres_eval/runs/sfm_dataset4_sfm_full_aliked_global_fullres_eval/ablation_eval/results_splat.csv
D4,dataset4,full,aliked,global,sfm_dataset4_sfm_full_aliked_global_fullres_eval,patch,p025,COMPLETE,complete,400,1000000,,0.48348850918852765,16.594873931664964,0.7257602292558422,python_full_resolution_undistorted,full_resolution_undistorted,5363,4700,3158.643,1000000,12955,13695,,,2026-07-09T07:34:29.877851+00:00,s3://3dreefs-ben-eu-north1/experiments/ablations/stage1_fullres_eval/runs/sfm_dataset4_sfm_full_aliked_global_fullres_eval/ablation_eval/results_splat.csv
D4,dataset4,full,aliked,incremental,sfm_dataset4_sfm_full_aliked_incremental_fullres_eval,patch,p000,FAIL,complete_with_warnings,,,,,,,,,,,,,,,SfM status complete_with_warnings; downstream evaluation was not scheduled,multiple_sparse_models:50,2026-07-08T16:59:37.511745+00:00,s3://3dreefs-ben-eu-north1/experiments/ablations/stage1_fullres_eval/runs/sfm_dataset4_sfm_full_aliked_incremental_fullres_eval/ablation_eval/results_splat.csv
D4,dataset4,full,aliked,incremental,sfm_dataset4_sfm_full_aliked_incremental_fullres_eval,patch,p001,FAIL,complete_with_warnings,,,,,,,,,,,,,,,SfM status complete_with_warnings; downstream evaluation was not scheduled,multiple_sparse_models:50,2026-07-08T16:59:37.511745+00:00,s3://3dreefs-ben-eu-north1/experiments/ablations/stage1_fullres_eval/runs/sfm_dataset4_sfm_full_aliked_incremental_fullres_eval/ablation_eval/results_splat.csv
D4,dataset4,full,aliked,incremental,sfm_dataset4_sfm_full_aliked_incremental_fullres_eval,patch,p002,FAIL,complete_with_warnings,,,,,,,,,,,,,,,SfM status complete_with_warnings; downstream evaluation was not scheduled,multiple_sparse_models:50,2026-07-08T16:59:37.511745+00:00,s3://3dreefs-ben-eu-north1/experiments/ablations/stage1_fullres_eval/runs/sfm_dataset4_sfm_full_aliked_incremental_fullres_eval/ablation_eval/results_splat.csv
D4,dataset4,full,aliked,incremental,sfm_dataset4_sfm_full_aliked_incremental_fullres_eval,patch,p003,FAIL,complete_with_warnings,,,,,,,,,,,,,,,SfM status complete_with_warnings; downstream evaluation was not scheduled,multiple_sparse_models:50,2026-07-08T16:59:37.511745+00:00,s3://3dreefs-ben-eu-north1/experiments/ablations/stage1_fullres_eval/runs/sfm_dataset4_sfm_full_aliked_incremental_fullres_eval/ablation_eval/results_splat.csv
D4,dataset4,full,sift,global,sfm_dataset4_sfm_full_sift_global_fullres_eval,patch,p000,COMPLETE,complete,400,1000000,,0.5636431253270099,16.81503376231842,0.7448040780268217,python_full_resolution_undistorted,full_resolution_undistorted,5364,4708,3788.679,1000000,15189,9705,,,2026-07-09T00:43:02.851182+00:00,s3://3dreefs-ben-eu-north1/experiments/ablations/stage1_fullres_eval/runs/sfm_dataset4_sfm_full_sift_global_fullres_eval/ablation_eval/results_splat.csv
D4,dataset4,full,sift,global,sfm_dataset4_sfm_full_sift_global_fullres_eval,patch,p004,COMPLETE,complete,400,1000000,,0.5629199060954546,17.852249661361853,0.6889783818470804,python_full_resolution_undistorted,full_resolution_undistorted,5364,4708,3526.638,1000000,15370,15941,,,2026-07-09T02:05:41.808761+00:00,s3://3dreefs-ben-eu-north1/experiments/ablations/stage1_fullres_eval/runs/sfm_dataset4_sfm_full_sift_global_fullres_eval/ablation_eval/results_splat.csv
D4,dataset4,full,sift,global,sfm_dataset4_sfm_full_sift_global_fullres_eval,patch,p008,COMPLETE,complete,400,1000000,,0.5442014140518088,16.833971973261715,0.7820778222460496,python_full_resolution_undistorted,full_resolution_undistorted,5396,4735,3704.137,1000000,15252,15917,,,2026-07-09T03:30:37.313297+00:00,s3://3dreefs-ben-eu-north1/experiments/ablations/stage1_fullres_eval/runs/sfm_dataset4_sfm_full_sift_global_fullres_eval/ablation_eval/results_splat.csv
D4,dataset4,full,sift,global,sfm_dataset4_sfm_full_sift_global_fullres_eval,patch,p012,COMPLETE,complete,400,1000000,,0.5893464667456491,18.340629517846708,0.6846070238522121,python_full_resolution_undistorted,full_resolution_undistorted,5396,4735,3582.615,1000000,15128,15969,,,2026-07-09T04:52:09.136682+00:00,s3://3dreefs-ben-eu-north1/experiments/ablations/stage1_fullres_eval/runs/sfm_dataset4_sfm_full_sift_global_fullres_eval/ablation_eval/results_splat.csv
D4,dataset4,full,sift,global,sfm_dataset4_sfm_full_sift_global_fullres_eval,patch,p016,COMPLETE,complete,400,1000000,,0.5790318783960844,18.44904866414414,0.6685524865200645,python_full_resolution_undistorted,full_resolution_undistorted,5396,4735,3583.819,1000000,15440,15955,,,2026-07-09T06:15:45.191193+00:00,s3://3dreefs-ben-eu-north1/experiments/ablations/stage1_fullres_eval/runs/sfm_dataset4_sfm_full_sift_global_fullres_eval/ablation_eval/results_splat.csv
D4,dataset4,full,sift,global,sfm_dataset4_sfm_full_sift_global_fullres_eval,patch,p020,COMPLETE,complete,400,1000000,,0.45231953798196256,15.280264387937068,0.8346955806781085,python_full_resolution_undistorted,full_resolution_undistorted,5396,4735,3758.767,1000000,15474,16245,,,2026-07-09T07:42:13.062812+00:00,s3://3dreefs-ben-eu-north1/experiments/ablations/stage1_fullres_eval/runs/sfm_dataset4_sfm_full_sift_global_fullres_eval/ablation_eval/results_splat.csv
D4,dataset4,full,sift,global,sfm_dataset4_sfm_full_sift_global_fullres_eval,patch,p024,COMPLETE,complete,400,1000000,,0.579833962415394,18.57955102218962,0.6645876890734622,python_full_resolution_undistorted,full_resolution_undistorted,5396,4735,3785.997,1000000,15353,15979,,,2026-07-09T09:09:15.305749+00:00,s3://3dreefs-ben-eu-north1/experiments/ablations/stage1_fullres_eval/runs/sfm_dataset4_sfm_full_sift_global_fullres_eval/ablation_eval/results_splat.csv
D4,dataset4,full,sift,global,sfm_dataset4_sfm_full_sift_global_fullres_eval,patch,p028,COMPLETE,complete,400,1000000,,0.5743384246642773,18.5691757645226,0.6937874998801794,python_full_resolution_undistorted,full_resolution_undistorted,5396,4735,3759.961,1000000,15614,15989,,,2026-07-09T10:36:25.303944+00:00,s3://3dreefs-ben-eu-north1/experiments/ablations/stage1_fullres_eval/runs/sfm_dataset4_sfm_full_sift_global_fullres_eval/ablation_eval/results_splat.csv
D4,dataset4,full,sift,global,sfm_dataset4_sfm_full_sift_global_fullres_eval,patch,p032,COMPLETE,complete,400,1000000,,0.4725278458661503,15.56431554896467,0.7956932369205687,python_full_resolution_undistorted,full_resolution_undistorted,5358,4706,3949.273,1000000,16204,15881,,,2026-07-09T12:04:34.776183+00:00,s3://3dreefs-ben-eu-north1/experiments/ablations/stage1_fullres_eval/runs/sfm_dataset4_sfm_full_sift_global_fullres_eval/ablation_eval/results_splat.csv
D4,dataset4,full,sift,global,sfm_dataset4_sfm_full_sift_global_fullres_eval,patch,p036,COMPLETE,complete,400,1000000,,0.5976085417410907,19.296940319104195,0.6296558169757619,python_full_resolution_undistorted,full_resolution_undistorted,5358,4706,3717.591,1000000,15787,15951,,,2026-07-09T13:27:49.514635+00:00,s3://3dreefs-ben-eu-north1/experiments/ablations/stage1_fullres_eval/runs/sfm_dataset4_sfm_full_sift_global_fullres_eval/ablation_eval/results_splat.csv
D4,dataset4,full,sift,incremental,sfm_dataset4_sfm_full_sift_incremental_fullres_eval,run,,FAIL,failed,,,,,,,,,,,,,,,sfm_timeout_exceeded_24h,sfm_timeout_exceeded_24h,2026-07-09T09:15:58.095492+00:00,s3://3dreefs-ben-eu-north1/experiments/ablations/stage1_fullres_eval/runs/sfm_dataset4_sfm_full_sift_incremental_fullres_eval/ablation_eval/results_sfm.csv
D5,dataset5,1024,aliked,global,sfm_dataset5_sfm_1024_aliked_global_fullres_eval,patch,p000,COMPLETE,complete,400,1000000,,0.4963623591371485,20.10175492330069,0.6692998046810562,python_full_resolution_undistorted,full_resolution_undistorted,3185,2395,1374.15,1000000,8540,3319,,,2026-07-08T22:53:07.426930+00:00,s3://3dreefs-ben-eu-north1/experiments/ablations/stage1_fullres_eval/runs/sfm_dataset5_sfm_1024_aliked_global_fullres_eval/ablation_eval/results_splat.csv
D5,dataset5,1024,aliked,global,sfm_dataset5_sfm_1024_aliked_global_fullres_eval,patch,p005,COMPLETE,complete,400,1000000,,0.4035434126853943,17.596978989958313,0.8422243047404934,python_full_resolution_undistorted,full_resolution_undistorted,3185,2391,1360.558,1000000,8484,5765,,,2026-07-08T23:22:49.662816+00:00,s3://3dreefs-ben-eu-north1/experiments/ablations/stage1_fullres_eval/runs/sfm_dataset5_sfm_1024_aliked_global_fullres_eval/ablation_eval/results_splat.csv
D5,dataset5,1024,aliked,global,sfm_dataset5_sfm_1024_aliked_global_fullres_eval,patch,p010,COMPLETE,complete,400,1000000,,0.3864793664700276,17.639638069701718,0.8432027149844814,python_full_resolution_undistorted,full_resolution_undistorted,3185,2395,1569.595,1000000,8480,6013,,,2026-07-08T23:55:56.556401+00:00,s3://3dreefs-ben-eu-north1/experiments/ablations/stage1_fullres_eval/runs/sfm_dataset5_sfm_1024_aliked_global_fullres_eval/ablation_eval/results_splat.csv
D5,dataset5,1024,aliked,global,sfm_dataset5_sfm_1024_aliked_global_fullres_eval,patch,p015,COMPLETE,complete,400,1000000,,0.35085301995277407,17.224595253006513,0.8395433723926544,python_full_resolution_undistorted,full_resolution_undistorted,3185,2391,1451.589,1000000,8802,5935,,,2026-07-09T00:27:43.087221+00:00,s3://3dreefs-ben-eu-north1/experiments/ablations/stage1_fullres_eval/runs/sfm_dataset5_sfm_1024_aliked_global_fullres_eval/ablation_eval/results_splat.csv
D5,dataset5,1024,aliked,global,sfm_dataset5_sfm_1024_aliked_global_fullres_eval,patch,p020,COMPLETE,complete,400,1000000,,0.5055652506649494,19.62888592136975,0.8033104732632637,python_full_resolution_undistorted,full_resolution_undistorted,3185,2391,1446.82,1000000,8580,6071,,,2026-07-09T00:59:25.131151+00:00,s3://3dreefs-ben-eu-north1/experiments/ablations/stage1_fullres_eval/runs/sfm_dataset5_sfm_1024_aliked_global_fullres_eval/ablation_eval/results_splat.csv
D5,dataset5,1024,aliked,global,sfm_dataset5_sfm_1024_aliked_global_fullres_eval,patch,p025,COMPLETE,complete,400,1000000,,0.4883859347965982,19.219563478247807,0.7998782628112369,python_full_resolution_undistorted,full_resolution_undistorted,3185,2391,1394.866,1000000,8305,5851,,,2026-07-09T01:29:36.584895+00:00,s3://3dreefs-ben-eu-north1/experiments/ablations/stage1_fullres_eval/runs/sfm_dataset5_sfm_1024_aliked_global_fullres_eval/ablation_eval/results_splat.csv
D5,dataset5,1024,aliked,global,sfm_dataset5_sfm_1024_aliked_global_fullres_eval,patch,p030,COMPLETE,complete,400,1000000,,0.5130385099313198,19.173371322672956,0.7644318922972068,python_full_resolution_undistorted,full_resolution_undistorted,3185,2395,1391.982,1000000,8572,5807,,,2026-07-09T02:00:21.617251+00:00,s3://3dreefs-ben-eu-north1/experiments/ablations/stage1_fullres_eval/runs/sfm_dataset5_sfm_1024_aliked_global_fullres_eval/ablation_eval/results_splat.csv
D5,dataset5,1024,aliked,global,sfm_dataset5_sfm_1024_aliked_global_fullres_eval,patch,p035,COMPLETE,complete,400,1000000,,0.6252135615194997,21.996103033762594,0.6331453284909648,python_full_resolution_undistorted,full_resolution_undistorted,3185,2391,1422.44,1000000,7924,5667,,,2026-07-09T02:29:49.956055+00:00,s3://3dreefs-ben-eu-north1/experiments/ablations/stage1_fullres_eval/runs/sfm_dataset5_sfm_1024_aliked_global_fullres_eval/ablation_eval/results_splat.csv
D5,dataset5,1024,aliked,global,sfm_dataset5_sfm_1024_aliked_global_fullres_eval,patch,p040,COMPLETE,complete,400,1000000,,0.5834997312018746,20.178266269332642,0.7430334263726285,python_full_resolution_undistorted,full_resolution_undistorted,3185,2395,1423.741,1000000,8421,5701,,,2026-07-09T03:00:47.818225+00:00,s3://3dreefs-ben-eu-north1/experiments/ablations/stage1_fullres_eval/runs/sfm_dataset5_sfm_1024_aliked_global_fullres_eval/ablation_eval/results_splat.csv
D5,dataset5,1024,aliked,global,sfm_dataset5_sfm_1024_aliked_global_fullres_eval,patch,p045,COMPLETE,complete,400,1000000,,0.6345770781238874,20.342822449451234,0.673289934794108,python_full_resolution_undistorted,full_resolution_undistorted,3185,2395,1344.977,1000000,8178,6013,,,2026-07-09T03:30:17.486181+00:00,s3://3dreefs-ben-eu-north1/experiments/ablations/stage1_fullres_eval/runs/sfm_dataset5_sfm_1024_aliked_global_fullres_eval/ablation_eval/results_splat.csv
D5,dataset5,1024,aliked,incremental,sfm_dataset5_sfm_1024_aliked_incremental_fullres_eval,run,,FAIL,failed,,,,,,,,,,,,,,,pipeline command failed with exit 1: /scratch/3dreefs/project/ablation_eval/jobs/sfm_dataset5_sfm_1024_aliked_incremental/attempts/2026-07-09T195447.2235150000/patch_command.log,pipeline command failed with exit 1: /scratch/3dreefs/project/ablation_eval/jobs/sfm_dataset5_sfm_1024_aliked_incremental/attempts/2026-07-09T195447.2235150000/patch_command.log,2026-07-09T20:01:57.471437+00:00,s3://3dreefs-ben-eu-north1/experiments/ablations/stage1_fullres_eval/runs/sfm_dataset5_sfm_1024_aliked_incremental_fullres_eval/ablation_eval/results_sfm.csv
D5,dataset5,1024,sift,global,sfm_dataset5_sfm_1024_sift_global_fullres_eval,patch,p000,COMPLETE,complete,400,1000000,,0.5588317481247155,21.278453051926775,0.6080575077920347,python_full_resolution_undistorted,full_resolution_undistorted,3245,2435,1287.98,1000000,9710,3039,,,2026-07-08T20:25:43.796093+00:00,s3://3dreefs-ben-eu-north1/experiments/ablations/stage1_fullres_eval/runs/sfm_dataset5_sfm_1024_sift_global_fullres_eval/ablation_eval/results_splat.csv
D5,dataset5,1024,sift,global,sfm_dataset5_sfm_1024_sift_global_fullres_eval,patch,p005,COMPLETE,complete,400,1000000,,0.5673192162066698,21.112685471868133,0.5359031008556485,python_full_resolution_undistorted,full_resolution_undistorted,3245,2435,1288.329,1000000,9605,6033,,,2026-07-08T20:52:56.764923+00:00,s3://3dreefs-ben-eu-north1/experiments/ablations/stage1_fullres_eval/runs/sfm_dataset5_sfm_1024_sift_global_fullres_eval/ablation_eval/results_splat.csv
D5,dataset5,1024,sift,global,sfm_dataset5_sfm_1024_sift_global_fullres_eval,patch,p010,COMPLETE,complete,400,1000000,,0.5212756509964283,20.478095995618784,0.6718585919111203,python_full_resolution_undistorted,full_resolution_undistorted,3245,2434,1246.18,1000000,9815,5769,,,2026-07-08T21:20:35.538538+00:00,s3://3dreefs-ben-eu-north1/experiments/ablations/stage1_fullres_eval/runs/sfm_dataset5_sfm_1024_sift_global_fullres_eval/ablation_eval/results_splat.csv
D5,dataset5,1024,sift,global,sfm_dataset5_sfm_1024_sift_global_fullres_eval,patch,p015,COMPLETE,complete,400,1000000,,0.6785911236490522,22.26703108650844,0.5865082953657422,python_full_resolution_undistorted,full_resolution_undistorted,3245,2435,1363.66,1000000,9366,5813,,,2026-07-08T21:49:19.767801+00:00,s3://3dreefs-ben-eu-north1/experiments/ablations/stage1_fullres_eval/runs/sfm_dataset5_sfm_1024_sift_global_fullres_eval/ablation_eval/results_splat.csv
D5,dataset5,1024,sift,global,sfm_dataset5_sfm_1024_sift_global_fullres_eval,patch,p020,COMPLETE,complete,400,1000000,,0.4881918396268572,19.62443148442674,0.6491127814565386,python_full_resolution_undistorted,full_resolution_undistorted,3245,2435,1224.89,1000000,9730,5881,,,2026-07-08T22:15:59.324812+00:00,s3://3dreefs-ben-eu-north1/experiments/ablations/stage1_fullres_eval/runs/sfm_dataset5_sfm_1024_sift_global_fullres_eval/ablation_eval/results_splat.csv
D5,dataset5,1024,sift,global,sfm_dataset5_sfm_1024_sift_global_fullres_eval,patch,p026,COMPLETE,complete,400,1000000,,0.561950493317384,20.45097686711543,0.7061757475901873,python_full_resolution_undistorted,full_resolution_undistorted,3245,2435,1345.467,1000000,9696,5737,,,2026-07-08T22:45:12.535309+00:00,s3://3dreefs-ben-eu-north1/experiments/ablations/stage1_fullres_eval/runs/sfm_dataset5_sfm_1024_sift_global_fullres_eval/ablation_eval/results_splat.csv
D5,dataset5,1024,sift,global,sfm_dataset5_sfm_1024_sift_global_fullres_eval,patch,p031,COMPLETE,complete,400,1000000,,0.5043092832753533,19.673476219806986,0.6829427119932676,python_full_resolution_undistorted,full_resolution_undistorted,3245,2434,1198.417,1000000,10038,5797,,,2026-07-08T23:11:57.501379+00:00,s3://3dreefs-ben-eu-north1/experiments/ablations/stage1_fullres_eval/runs/sfm_dataset5_sfm_1024_sift_global_fullres_eval/ablation_eval/results_splat.csv
D5,dataset5,1024,sift,global,sfm_dataset5_sfm_1024_sift_global_fullres_eval,patch,p036,COMPLETE,complete,400,1000000,,0.5689912877976895,20.921400761336848,0.6523518607020378,python_full_resolution_undistorted,full_resolution_undistorted,3245,2434,1266.806,1000000,9918,5775,,,2026-07-08T23:40:09.047003+00:00,s3://3dreefs-ben-eu-north1/experiments/ablations/stage1_fullres_eval/runs/sfm_dataset5_sfm_1024_sift_global_fullres_eval/ablation_eval/results_splat.csv
D5,dataset5,1024,sift,global,sfm_dataset5_sfm_1024_sift_global_fullres_eval,patch,p041,COMPLETE,complete,400,1000000,,0.5737946469050187,20.38116523560762,0.6948111057281494,python_full_resolution_undistorted,full_resolution_undistorted,3245,2434,1235.043,1000000,9868,5751,,,2026-07-09T00:07:32.138469+00:00,s3://3dreefs-ben-eu-north1/experiments/ablations/stage1_fullres_eval/runs/sfm_dataset5_sfm_1024_sift_global_fullres_eval/ablation_eval/results_splat.csv
D5,dataset5,1024,sift,global,sfm_dataset5_sfm_1024_sift_global_fullres_eval,patch,p046,COMPLETE,complete,400,1000000,,0.6438938733190298,22.185185724186947,0.5751826744526625,python_full_resolution_undistorted,full_resolution_undistorted,3245,2434,1220.785,1000000,9401,5713,,,2026-07-09T00:33:29.966562+00:00,s3://3dreefs-ben-eu-north1/experiments/ablations/stage1_fullres_eval/runs/sfm_dataset5_sfm_1024_sift_global_fullres_eval/ablation_eval/results_splat.csv
D5,dataset5,1024,sift,incremental,sfm_dataset5_sfm_1024_sift_incremental_fullres_eval,run,,FAIL,failed,,,,,,,,,,,,,,,sfm_timeout_exceeded_24h,sfm_timeout_exceeded_24h,2026-07-09T19:23:35.697068+00:00,s3://3dreefs-ben-eu-north1/experiments/ablations/stage1_fullres_eval/runs/sfm_dataset5_sfm_1024_sift_incremental_fullres_eval/ablation_eval/results_sfm.csv
D5,dataset5,2048,aliked,global,sfm_dataset5_sfm_2048_aliked_global_fullres_eval,patch,p000,COMPLETE,complete,400,1000000,,0.4862869756562369,19.687602121147545,0.7588323746408735,python_full_resolution_undistorted,full_resolution_undistorted,3186,2394,1324.152,1000000,9310,3055,,,2026-07-08T23:03:47.953118+00:00,s3://3dreefs-ben-eu-north1/experiments/ablations/stage1_fullres_eval/runs/sfm_dataset5_sfm_2048_aliked_global_fullres_eval/ablation_eval/results_splat.csv
D5,dataset5,2048,aliked,global,sfm_dataset5_sfm_2048_aliked_global_fullres_eval,patch,p005,COMPLETE,complete,400,1000000,,0.5003867936985833,19.312287791864442,0.679557910987309,python_full_resolution_undistorted,full_resolution_undistorted,3187,2390,999.985,1000000,8182,5439,,,2026-07-08T23:23:10.630693+00:00,s3://3dreefs-ben-eu-north1/experiments/ablations/stage1_fullres_eval/runs/sfm_dataset5_sfm_2048_aliked_global_fullres_eval/ablation_eval/results_splat.csv
D5,dataset5,2048,aliked,global,sfm_dataset5_sfm_2048_aliked_global_fullres_eval,patch,p010,COMPLETE,complete,400,1000000,,0.379750741155524,17.33781641643372,0.9218065597509083,python_full_resolution_undistorted,full_resolution_undistorted,3187,2390,1602.44,1000000,9475,9045,,,2026-07-08T23:56:37.013975+00:00,s3://3dreefs-ben-eu-north1/experiments/ablations/stage1_fullres_eval/runs/sfm_dataset5_sfm_2048_aliked_global_fullres_eval/ablation_eval/results_splat.csv
D5,dataset5,2048,aliked,global,sfm_dataset5_sfm_2048_aliked_global_fullres_eval,patch,p015,COMPLETE,complete,400,1000000,,0.3413052450865507,17.164817294133893,0.896321764588356,python_full_resolution_undistorted,full_resolution_undistorted,3187,2390,1690.201,1000000,9660,7767,,,2026-07-09T00:31:53.006359+00:00,s3://3dreefs-ben-eu-north1/experiments/ablations/stage1_fullres_eval/runs/sfm_dataset5_sfm_2048_aliked_global_fullres_eval/ablation_eval/results_splat.csv
D5,dataset5,2048,aliked,global,sfm_dataset5_sfm_2048_aliked_global_fullres_eval,patch,p020,COMPLETE,complete,400,1000000,,0.5649721464142203,20.78387872608235,0.7198761478066444,python_full_resolution_undistorted,full_resolution_undistorted,3186,2394,1283.967,1000000,9064,5631,,,2026-07-09T00:59:13.141516+00:00,s3://3dreefs-ben-eu-north1/experiments/ablations/stage1_fullres_eval/runs/sfm_dataset5_sfm_2048_aliked_global_fullres_eval/ablation_eval/results_splat.csv
D5,dataset5,2048,aliked,global,sfm_dataset5_sfm_2048_aliked_global_fullres_eval,patch,p026,COMPLETE,complete,400,1000000,,0.5685150433670391,21.467751716193632,0.6549347774548964,python_full_resolution_undistorted,full_resolution_undistorted,3187,2390,1279.527,1000000,8621,5701,,,2026-07-09T01:24:41.628673+00:00,s3://3dreefs-ben-eu-north1/experiments/ablations/stage1_fullres_eval/runs/sfm_dataset5_sfm_2048_aliked_global_fullres_eval/ablation_eval/results_splat.csv
D5,dataset5,2048,aliked,global,sfm_dataset5_sfm_2048_aliked_global_fullres_eval,patch,p031,COMPLETE,complete,400,1000000,,0.5457679417572523,20.47305160335264,0.7028515056559914,python_full_resolution_undistorted,full_resolution_undistorted,3187,2390,1292.962,1000000,9809,5851,,,2026-07-09T01:53:25.578889+00:00,s3://3dreefs-ben-eu-north1/experiments/ablations/stage1_fullres_eval/runs/sfm_dataset5_sfm_2048_aliked_global_fullres_eval/ablation_eval/results_splat.csv
D5,dataset5,2048,aliked,global,sfm_dataset5_sfm_2048_aliked_global_fullres_eval,patch,p036,COMPLETE,complete,400,1000000,,0.6459101966449192,22.37445772908714,0.5842840313911438,python_full_resolution_undistorted,full_resolution_undistorted,3187,2390,1465.519,1000000,9133,5697,,,2026-07-09T02:24:22.711635+00:00,s3://3dreefs-ben-eu-north1/experiments/ablations/stage1_fullres_eval/runs/sfm_dataset5_sfm_2048_aliked_global_fullres_eval/ablation_eval/results_splat.csv
D5,dataset5,2048,aliked,global,sfm_dataset5_sfm_2048_aliked_global_fullres_eval,patch,p041,COMPLETE,complete,400,1000000,,0.7016777237256367,20.71357942245276,0.574582556883494,python_full_resolution_undistorted,full_resolution_undistorted,3187,2390,1339.289,1000000,8759,5637,,,2026-07-09T02:52:10.691163+00:00,s3://3dreefs-ben-eu-north1/experiments/ablations/stage1_fullres_eval/runs/sfm_dataset5_sfm_2048_aliked_global_fullres_eval/ablation_eval/results_splat.csv
D5,dataset5,2048,aliked,global,sfm_dataset5_sfm_2048_aliked_global_fullres_eval,patch,p046,COMPLETE,complete,400,1000000,,0.6136617814340899,20.86879466685271,0.6049180819142249,python_full_resolution_undistorted,full_resolution_undistorted,3187,2390,1244.303,1000000,9070,5649,,,2026-07-09T03:18:47.208101+00:00,s3://3dreefs-ben-eu-north1/experiments/ablations/stage1_fullres_eval/runs/sfm_dataset5_sfm_2048_aliked_global_fullres_eval/ablation_eval/results_splat.csv
D5,dataset5,2048,aliked,incremental,sfm_dataset5_sfm_2048_aliked_incremental_fullres_eval,run,,FAIL,failed,,,,,,,,,,,,,,,sfm_timeout_exceeded_24h,sfm_timeout_exceeded_24h,2026-07-09T20:12:34.368224+00:00,s3://3dreefs-ben-eu-north1/experiments/ablations/stage1_fullres_eval/runs/sfm_dataset5_sfm_2048_aliked_incremental_fullres_eval/ablation_eval/results_sfm.csv
D5,dataset5,2048,sift,global,sfm_dataset5_sfm_2048_sift_global_fullres_eval,patch,p000,COMPLETE,complete,400,1000000,,0.49375369772315025,20.019665830071993,0.7705028675496578,python_full_resolution_undistorted,full_resolution_undistorted,3246,2434,1387.889,1000000,9945,3047,,,2026-07-08T20:54:25.366637+00:00,s3://3dreefs-ben-eu-north1/experiments/ablations/stage1_fullres_eval/runs/sfm_dataset5_sfm_2048_sift_global_fullres_eval/ablation_eval/results_splat.csv
D5,dataset5,2048,sift,global,sfm_dataset5_sfm_2048_sift_global_fullres_eval,patch,p005,COMPLETE,complete,400,1000000,,0.5611839640140533,21.38447398011977,0.6818892383575439,python_full_resolution_undistorted,full_resolution_undistorted,3249,2438,1174.24,1000000,8907,5643,,,2026-07-08T21:18:37.282155+00:00,s3://3dreefs-ben-eu-north1/experiments/ablations/stage1_fullres_eval/runs/sfm_dataset5_sfm_2048_sift_global_fullres_eval/ablation_eval/results_splat.csv
D5,dataset5,2048,sift,global,sfm_dataset5_sfm_2048_sift_global_fullres_eval,patch,p010,COMPLETE,complete,400,1000000,,0.49982283429967034,20.17550329420415,0.7001261305477884,python_full_resolution_undistorted,full_resolution_undistorted,3246,2434,1333.381,1000000,9674,5877,,,2026-07-08T21:47:29.741151+00:00,s3://3dreefs-ben-eu-north1/experiments/ablations/stage1_fullres_eval/runs/sfm_dataset5_sfm_2048_sift_global_fullres_eval/ablation_eval/results_splat.csv
D5,dataset5,2048,sift,global,sfm_dataset5_sfm_2048_sift_global_fullres_eval,patch,p015,COMPLETE,complete,400,1000000,,0.5945706008336483,21.917187591262884,0.6793199273256155,python_full_resolution_undistorted,full_resolution_undistorted,3249,2438,1391.767,1000000,9675,5733,,,2026-07-08T22:17:54.647435+00:00,s3://3dreefs-ben-eu-north1/experiments/ablations/stage1_fullres_eval/runs/sfm_dataset5_sfm_2048_sift_global_fullres_eval/ablation_eval/results_splat.csv
D5,dataset5,2048,sift,global,sfm_dataset5_sfm_2048_sift_global_fullres_eval,patch,p020,COMPLETE,complete,400,1000000,,0.5050909396929618,19.98193819659806,0.6389716053620363,python_full_resolution_undistorted,full_resolution_undistorted,3249,2438,1303.046,1000000,10106,5897,,,2026-07-08T22:47:07.703312+00:00,s3://3dreefs-ben-eu-north1/experiments/ablations/stage1_fullres_eval/runs/sfm_dataset5_sfm_2048_sift_global_fullres_eval/ablation_eval/results_splat.csv
D5,dataset5,2048,sift,global,sfm_dataset5_sfm_2048_sift_global_fullres_eval,patch,p025,COMPLETE,complete,400,1000000,,0.532356981978272,20.266713822806786,0.6746491175709348,python_full_resolution_undistorted,full_resolution_undistorted,3249,2438,1304.126,1000000,9502,5919,,,2026-07-08T23:14:56.219179+00:00,s3://3dreefs-ben-eu-north1/experiments/ablations/stage1_fullres_eval/runs/sfm_dataset5_sfm_2048_sift_global_fullres_eval/ablation_eval/results_splat.csv
D5,dataset5,2048,sift,global,sfm_dataset5_sfm_2048_sift_global_fullres_eval,patch,p030,COMPLETE,complete,400,1000000,,0.6729495525360107,22.75748143587983,0.5268624988762108,python_full_resolution_undistorted,full_resolution_undistorted,3249,2438,1537.426,1000000,9558,5889,,,2026-07-08T23:47:19.482905+00:00,s3://3dreefs-ben-eu-north1/experiments/ablations/stage1_fullres_eval/runs/sfm_dataset5_sfm_2048_sift_global_fullres_eval/ablation_eval/results_splat.csv
D5,dataset5,2048,sift,global,sfm_dataset5_sfm_2048_sift_global_fullres_eval,patch,p035,COMPLETE,complete,400,1000000,,0.574404393498962,21.130630668803263,0.6467470575023342,python_full_resolution_undistorted,full_resolution_undistorted,3246,2434,1374.159,1000000,9716,5887,,,2026-07-09T00:17:25.926101+00:00,s3://3dreefs-ben-eu-north1/experiments/ablations/stage1_fullres_eval/runs/sfm_dataset5_sfm_2048_sift_global_fullres_eval/ablation_eval/results_splat.csv
D5,dataset5,2048,sift,global,sfm_dataset5_sfm_2048_sift_global_fullres_eval,patch,p040,COMPLETE,complete,400,1000000,,0.5783644524904398,20.530420152696113,0.6907129425268906,python_full_resolution_undistorted,full_resolution_undistorted,3246,2434,1310.366,1000000,10296,6043,,,2026-07-09T00:46:21.709330+00:00,s3://3dreefs-ben-eu-north1/experiments/ablations/stage1_fullres_eval/runs/sfm_dataset5_sfm_2048_sift_global_fullres_eval/ablation_eval/results_splat.csv
D5,dataset5,2048,sift,global,sfm_dataset5_sfm_2048_sift_global_fullres_eval,patch,p045,COMPLETE,complete,400,1000000,,0.6558704118470888,21.963927554336433,0.5712860548818434,python_full_resolution_undistorted,full_resolution_undistorted,3249,2438,1363.317,1000000,9625,5919,,,2026-07-09T01:15:52.476810+00:00,s3://3dreefs-ben-eu-north1/experiments/ablations/stage1_fullres_eval/runs/sfm_dataset5_sfm_2048_sift_global_fullres_eval/ablation_eval/results_splat.csv
D5,dataset5,2048,sift,incremental,sfm_dataset5_sfm_2048_sift_incremental_fullres_eval,run,,FAIL,failed,,,,,,,,,,,,,,,sfm_timeout_exceeded_24h,sfm_timeout_exceeded_24h,2026-07-09T17:56:05.817760+00:00,s3://3dreefs-ben-eu-north1/experiments/ablations/stage1_fullres_eval/runs/sfm_dataset5_sfm_2048_sift_incremental_fullres_eval/ablation_eval/results_sfm.csv
D5,dataset5,full,aliked,global,sfm_dataset5_sfm_full_aliked_global_fullres_eval,patch,p000,COMPLETE,complete,400,1000000,,0.47941670527583674,19.065537300662914,0.7822579812062415,python_full_resolution_undistorted,full_resolution_undistorted,3188,2394,1372.047,1000000,9426,3103,,,2026-07-08T22:13:42.564325+00:00,s3://3dreefs-ben-eu-north1/experiments/ablations/stage1_fullres_eval/runs/sfm_dataset5_sfm_full_aliked_global_fullres_eval/ablation_eval/results_splat.csv
D5,dataset5,full,aliked,global,sfm_dataset5_sfm_full_aliked_global_fullres_eval,patch,p005,COMPLETE,complete,400,1000000,,0.4127286622921626,18.16945788326767,0.8672778672642178,python_full_resolution_undistorted,full_resolution_undistorted,3188,2390,1638.346,1000000,9712,7999,,,2026-07-08T22:46:24.797219+00:00,s3://3dreefs-ben-eu-north1/experiments/ablations/stage1_fullres_eval/runs/sfm_dataset5_sfm_full_aliked_global_fullres_eval/ablation_eval/results_splat.csv
D5,dataset5,full,aliked,global,sfm_dataset5_sfm_full_aliked_global_fullres_eval,patch,p010,COMPLETE,complete,400,1000000,,0.3882609665393829,17.675431944507583,0.8664741888642311,python_full_resolution_undistorted,full_resolution_undistorted,3188,2390,1617.029,1000000,9612,5893,,,2026-07-08T23:19:23.582296+00:00,s3://3dreefs-ben-eu-north1/experiments/ablations/stage1_fullres_eval/runs/sfm_dataset5_sfm_full_aliked_global_fullres_eval/ablation_eval/results_splat.csv
D5,dataset5,full,aliked,global,sfm_dataset5_sfm_full_aliked_global_fullres_eval,patch,p015,COMPLETE,complete,400,1000000,,0.5731203146278858,20.178499020379764,0.5166050642728806,python_full_resolution_undistorted,full_resolution_undistorted,3188,2394,1058.069,1000000,7762,5481,,,2026-07-08T23:38:18.263333+00:00,s3://3dreefs-ben-eu-north1/experiments/ablations/stage1_fullres_eval/runs/sfm_dataset5_sfm_full_aliked_global_fullres_eval/ablation_eval/results_splat.csv
D5,dataset5,full,aliked,global,sfm_dataset5_sfm_full_aliked_global_fullres_eval,patch,p020,COMPLETE,complete,400,1000000,,0.5183029482141137,20.137950132005077,0.7563290819525719,python_full_resolution_undistorted,full_resolution_undistorted,3188,2390,1314.404,1000000,9179,5735,,,2026-07-09T00:05:13.541278+00:00,s3://3dreefs-ben-eu-north1/experiments/ablations/stage1_fullres_eval/runs/sfm_dataset5_sfm_full_aliked_global_fullres_eval/ablation_eval/results_splat.csv
D5,dataset5,full,aliked,global,sfm_dataset5_sfm_full_aliked_global_fullres_eval,patch,p026,COMPLETE,complete,400,1000000,,0.38448688611388204,17.42867182390618,0.8422572821378708,python_full_resolution_undistorted,full_resolution_undistorted,3188,2394,1382.237,1000000,9701,6199,,,2026-07-09T00:34:30.829949+00:00,s3://3dreefs-ben-eu-north1/experiments/ablations/stage1_fullres_eval/runs/sfm_dataset5_sfm_full_aliked_global_fullres_eval/ablation_eval/results_splat.csv
D5,dataset5,full,aliked,global,sfm_dataset5_sfm_full_aliked_global_fullres_eval,patch,p031,COMPLETE,complete,400,1000000,,0.5769561968743802,21.194002247071104,0.7376869186758995,python_full_resolution_undistorted,full_resolution_undistorted,3188,2390,1449.753,1000000,9346,5793,,,2026-07-09T01:04:50.926420+00:00,s3://3dreefs-ben-eu-north1/experiments/ablations/stage1_fullres_eval/runs/sfm_dataset5_sfm_full_aliked_global_fullres_eval/ablation_eval/results_splat.csv
D5,dataset5,full,aliked,global,sfm_dataset5_sfm_full_aliked_global_fullres_eval,patch,p036,COMPLETE,complete,400,1000000,,0.5138598307967186,19.236642463551128,0.7306956074067524,python_full_resolution_undistorted,full_resolution_undistorted,3188,2394,1203.259,1000000,9375,5749,,,2026-07-09T01:29:19.921570+00:00,s3://3dreefs-ben-eu-north1/experiments/ablations/stage1_fullres_eval/runs/sfm_dataset5_sfm_full_aliked_global_fullres_eval/ablation_eval/results_splat.csv
D5,dataset5,full,aliked,global,sfm_dataset5_sfm_full_aliked_global_fullres_eval,patch,p041,COMPLETE,complete,400,1000000,,0.7046758611996968,20.94151771843237,0.5837900718053182,python_full_resolution_undistorted,full_resolution_undistorted,3188,2390,1374.665,1000000,8779,5807,,,2026-07-09T01:56:49.970544+00:00,s3://3dreefs-ben-eu-north1/experiments/ablations/stage1_fullres_eval/runs/sfm_dataset5_sfm_full_aliked_global_fullres_eval/ablation_eval/results_splat.csv
D5,dataset5,full,aliked,global,sfm_dataset5_sfm_full_aliked_global_fullres_eval,patch,p046,COMPLETE,complete,400,1000000,,0.5833369818600741,20.304221681988796,0.6827593536087961,python_full_resolution_undistorted,full_resolution_undistorted,3188,2394,1264.543,1000000,9103,5669,,,2026-07-09T02:23:04.149239+00:00,s3://3dreefs-ben-eu-north1/experiments/ablations/stage1_fullres_eval/runs/sfm_dataset5_sfm_full_aliked_global_fullres_eval/ablation_eval/results_splat.csv
D5,dataset5,full,aliked,incremental,sfm_dataset5_sfm_full_aliked_incremental_fullres_eval,run,,FAIL,failed,,,,,,,,,,,,,,,sfm_timeout_exceeded_24h,sfm_timeout_exceeded_24h,2026-07-09T19:57:20.056338+00:00,s3://3dreefs-ben-eu-north1/experiments/ablations/stage1_fullres_eval/runs/sfm_dataset5_sfm_full_aliked_incremental_fullres_eval/ablation_eval/results_sfm.csv
D5,dataset5,full,sift,global,sfm_dataset5_sfm_full_sift_global_fullres_eval,patch,p000,COMPLETE,complete,400,1000000,,0.40815939009189606,17.891597024307316,0.7489524781703949,python_full_resolution_undistorted,full_resolution_undistorted,3240,2417,1212.813,1000000,8463,2871,,,2026-07-08T22:02:15.356744+00:00,s3://3dreefs-ben-eu-north1/experiments/ablations/stage1_fullres_eval/runs/sfm_dataset5_sfm_full_sift_global_fullres_eval/ablation_eval/results_splat.csv
D5,dataset5,full,sift,global,sfm_dataset5_sfm_full_sift_global_fullres_eval,patch,p005,COMPLETE,complete,400,1000000,,0.40807750350550603,17.101112290318106,0.7724424726084659,python_full_resolution_undistorted,full_resolution_undistorted,3096,2496,1027.125,1000000,8576,5547,,,2026-07-08T22:22:44.971449+00:00,s3://3dreefs-ben-eu-north1/experiments/ablations/stage1_fullres_eval/runs/sfm_dataset5_sfm_full_sift_global_fullres_eval/ablation_eval/results_splat.csv
D5,dataset5,full,sift,global,sfm_dataset5_sfm_full_sift_global_fullres_eval,patch,p010,COMPLETE,complete,400,1000000,,0.3431248813867569,15.308415104551912,0.7424708945410592,python_full_resolution_undistorted,full_resolution_undistorted,3096,2496,979.467,1000000,7894,5473,,,2026-07-08T22:40:18.498361+00:00,s3://3dreefs-ben-eu-north1/experiments/ablations/stage1_fullres_eval/runs/sfm_dataset5_sfm_full_sift_global_fullres_eval/ablation_eval/results_splat.csv
D5,dataset5,full,sift,global,sfm_dataset5_sfm_full_sift_global_fullres_eval,patch,p015,COMPLETE,complete,400,1000000,,0.5322981410556369,18.76292293263381,0.5949296156565348,python_full_resolution_undistorted,full_resolution_undistorted,3096,2496,938.817,1000000,7887,5229,,,2026-07-08T22:57:32.136022+00:00,s3://3dreefs-ben-eu-north1/experiments/ablations/stage1_fullres_eval/runs/sfm_dataset5_sfm_full_sift_global_fullres_eval/ablation_eval/results_splat.csv
D5,dataset5,full,sift,global,sfm_dataset5_sfm_full_sift_global_fullres_eval,patch,p020,COMPLETE,complete,400,1000000,,0.43976906935373944,18.204481174484904,0.6589050425423516,python_full_resolution_undistorted,full_resolution_undistorted,3240,2417,1032.235,1000000,7951,5579,,,2026-07-08T23:16:19.391286+00:00,s3://3dreefs-ben-eu-north1/experiments/ablations/stage1_fullres_eval/runs/sfm_dataset5_sfm_full_sift_global_fullres_eval/ablation_eval/results_splat.csv
D5,dataset5,full,sift,global,sfm_dataset5_sfm_full_sift_global_fullres_eval,patch,p024,COMPLETE,complete,400,1000000,,0.4245654460456636,18.514385355101506,0.7124234669738345,python_full_resolution_undistorted,full_resolution_undistorted,3240,2417,1151.801,1000000,8527,5595,,,2026-07-08T23:38:42.517201+00:00,s3://3dreefs-ben-eu-north1/experiments/ablations/stage1_fullres_eval/runs/sfm_dataset5_sfm_full_sift_global_fullres_eval/ablation_eval/results_splat.csv
D5,dataset5,full,sift,global,sfm_dataset5_sfm_full_sift_global_fullres_eval,patch,p029,COMPLETE,complete,400,1000000,,0.5582486328325773,17.859089926915868,0.7598763484703867,python_full_resolution_undistorted,full_resolution_undistorted,3096,2496,1117.695,1000000,8483,5669,,,2026-07-09T00:00:31.779374+00:00,s3://3dreefs-ben-eu-north1/experiments/ablations/stage1_fullres_eval/runs/sfm_dataset5_sfm_full_sift_global_fullres_eval/ablation_eval/results_splat.csv
D5,dataset5,full,sift,global,sfm_dataset5_sfm_full_sift_global_fullres_eval,patch,p034,COMPLETE,complete,400,1000000,,0.38163009963252326,17.217936895243323,0.7677998028018258,python_full_resolution_undistorted,full_resolution_undistorted,3096,2496,1258.844,1000000,8809,5579,,,2026-07-09T00:25:24.967271+00:00,s3://3dreefs-ben-eu-north1/experiments/ablations/stage1_fullres_eval/runs/sfm_dataset5_sfm_full_sift_global_fullres_eval/ablation_eval/results_splat.csv
D5,dataset5,full,sift,global,sfm_dataset5_sfm_full_sift_global_fullres_eval,patch,p039,COMPLETE,complete,400,1000000,,0.5022051442753185,18.696370108245844,0.6425857733596455,python_full_resolution_undistorted,full_resolution_undistorted,3240,2417,987.703,1000000,8136,5565,,,2026-07-09T00:43:48.979136+00:00,s3://3dreefs-ben-eu-north1/experiments/ablations/stage1_fullres_eval/runs/sfm_dataset5_sfm_full_sift_global_fullres_eval/ablation_eval/results_splat.csv
D5,dataset5,full,sift,global,sfm_dataset5_sfm_full_sift_global_fullres_eval,patch,p044,COMPLETE,complete,400,1000000,,0.5101023092865944,18.11054488294091,0.6457853143413862,python_full_resolution_undistorted,full_resolution_undistorted,3240,2417,1017.955,1000000,8149,5505,,,2026-07-09T01:02:55.053252+00:00,s3://3dreefs-ben-eu-north1/experiments/ablations/stage1_fullres_eval/runs/sfm_dataset5_sfm_full_sift_global_fullres_eval/ablation_eval/results_splat.csv
D5,dataset5,full,sift,incremental,sfm_dataset5_sfm_full_sift_incremental_fullres_eval,run,,FAIL,failed,,,,,,,,,,,,,,,sfm_timeout_exceeded_24h,sfm_timeout_exceeded_24h,2026-07-09T17:12:47.942022+00:00,s3://3dreefs-ben-eu-north1/experiments/ablations/stage1_fullres_eval/runs/sfm_dataset5_sfm_full_sift_incremental_fullres_eval/ablation_eval/results_sfm.csv
D6,dataset6,1024,aliked,global,sfm_dataset6_sfm_1024_aliked_global_fullres_eval,patch,p000,COMPLETE,complete,400,1000000,,0.550368559666169,22.613787908024232,0.8008940892341809,python_full_resolution_undistorted,full_resolution_undistorted,3389,2541,1744.678,1000000,8332,3953,completed_requested_iterations,,2026-07-22T19:37:17.760952+00:00,s3://3dreefs-ben-eu-north1/experiments/ablations/stage1_fullres_eval/runs/sfm_dataset6_sfm_1024_aliked_global_fullres_eval/ablation_eval/results_splat.csv
D6,dataset6,1024,aliked,global,sfm_dataset6_sfm_1024_aliked_global_fullres_eval,patch,p006,COMPLETE,complete,400,1000000,,0.6112249214202166,26.193221541725567,0.6283288402482867,python_full_resolution_undistorted,full_resolution_undistorted,3399,2544,1702.159,1000000,8017,6237,completed_requested_iterations,,2026-07-22T20:13:11.582133+00:00,s3://3dreefs-ben-eu-north1/experiments/ablations/stage1_fullres_eval/runs/sfm_dataset6_sfm_1024_aliked_global_fullres_eval/ablation_eval/results_splat.csv
D6,dataset6,1024,aliked,global,sfm_dataset6_sfm_1024_aliked_global_fullres_eval,patch,p012,COMPLETE,complete,400,1000000,,0.5439894762304094,23.75945221250847,0.6565926361967016,python_full_resolution_undistorted,full_resolution_undistorted,3399,2544,1330.884,1000000,7852,6199,completed_requested_iterations,,2026-07-22T20:41:52.317723+00:00,s3://3dreefs-ben-eu-north1/experiments/ablations/stage1_fullres_eval/runs/sfm_dataset6_sfm_1024_aliked_global_fullres_eval/ablation_eval/results_splat.csv
D6,dataset6,1024,aliked,global,sfm_dataset6_sfm_1024_aliked_global_fullres_eval,patch,p018,COMPLETE,complete,400,1000000,,0.5225558876991272,21.970294594343045,0.7275555186411914,python_full_resolution_undistorted,full_resolution_undistorted,3389,2541,1601.711,1000000,8268,6281,completed_requested_iterations,,2026-07-22T21:16:54.992830+00:00,s3://3dreefs-ben-eu-north1/experiments/ablations/stage1_fullres_eval/runs/sfm_dataset6_sfm_1024_aliked_global_fullres_eval/ablation_eval/results_splat.csv
D6,dataset6,1024,aliked,global,sfm_dataset6_sfm_1024_aliked_global_fullres_eval,patch,p024,COMPLETE,complete,400,1000000,,0.509409465960094,20.753965586796266,0.6893724054098129,python_full_resolution_undistorted,full_resolution_undistorted,3389,2541,1401.113,1000000,7996,6435,completed_requested_iterations,,2026-07-22T21:47:20.294547+00:00,s3://3dreefs-ben-eu-north1/experiments/ablations/stage1_fullres_eval/runs/sfm_dataset6_sfm_1024_aliked_global_fullres_eval/ablation_eval/results_splat.csv
D6,dataset6,1024,aliked,global,sfm_dataset6_sfm_1024_aliked_global_fullres_eval,patch,p029,FAIL,complete,400,1000000,,,,,,full_resolution_undistorted,3389,2541,1503.496,,7623,8319,lfs_exit_1,,2026-07-22T22:12:25.958197+00:00,s3://3dreefs-ben-eu-north1/experiments/ablations/stage1_fullres_eval/runs/sfm_dataset6_sfm_1024_aliked_global_fullres_eval/ablation_eval/results_splat.csv
D6,dataset6,1024,aliked,global,sfm_dataset6_sfm_1024_aliked_global_fullres_eval,patch,p035,COMPLETE,complete,400,1000000,,0.5347032338380814,20.628793780836823,0.6311074495315552,python_full_resolution_undistorted,full_resolution_undistorted,3389,2541,1333.753,1000000,7657,6179,completed_requested_iterations,,2026-07-22T22:39:39.652474+00:00,s3://3dreefs-ben-eu-north1/experiments/ablations/stage1_fullres_eval/runs/sfm_dataset6_sfm_1024_aliked_global_fullres_eval/ablation_eval/results_splat.csv
D6,dataset6,1024,aliked,global,sfm_dataset6_sfm_1024_aliked_global_fullres_eval,patch,p041,FAIL,complete,400,1000000,,,,,,full_resolution_undistorted,3389,2541,882.536,,6903,9951,lfs_exit_1,,2026-07-22T22:54:22.899505+00:00,s3://3dreefs-ben-eu-north1/experiments/ablations/stage1_fullres_eval/runs/sfm_dataset6_sfm_1024_aliked_global_fullres_eval/ablation_eval/results_splat.csv
D6,dataset6,1024,aliked,global,sfm_dataset6_sfm_1024_aliked_global_fullres_eval,patch,p047,COMPLETE,complete,400,1000000,,0.6055779621518892,23.368606965336106,0.688051203201557,python_full_resolution_undistorted,full_resolution_undistorted,3399,2544,1583.417,1000000,7951,6347,completed_requested_iterations,,2026-07-22T23:27:49.702685+00:00,s3://3dreefs-ben-eu-north1/experiments/ablations/stage1_fullres_eval/runs/sfm_dataset6_sfm_1024_aliked_global_fullres_eval/ablation_eval/results_splat.csv
D6,dataset6,1024,aliked,global,sfm_dataset6_sfm_1024_aliked_global_fullres_eval,patch,p053,COMPLETE,complete,400,1000000,,0.7566016316413879,27.257958660444746,0.32145169377326965,python_full_resolution_undistorted,full_resolution_undistorted,3389,2541,1077.87,1000000,5644,5551,completed_requested_iterations,,2026-07-22T23:46:01.516456+00:00,s3://3dreefs-ben-eu-north1/experiments/ablations/stage1_fullres_eval/runs/sfm_dataset6_sfm_1024_aliked_global_fullres_eval/ablation_eval/results_splat.csv
D6,dataset6,1024,sift,global,sfm_dataset6_sfm_1024_sift_global_fullres_eval,patch,p000,COMPLETE,complete,400,1000000,,0.5700089292866843,24.52218285434936,0.5854199928896767,python_full_resolution_undistorted,full_resolution_undistorted,3406,2553,1458.266,1000000,10458,3559,completed_requested_iterations,,2026-07-23T00:21:54.920356+00:00,s3://3dreefs-ben-eu-north1/experiments/ablations/stage1_fullres_eval/runs/sfm_dataset6_sfm_1024_sift_global_fullres_eval/ablation_eval/results_splat.csv
D6,dataset6,1024,sift,global,sfm_dataset6_sfm_1024_sift_global_fullres_eval,patch,p006,COMPLETE,complete,400,1000000,,0.5877817060266223,21.035260073449898,0.6524491501705987,python_full_resolution_undistorted,full_resolution_undistorted,3406,2553,1568.597,1000000,8880,6303,completed_requested_iterations,,2026-07-23T00:51:02.160903+00:00,s3://3dreefs-ben-eu-north1/experiments/ablations/stage1_fullres_eval/runs/sfm_dataset6_sfm_1024_sift_global_fullres_eval/ablation_eval/results_splat.csv
D6,dataset6,1024,sift,global,sfm_dataset6_sfm_1024_sift_global_fullres_eval,patch,p012,COMPLETE,complete,400,1000000,,0.6196916308254004,24.991596442363843,0.5250188251957297,python_full_resolution_undistorted,full_resolution_undistorted,3406,2553,1426.265,1000000,9971,6265,completed_requested_iterations,,2026-07-23T01:21:53.134583+00:00,s3://3dreefs-ben-eu-north1/experiments/ablations/stage1_fullres_eval/runs/sfm_dataset6_sfm_1024_sift_global_fullres_eval/ablation_eval/results_splat.csv
D6,dataset6,1024,sift,global,sfm_dataset6_sfm_1024_sift_global_fullres_eval,patch,p017,COMPLETE,complete,400,1000000,,0.6191764011194831,24.626686857859536,0.6464238143280933,python_full_resolution_undistorted,full_resolution_undistorted,3406,2553,1815.558,1000000,10210,6611,completed_requested_iterations,,2026-07-23T02:00:09.143099+00:00,s3://3dreefs-ben-eu-north1/experiments/ablations/stage1_fullres_eval/runs/sfm_dataset6_sfm_1024_sift_global_fullres_eval/ablation_eval/results_splat.csv
D6,dataset6,1024,sift,global,sfm_dataset6_sfm_1024_sift_global_fullres_eval,patch,p023,COMPLETE,complete,400,1000000,,0.6232833415269852,24.36989128189667,0.5057100829753008,python_full_resolution_undistorted,full_resolution_undistorted,3406,2553,1393.143,1000000,9552,6223,completed_requested_iterations,,2026-07-23T02:28:19.023426+00:00,s3://3dreefs-ben-eu-north1/experiments/ablations/stage1_fullres_eval/runs/sfm_dataset6_sfm_1024_sift_global_fullres_eval/ablation_eval/results_splat.csv
D6,dataset6,1024,sift,global,sfm_dataset6_sfm_1024_sift_global_fullres_eval,patch,p029,COMPLETE,complete,400,1000000,,0.6381492435932159,24.30711019613951,0.4963742583990097,python_full_resolution_undistorted,full_resolution_undistorted,3406,2553,1288.124,1000000,9344,6215,completed_requested_iterations,,2026-07-23T02:54:18.930234+00:00,s3://3dreefs-ben-eu-north1/experiments/ablations/stage1_fullres_eval/runs/sfm_dataset6_sfm_1024_sift_global_fullres_eval/ablation_eval/results_splat.csv
D6,dataset6,1024,sift,global,sfm_dataset6_sfm_1024_sift_global_fullres_eval,patch,p035,COMPLETE,complete,400,1000000,,0.58932227366849,24.73644192653627,0.6295778171012276,python_full_resolution_undistorted,full_resolution_undistorted,3406,2553,1862.961,1000000,9300,6627,completed_requested_iterations,,2026-07-23T03:29:18.356124+00:00,s3://3dreefs-ben-eu-north1/experiments/ablations/stage1_fullres_eval/runs/sfm_dataset6_sfm_1024_sift_global_fullres_eval/ablation_eval/results_splat.csv
D6,dataset6,1024,sift,global,sfm_dataset6_sfm_1024_sift_global_fullres_eval,patch,p040,COMPLETE,complete,400,1000000,,0.6153378716923974,25.795591786486252,0.5971366302533583,python_full_resolution_undistorted,full_resolution_undistorted,3405,2551,1844.515,1000000,9365,7147,completed_requested_iterations,,2026-07-23T04:04:31.759712+00:00,s3://3dreefs-ben-eu-north1/experiments/ablations/stage1_fullres_eval/runs/sfm_dataset6_sfm_1024_sift_global_fullres_eval/ablation_eval/results_splat.csv
D6,dataset6,1024,sift,global,sfm_dataset6_sfm_1024_sift_global_fullres_eval,patch,p046,COMPLETE,complete,400,1000000,,0.7228840952334197,28.39809156830182,0.4875099425730498,python_full_resolution_undistorted,full_resolution_undistorted,3406,2553,1496.477,1000000,9357,6167,completed_requested_iterations,,2026-07-23T04:34:17.395176+00:00,s3://3dreefs-ben-eu-north1/experiments/ablations/stage1_fullres_eval/runs/sfm_dataset6_sfm_1024_sift_global_fullres_eval/ablation_eval/results_splat.csv
D6,dataset6,1024,sift,global,sfm_dataset6_sfm_1024_sift_global_fullres_eval,patch,p052,COMPLETE,complete,400,1000000,,0.674394166469574,26.740895223993807,0.523406449953715,python_full_resolution_undistorted,full_resolution_undistorted,3405,2551,1919.277,1000000,9001,8751,completed_requested_iterations,,2026-07-23T05:09:17.465420+00:00,s3://3dreefs-ben-eu-north1/experiments/ablations/stage1_fullres_eval/runs/sfm_dataset6_sfm_1024_sift_global_fullres_eval/ablation_eval/results_splat.csv
D6,dataset6,2048,aliked,global,sfm_dataset6_sfm_2048_aliked_global_fullres_eval,patch,p000,COMPLETE,complete,400,1000000,,0.6445304155349731,26.065730984090255,0.3030479848384857,python_full_resolution_undistorted,full_resolution_undistorted,3390,2543,1385.772,1000000,6999,2921,completed_requested_iterations,,2026-07-22T22:33:15.664863+00:00,s3://3dreefs-ben-eu-north1/experiments/ablations/stage1_fullres_eval/runs/sfm_dataset6_sfm_2048_aliked_global_fullres_eval/ablation_eval/results_splat.csv
D6,dataset6,2048,aliked,global,sfm_dataset6_sfm_2048_aliked_global_fullres_eval,patch,p006,COMPLETE,complete,400,1000000,,0.7031934062639872,26.490765614072984,0.4904557565848033,python_full_resolution_undistorted,full_resolution_undistorted,3390,2543,1758.09,1000000,8574,13129,completed_requested_iterations,,2026-07-22T23:03:42.591624+00:00,s3://3dreefs-ben-eu-north1/experiments/ablations/stage1_fullres_eval/runs/sfm_dataset6_sfm_2048_aliked_global_fullres_eval/ablation_eval/results_splat.csv
D6,dataset6,2048,aliked,global,sfm_dataset6_sfm_2048_aliked_global_fullres_eval,patch,p012,COMPLETE,complete,400,1000000,,0.49434122890233995,20.677563951120312,0.690787547826767,python_full_resolution_undistorted,full_resolution_undistorted,3398,2546,1614.116,1000000,8923,6795,completed_requested_iterations,,2026-07-22T23:34:37.039458+00:00,s3://3dreefs-ben-eu-north1/experiments/ablations/stage1_fullres_eval/runs/sfm_dataset6_sfm_2048_aliked_global_fullres_eval/ablation_eval/results_splat.csv
D6,dataset6,2048,aliked,global,sfm_dataset6_sfm_2048_aliked_global_fullres_eval,patch,p018,COMPLETE,complete,400,1000000,,0.49064308736059403,20.343873811933694,0.7009986594871238,python_full_resolution_undistorted,full_resolution_undistorted,3390,2543,1500.284,1000000,9448,6521,completed_requested_iterations,,2026-07-23T00:05:11.730490+00:00,s3://3dreefs-ben-eu-north1/experiments/ablations/stage1_fullres_eval/runs/sfm_dataset6_sfm_2048_aliked_global_fullres_eval/ablation_eval/results_splat.csv
D6,dataset6,2048,aliked,global,sfm_dataset6_sfm_2048_aliked_global_fullres_eval,patch,p024,COMPLETE,complete,400,1000000,,0.484507005661726,22.024746132799894,0.813407888635993,python_full_resolution_undistorted,full_resolution_undistorted,3390,2543,1909.072,1000000,10079,7915,completed_requested_iterations,,2026-07-23T00:43:05.694687+00:00,s3://3dreefs-ben-eu-north1/experiments/ablations/stage1_fullres_eval/runs/sfm_dataset6_sfm_2048_aliked_global_fullres_eval/ablation_eval/results_splat.csv
D6,dataset6,2048,aliked,global,sfm_dataset6_sfm_2048_aliked_global_fullres_eval,patch,p029,FAIL,complete,400,1000000,,,,,,full_resolution_undistorted,3390,2543,822.526,,9562,18097,lfs_exit_1,,2026-07-23T00:56:57.275879+00:00,s3://3dreefs-ben-eu-north1/experiments/ablations/stage1_fullres_eval/runs/sfm_dataset6_sfm_2048_aliked_global_fullres_eval/ablation_eval/results_splat.csv
D6,dataset6,2048,aliked,global,sfm_dataset6_sfm_2048_aliked_global_fullres_eval,patch,p035,COMPLETE,complete,400,1000000,,0.5425303438678384,21.699921799508473,0.7276112632825971,python_full_resolution_undistorted,full_resolution_undistorted,3398,2546,1564.081,1000000,9691,6517,completed_requested_iterations,,2026-07-23T01:29:29.828050+00:00,s3://3dreefs-ben-eu-north1/experiments/ablations/stage1_fullres_eval/runs/sfm_dataset6_sfm_2048_aliked_global_fullres_eval/ablation_eval/results_splat.csv
D6,dataset6,2048,aliked,global,sfm_dataset6_sfm_2048_aliked_global_fullres_eval,patch,p041,COMPLETE,complete,400,1000000,,0.5432850186313901,23.989050175989473,0.6742293132202966,python_full_resolution_undistorted,full_resolution_undistorted,3390,2543,1482.548,1000000,9419,6427,completed_requested_iterations,,2026-07-23T01:59:47.389930+00:00,s3://3dreefs-ben-eu-north1/experiments/ablations/stage1_fullres_eval/runs/sfm_dataset6_sfm_2048_aliked_global_fullres_eval/ablation_eval/results_splat.csv
D6,dataset6,2048,aliked,global,sfm_dataset6_sfm_2048_aliked_global_fullres_eval,patch,p047,COMPLETE,complete,400,1000000,,0.6925856383407817,27.38823634904161,0.6717628187992993,python_full_resolution_undistorted,full_resolution_undistorted,3390,2543,1901.577,1000000,9470,10835,completed_requested_iterations,,2026-07-23T02:37:45.313945+00:00,s3://3dreefs-ben-eu-north1/experiments/ablations/stage1_fullres_eval/runs/sfm_dataset6_sfm_2048_aliked_global_fullres_eval/ablation_eval/results_splat.csv
D6,dataset6,2048,aliked,global,sfm_dataset6_sfm_2048_aliked_global_fullres_eval,patch,p053,COMPLETE,complete,400,1000000,,0.5766568816069401,24.046345337469596,0.665374427130728,python_full_resolution_undistorted,full_resolution_undistorted,3398,2546,1370.002,1000000,9684,6441,completed_requested_iterations,,2026-07-23T03:07:17.261026+00:00,s3://3dreefs-ben-eu-north1/experiments/ablations/stage1_fullres_eval/runs/sfm_dataset6_sfm_2048_aliked_global_fullres_eval/ablation_eval/results_splat.csv
D6,dataset6,full,aliked,global,sfm_dataset6_sfm_full_aliked_global_fullres_eval,patch,p000,COMPLETE,complete,400,1000000,,0.5604579389095307,22.253860265033993,0.804801008105278,python_full_resolution_undistorted,full_resolution_undistorted,3391,2546,1982.402,1000000,9970,20703,completed_requested_iterations,,2026-07-22T23:43:05.362287+00:00,s3://3dreefs-ben-eu-north1/experiments/ablations/stage1_fullres_eval/runs/sfm_dataset6_sfm_full_aliked_global_fullres_eval/ablation_eval/results_splat.csv
D6,dataset6,full,aliked,global,sfm_dataset6_sfm_full_aliked_global_fullres_eval,patch,p005,COMPLETE,complete,400,1000000,,0.5038389555045537,22.145931959270808,0.7596011894089835,python_full_resolution_undistorted,full_resolution_undistorted,3391,2546,1861.995,1000000,9785,6527,completed_requested_iterations,,2026-07-23T00:21:10.606130+00:00,s3://3dreefs-ben-eu-north1/experiments/ablations/stage1_fullres_eval/runs/sfm_dataset6_sfm_full_aliked_global_fullres_eval/ablation_eval/results_splat.csv
D6,dataset6,full,aliked,global,sfm_dataset6_sfm_full_aliked_global_fullres_eval,patch,p011,COMPLETE,complete,400,1000000,,0.5578274810925509,22.322796706732703,0.6703846913117629,python_full_resolution_undistorted,full_resolution_undistorted,3400,2550,1506.792,1000000,10028,6423,completed_requested_iterations,,2026-07-23T00:54:39.905704+00:00,s3://3dreefs-ben-eu-north1/experiments/ablations/stage1_fullres_eval/runs/sfm_dataset6_sfm_full_aliked_global_fullres_eval/ablation_eval/results_splat.csv
D6,dataset6,full,aliked,global,sfm_dataset6_sfm_full_aliked_global_fullres_eval,patch,p016,COMPLETE,complete,400,1000000,,0.5225908232701791,22.881041942152457,0.7981699318499178,python_full_resolution_undistorted,full_resolution_undistorted,3391,2546,1787.158,1000000,9837,7335,completed_requested_iterations,,2026-07-23T01:32:00.724800+00:00,s3://3dreefs-ben-eu-north1/experiments/ablations/stage1_fullres_eval/runs/sfm_dataset6_sfm_full_aliked_global_fullres_eval/ablation_eval/results_splat.csv
D6,dataset6,full,aliked,global,sfm_dataset6_sfm_full_aliked_global_fullres_eval,patch,p021,COMPLETE,complete,400,1000000,,0.5810614079236984,24.909894733376888,0.728582689636632,python_full_resolution_undistorted,full_resolution_undistorted,3391,2546,2126.061,1000000,9860,9071,completed_requested_iterations,,2026-07-23T02:15:01.920811+00:00,s3://3dreefs-ben-eu-north1/experiments/ablations/stage1_fullres_eval/runs/sfm_dataset6_sfm_full_aliked_global_fullres_eval/ablation_eval/results_splat.csv
D6,dataset6,full,aliked,global,sfm_dataset6_sfm_full_aliked_global_fullres_eval,patch,p027,COMPLETE,complete,400,1000000,,0.505185424378424,20.079818861365382,0.7360678297100645,python_full_resolution_undistorted,full_resolution_undistorted,3391,2546,1683.753,1000000,10232,6451,completed_requested_iterations,,2026-07-23T02:50:08.452661+00:00,s3://3dreefs-ben-eu-north1/experiments/ablations/stage1_fullres_eval/runs/sfm_dataset6_sfm_full_aliked_global_fullres_eval/ablation_eval/results_splat.csv
D6,dataset6,full,aliked,global,sfm_dataset6_sfm_full_aliked_global_fullres_eval,patch,p032,COMPLETE,complete,400,1000000,,0.5438818868362543,23.8825764795478,0.6818866792953375,python_full_resolution_undistorted,full_resolution_undistorted,3400,2550,1496.962,1000000,9789,6373,completed_requested_iterations,,2026-07-23T03:22:03.343002+00:00,s3://3dreefs-ben-eu-north1/experiments/ablations/stage1_fullres_eval/runs/sfm_dataset6_sfm_full_aliked_global_fullres_eval/ablation_eval/results_splat.csv
D6,dataset6,full,aliked,global,sfm_dataset6_sfm_full_aliked_global_fullres_eval,patch,p037,COMPLETE,complete,400,1000000,,0.518879116512835,19.588472068285828,0.6797984791919589,python_full_resolution_undistorted,full_resolution_undistorted,3391,2546,1419.164,1000000,9723,6227,completed_requested_iterations,,2026-07-23T03:52:36.095528+00:00,s3://3dreefs-ben-eu-north1/experiments/ablations/stage1_fullres_eval/runs/sfm_dataset6_sfm_full_aliked_global_fullres_eval/ablation_eval/results_splat.csv
D6,dataset6,full,aliked,global,sfm_dataset6_sfm_full_aliked_global_fullres_eval,patch,p043,COMPLETE,complete,400,1000000,,0.5197811578550646,20.470093651329094,0.6575215016641924,python_full_resolution_undistorted,full_resolution_undistorted,3391,2546,1382.589,1000000,9913,6347,completed_requested_iterations,,2026-07-23T04:22:24.890753+00:00,s3://3dreefs-ben-eu-north1/experiments/ablations/stage1_fullres_eval/runs/sfm_dataset6_sfm_full_aliked_global_fullres_eval/ablation_eval/results_splat.csv
D6,dataset6,full,aliked,global,sfm_dataset6_sfm_full_aliked_global_fullres_eval,patch,p048,COMPLETE,complete,400,1000000,,0.6433507481525684,25.19868193881082,0.5999684847634414,python_full_resolution_undistorted,full_resolution_undistorted,3391,2546,1465.846,1000000,9382,6275,completed_requested_iterations,,2026-07-23T04:53:09.383695+00:00,s3://3dreefs-ben-eu-north1/experiments/ablations/stage1_fullres_eval/runs/sfm_dataset6_sfm_full_aliked_global_fullres_eval/ablation_eval/results_splat.csv
D6,dataset6,full,sift,global,sfm_dataset6_sfm_full_sift_global_fullres_eval,patch,p000,COMPLETE,complete,400,1000000,,0.6223645535382357,26.093514594366546,0.5782276337796991,python_full_resolution_undistorted,full_resolution_undistorted,3410,2555,1399.424,1000000,9860,3297,completed_requested_iterations,,2026-07-23T03:05:51.259291+00:00,s3://3dreefs-ben-eu-north1/experiments/ablations/stage1_fullres_eval/runs/sfm_dataset6_sfm_full_sift_global_fullres_eval/ablation_eval/results_splat.csv
D6,dataset6,full,sift,global,sfm_dataset6_sfm_full_sift_global_fullres_eval,patch,p007,COMPLETE,complete,400,1000000,,0.5778848495748308,23.914129011490882,0.6736070877975888,python_full_resolution_undistorted,full_resolution_undistorted,3410,2555,1889.203,1000000,9213,7285,completed_requested_iterations,,2026-07-23T03:40:53.813811+00:00,s3://3dreefs-ben-eu-north1/experiments/ablations/stage1_fullres_eval/runs/sfm_dataset6_sfm_full_sift_global_fullres_eval/ablation_eval/results_splat.csv
D6,dataset6,full,sift,global,sfm_dataset6_sfm_full_sift_global_fullres_eval,patch,p015,COMPLETE,complete,400,1000000,,0.5945168286561966,19.351608676858042,0.46247901022434235,python_full_resolution_undistorted,full_resolution_undistorted,3413,2557,1112.961,1000000,8659,5825,completed_requested_iterations,,2026-07-23T04:00:18.648444+00:00,s3://3dreefs-ben-eu-north1/experiments/ablations/stage1_fullres_eval/runs/sfm_dataset6_sfm_full_sift_global_fullres_eval/ablation_eval/results_splat.csv
D6,dataset6,full,sift,global,sfm_dataset6_sfm_full_sift_global_fullres_eval,patch,p023,COMPLETE,complete,400,1000000,,0.59223240117232,23.07113424060711,0.4998339166243871,python_full_resolution_undistorted,full_resolution_undistorted,3413,2557,1092.193,1000000,5861,3045,completed_requested_iterations,,2026-07-23T11:36:47.045370+00:00,s3://3dreefs-ben-eu-north1/experiments/ablations/stage1_fullres_eval/runs/sfm_dataset6_sfm_full_sift_global_fullres_eval/ablation_eval/results_splat.csv
D6,dataset6,full,sift,global,sfm_dataset6_sfm_full_sift_global_fullres_eval,patch,p030,COMPLETE,complete,400,1000000,,0.596774486558778,24.188808515828015,0.4889579096010753,python_full_resolution_undistorted,full_resolution_undistorted,3413,2557,1220.402,1000000,6866,6123,completed_requested_iterations,,2026-07-23T12:00:34.228320+00:00,s3://3dreefs-ben-eu-north1/experiments/ablations/stage1_fullres_eval/runs/sfm_dataset6_sfm_full_sift_global_fullres_eval/ablation_eval/results_splat.csv
D6,dataset6,full,sift,global,sfm_dataset6_sfm_full_sift_global_fullres_eval,patch,p037,COMPLETE,complete,400,1000000,,0.5958781946789135,22.677628901549696,0.4789018441330303,python_full_resolution_undistorted,full_resolution_undistorted,3413,2557,1124.61,1000000,6516,6169,completed_requested_iterations,,2026-07-23T12:22:05.017632+00:00,s3://3dreefs-ben-eu-north1/experiments/ablations/stage1_fullres_eval/runs/sfm_dataset6_sfm_full_sift_global_fullres_eval/ablation_eval/results_splat.csv
D6,dataset6,full,sift,global,sfm_dataset6_sfm_full_sift_global_fullres_eval,patch,p045,COMPLETE,complete,400,1000000,,0.591740702589353,24.904441581264734,0.5397181312243143,python_full_resolution_undistorted,full_resolution_undistorted,3413,2557,1304.544,1000000,6313,6047,completed_requested_iterations,,2026-07-23T12:45:14.240682+00:00,s3://3dreefs-ben-eu-north1/experiments/ablations/stage1_fullres_eval/runs/sfm_dataset6_sfm_full_sift_global_fullres_eval/ablation_eval/results_splat.csv
D6,dataset6,full,sift,global,sfm_dataset6_sfm_full_sift_global_fullres_eval,patch,p060,COMPLETE,complete,400,1000000,,0.41502150893211365,20.89842791299646,0.45911636352539065,python_full_resolution_undistorted,full_resolution_undistorted,3413,2557,1290.01,1000000,6256,6005,completed_requested_iterations,,2026-07-23T13:16:17.067865+00:00,s3://3dreefs-ben-eu-north1/experiments/ablations/stage1_fullres_eval/runs/sfm_dataset6_sfm_full_sift_global_fullres_eval/ablation_eval/results_splat.csv
D6,dataset6,full,sift,global,sfm_dataset6_sfm_full_sift_global_fullres_eval,patch,p001,COMPLETE,complete,400,1000000,,0.6191372871398926,24.973507478993668,0.5074224372704824,python_full_resolution_undistorted,full_resolution_undistorted,3413,2557,1359.962,1000000,6045,3323,completed_requested_iterations,,2026-07-23T13:45:14.463329+00:00,s3://3dreefs-ben-eu-north1/experiments/ablations/stage1_fullres_eval/runs/sfm_dataset6_sfm_full_sift_global_fullres_eval/ablation_eval/results_splat.csv
D6,dataset6,full,sift,global,sfm_dataset6_sfm_full_sift_global_fullres_eval,patch,p054,COMPLETE,complete,400,1000000,,0.5757957100868225,23.020713531431085,0.3175852298736572,python_full_resolution_undistorted,full_resolution_undistorted,3410,2555,1141.819,1000000,5757,5555,completed_requested_iterations,,2026-07-23T14:04:31.192669+00:00,s3://3dreefs-ben-eu-north1/experiments/ablations/stage1_fullres_eval/runs/sfm_dataset6_sfm_full_sift_global_fullres_eval/ablation_eval/results_splat.csv
D6,dataset6,1024,aliked,incremental,sfm_dataset6_sfm_1024_aliked_incremental_fullres_eval,run,,FAIL,failed,,,,,,,,,,,,,14632,7003,sfm_timeout_exceeded_24h,sfm_timeout_exceeded_24h,2026-07-23T11:14:39.224571+00:00,s3://3dreefs-ben-eu-north1/experiments/ablations/stage1_fullres_eval/runs/sfm_dataset6_sfm_1024_aliked_incremental_fullres_eval/ablation_eval/results_sfm.csv
D6,dataset6,1024,sift,incremental,sfm_dataset6_sfm_1024_sift_incremental_fullres_eval,run,,FAIL,failed,,,,,,,,,,,,,24734,1811,sfm_timeout_exceeded_24h,sfm_timeout_exceeded_24h,2026-07-23T11:14:49.865940+00:00,s3://3dreefs-ben-eu-north1/experiments/ablations/stage1_fullres_eval/runs/sfm_dataset6_sfm_1024_sift_incremental_fullres_eval/ablation_eval/results_sfm.csv
D6,dataset6,2048,aliked,incremental,sfm_dataset6_sfm_2048_aliked_incremental_fullres_eval,run,,FAIL,failed,,,,,,,,,,,,,23542,22409,sfm_timeout_exceeded_24h,sfm_timeout_exceeded_24h,2026-07-23T11:15:12.690301+00:00,s3://3dreefs-ben-eu-north1/experiments/ablations/stage1_fullres_eval/runs/sfm_dataset6_sfm_2048_aliked_incremental_fullres_eval/ablation_eval/results_sfm.csv
D6,dataset6,2048,sift,incremental,sfm_dataset6_sfm_2048_sift_incremental_fullres_eval,run,,FAIL,failed,,,,,,,,,,,,,25866,1761,sfm_timeout_exceeded_24h,sfm_timeout_exceeded_24h,2026-07-23T11:14:48.671453+00:00,s3://3dreefs-ben-eu-north1/experiments/ablations/stage1_fullres_eval/runs/sfm_dataset6_sfm_2048_sift_incremental_fullres_eval/ablation_eval/results_sfm.csv
D6,dataset6,full,aliked,incremental,sfm_dataset6_sfm_full_aliked_incremental_fullres_eval,run,,FAIL,failed,,,,,,,,,,,,,23555,12139,sfm_timeout_exceeded_24h,sfm_timeout_exceeded_24h,2026-07-23T11:14:49.280563+00:00,s3://3dreefs-ben-eu-north1/experiments/ablations/stage1_fullres_eval/runs/sfm_dataset6_sfm_full_aliked_incremental_fullres_eval/ablation_eval/results_sfm.csv
D6,dataset6,full,sift,incremental,sfm_dataset6_sfm_full_sift_incremental_fullres_eval,run,,FAIL,failed,,,,,,,,,,,,,32535,1805,sfm_timeout_exceeded_24h,sfm_timeout_exceeded_24h,2026-07-23T11:14:32.589931+00:00,s3://3dreefs-ben-eu-north1/experiments/ablations/stage1_fullres_eval/runs/sfm_dataset6_sfm_full_sift_incremental_fullres_eval/ablation_eval/results_sfm.csv
