dataset_id,dataset,feature_resolution,feature_type,mapper,training_resolution,run_id,outer_run_id,row_type,patch_id,status,sfm_status,patch_size,gaussian_limit,max_width,ssim,psnr,lpips,metric_source,eval_target_source,eval_image_width,eval_image_height,training_runtime_seconds,actual_splat_count,peak_ram_mib,peak_vram_mib,failure_reason,sfm_warning,updated_at,source_uri
D1,dataset1,1024,sift,global,1024,splat_dataset1_sfm_1024_sift_global_res1024_patch200_1m,splat_dataset1_sfm_1024_sift_global_res1024_patch200_stage2,patch,p000,COMPLETE,complete,200,1000000,,0.6884340584278107,22.54635462135991,0.45421840250492096,python_full_resolution_undistorted,full_resolution_undistorted,5347,4691,394.936,1000000,7358,9843,completed_requested_iterations,,2026-07-12T06:30:09.576365+00:00,s3://3dreefs-ben-eu-north1/experiments/ablations/stage2_resolution_fullres_eval/runs/splat_dataset1_sfm_1024_sift_global_res1024_patch200_stage2/ablation_eval/results_splat.csv
D1,dataset1,1024,sift,global,1024,splat_dataset1_sfm_1024_sift_global_res1024_patch200_1m,splat_dataset1_sfm_1024_sift_global_res1024_patch200_stage2,patch,p008,COMPLETE,complete,200,1000000,,0.70246712035603,22.23362721073666,0.42481568455696106,python_full_resolution_undistorted,full_resolution_undistorted,5347,4691,414.096,1000000,7976,13907,completed_requested_iterations,,2026-07-12T06:40:38.896543+00:00,s3://3dreefs-ben-eu-north1/experiments/ablations/stage2_resolution_fullres_eval/runs/splat_dataset1_sfm_1024_sift_global_res1024_patch200_stage2/ablation_eval/results_splat.csv
D1,dataset1,1024,sift,global,1024,splat_dataset1_sfm_1024_sift_global_res1024_patch200_1m,splat_dataset1_sfm_1024_sift_global_res1024_patch200_stage2,patch,p017,COMPLETE,complete,200,1000000,,0.7050364927241677,22.337680013329372,0.4554707690289146,python_full_resolution_undistorted,full_resolution_undistorted,5347,4691,414.013,1000000,8076,13969,completed_requested_iterations,,2026-07-12T06:51:18.653668+00:00,s3://3dreefs-ben-eu-north1/experiments/ablations/stage2_resolution_fullres_eval/runs/splat_dataset1_sfm_1024_sift_global_res1024_patch200_stage2/ablation_eval/results_splat.csv
D1,dataset1,1024,sift,global,1024,splat_dataset1_sfm_1024_sift_global_res1024_patch200_1m,splat_dataset1_sfm_1024_sift_global_res1024_patch200_stage2,patch,p025,COMPLETE,complete,200,1000000,,0.6773667699760861,21.369392302939254,0.43644608391655815,python_full_resolution_undistorted,full_resolution_undistorted,5347,4691,411.532,1000000,8000,14195,completed_requested_iterations,,2026-07-12T07:01:53.862117+00:00,s3://3dreefs-ben-eu-north1/experiments/ablations/stage2_resolution_fullres_eval/runs/splat_dataset1_sfm_1024_sift_global_res1024_patch200_stage2/ablation_eval/results_splat.csv
D1,dataset1,1024,sift,global,1024,splat_dataset1_sfm_1024_sift_global_res1024_patch200_1m,splat_dataset1_sfm_1024_sift_global_res1024_patch200_stage2,patch,p034,COMPLETE,complete,200,1000000,,0.6554506255520715,21.041102648841182,0.44188080893622506,python_full_resolution_undistorted,full_resolution_undistorted,5347,4691,401.507,1000000,7967,13927,completed_requested_iterations,,2026-07-12T07:12:10.990826+00:00,s3://3dreefs-ben-eu-north1/experiments/ablations/stage2_resolution_fullres_eval/runs/splat_dataset1_sfm_1024_sift_global_res1024_patch200_stage2/ablation_eval/results_splat.csv
D1,dataset1,1024,sift,global,1024,splat_dataset1_sfm_1024_sift_global_res1024_patch200_1m,splat_dataset1_sfm_1024_sift_global_res1024_patch200_stage2,patch,p042,COMPLETE,complete,200,1000000,,0.6195738474527995,20.472886225906695,0.4361815055211385,python_full_resolution_undistorted,full_resolution_undistorted,5347,4691,386.217,1000000,8044,13919,completed_requested_iterations,,2026-07-12T07:21:34.936103+00:00,s3://3dreefs-ben-eu-north1/experiments/ablations/stage2_resolution_fullres_eval/runs/splat_dataset1_sfm_1024_sift_global_res1024_patch200_stage2/ablation_eval/results_splat.csv
D1,dataset1,1024,sift,global,1024,splat_dataset1_sfm_1024_sift_global_res1024_patch200_1m,splat_dataset1_sfm_1024_sift_global_res1024_patch200_stage2,patch,p051,COMPLETE,complete,200,1000000,,0.6699137687683105,21.917345855324932,0.4731821551918983,python_full_resolution_undistorted,full_resolution_undistorted,5347,4691,399.222,1000000,8069,13971,completed_requested_iterations,,2026-07-12T07:32:07.816315+00:00,s3://3dreefs-ben-eu-north1/experiments/ablations/stage2_resolution_fullres_eval/runs/splat_dataset1_sfm_1024_sift_global_res1024_patch200_stage2/ablation_eval/results_splat.csv
D1,dataset1,1024,sift,global,1024,splat_dataset1_sfm_1024_sift_global_res1024_patch200_1m,splat_dataset1_sfm_1024_sift_global_res1024_patch200_stage2,patch,p059,COMPLETE,complete,200,1000000,,0.6393800139427185,20.832851744954286,0.4765999972820282,python_full_resolution_undistorted,full_resolution_undistorted,5347,4691,396.742,1000000,8106,13909,completed_requested_iterations,,2026-07-12T07:42:43.569068+00:00,s3://3dreefs-ben-eu-north1/experiments/ablations/stage2_resolution_fullres_eval/runs/splat_dataset1_sfm_1024_sift_global_res1024_patch200_stage2/ablation_eval/results_splat.csv
D1,dataset1,1024,sift,global,1024,splat_dataset1_sfm_1024_sift_global_res1024_patch200_1m,splat_dataset1_sfm_1024_sift_global_res1024_patch200_stage2,patch,p068,COMPLETE,complete,200,1000000,,0.6194350272417068,20.488831318279633,0.49717996567487716,python_full_resolution_undistorted,full_resolution_undistorted,5363,4712,394.32,1000000,8087,13973,completed_requested_iterations,,2026-07-12T07:53:25.896538+00:00,s3://3dreefs-ben-eu-north1/experiments/ablations/stage2_resolution_fullres_eval/runs/splat_dataset1_sfm_1024_sift_global_res1024_patch200_stage2/ablation_eval/results_splat.csv
D1,dataset1,1024,sift,global,1024,splat_dataset1_sfm_1024_sift_global_res1024_patch200_1m,splat_dataset1_sfm_1024_sift_global_res1024_patch200_stage2,patch,p076,COMPLETE,complete,200,1000000,,0.6529663337601556,20.83208334076262,0.4661962174706989,python_full_resolution_undistorted,full_resolution_undistorted,5363,4712,399.002,1000000,8026,13895,completed_requested_iterations,,2026-07-12T08:03:40.689856+00:00,s3://3dreefs-ben-eu-north1/experiments/ablations/stage2_resolution_fullres_eval/runs/splat_dataset1_sfm_1024_sift_global_res1024_patch200_stage2/ablation_eval/results_splat.csv
D1,dataset1,1024,sift,global,1024,splat_dataset1_sfm_1024_sift_global_res1024_patch200_2m,splat_dataset1_sfm_1024_sift_global_res1024_patch200_stage2,patch,p000,COMPLETE,complete,200,2000000,,0.6759392783045769,22.087797789858914,0.4086744859814644,python_full_resolution_undistorted,full_resolution_undistorted,5347,4691,528.824,2000000,8260,9843,completed_requested_iterations,,2026-07-12T08:41:05.349722+00:00,s3://3dreefs-ben-eu-north1/experiments/ablations/stage2_resolution_fullres_eval/runs/splat_dataset1_sfm_1024_sift_global_res1024_patch200_stage2/ablation_eval/results_splat.csv
D1,dataset1,1024,sift,global,1024,splat_dataset1_sfm_1024_sift_global_res1024_patch200_2m,splat_dataset1_sfm_1024_sift_global_res1024_patch200_stage2,patch,p008,COMPLETE,complete,200,2000000,,0.6850036117765639,21.29994749651094,0.39002325965298545,python_full_resolution_undistorted,full_resolution_undistorted,5347,4691,567.05,2000000,7981,14449,completed_requested_iterations,,2026-07-12T08:54:10.486169+00:00,s3://3dreefs-ben-eu-north1/experiments/ablations/stage2_resolution_fullres_eval/runs/splat_dataset1_sfm_1024_sift_global_res1024_patch200_stage2/ablation_eval/results_splat.csv
D1,dataset1,1024,sift,global,1024,splat_dataset1_sfm_1024_sift_global_res1024_patch200_2m,splat_dataset1_sfm_1024_sift_global_res1024_patch200_stage2,patch,p017,COMPLETE,complete,200,2000000,,0.692289976697219,21.592940212570895,0.4143610910365456,python_full_resolution_undistorted,full_resolution_undistorted,5347,4691,546.783,2000000,8007,14477,completed_requested_iterations,,2026-07-12T09:07:07.498905+00:00,s3://3dreefs-ben-eu-north1/experiments/ablations/stage2_resolution_fullres_eval/runs/splat_dataset1_sfm_1024_sift_global_res1024_patch200_stage2/ablation_eval/results_splat.csv
D1,dataset1,1024,sift,global,1024,splat_dataset1_sfm_1024_sift_global_res1024_patch200_2m,splat_dataset1_sfm_1024_sift_global_res1024_patch200_stage2,patch,p025,COMPLETE,complete,200,2000000,,0.6629264089796278,20.66915992099121,0.40173880093627506,python_full_resolution_undistorted,full_resolution_undistorted,5347,4691,571.5,2000000,8650,14361,completed_requested_iterations,,2026-07-12T09:20:19.550082+00:00,s3://3dreefs-ben-eu-north1/experiments/ablations/stage2_resolution_fullres_eval/runs/splat_dataset1_sfm_1024_sift_global_res1024_patch200_stage2/ablation_eval/results_splat.csv
D1,dataset1,1024,sift,global,1024,splat_dataset1_sfm_1024_sift_global_res1024_patch200_2m,splat_dataset1_sfm_1024_sift_global_res1024_patch200_stage2,patch,p034,COMPLETE,complete,200,2000000,,0.6349583201938205,20.24155196632969,0.41286744011773,python_full_resolution_undistorted,full_resolution_undistorted,5347,4691,579.102,2000000,7988,14383,completed_requested_iterations,,2026-07-12T09:33:34.519050+00:00,s3://3dreefs-ben-eu-north1/experiments/ablations/stage2_resolution_fullres_eval/runs/splat_dataset1_sfm_1024_sift_global_res1024_patch200_stage2/ablation_eval/results_splat.csv
D1,dataset1,1024,sift,global,1024,splat_dataset1_sfm_1024_sift_global_res1024_patch200_2m,splat_dataset1_sfm_1024_sift_global_res1024_patch200_stage2,patch,p042,COMPLETE,complete,200,2000000,,0.5976725776990255,19.542658807710392,0.4065139691034953,python_full_resolution_undistorted,full_resolution_undistorted,5347,4691,541.152,2000000,7949,14401,completed_requested_iterations,,2026-07-12T09:45:37.528474+00:00,s3://3dreefs-ben-eu-north1/experiments/ablations/stage2_resolution_fullres_eval/runs/splat_dataset1_sfm_1024_sift_global_res1024_patch200_stage2/ablation_eval/results_splat.csv
D1,dataset1,1024,sift,global,1024,splat_dataset1_sfm_1024_sift_global_res1024_patch200_2m,splat_dataset1_sfm_1024_sift_global_res1024_patch200_stage2,patch,p051,COMPLETE,complete,200,2000000,,0.6566485613584518,21.32424638967686,0.42762918919324877,python_full_resolution_undistorted,full_resolution_undistorted,5347,4691,541.713,2000000,8928,14427,completed_requested_iterations,,2026-07-12T09:58:34.252135+00:00,s3://3dreefs-ben-eu-north1/experiments/ablations/stage2_resolution_fullres_eval/runs/splat_dataset1_sfm_1024_sift_global_res1024_patch200_stage2/ablation_eval/results_splat.csv
D1,dataset1,1024,sift,global,1024,splat_dataset1_sfm_1024_sift_global_res1024_patch200_2m,splat_dataset1_sfm_1024_sift_global_res1024_patch200_stage2,patch,p059,COMPLETE,complete,200,2000000,,0.6267950028181076,20.354636160900746,0.4359896808862686,python_full_resolution_undistorted,full_resolution_undistorted,5347,4691,547.625,2000000,8185,14457,completed_requested_iterations,,2026-07-12T10:11:44.004143+00:00,s3://3dreefs-ben-eu-north1/experiments/ablations/stage2_resolution_fullres_eval/runs/splat_dataset1_sfm_1024_sift_global_res1024_patch200_stage2/ablation_eval/results_splat.csv
D1,dataset1,1024,sift,global,1024,splat_dataset1_sfm_1024_sift_global_res1024_patch200_2m,splat_dataset1_sfm_1024_sift_global_res1024_patch200_stage2,patch,p068,COMPLETE,complete,200,2000000,,0.6062542393803596,19.908253568028794,0.4520394250750542,python_full_resolution_undistorted,full_resolution_undistorted,5363,4712,531.686,2000000,8225,14427,completed_requested_iterations,,2026-07-12T10:24:37.552289+00:00,s3://3dreefs-ben-eu-north1/experiments/ablations/stage2_resolution_fullres_eval/runs/splat_dataset1_sfm_1024_sift_global_res1024_patch200_stage2/ablation_eval/results_splat.csv
D1,dataset1,1024,sift,global,1024,splat_dataset1_sfm_1024_sift_global_res1024_patch200_2m,splat_dataset1_sfm_1024_sift_global_res1024_patch200_stage2,patch,p076,COMPLETE,complete,200,2000000,,0.6322557595041063,20.193162559807877,0.4358772718244129,python_full_resolution_undistorted,full_resolution_undistorted,5363,4712,553.791,2000000,8054,14419,completed_requested_iterations,,2026-07-12T10:37:29.100728+00:00,s3://3dreefs-ben-eu-north1/experiments/ablations/stage2_resolution_fullres_eval/runs/splat_dataset1_sfm_1024_sift_global_res1024_patch200_stage2/ablation_eval/results_splat.csv
D1,dataset1,1024,sift,global,1024,splat_dataset1_sfm_1024_sift_global_res1024_patch200_500k,splat_dataset1_sfm_1024_sift_global_res1024_patch200_stage2,patch,p000,COMPLETE,complete,200,500000,,0.6904743790626526,22.806065507450064,0.5099203571677208,python_full_resolution_undistorted,full_resolution_undistorted,5347,4691,383.139,500000,7600,9843,completed_requested_iterations,,2026-07-12T04:32:38.473445+00:00,s3://3dreefs-ben-eu-north1/experiments/ablations/stage2_resolution_fullres_eval/runs/splat_dataset1_sfm_1024_sift_global_res1024_patch200_stage2/ablation_eval/results_splat.csv
D1,dataset1,1024,sift,global,1024,splat_dataset1_sfm_1024_sift_global_res1024_patch200_500k,splat_dataset1_sfm_1024_sift_global_res1024_patch200_stage2,patch,p008,COMPLETE,complete,200,500000,,0.7053208781613244,22.705760825361544,0.4792579644256168,python_full_resolution_undistorted,full_resolution_undistorted,5347,4691,334.344,500000,8146,13629,completed_requested_iterations,,2026-07-12T04:41:43.766408+00:00,s3://3dreefs-ben-eu-north1/experiments/ablations/stage2_resolution_fullres_eval/runs/splat_dataset1_sfm_1024_sift_global_res1024_patch200_stage2/ablation_eval/results_splat.csv
D1,dataset1,1024,sift,global,1024,splat_dataset1_sfm_1024_sift_global_res1024_patch200_500k,splat_dataset1_sfm_1024_sift_global_res1024_patch200_stage2,patch,p017,COMPLETE,complete,200,500000,,0.7006993168278745,22.60486126471437,0.513510840503793,python_full_resolution_undistorted,full_resolution_undistorted,5347,4691,328.845,500000,8258,13655,completed_requested_iterations,,2026-07-12T04:50:53.216413+00:00,s3://3dreefs-ben-eu-north1/experiments/ablations/stage2_resolution_fullres_eval/runs/splat_dataset1_sfm_1024_sift_global_res1024_patch200_stage2/ablation_eval/results_splat.csv
D1,dataset1,1024,sift,global,1024,splat_dataset1_sfm_1024_sift_global_res1024_patch200_500k,splat_dataset1_sfm_1024_sift_global_res1024_patch200_stage2,patch,p025,COMPLETE,complete,200,500000,,0.6754841473367479,21.65184558739161,0.4918825411134296,python_full_resolution_undistorted,full_resolution_undistorted,5347,4691,332.223,500000,8080,13629,completed_requested_iterations,,2026-07-12T05:00:02.237392+00:00,s3://3dreefs-ben-eu-north1/experiments/ablations/stage2_resolution_fullres_eval/runs/splat_dataset1_sfm_1024_sift_global_res1024_patch200_stage2/ablation_eval/results_splat.csv
D1,dataset1,1024,sift,global,1024,splat_dataset1_sfm_1024_sift_global_res1024_patch200_500k,splat_dataset1_sfm_1024_sift_global_res1024_patch200_stage2,patch,p034,COMPLETE,complete,200,500000,,0.6589806212319268,21.51846132019874,0.4937758031818602,python_full_resolution_undistorted,full_resolution_undistorted,5347,4691,329.409,500000,7989,13617,completed_requested_iterations,,2026-07-12T05:09:07.425827+00:00,s3://3dreefs-ben-eu-north1/experiments/ablations/stage2_resolution_fullres_eval/runs/splat_dataset1_sfm_1024_sift_global_res1024_patch200_stage2/ablation_eval/results_splat.csv
D1,dataset1,1024,sift,global,1024,splat_dataset1_sfm_1024_sift_global_res1024_patch200_500k,splat_dataset1_sfm_1024_sift_global_res1024_patch200_stage2,patch,p042,COMPLETE,complete,200,500000,,0.6272316733996074,20.98275854974024,0.48610020279884336,python_full_resolution_undistorted,full_resolution_undistorted,5347,4691,314.909,500000,7884,13581,completed_requested_iterations,,2026-07-12T05:17:22.378130+00:00,s3://3dreefs-ben-eu-north1/experiments/ablations/stage2_resolution_fullres_eval/runs/splat_dataset1_sfm_1024_sift_global_res1024_patch200_stage2/ablation_eval/results_splat.csv
D1,dataset1,1024,sift,global,1024,splat_dataset1_sfm_1024_sift_global_res1024_patch200_500k,splat_dataset1_sfm_1024_sift_global_res1024_patch200_stage2,patch,p051,COMPLETE,complete,200,500000,,0.6683905512094498,22.28979524417235,0.5344674587249756,python_full_resolution_undistorted,full_resolution_undistorted,5347,4691,327.829,500000,8111,13627,completed_requested_iterations,,2026-07-12T05:26:46.716129+00:00,s3://3dreefs-ben-eu-north1/experiments/ablations/stage2_resolution_fullres_eval/runs/splat_dataset1_sfm_1024_sift_global_res1024_patch200_stage2/ablation_eval/results_splat.csv
D1,dataset1,1024,sift,global,1024,splat_dataset1_sfm_1024_sift_global_res1024_patch200_500k,splat_dataset1_sfm_1024_sift_global_res1024_patch200_stage2,patch,p059,COMPLETE,complete,200,500000,,0.6378369182348251,21.055070458754862,0.5319688856601715,python_full_resolution_undistorted,full_resolution_undistorted,5347,4691,333.625,500000,8091,13695,completed_requested_iterations,,2026-07-12T05:36:20.825236+00:00,s3://3dreefs-ben-eu-north1/experiments/ablations/stage2_resolution_fullres_eval/runs/splat_dataset1_sfm_1024_sift_global_res1024_patch200_stage2/ablation_eval/results_splat.csv
D1,dataset1,1024,sift,global,1024,splat_dataset1_sfm_1024_sift_global_res1024_patch200_500k,splat_dataset1_sfm_1024_sift_global_res1024_patch200_stage2,patch,p068,COMPLETE,complete,200,500000,,0.619202846288681,20.612662080437403,0.5565182477235794,python_full_resolution_undistorted,full_resolution_undistorted,5363,4712,316.925,500000,8102,13695,completed_requested_iterations,,2026-07-12T05:45:36.761861+00:00,s3://3dreefs-ben-eu-north1/experiments/ablations/stage2_resolution_fullres_eval/runs/splat_dataset1_sfm_1024_sift_global_res1024_patch200_stage2/ablation_eval/results_splat.csv
D1,dataset1,1024,sift,global,1024,splat_dataset1_sfm_1024_sift_global_res1024_patch200_500k,splat_dataset1_sfm_1024_sift_global_res1024_patch200_stage2,patch,p076,COMPLETE,complete,200,500000,,0.6596321165561676,21.202600477099438,0.5137847744756274,python_full_resolution_undistorted,full_resolution_undistorted,5363,4712,321.753,500000,7984,13617,completed_requested_iterations,,2026-07-12T05:54:36.377613+00:00,s3://3dreefs-ben-eu-north1/experiments/ablations/stage2_resolution_fullres_eval/runs/splat_dataset1_sfm_1024_sift_global_res1024_patch200_stage2/ablation_eval/results_splat.csv
D1,dataset1,1024,sift,global,1024,splat_dataset1_sfm_1024_sift_global_res1024_patch400_1m,splat_dataset1_sfm_1024_sift_global_res1024_patch400_stage2,patch,p000,COMPLETE,complete,400,1000000,,0.7070690497756005,23.188421932429634,0.5119627378880978,python_full_resolution_undistorted,full_resolution_undistorted,5347,4691,454.632,1000000,8178,7281,completed_requested_iterations,,2026-07-12T07:40:02.367045+00:00,s3://3dreefs-ben-eu-north1/experiments/ablations/stage2_resolution_fullres_eval/runs/splat_dataset1_sfm_1024_sift_global_res1024_patch400_stage2/ablation_eval/results_splat.csv
D1,dataset1,1024,sift,global,1024,splat_dataset1_sfm_1024_sift_global_res1024_patch400_1m,splat_dataset1_sfm_1024_sift_global_res1024_patch400_stage2,patch,p003,COMPLETE,complete,400,1000000,,0.6686009535422692,21.550392697152034,0.49998522645387894,python_full_resolution_undistorted,full_resolution_undistorted,5347,4691,455.857,1000000,8845,11511,completed_requested_iterations,,2026-07-12T07:54:30.848685+00:00,s3://3dreefs-ben-eu-north1/experiments/ablations/stage2_resolution_fullres_eval/runs/splat_dataset1_sfm_1024_sift_global_res1024_patch400_stage2/ablation_eval/results_splat.csv
D1,dataset1,1024,sift,global,1024,splat_dataset1_sfm_1024_sift_global_res1024_patch400_1m,splat_dataset1_sfm_1024_sift_global_res1024_patch400_stage2,patch,p007,COMPLETE,complete,400,1000000,,0.7102459950579537,22.80984475033092,0.4685670882463455,python_full_resolution_undistorted,full_resolution_undistorted,5363,4712,454.939,1000000,8714,11525,completed_requested_iterations,,2026-07-12T08:08:48.334532+00:00,s3://3dreefs-ben-eu-north1/experiments/ablations/stage2_resolution_fullres_eval/runs/splat_dataset1_sfm_1024_sift_global_res1024_patch400_stage2/ablation_eval/results_splat.csv
D1,dataset1,1024,sift,global,1024,splat_dataset1_sfm_1024_sift_global_res1024_patch400_1m,splat_dataset1_sfm_1024_sift_global_res1024_patch400_stage2,patch,p010,COMPLETE,complete,400,1000000,,0.6800934076309204,21.80670480334077,0.5022002823650837,python_full_resolution_undistorted,full_resolution_undistorted,5363,4712,447.067,1000000,8932,11551,completed_requested_iterations,,2026-07-12T08:23:38.309495+00:00,s3://3dreefs-ben-eu-north1/experiments/ablations/stage2_resolution_fullres_eval/runs/splat_dataset1_sfm_1024_sift_global_res1024_patch400_stage2/ablation_eval/results_splat.csv
D1,dataset1,1024,sift,global,1024,splat_dataset1_sfm_1024_sift_global_res1024_patch400_1m,splat_dataset1_sfm_1024_sift_global_res1024_patch400_stage2,patch,p014,COMPLETE,complete,400,1000000,,0.6410510257670754,20.775527106671166,0.5184495284369117,python_full_resolution_undistorted,full_resolution_undistorted,5347,4691,444.797,1000000,8815,11573,completed_requested_iterations,,2026-07-12T08:38:09.834122+00:00,s3://3dreefs-ben-eu-north1/experiments/ablations/stage2_resolution_fullres_eval/runs/splat_dataset1_sfm_1024_sift_global_res1024_patch400_stage2/ablation_eval/results_splat.csv
D1,dataset1,1024,sift,global,1024,splat_dataset1_sfm_1024_sift_global_res1024_patch400_1m,splat_dataset1_sfm_1024_sift_global_res1024_patch400_stage2,patch,p017,COMPLETE,complete,400,1000000,,0.6628614813089371,21.829948554500028,0.48639716804027555,python_full_resolution_undistorted,full_resolution_undistorted,5363,4712,444.922,1000000,8912,11521,completed_requested_iterations,,2026-07-12T08:52:51.922758+00:00,s3://3dreefs-ben-eu-north1/experiments/ablations/stage2_resolution_fullres_eval/runs/splat_dataset1_sfm_1024_sift_global_res1024_patch400_stage2/ablation_eval/results_splat.csv
D1,dataset1,1024,sift,global,1024,splat_dataset1_sfm_1024_sift_global_res1024_patch400_1m,splat_dataset1_sfm_1024_sift_global_res1024_patch400_stage2,patch,p021,COMPLETE,complete,400,1000000,,0.6378558481994429,20.727971229689658,0.5127792970130318,python_full_resolution_undistorted,full_resolution_undistorted,5347,4691,444.384,1000000,8905,11445,completed_requested_iterations,,2026-07-12T09:07:27.145234+00:00,s3://3dreefs-ben-eu-north1/experiments/ablations/stage2_resolution_fullres_eval/runs/splat_dataset1_sfm_1024_sift_global_res1024_patch400_stage2/ablation_eval/results_splat.csv
D1,dataset1,1024,sift,global,1024,splat_dataset1_sfm_1024_sift_global_res1024_patch400_1m,splat_dataset1_sfm_1024_sift_global_res1024_patch400_stage2,patch,p024,COMPLETE,complete,400,1000000,,0.6706676557660103,21.850012905344933,0.5032303802669048,python_full_resolution_undistorted,full_resolution_undistorted,5347,4691,457.039,1000000,9025,11489,completed_requested_iterations,,2026-07-12T09:22:26.250851+00:00,s3://3dreefs-ben-eu-north1/experiments/ablations/stage2_resolution_fullres_eval/runs/splat_dataset1_sfm_1024_sift_global_res1024_patch400_stage2/ablation_eval/results_splat.csv
D1,dataset1,1024,sift,global,1024,splat_dataset1_sfm_1024_sift_global_res1024_patch400_1m,splat_dataset1_sfm_1024_sift_global_res1024_patch400_stage2,patch,p028,COMPLETE,complete,400,1000000,,0.6438281118869782,21.17186999001181,0.541109025478363,python_full_resolution_undistorted,full_resolution_undistorted,5347,4691,463.144,1000000,9318,11453,completed_requested_iterations,,2026-07-12T09:37:22.946895+00:00,s3://3dreefs-ben-eu-north1/experiments/ablations/stage2_resolution_fullres_eval/runs/splat_dataset1_sfm_1024_sift_global_res1024_patch400_stage2/ablation_eval/results_splat.csv
D1,dataset1,1024,sift,global,1024,splat_dataset1_sfm_1024_sift_global_res1024_patch400_1m,splat_dataset1_sfm_1024_sift_global_res1024_patch400_stage2,patch,p031,COMPLETE,complete,400,1000000,,0.662647925890409,21.037832401366927,0.5084858819460257,python_full_resolution_undistorted,full_resolution_undistorted,5347,4691,464.844,1000000,8966,11605,completed_requested_iterations,,2026-07-12T09:52:16.403906+00:00,s3://3dreefs-ben-eu-north1/experiments/ablations/stage2_resolution_fullres_eval/runs/splat_dataset1_sfm_1024_sift_global_res1024_patch400_stage2/ablation_eval/results_splat.csv
D1,dataset1,1024,sift,global,1024,splat_dataset1_sfm_1024_sift_global_res1024_patch400_2m,splat_dataset1_sfm_1024_sift_global_res1024_patch400_stage2,patch,p000,COMPLETE,complete,400,2000000,,0.7056257545948028,22.698606241535046,0.462433909624815,python_full_resolution_undistorted,full_resolution_undistorted,5347,4691,579.652,2000000,8140,7281,completed_requested_iterations,,2026-07-12T10:30:51.278744+00:00,s3://3dreefs-ben-eu-north1/experiments/ablations/stage2_resolution_fullres_eval/runs/splat_dataset1_sfm_1024_sift_global_res1024_patch400_stage2/ablation_eval/results_splat.csv
D1,dataset1,1024,sift,global,1024,splat_dataset1_sfm_1024_sift_global_res1024_patch400_2m,splat_dataset1_sfm_1024_sift_global_res1024_patch400_stage2,patch,p003,COMPLETE,complete,400,2000000,,0.6617998855236249,20.896314211719936,0.4562968527659392,python_full_resolution_undistorted,full_resolution_undistorted,5347,4691,584.771,2000000,8794,11927,completed_requested_iterations,,2026-07-12T10:47:51.623526+00:00,s3://3dreefs-ben-eu-north1/experiments/ablations/stage2_resolution_fullres_eval/runs/splat_dataset1_sfm_1024_sift_global_res1024_patch400_stage2/ablation_eval/results_splat.csv
D1,dataset1,1024,sift,global,1024,splat_dataset1_sfm_1024_sift_global_res1024_patch400_2m,splat_dataset1_sfm_1024_sift_global_res1024_patch400_stage2,patch,p007,COMPLETE,complete,400,2000000,,0.7045127517647214,22.280171787177114,0.4222786807351642,python_full_resolution_undistorted,full_resolution_undistorted,5363,4712,584.268,2000000,8721,12013,completed_requested_iterations,,2026-07-12T11:04:17.611524+00:00,s3://3dreefs-ben-eu-north1/experiments/ablations/stage2_resolution_fullres_eval/runs/splat_dataset1_sfm_1024_sift_global_res1024_patch400_stage2/ablation_eval/results_splat.csv
D1,dataset1,1024,sift,global,1024,splat_dataset1_sfm_1024_sift_global_res1024_patch400_2m,splat_dataset1_sfm_1024_sift_global_res1024_patch400_stage2,patch,p010,COMPLETE,complete,400,2000000,,0.6810318857431412,21.31754022239469,0.4554679788649082,python_full_resolution_undistorted,full_resolution_undistorted,5363,4712,585.408,2000000,8880,12043,completed_requested_iterations,,2026-07-12T11:21:26.611051+00:00,s3://3dreefs-ben-eu-north1/experiments/ablations/stage2_resolution_fullres_eval/runs/splat_dataset1_sfm_1024_sift_global_res1024_patch400_stage2/ablation_eval/results_splat.csv
D1,dataset1,1024,sift,global,1024,splat_dataset1_sfm_1024_sift_global_res1024_patch400_2m,splat_dataset1_sfm_1024_sift_global_res1024_patch400_stage2,patch,p014,COMPLETE,complete,400,2000000,,0.6397419007200944,20.375920067369076,0.4749671259993001,python_full_resolution_undistorted,full_resolution_undistorted,5347,4691,571.093,2000000,8895,11963,completed_requested_iterations,,2026-07-12T11:38:00.353274+00:00,s3://3dreefs-ben-eu-north1/experiments/ablations/stage2_resolution_fullres_eval/runs/splat_dataset1_sfm_1024_sift_global_res1024_patch400_stage2/ablation_eval/results_splat.csv
D1,dataset1,1024,sift,global,1024,splat_dataset1_sfm_1024_sift_global_res1024_patch400_2m,splat_dataset1_sfm_1024_sift_global_res1024_patch400_stage2,patch,p017,COMPLETE,complete,400,2000000,,0.6616480752825737,21.26091627086274,0.4426053151488304,python_full_resolution_undistorted,full_resolution_undistorted,5363,4712,588.226,2000000,9832,12009,completed_requested_iterations,,2026-07-12T11:55:24.822477+00:00,s3://3dreefs-ben-eu-north1/experiments/ablations/stage2_resolution_fullres_eval/runs/splat_dataset1_sfm_1024_sift_global_res1024_patch400_stage2/ablation_eval/results_splat.csv
D1,dataset1,1024,sift,global,1024,splat_dataset1_sfm_1024_sift_global_res1024_patch400_2m,splat_dataset1_sfm_1024_sift_global_res1024_patch400_stage2,patch,p021,COMPLETE,complete,400,2000000,,0.6354598512775019,20.320889148903145,0.47147644193548904,python_full_resolution_undistorted,full_resolution_undistorted,5347,4691,579.468,2000000,8948,12021,completed_requested_iterations,,2026-07-12T12:12:27.664960+00:00,s3://3dreefs-ben-eu-north1/experiments/ablations/stage2_resolution_fullres_eval/runs/splat_dataset1_sfm_1024_sift_global_res1024_patch400_stage2/ablation_eval/results_splat.csv
D1,dataset1,1024,sift,global,1024,splat_dataset1_sfm_1024_sift_global_res1024_patch400_2m,splat_dataset1_sfm_1024_sift_global_res1024_patch400_stage2,patch,p024,COMPLETE,complete,400,2000000,,0.668746617436409,21.317366004364516,0.45502048209309576,python_full_resolution_undistorted,full_resolution_undistorted,5347,4691,602.771,2000000,9835,12005,completed_requested_iterations,,2026-07-12T12:29:45.620230+00:00,s3://3dreefs-ben-eu-north1/experiments/ablations/stage2_resolution_fullres_eval/runs/splat_dataset1_sfm_1024_sift_global_res1024_patch400_stage2/ablation_eval/results_splat.csv
D1,dataset1,1024,sift,global,1024,splat_dataset1_sfm_1024_sift_global_res1024_patch400_2m,splat_dataset1_sfm_1024_sift_global_res1024_patch400_stage2,patch,p028,COMPLETE,complete,400,2000000,,0.6433561027050019,20.829878535552442,0.4885112002491951,python_full_resolution_undistorted,full_resolution_undistorted,5347,4691,582.352,2000000,9019,11943,completed_requested_iterations,,2026-07-12T12:46:50.864375+00:00,s3://3dreefs-ben-eu-north1/experiments/ablations/stage2_resolution_fullres_eval/runs/splat_dataset1_sfm_1024_sift_global_res1024_patch400_stage2/ablation_eval/results_splat.csv
D1,dataset1,1024,sift,global,1024,splat_dataset1_sfm_1024_sift_global_res1024_patch400_2m,splat_dataset1_sfm_1024_sift_global_res1024_patch400_stage2,patch,p031,COMPLETE,complete,400,2000000,,0.65891277942902,20.665213360198763,0.4669285324903635,python_full_resolution_undistorted,full_resolution_undistorted,5347,4691,589.881,2000000,8928,12027,completed_requested_iterations,,2026-07-12T13:03:42.450506+00:00,s3://3dreefs-ben-eu-north1/experiments/ablations/stage2_resolution_fullres_eval/runs/splat_dataset1_sfm_1024_sift_global_res1024_patch400_stage2/ablation_eval/results_splat.csv
D1,dataset1,1024,sift,global,1024,splat_dataset1_sfm_1024_sift_global_res1024_patch400_500k,splat_dataset1_sfm_1024_sift_global_res1024_patch400_stage2,patch,p000,COMPLETE,complete,400,500000,,0.6941445946693421,22.935760926028742,0.5707938641309738,python_full_resolution_undistorted,full_resolution_undistorted,5347,4691,465.547,500000,8375,7281,completed_requested_iterations,,2026-07-12T05:00:22.497851+00:00,s3://3dreefs-ben-eu-north1/experiments/ablations/stage2_resolution_fullres_eval/runs/splat_dataset1_sfm_1024_sift_global_res1024_patch400_stage2/ablation_eval/results_splat.csv
D1,dataset1,1024,sift,global,1024,splat_dataset1_sfm_1024_sift_global_res1024_patch400_500k,splat_dataset1_sfm_1024_sift_global_res1024_patch400_stage2,patch,p003,COMPLETE,complete,400,500000,,0.6618763116689829,21.6025072851524,0.5585564222091284,python_full_resolution_undistorted,full_resolution_undistorted,5347,4691,395.303,500000,8793,11231,completed_requested_iterations,,2026-07-12T05:14:39.266200+00:00,s3://3dreefs-ben-eu-north1/experiments/ablations/stage2_resolution_fullres_eval/runs/splat_dataset1_sfm_1024_sift_global_res1024_patch400_stage2/ablation_eval/results_splat.csv
D1,dataset1,1024,sift,global,1024,splat_dataset1_sfm_1024_sift_global_res1024_patch400_500k,splat_dataset1_sfm_1024_sift_global_res1024_patch400_stage2,patch,p007,COMPLETE,complete,400,500000,,0.6985616220368279,22.79906653669584,0.5326288234856393,python_full_resolution_undistorted,full_resolution_undistorted,5363,4712,398.433,500000,8739,11185,completed_requested_iterations,,2026-07-12T05:28:02.912157+00:00,s3://3dreefs-ben-eu-north1/experiments/ablations/stage2_resolution_fullres_eval/runs/splat_dataset1_sfm_1024_sift_global_res1024_patch400_stage2/ablation_eval/results_splat.csv
D1,dataset1,1024,sift,global,1024,splat_dataset1_sfm_1024_sift_global_res1024_patch400_500k,splat_dataset1_sfm_1024_sift_global_res1024_patch400_stage2,patch,p010,COMPLETE,complete,400,500000,,0.6629354894161225,21.645227403118064,0.5654978699982166,python_full_resolution_undistorted,full_resolution_undistorted,5363,4712,385.285,500000,8894,11179,completed_requested_iterations,,2026-07-12T05:41:46.749414+00:00,s3://3dreefs-ben-eu-north1/experiments/ablations/stage2_resolution_fullres_eval/runs/splat_dataset1_sfm_1024_sift_global_res1024_patch400_stage2/ablation_eval/results_splat.csv
D1,dataset1,1024,sift,global,1024,splat_dataset1_sfm_1024_sift_global_res1024_patch400_500k,splat_dataset1_sfm_1024_sift_global_res1024_patch400_stage2,patch,p014,COMPLETE,complete,400,500000,,0.624053462555534,20.652127172092918,0.5843535316617865,python_full_resolution_undistorted,full_resolution_undistorted,5347,4691,374.086,500000,8793,11229,completed_requested_iterations,,2026-07-12T05:55:08.384871+00:00,s3://3dreefs-ben-eu-north1/experiments/ablations/stage2_resolution_fullres_eval/runs/splat_dataset1_sfm_1024_sift_global_res1024_patch400_stage2/ablation_eval/results_splat.csv
D1,dataset1,1024,sift,global,1024,splat_dataset1_sfm_1024_sift_global_res1024_patch400_500k,splat_dataset1_sfm_1024_sift_global_res1024_patch400_stage2,patch,p017,COMPLETE,complete,400,500000,,0.6468209311366081,21.713653823824888,0.5535012952983379,python_full_resolution_undistorted,full_resolution_undistorted,5363,4712,394.015,500000,8897,11273,completed_requested_iterations,,2026-07-12T06:09:09.740696+00:00,s3://3dreefs-ben-eu-north1/experiments/ablations/stage2_resolution_fullres_eval/runs/splat_dataset1_sfm_1024_sift_global_res1024_patch400_stage2/ablation_eval/results_splat.csv
D1,dataset1,1024,sift,global,1024,splat_dataset1_sfm_1024_sift_global_res1024_patch400_500k,splat_dataset1_sfm_1024_sift_global_res1024_patch400_stage2,patch,p021,COMPLETE,complete,400,500000,,0.6245856363522378,20.661752326989212,0.5725013386262091,python_full_resolution_undistorted,full_resolution_undistorted,5347,4691,384.825,500000,8847,11199,completed_requested_iterations,,2026-07-12T06:22:37.524185+00:00,s3://3dreefs-ben-eu-north1/experiments/ablations/stage2_resolution_fullres_eval/runs/splat_dataset1_sfm_1024_sift_global_res1024_patch400_stage2/ablation_eval/results_splat.csv
D1,dataset1,1024,sift,global,1024,splat_dataset1_sfm_1024_sift_global_res1024_patch400_500k,splat_dataset1_sfm_1024_sift_global_res1024_patch400_stage2,patch,p024,COMPLETE,complete,400,500000,,0.6591280102729797,21.844739704517416,0.5612093925476074,python_full_resolution_undistorted,full_resolution_undistorted,5347,4691,391.025,500000,8993,11755,completed_requested_iterations,,2026-07-12T06:36:28.180451+00:00,s3://3dreefs-ben-eu-north1/experiments/ablations/stage2_resolution_fullres_eval/runs/splat_dataset1_sfm_1024_sift_global_res1024_patch400_stage2/ablation_eval/results_splat.csv
D1,dataset1,1024,sift,global,1024,splat_dataset1_sfm_1024_sift_global_res1024_patch400_500k,splat_dataset1_sfm_1024_sift_global_res1024_patch400_stage2,patch,p028,COMPLETE,complete,400,500000,,0.6309094861149788,21.048028370455754,0.6015315160155297,python_full_resolution_undistorted,full_resolution_undistorted,5347,4691,383.498,500000,9027,11275,completed_requested_iterations,,2026-07-12T06:49:59.595068+00:00,s3://3dreefs-ben-eu-north1/experiments/ablations/stage2_resolution_fullres_eval/runs/splat_dataset1_sfm_1024_sift_global_res1024_patch400_stage2/ablation_eval/results_splat.csv
D1,dataset1,1024,sift,global,1024,splat_dataset1_sfm_1024_sift_global_res1024_patch400_500k,splat_dataset1_sfm_1024_sift_global_res1024_patch400_stage2,patch,p031,COMPLETE,complete,400,500000,,0.6545774829693329,21.102278936743566,0.5595907553648337,python_full_resolution_undistorted,full_resolution_undistorted,5347,4691,392.072,500000,9005,11171,completed_requested_iterations,,2026-07-12T07:03:33.419383+00:00,s3://3dreefs-ben-eu-north1/experiments/ablations/stage2_resolution_fullres_eval/runs/splat_dataset1_sfm_1024_sift_global_res1024_patch400_stage2/ablation_eval/results_splat.csv
D1,dataset1,1024,sift,global,1024,splat_dataset1_sfm_1024_sift_global_res1024_patch800_1m,splat_dataset1_sfm_1024_sift_global_res1024_patch800_stage2,patch,p000,COMPLETE,complete,800,1000000,,0.6686834082007408,21.725087433461677,0.5707078903913498,python_full_resolution_undistorted,full_resolution_undistorted,5347,4691,661.011,1000000,9710,9843,completed_requested_iterations,,2026-07-12T10:05:52.455579+00:00,s3://3dreefs-ben-eu-north1/experiments/ablations/stage2_resolution_fullres_eval/runs/splat_dataset1_sfm_1024_sift_global_res1024_patch800_stage2/ablation_eval/results_splat.csv
D1,dataset1,1024,sift,global,1024,splat_dataset1_sfm_1024_sift_global_res1024_patch800_1m,splat_dataset1_sfm_1024_sift_global_res1024_patch800_stage2,patch,p002,COMPLETE,complete,800,1000000,,0.685600470006466,22.385242612666715,0.5750454664230347,python_full_resolution_undistorted,full_resolution_undistorted,5347,4691,642.38,1000000,10388,14397,completed_requested_iterations,,2026-07-12T10:31:27.227312+00:00,s3://3dreefs-ben-eu-north1/experiments/ablations/stage2_resolution_fullres_eval/runs/splat_dataset1_sfm_1024_sift_global_res1024_patch800_stage2/ablation_eval/results_splat.csv
D1,dataset1,1024,sift,global,1024,splat_dataset1_sfm_1024_sift_global_res1024_patch800_1m,splat_dataset1_sfm_1024_sift_global_res1024_patch800_stage2,patch,p003,COMPLETE,complete,800,1000000,,0.6935280568897724,22.39718988330099,0.5563393529504538,python_full_resolution_undistorted,full_resolution_undistorted,5347,4691,642.364,1000000,10477,14359,completed_requested_iterations,,2026-07-12T10:57:17.131114+00:00,s3://3dreefs-ben-eu-north1/experiments/ablations/stage2_resolution_fullres_eval/runs/splat_dataset1_sfm_1024_sift_global_res1024_patch800_stage2/ablation_eval/results_splat.csv
D1,dataset1,1024,sift,global,1024,splat_dataset1_sfm_1024_sift_global_res1024_patch800_1m,splat_dataset1_sfm_1024_sift_global_res1024_patch800_stage2,patch,p005,COMPLETE,complete,800,1000000,,0.6732405409216881,22.27933688563581,0.568873193114996,python_full_resolution_undistorted,full_resolution_undistorted,5347,4691,638.717,1000000,10487,14557,completed_requested_iterations,,2026-07-12T11:23:08.816552+00:00,s3://3dreefs-ben-eu-north1/experiments/ablations/stage2_resolution_fullres_eval/runs/splat_dataset1_sfm_1024_sift_global_res1024_patch800_stage2/ablation_eval/results_splat.csv
D1,dataset1,1024,sift,global,1024,splat_dataset1_sfm_1024_sift_global_res1024_patch800_1m,splat_dataset1_sfm_1024_sift_global_res1024_patch800_stage2,patch,p006,COMPLETE,complete,800,1000000,,0.6534602672625811,21.428258768819294,0.5460880574507591,python_full_resolution_undistorted,full_resolution_undistorted,5363,4712,637.076,1000000,10654,14317,completed_requested_iterations,,2026-07-12T11:48:42.665553+00:00,s3://3dreefs-ben-eu-north1/experiments/ablations/stage2_resolution_fullres_eval/runs/splat_dataset1_sfm_1024_sift_global_res1024_patch800_stage2/ablation_eval/results_splat.csv
D1,dataset1,1024,sift,global,1024,splat_dataset1_sfm_1024_sift_global_res1024_patch800_1m,splat_dataset1_sfm_1024_sift_global_res1024_patch800_stage2,patch,p008,COMPLETE,complete,800,1000000,,0.6392826646953434,21.142439849864328,0.5454360668535356,python_full_resolution_undistorted,full_resolution_undistorted,5363,4712,627.646,1000000,10466,14351,completed_requested_iterations,,2026-07-12T12:14:01.343798+00:00,s3://3dreefs-ben-eu-north1/experiments/ablations/stage2_resolution_fullres_eval/runs/splat_dataset1_sfm_1024_sift_global_res1024_patch800_stage2/ablation_eval/results_splat.csv
D1,dataset1,1024,sift,global,1024,splat_dataset1_sfm_1024_sift_global_res1024_patch800_1m,splat_dataset1_sfm_1024_sift_global_res1024_patch800_stage2,patch,p009,COMPLETE,complete,800,1000000,,0.6442832173644633,21.340202621928096,0.5387657021266826,python_full_resolution_undistorted,full_resolution_undistorted,5347,4691,589.426,1000000,10204,14335,completed_requested_iterations,,2026-07-12T12:36:55.732215+00:00,s3://3dreefs-ben-eu-north1/experiments/ablations/stage2_resolution_fullres_eval/runs/splat_dataset1_sfm_1024_sift_global_res1024_patch800_stage2/ablation_eval/results_splat.csv
D1,dataset1,1024,sift,global,1024,splat_dataset1_sfm_1024_sift_global_res1024_patch800_1m,splat_dataset1_sfm_1024_sift_global_res1024_patch800_stage2,patch,p011,COMPLETE,complete,800,1000000,,0.6537033666538287,21.18872680902395,0.550429173285448,python_full_resolution_undistorted,full_resolution_undistorted,5347,4691,632.067,1000000,10716,14263,completed_requested_iterations,,2026-07-12T13:02:12.679569+00:00,s3://3dreefs-ben-eu-north1/experiments/ablations/stage2_resolution_fullres_eval/runs/splat_dataset1_sfm_1024_sift_global_res1024_patch800_stage2/ablation_eval/results_splat.csv
D1,dataset1,1024,sift,global,1024,splat_dataset1_sfm_1024_sift_global_res1024_patch800_1m,splat_dataset1_sfm_1024_sift_global_res1024_patch800_stage2,patch,p012,COMPLETE,complete,800,1000000,,0.6794904404216342,21.663016479598475,0.5250021757351028,python_full_resolution_undistorted,full_resolution_undistorted,5347,4691,610.206,1000000,10225,14283,completed_requested_iterations,,2026-07-12T13:26:35.613177+00:00,s3://3dreefs-ben-eu-north1/experiments/ablations/stage2_resolution_fullres_eval/runs/splat_dataset1_sfm_1024_sift_global_res1024_patch800_stage2/ablation_eval/results_splat.csv
D1,dataset1,1024,sift,global,1024,splat_dataset1_sfm_1024_sift_global_res1024_patch800_1m,splat_dataset1_sfm_1024_sift_global_res1024_patch800_stage2,patch,p014,COMPLETE,complete,800,1000000,,0.6547082149529759,21.17186596473681,0.5637738497196874,python_full_resolution_undistorted,full_resolution_undistorted,5363,4712,655.712,1000000,10608,14323,completed_requested_iterations,,2026-07-12T13:52:45.940649+00:00,s3://3dreefs-ben-eu-north1/experiments/ablations/stage2_resolution_fullres_eval/runs/splat_dataset1_sfm_1024_sift_global_res1024_patch800_stage2/ablation_eval/results_splat.csv
D1,dataset1,1024,sift,global,1024,splat_dataset1_sfm_1024_sift_global_res1024_patch800_2m,splat_dataset1_sfm_1024_sift_global_res1024_patch800_stage2,patch,p000,COMPLETE,complete,800,2000000,,0.6748615480959416,21.548698954929158,0.5256685227155685,python_full_resolution_undistorted,full_resolution_undistorted,5347,4691,790.791,2000000,9704,7281,completed_requested_iterations,,2026-07-12T14:44:29.237182+00:00,s3://3dreefs-ben-eu-north1/experiments/ablations/stage2_resolution_fullres_eval/runs/splat_dataset1_sfm_1024_sift_global_res1024_patch800_stage2/ablation_eval/results_splat.csv
D1,dataset1,1024,sift,global,1024,splat_dataset1_sfm_1024_sift_global_res1024_patch800_2m,splat_dataset1_sfm_1024_sift_global_res1024_patch800_stage2,patch,p002,COMPLETE,complete,800,2000000,,0.6962505146861077,22.24177720873147,0.5216783042997122,python_full_resolution_undistorted,full_resolution_undistorted,5347,4691,775.169,2000000,10360,12253,completed_requested_iterations,,2026-07-12T15:12:26.426816+00:00,s3://3dreefs-ben-eu-north1/experiments/ablations/stage2_resolution_fullres_eval/runs/splat_dataset1_sfm_1024_sift_global_res1024_patch800_stage2/ablation_eval/results_splat.csv
D1,dataset1,1024,sift,global,1024,splat_dataset1_sfm_1024_sift_global_res1024_patch800_2m,splat_dataset1_sfm_1024_sift_global_res1024_patch800_stage2,patch,p003,COMPLETE,complete,800,2000000,,0.7017448723316193,22.175402525535752,0.5045128010213376,python_full_resolution_undistorted,full_resolution_undistorted,5347,4691,780.221,2000000,10461,12213,completed_requested_iterations,,2026-07-12T15:40:47.619657+00:00,s3://3dreefs-ben-eu-north1/experiments/ablations/stage2_resolution_fullres_eval/runs/splat_dataset1_sfm_1024_sift_global_res1024_patch800_stage2/ablation_eval/results_splat.csv
D1,dataset1,1024,sift,global,1024,splat_dataset1_sfm_1024_sift_global_res1024_patch800_2m,splat_dataset1_sfm_1024_sift_global_res1024_patch800_stage2,patch,p005,COMPLETE,complete,800,2000000,,0.6831059262156487,22.137879065210544,0.5154020957648754,python_full_resolution_undistorted,full_resolution_undistorted,5347,4691,776.818,2000000,10424,12249,completed_requested_iterations,,2026-07-12T16:09:09.143166+00:00,s3://3dreefs-ben-eu-north1/experiments/ablations/stage2_resolution_fullres_eval/runs/splat_dataset1_sfm_1024_sift_global_res1024_patch800_stage2/ablation_eval/results_splat.csv
D1,dataset1,1024,sift,global,1024,splat_dataset1_sfm_1024_sift_global_res1024_patch800_2m,splat_dataset1_sfm_1024_sift_global_res1024_patch800_stage2,patch,p006,COMPLETE,complete,800,2000000,,0.6629965626276456,21.26032270237223,0.49511830776165694,python_full_resolution_undistorted,full_resolution_undistorted,5363,4712,773.753,2000000,10594,12275,completed_requested_iterations,,2026-07-12T16:37:03.998441+00:00,s3://3dreefs-ben-eu-north1/experiments/ablations/stage2_resolution_fullres_eval/runs/splat_dataset1_sfm_1024_sift_global_res1024_patch800_stage2/ablation_eval/results_splat.csv
D1,dataset1,1024,sift,global,1024,splat_dataset1_sfm_1024_sift_global_res1024_patch800_2m,splat_dataset1_sfm_1024_sift_global_res1024_patch800_stage2,patch,p008,COMPLETE,complete,800,2000000,,0.646812771821951,20.886158571756237,0.4953746068013179,python_full_resolution_undistorted,full_resolution_undistorted,5363,4712,764.54,2000000,10490,12267,completed_requested_iterations,,2026-07-12T17:04:46.508535+00:00,s3://3dreefs-ben-eu-north1/experiments/ablations/stage2_resolution_fullres_eval/runs/splat_dataset1_sfm_1024_sift_global_res1024_patch800_stage2/ablation_eval/results_splat.csv
D1,dataset1,1024,sift,global,1024,splat_dataset1_sfm_1024_sift_global_res1024_patch800_2m,splat_dataset1_sfm_1024_sift_global_res1024_patch800_stage2,patch,p009,COMPLETE,complete,800,2000000,,0.6493180692195892,21.09690055830229,0.4887547238149505,python_full_resolution_undistorted,full_resolution_undistorted,5347,4691,731.281,2000000,10251,12197,completed_requested_iterations,,2026-07-12T17:30:28.145989+00:00,s3://3dreefs-ben-eu-north1/experiments/ablations/stage2_resolution_fullres_eval/runs/splat_dataset1_sfm_1024_sift_global_res1024_patch800_stage2/ablation_eval/results_splat.csv
D1,dataset1,1024,sift,global,1024,splat_dataset1_sfm_1024_sift_global_res1024_patch800_2m,splat_dataset1_sfm_1024_sift_global_res1024_patch800_stage2,patch,p011,COMPLETE,complete,800,2000000,,0.6583125055590763,20.803908058910746,0.5051278434222257,python_full_resolution_undistorted,full_resolution_undistorted,5347,4691,764.327,2000000,10575,12543,completed_requested_iterations,,2026-07-12T17:58:19.789345+00:00,s3://3dreefs-ben-eu-north1/experiments/ablations/stage2_resolution_fullres_eval/runs/splat_dataset1_sfm_1024_sift_global_res1024_patch800_stage2/ablation_eval/results_splat.csv
D1,dataset1,1024,sift,global,1024,splat_dataset1_sfm_1024_sift_global_res1024_patch800_2m,splat_dataset1_sfm_1024_sift_global_res1024_patch800_stage2,patch,p012,COMPLETE,complete,800,2000000,,0.6832492740617858,21.39883986046711,0.4791640229523182,python_full_resolution_undistorted,full_resolution_undistorted,5347,4691,735.831,2000000,10271,12107,completed_requested_iterations,,2026-07-12T18:24:17.886156+00:00,s3://3dreefs-ben-eu-north1/experiments/ablations/stage2_resolution_fullres_eval/runs/splat_dataset1_sfm_1024_sift_global_res1024_patch800_stage2/ablation_eval/results_splat.csv
D1,dataset1,1024,sift,global,1024,splat_dataset1_sfm_1024_sift_global_res1024_patch800_2m,splat_dataset1_sfm_1024_sift_global_res1024_patch800_stage2,patch,p014,COMPLETE,complete,800,2000000,,0.660362573364113,20.885469624298107,0.520155715791485,python_full_resolution_undistorted,full_resolution_undistorted,5363,4712,780.258,2000000,10600,12277,completed_requested_iterations,,2026-07-12T18:52:41.641476+00:00,s3://3dreefs-ben-eu-north1/experiments/ablations/stage2_resolution_fullres_eval/runs/splat_dataset1_sfm_1024_sift_global_res1024_patch800_stage2/ablation_eval/results_splat.csv
D1,dataset1,1024,sift,global,1024,splat_dataset1_sfm_1024_sift_global_res1024_patch800_500k,splat_dataset1_sfm_1024_sift_global_res1024_patch800_stage2,patch,p000,COMPLETE,complete,800,500000,,0.6515671662986279,21.409673108416758,0.6254899941384793,python_full_resolution_undistorted,full_resolution_undistorted,5347,4691,627.988,500000,10002,7281,completed_requested_iterations,,2026-07-12T05:43:48.679058+00:00,s3://3dreefs-ben-eu-north1/experiments/ablations/stage2_resolution_fullres_eval/runs/splat_dataset1_sfm_1024_sift_global_res1024_patch800_stage2/ablation_eval/results_splat.csv
D1,dataset1,1024,sift,global,1024,splat_dataset1_sfm_1024_sift_global_res1024_patch800_500k,splat_dataset1_sfm_1024_sift_global_res1024_patch800_stage2,patch,p002,COMPLETE,complete,800,500000,,0.663425725698471,21.901826517042206,0.6373577751219273,python_full_resolution_undistorted,full_resolution_undistorted,5347,4691,549.866,500000,10833,11451,completed_requested_iterations,,2026-07-12T06:07:34.282256+00:00,s3://3dreefs-ben-eu-north1/experiments/ablations/stage2_resolution_fullres_eval/runs/splat_dataset1_sfm_1024_sift_global_res1024_patch800_stage2/ablation_eval/results_splat.csv
D1,dataset1,1024,sift,global,1024,splat_dataset1_sfm_1024_sift_global_res1024_patch800_500k,splat_dataset1_sfm_1024_sift_global_res1024_patch800_stage2,patch,p003,COMPLETE,complete,800,500000,,0.6688587971031665,21.896703299271785,0.623357130587101,python_full_resolution_undistorted,full_resolution_undistorted,5347,4691,567.074,500000,10783,11483,completed_requested_iterations,,2026-07-12T06:32:00.259895+00:00,s3://3dreefs-ben-eu-north1/experiments/ablations/stage2_resolution_fullres_eval/runs/splat_dataset1_sfm_1024_sift_global_res1024_patch800_stage2/ablation_eval/results_splat.csv
D1,dataset1,1024,sift,global,1024,splat_dataset1_sfm_1024_sift_global_res1024_patch800_500k,splat_dataset1_sfm_1024_sift_global_res1024_patch800_stage2,patch,p005,COMPLETE,complete,800,500000,,0.6498412653803826,21.72888289801821,0.636715454608202,python_full_resolution_undistorted,full_resolution_undistorted,5347,4691,545.153,500000,10425,11483,completed_requested_iterations,,2026-07-12T06:56:00.395009+00:00,s3://3dreefs-ben-eu-north1/experiments/ablations/stage2_resolution_fullres_eval/runs/splat_dataset1_sfm_1024_sift_global_res1024_patch800_stage2/ablation_eval/results_splat.csv
D1,dataset1,1024,sift,global,1024,splat_dataset1_sfm_1024_sift_global_res1024_patch800_500k,splat_dataset1_sfm_1024_sift_global_res1024_patch800_stage2,patch,p006,COMPLETE,complete,800,500000,,0.6277324580229245,20.985298826417612,0.6148108740647634,python_full_resolution_undistorted,full_resolution_undistorted,5363,4712,550.659,500000,10580,11407,completed_requested_iterations,,2026-07-12T07:20:05.925337+00:00,s3://3dreefs-ben-eu-north1/experiments/ablations/stage2_resolution_fullres_eval/runs/splat_dataset1_sfm_1024_sift_global_res1024_patch800_stage2/ablation_eval/results_splat.csv
D1,dataset1,1024,sift,global,1024,splat_dataset1_sfm_1024_sift_global_res1024_patch800_500k,splat_dataset1_sfm_1024_sift_global_res1024_patch800_stage2,patch,p008,COMPLETE,complete,800,500000,,0.6158386693372355,20.834648689200282,0.6151231500235471,python_full_resolution_undistorted,full_resolution_undistorted,5363,4712,560.298,500000,10533,11535,completed_requested_iterations,,2026-07-12T07:43:39.652106+00:00,s3://3dreefs-ben-eu-north1/experiments/ablations/stage2_resolution_fullres_eval/runs/splat_dataset1_sfm_1024_sift_global_res1024_patch800_stage2/ablation_eval/results_splat.csv
D1,dataset1,1024,sift,global,1024,splat_dataset1_sfm_1024_sift_global_res1024_patch800_500k,splat_dataset1_sfm_1024_sift_global_res1024_patch800_stage2,patch,p009,COMPLETE,complete,800,500000,,0.6224573777205702,21.03411461838266,0.6092841996662859,python_full_resolution_undistorted,full_resolution_undistorted,5347,4691,534.509,500000,10211,11337,completed_requested_iterations,,2026-07-12T08:05:24.838884+00:00,s3://3dreefs-ben-eu-north1/experiments/ablations/stage2_resolution_fullres_eval/runs/splat_dataset1_sfm_1024_sift_global_res1024_patch800_stage2/ablation_eval/results_splat.csv
D1,dataset1,1024,sift,global,1024,splat_dataset1_sfm_1024_sift_global_res1024_patch800_500k,splat_dataset1_sfm_1024_sift_global_res1024_patch800_stage2,patch,p011,COMPLETE,complete,800,500000,,0.6328544164005714,20.85462316519967,0.6135294958005978,python_full_resolution_undistorted,full_resolution_undistorted,5347,4691,575.578,500000,10576,11513,completed_requested_iterations,,2026-07-12T08:29:56.931437+00:00,s3://3dreefs-ben-eu-north1/experiments/ablations/stage2_resolution_fullres_eval/runs/splat_dataset1_sfm_1024_sift_global_res1024_patch800_stage2/ablation_eval/results_splat.csv
D1,dataset1,1024,sift,global,1024,splat_dataset1_sfm_1024_sift_global_res1024_patch800_500k,splat_dataset1_sfm_1024_sift_global_res1024_patch800_stage2,patch,p012,COMPLETE,complete,800,500000,,0.6598353212078413,21.48115574485934,0.5899472559491793,python_full_resolution_undistorted,full_resolution_undistorted,5347,4691,526.432,500000,10466,11407,completed_requested_iterations,,2026-07-12T08:51:58.859742+00:00,s3://3dreefs-ben-eu-north1/experiments/ablations/stage2_resolution_fullres_eval/runs/splat_dataset1_sfm_1024_sift_global_res1024_patch800_stage2/ablation_eval/results_splat.csv
D1,dataset1,1024,sift,global,1024,splat_dataset1_sfm_1024_sift_global_res1024_patch800_500k,splat_dataset1_sfm_1024_sift_global_res1024_patch800_stage2,patch,p014,COMPLETE,complete,800,500000,,0.6352109003670608,20.84304735939363,0.6210578544230401,python_full_resolution_undistorted,full_resolution_undistorted,5363,4712,555.774,500000,10622,11737,completed_requested_iterations,,2026-07-12T09:16:28.749521+00:00,s3://3dreefs-ben-eu-north1/experiments/ablations/stage2_resolution_fullres_eval/runs/splat_dataset1_sfm_1024_sift_global_res1024_patch800_stage2/ablation_eval/results_splat.csv
D1,dataset1,1024,sift,global,2048,splat_dataset1_sfm_1024_sift_global_res2048_patch200_1m,splat_dataset1_sfm_1024_sift_global_res2048_patch200_stage2,patch,p000,COMPLETE,complete,200,1000000,,0.722336009144783,23.712420546705168,0.48474714159965515,python_full_resolution_undistorted,full_resolution_undistorted,5347,4691,771.051,1000000,7716,9843,completed_requested_iterations,,2026-07-12T08:32:16.957096+00:00,s3://3dreefs-ben-eu-north1/experiments/ablations/stage2_resolution_fullres_eval/runs/splat_dataset1_sfm_1024_sift_global_res2048_patch200_stage2/ablation_eval/results_splat.csv
D1,dataset1,1024,sift,global,2048,splat_dataset1_sfm_1024_sift_global_res2048_patch200_1m,splat_dataset1_sfm_1024_sift_global_res2048_patch200_stage2,patch,p008,COMPLETE,complete,200,1000000,,0.7485794789261289,24.260781128498664,0.44870518810219234,python_full_resolution_undistorted,full_resolution_undistorted,5347,4691,794.184,1000000,8749,14259,completed_requested_iterations,,2026-07-12T08:48:44.650594+00:00,s3://3dreefs-ben-eu-north1/experiments/ablations/stage2_resolution_fullres_eval/runs/splat_dataset1_sfm_1024_sift_global_res2048_patch200_stage2/ablation_eval/results_splat.csv
D1,dataset1,1024,sift,global,2048,splat_dataset1_sfm_1024_sift_global_res2048_patch200_1m,splat_dataset1_sfm_1024_sift_global_res2048_patch200_stage2,patch,p017,COMPLETE,complete,200,1000000,,0.7430197376953928,23.95459251073617,0.48234067935692637,python_full_resolution_undistorted,full_resolution_undistorted,5347,4691,777.463,1000000,8760,14223,completed_requested_iterations,,2026-07-12T09:05:05.521531+00:00,s3://3dreefs-ben-eu-north1/experiments/ablations/stage2_resolution_fullres_eval/runs/splat_dataset1_sfm_1024_sift_global_res2048_patch200_stage2/ablation_eval/results_splat.csv
D1,dataset1,1024,sift,global,2048,splat_dataset1_sfm_1024_sift_global_res2048_patch200_1m,splat_dataset1_sfm_1024_sift_global_res2048_patch200_stage2,patch,p025,COMPLETE,complete,200,1000000,,0.7209388944837782,23.063001588354698,0.4562450730138355,python_full_resolution_undistorted,full_resolution_undistorted,5347,4691,769.501,1000000,8867,14297,completed_requested_iterations,,2026-07-12T09:21:11.751100+00:00,s3://3dreefs-ben-eu-north1/experiments/ablations/stage2_resolution_fullres_eval/runs/splat_dataset1_sfm_1024_sift_global_res2048_patch200_stage2/ablation_eval/results_splat.csv
D1,dataset1,1024,sift,global,2048,splat_dataset1_sfm_1024_sift_global_res2048_patch200_1m,splat_dataset1_sfm_1024_sift_global_res2048_patch200_stage2,patch,p034,COMPLETE,complete,200,1000000,,0.707409593794081,23.01998142008096,0.4608672045999103,python_full_resolution_undistorted,full_resolution_undistorted,5347,4691,856.48,1000000,8687,14285,completed_requested_iterations,,2026-07-12T09:38:39.060532+00:00,s3://3dreefs-ben-eu-north1/experiments/ablations/stage2_resolution_fullres_eval/runs/splat_dataset1_sfm_1024_sift_global_res2048_patch200_stage2/ablation_eval/results_splat.csv
D1,dataset1,1024,sift,global,2048,splat_dataset1_sfm_1024_sift_global_res2048_patch200_1m,splat_dataset1_sfm_1024_sift_global_res2048_patch200_stage2,patch,p042,COMPLETE,complete,200,1000000,,0.671988312403361,22.229079100216502,0.45833510557810464,python_full_resolution_undistorted,full_resolution_undistorted,5347,4691,779.405,1000000,8659,14243,completed_requested_iterations,,2026-07-12T09:54:18.968124+00:00,s3://3dreefs-ben-eu-north1/experiments/ablations/stage2_resolution_fullres_eval/runs/splat_dataset1_sfm_1024_sift_global_res2048_patch200_stage2/ablation_eval/results_splat.csv
D1,dataset1,1024,sift,global,2048,splat_dataset1_sfm_1024_sift_global_res2048_patch200_1m,splat_dataset1_sfm_1024_sift_global_res2048_patch200_stage2,patch,p051,COMPLETE,complete,200,1000000,,0.713301032781601,23.48249694426462,0.5018367871642113,python_full_resolution_undistorted,full_resolution_undistorted,5347,4691,844.896,1000000,8910,14325,completed_requested_iterations,,2026-07-12T10:12:00.298779+00:00,s3://3dreefs-ben-eu-north1/experiments/ablations/stage2_resolution_fullres_eval/runs/splat_dataset1_sfm_1024_sift_global_res2048_patch200_stage2/ablation_eval/results_splat.csv
D1,dataset1,1024,sift,global,2048,splat_dataset1_sfm_1024_sift_global_res2048_patch200_1m,splat_dataset1_sfm_1024_sift_global_res2048_patch200_stage2,patch,p059,COMPLETE,complete,200,1000000,,0.683919507265091,22.26967763240494,0.49512886106967924,python_full_resolution_undistorted,full_resolution_undistorted,5347,4691,768.594,1000000,8930,14363,completed_requested_iterations,,2026-07-12T10:28:26.677957+00:00,s3://3dreefs-ben-eu-north1/experiments/ablations/stage2_resolution_fullres_eval/runs/splat_dataset1_sfm_1024_sift_global_res2048_patch200_stage2/ablation_eval/results_splat.csv
D1,dataset1,1024,sift,global,2048,splat_dataset1_sfm_1024_sift_global_res2048_patch200_1m,splat_dataset1_sfm_1024_sift_global_res2048_patch200_stage2,patch,p068,COMPLETE,complete,200,1000000,,0.6555966943502426,21.704868501589537,0.529265171289444,python_full_resolution_undistorted,full_resolution_undistorted,5363,4712,784.751,1000000,8889,14297,completed_requested_iterations,,2026-07-12T10:45:11.853179+00:00,s3://3dreefs-ben-eu-north1/experiments/ablations/stage2_resolution_fullres_eval/runs/splat_dataset1_sfm_1024_sift_global_res2048_patch200_stage2/ablation_eval/results_splat.csv
D1,dataset1,1024,sift,global,2048,splat_dataset1_sfm_1024_sift_global_res2048_patch200_1m,splat_dataset1_sfm_1024_sift_global_res2048_patch200_stage2,patch,p076,COMPLETE,complete,200,1000000,,0.6966792643070221,22.24393040057093,0.4873076048162248,python_full_resolution_undistorted,full_resolution_undistorted,5363,4712,766.088,1000000,8749,14221,completed_requested_iterations,,2026-07-12T11:01:14.800799+00:00,s3://3dreefs-ben-eu-north1/experiments/ablations/stage2_resolution_fullres_eval/runs/splat_dataset1_sfm_1024_sift_global_res2048_patch200_stage2/ablation_eval/results_splat.csv
D1,dataset1,1024,sift,global,2048,splat_dataset1_sfm_1024_sift_global_res2048_patch200_2m,splat_dataset1_sfm_1024_sift_global_res2048_patch200_stage2,patch,p000,COMPLETE,complete,200,2000000,,0.728689306974411,23.872094747486457,0.43438096940517423,python_full_resolution_undistorted,full_resolution_undistorted,5347,4691,935.069,2000000,7813,7281,completed_requested_iterations,,2026-07-12T11:45:46.358375+00:00,s3://3dreefs-ben-eu-north1/experiments/ablations/stage2_resolution_fullres_eval/runs/splat_dataset1_sfm_1024_sift_global_res2048_patch200_stage2/ablation_eval/results_splat.csv
D1,dataset1,1024,sift,global,2048,splat_dataset1_sfm_1024_sift_global_res2048_patch200_2m,splat_dataset1_sfm_1024_sift_global_res2048_patch200_stage2,patch,p008,COMPLETE,complete,200,2000000,,0.7535218530231051,24.273903257233137,0.3996400684118271,python_full_resolution_undistorted,full_resolution_undistorted,5347,4691,994.351,2000000,9150,12201,completed_requested_iterations,,2026-07-12T12:06:01.136380+00:00,s3://3dreefs-ben-eu-north1/experiments/ablations/stage2_resolution_fullres_eval/runs/splat_dataset1_sfm_1024_sift_global_res2048_patch200_stage2/ablation_eval/results_splat.csv
D1,dataset1,1024,sift,global,2048,splat_dataset1_sfm_1024_sift_global_res2048_patch200_2m,splat_dataset1_sfm_1024_sift_global_res2048_patch200_stage2,patch,p017,COMPLETE,complete,200,2000000,,0.7520652005546972,24.04439767509461,0.43024645981035736,python_full_resolution_undistorted,full_resolution_undistorted,5347,4691,966.094,2000000,8577,12197,completed_requested_iterations,,2026-07-12T12:25:56.953630+00:00,s3://3dreefs-ben-eu-north1/experiments/ablations/stage2_resolution_fullres_eval/runs/splat_dataset1_sfm_1024_sift_global_res2048_patch200_stage2/ablation_eval/results_splat.csv
D1,dataset1,1024,sift,global,2048,splat_dataset1_sfm_1024_sift_global_res2048_patch200_2m,splat_dataset1_sfm_1024_sift_global_res2048_patch200_stage2,patch,p025,COMPLETE,complete,200,2000000,,0.729700141482883,23.18439336010312,0.4054564932982127,python_full_resolution_undistorted,full_resolution_undistorted,5347,4691,986.34,2000000,8610,12333,completed_requested_iterations,,2026-07-12T12:46:07.086584+00:00,s3://3dreefs-ben-eu-north1/experiments/ablations/stage2_resolution_fullres_eval/runs/splat_dataset1_sfm_1024_sift_global_res2048_patch200_stage2/ablation_eval/results_splat.csv
D1,dataset1,1024,sift,global,2048,splat_dataset1_sfm_1024_sift_global_res2048_patch200_2m,splat_dataset1_sfm_1024_sift_global_res2048_patch200_stage2,patch,p034,COMPLETE,complete,200,2000000,,0.7126455538802676,23.023923935567197,0.41162557568815017,python_full_resolution_undistorted,full_resolution_undistorted,5347,4691,987.477,2000000,8528,12229,completed_requested_iterations,,2026-07-12T13:06:12.841201+00:00,s3://3dreefs-ben-eu-north1/experiments/ablations/stage2_resolution_fullres_eval/runs/splat_dataset1_sfm_1024_sift_global_res2048_patch200_stage2/ablation_eval/results_splat.csv
D1,dataset1,1024,sift,global,2048,splat_dataset1_sfm_1024_sift_global_res2048_patch200_2m,splat_dataset1_sfm_1024_sift_global_res2048_patch200_stage2,patch,p042,COMPLETE,complete,200,2000000,,0.6781268874804179,22.34237037198007,0.4102095286051432,python_full_resolution_undistorted,full_resolution_undistorted,5347,4691,970.738,2000000,8453,12183,completed_requested_iterations,,2026-07-12T13:25:23.320910+00:00,s3://3dreefs-ben-eu-north1/experiments/ablations/stage2_resolution_fullres_eval/runs/splat_dataset1_sfm_1024_sift_global_res2048_patch200_stage2/ablation_eval/results_splat.csv
D1,dataset1,1024,sift,global,2048,splat_dataset1_sfm_1024_sift_global_res2048_patch200_2m,splat_dataset1_sfm_1024_sift_global_res2048_patch200_stage2,patch,p051,COMPLETE,complete,200,2000000,,0.7234488427639008,23.584918938138095,0.44362163096666335,python_full_resolution_undistorted,full_resolution_undistorted,5347,4691,966.496,2000000,8714,12209,completed_requested_iterations,,2026-07-12T13:45:30.513354+00:00,s3://3dreefs-ben-eu-north1/experiments/ablations/stage2_resolution_fullres_eval/runs/splat_dataset1_sfm_1024_sift_global_res2048_patch200_stage2/ablation_eval/results_splat.csv
D1,dataset1,1024,sift,global,2048,splat_dataset1_sfm_1024_sift_global_res2048_patch200_2m,splat_dataset1_sfm_1024_sift_global_res2048_patch200_stage2,patch,p059,COMPLETE,complete,200,2000000,,0.6895815849304199,22.301188513797815,0.4443847224116325,python_full_resolution_undistorted,full_resolution_undistorted,5347,4691,947.059,2000000,9552,12207,completed_requested_iterations,,2026-07-12T14:05:22.027241+00:00,s3://3dreefs-ben-eu-north1/experiments/ablations/stage2_resolution_fullres_eval/runs/splat_dataset1_sfm_1024_sift_global_res2048_patch200_stage2/ablation_eval/results_splat.csv
D1,dataset1,1024,sift,global,2048,splat_dataset1_sfm_1024_sift_global_res2048_patch200_2m,splat_dataset1_sfm_1024_sift_global_res2048_patch200_stage2,patch,p068,COMPLETE,complete,200,2000000,,0.6647013425827026,21.867647523033597,0.473092345893383,python_full_resolution_undistorted,full_resolution_undistorted,5363,4712,949.25,2000000,9467,12273,completed_requested_iterations,,2026-07-12T14:25:14.082907+00:00,s3://3dreefs-ben-eu-north1/experiments/ablations/stage2_resolution_fullres_eval/runs/splat_dataset1_sfm_1024_sift_global_res2048_patch200_stage2/ablation_eval/results_splat.csv
D1,dataset1,1024,sift,global,2048,splat_dataset1_sfm_1024_sift_global_res2048_patch200_2m,splat_dataset1_sfm_1024_sift_global_res2048_patch200_stage2,patch,p076,COMPLETE,complete,200,2000000,,0.6971517701943716,22.218090859320668,0.4458903885549969,python_full_resolution_undistorted,full_resolution_undistorted,5363,4712,975.234,2000000,8589,12129,completed_requested_iterations,,2026-07-12T14:45:01.797839+00:00,s3://3dreefs-ben-eu-north1/experiments/ablations/stage2_resolution_fullres_eval/runs/splat_dataset1_sfm_1024_sift_global_res2048_patch200_stage2/ablation_eval/results_splat.csv
D1,dataset1,1024,sift,global,2048,splat_dataset1_sfm_1024_sift_global_res2048_patch200_500k,splat_dataset1_sfm_1024_sift_global_res2048_patch200_stage2,patch,p000,COMPLETE,complete,200,500000,,0.710616621375084,23.465513739370717,0.5384727999567985,python_full_resolution_undistorted,full_resolution_undistorted,5347,4691,709.313,500000,7892,7281,completed_requested_iterations,,2026-07-12T05:40:26.626733+00:00,s3://3dreefs-ben-eu-north1/experiments/ablations/stage2_resolution_fullres_eval/runs/splat_dataset1_sfm_1024_sift_global_res2048_patch200_stage2/ablation_eval/results_splat.csv
D1,dataset1,1024,sift,global,2048,splat_dataset1_sfm_1024_sift_global_res2048_patch200_500k,splat_dataset1_sfm_1024_sift_global_res2048_patch200_stage2,patch,p008,COMPLETE,complete,200,500000,,0.7315145432949066,23.836447664317493,0.5060101714399126,python_full_resolution_undistorted,full_resolution_undistorted,5347,4691,664.39,500000,8667,11525,completed_requested_iterations,,2026-07-12T05:54:45.314995+00:00,s3://3dreefs-ben-eu-north1/experiments/ablations/stage2_resolution_fullres_eval/runs/splat_dataset1_sfm_1024_sift_global_res2048_patch200_stage2/ablation_eval/results_splat.csv
D1,dataset1,1024,sift,global,2048,splat_dataset1_sfm_1024_sift_global_res2048_patch200_500k,splat_dataset1_sfm_1024_sift_global_res2048_patch200_stage2,patch,p017,COMPLETE,complete,200,500000,,0.723775537390458,23.52692454046836,0.5396409850371512,python_full_resolution_undistorted,full_resolution_undistorted,5347,4691,663.391,500000,8677,11555,completed_requested_iterations,,2026-07-12T06:09:14.419670+00:00,s3://3dreefs-ben-eu-north1/experiments/ablations/stage2_resolution_fullres_eval/runs/splat_dataset1_sfm_1024_sift_global_res2048_patch200_stage2/ablation_eval/results_splat.csv
D1,dataset1,1024,sift,global,2048,splat_dataset1_sfm_1024_sift_global_res2048_patch200_500k,splat_dataset1_sfm_1024_sift_global_res2048_patch200_stage2,patch,p025,COMPLETE,complete,200,500000,,0.7028098834885491,22.60668244843801,0.5159836394919289,python_full_resolution_undistorted,full_resolution_undistorted,5347,4691,676.13,500000,8777,11397,completed_requested_iterations,,2026-07-12T06:23:49.511932+00:00,s3://3dreefs-ben-eu-north1/experiments/ablations/stage2_resolution_fullres_eval/runs/splat_dataset1_sfm_1024_sift_global_res2048_patch200_stage2/ablation_eval/results_splat.csv
D1,dataset1,1024,sift,global,2048,splat_dataset1_sfm_1024_sift_global_res2048_patch200_500k,splat_dataset1_sfm_1024_sift_global_res2048_patch200_stage2,patch,p034,COMPLETE,complete,200,500000,,0.6903082728385925,22.63725167311824,0.5205853399303224,python_full_resolution_undistorted,full_resolution_undistorted,5347,4691,668.429,500000,8661,11417,completed_requested_iterations,,2026-07-12T06:38:15.046549+00:00,s3://3dreefs-ben-eu-north1/experiments/ablations/stage2_resolution_fullres_eval/runs/splat_dataset1_sfm_1024_sift_global_res2048_patch200_stage2/ablation_eval/results_splat.csv
D1,dataset1,1024,sift,global,2048,splat_dataset1_sfm_1024_sift_global_res2048_patch200_500k,splat_dataset1_sfm_1024_sift_global_res2048_patch200_stage2,patch,p042,COMPLETE,complete,200,500000,,0.6563571294148763,21.932878643470392,0.5188177625338236,python_full_resolution_undistorted,full_resolution_undistorted,5347,4691,676.614,500000,8660,11539,completed_requested_iterations,,2026-07-12T06:52:13.690344+00:00,s3://3dreefs-ben-eu-north1/experiments/ablations/stage2_resolution_fullres_eval/runs/splat_dataset1_sfm_1024_sift_global_res2048_patch200_stage2/ablation_eval/results_splat.csv
D1,dataset1,1024,sift,global,2048,splat_dataset1_sfm_1024_sift_global_res2048_patch200_500k,splat_dataset1_sfm_1024_sift_global_res2048_patch200_stage2,patch,p051,COMPLETE,complete,200,500000,,0.6942411422729492,23.073633897851106,0.5610908165574073,python_full_resolution_undistorted,full_resolution_undistorted,5347,4691,642.249,500000,9043,11431,completed_requested_iterations,,2026-07-12T07:06:31.882478+00:00,s3://3dreefs-ben-eu-north1/experiments/ablations/stage2_resolution_fullres_eval/runs/splat_dataset1_sfm_1024_sift_global_res2048_patch200_stage2/ablation_eval/results_splat.csv
D1,dataset1,1024,sift,global,2048,splat_dataset1_sfm_1024_sift_global_res2048_patch200_500k,splat_dataset1_sfm_1024_sift_global_res2048_patch200_stage2,patch,p059,COMPLETE,complete,200,500000,,0.6665447324514389,21.96032352514073,0.5531384378671647,python_full_resolution_undistorted,full_resolution_undistorted,5347,4691,664.89,500000,8853,11529,completed_requested_iterations,,2026-07-12T07:21:17.382314+00:00,s3://3dreefs-ben-eu-north1/experiments/ablations/stage2_resolution_fullres_eval/runs/splat_dataset1_sfm_1024_sift_global_res2048_patch200_stage2/ablation_eval/results_splat.csv
D1,dataset1,1024,sift,global,2048,splat_dataset1_sfm_1024_sift_global_res2048_patch200_500k,splat_dataset1_sfm_1024_sift_global_res2048_patch200_stage2,patch,p068,COMPLETE,complete,200,500000,,0.6413129031658172,21.374967459772424,0.5844382837414741,python_full_resolution_undistorted,full_resolution_undistorted,5363,4712,659.857,500000,8887,11497,completed_requested_iterations,,2026-07-12T07:35:56.501378+00:00,s3://3dreefs-ben-eu-north1/experiments/ablations/stage2_resolution_fullres_eval/runs/splat_dataset1_sfm_1024_sift_global_res2048_patch200_stage2/ablation_eval/results_splat.csv
D1,dataset1,1024,sift,global,2048,splat_dataset1_sfm_1024_sift_global_res2048_patch200_500k,splat_dataset1_sfm_1024_sift_global_res2048_patch200_stage2,patch,p076,COMPLETE,complete,200,500000,,0.6860605676968893,22.086482429640846,0.5383450322681003,python_full_resolution_undistorted,full_resolution_undistorted,5363,4712,675.33,500000,8725,11387,completed_requested_iterations,,2026-07-12T07:50:27.649716+00:00,s3://3dreefs-ben-eu-north1/experiments/ablations/stage2_resolution_fullres_eval/runs/splat_dataset1_sfm_1024_sift_global_res2048_patch200_stage2/ablation_eval/results_splat.csv
D1,dataset1,1024,sift,global,2048,splat_dataset1_sfm_1024_sift_global_res2048_patch400_1m,splat_dataset1_sfm_1024_sift_global_res2048_patch400_stage2,patch,p000,COMPLETE,complete,400,1000000,,0.7246576547622681,23.738284888916816,0.5422329872846603,python_full_resolution_undistorted,full_resolution_undistorted,5347,4691,842.823,1000000,8986,9843,completed_requested_iterations,,2026-07-12T09:19:08.959137+00:00,s3://3dreefs-ben-eu-north1/experiments/ablations/stage2_resolution_fullres_eval/runs/splat_dataset1_sfm_1024_sift_global_res2048_patch400_stage2/ablation_eval/results_splat.csv
D1,dataset1,1024,sift,global,2048,splat_dataset1_sfm_1024_sift_global_res2048_patch400_1m,splat_dataset1_sfm_1024_sift_global_res2048_patch400_stage2,patch,p003,COMPLETE,complete,400,1000000,,0.6964306281163142,22.578235334177197,0.5259843659706605,python_full_resolution_undistorted,full_resolution_undistorted,5347,4691,808.104,1000000,9429,14461,completed_requested_iterations,,2026-07-12T09:39:58.864079+00:00,s3://3dreefs-ben-eu-north1/experiments/ablations/stage2_resolution_fullres_eval/runs/splat_dataset1_sfm_1024_sift_global_res2048_patch400_stage2/ablation_eval/results_splat.csv
D1,dataset1,1024,sift,global,2048,splat_dataset1_sfm_1024_sift_global_res2048_patch400_1m,splat_dataset1_sfm_1024_sift_global_res2048_patch400_stage2,patch,p007,COMPLETE,complete,400,1000000,,0.7399637086523904,24.03204885638836,0.49753687613540226,python_full_resolution_undistorted,full_resolution_undistorted,5363,4712,840.042,1000000,9319,14447,completed_requested_iterations,,2026-07-12T10:00:48.047235+00:00,s3://3dreefs-ben-eu-north1/experiments/ablations/stage2_resolution_fullres_eval/runs/splat_dataset1_sfm_1024_sift_global_res2048_patch400_stage2/ablation_eval/results_splat.csv
D1,dataset1,1024,sift,global,2048,splat_dataset1_sfm_1024_sift_global_res2048_patch400_1m,splat_dataset1_sfm_1024_sift_global_res2048_patch400_stage2,patch,p010,COMPLETE,complete,400,1000000,,0.7063823997974396,22.753215750953935,0.5274157129228115,python_full_resolution_undistorted,full_resolution_undistorted,5363,4712,825.476,1000000,9579,14371,completed_requested_iterations,,2026-07-12T10:22:17.874426+00:00,s3://3dreefs-ben-eu-north1/experiments/ablations/stage2_resolution_fullres_eval/runs/splat_dataset1_sfm_1024_sift_global_res2048_patch400_stage2/ablation_eval/results_splat.csv
D1,dataset1,1024,sift,global,2048,splat_dataset1_sfm_1024_sift_global_res2048_patch400_1m,splat_dataset1_sfm_1024_sift_global_res2048_patch400_stage2,patch,p014,COMPLETE,complete,400,1000000,,0.665738372426284,21.617489819483986,0.5529794473397104,python_full_resolution_undistorted,full_resolution_undistorted,5347,4691,800.974,1000000,9530,14423,completed_requested_iterations,,2026-07-12T10:42:45.480974+00:00,s3://3dreefs-ben-eu-north1/experiments/ablations/stage2_resolution_fullres_eval/runs/splat_dataset1_sfm_1024_sift_global_res2048_patch400_stage2/ablation_eval/results_splat.csv
D1,dataset1,1024,sift,global,2048,splat_dataset1_sfm_1024_sift_global_res2048_patch400_1m,splat_dataset1_sfm_1024_sift_global_res2048_patch400_stage2,patch,p017,COMPLETE,complete,400,1000000,,0.6891227573156357,22.75232500461664,0.5155098333954811,python_full_resolution_undistorted,full_resolution_undistorted,5363,4712,840.15,1000000,9624,14375,completed_requested_iterations,,2026-07-12T11:04:15.164815+00:00,s3://3dreefs-ben-eu-north1/experiments/ablations/stage2_resolution_fullres_eval/runs/splat_dataset1_sfm_1024_sift_global_res2048_patch400_stage2/ablation_eval/results_splat.csv
D1,dataset1,1024,sift,global,2048,splat_dataset1_sfm_1024_sift_global_res2048_patch400_1m,splat_dataset1_sfm_1024_sift_global_res2048_patch400_stage2,patch,p021,COMPLETE,complete,400,1000000,,0.6639707935483832,21.651245073799238,0.538209297155079,python_full_resolution_undistorted,full_resolution_undistorted,5347,4691,797.116,1000000,9669,14395,completed_requested_iterations,,2026-07-12T11:24:50.315771+00:00,s3://3dreefs-ben-eu-north1/experiments/ablations/stage2_resolution_fullres_eval/runs/splat_dataset1_sfm_1024_sift_global_res2048_patch400_stage2/ablation_eval/results_splat.csv
D1,dataset1,1024,sift,global,2048,splat_dataset1_sfm_1024_sift_global_res2048_patch400_1m,splat_dataset1_sfm_1024_sift_global_res2048_patch400_stage2,patch,p024,COMPLETE,complete,400,1000000,,0.7000926405191421,22.82951942633968,0.5249679833650589,python_full_resolution_undistorted,full_resolution_undistorted,5347,4691,837.596,1000000,9667,14409,completed_requested_iterations,,2026-07-12T11:46:21.720952+00:00,s3://3dreefs-ben-eu-north1/experiments/ablations/stage2_resolution_fullres_eval/runs/splat_dataset1_sfm_1024_sift_global_res2048_patch400_stage2/ablation_eval/results_splat.csv
D1,dataset1,1024,sift,global,2048,splat_dataset1_sfm_1024_sift_global_res2048_patch400_1m,splat_dataset1_sfm_1024_sift_global_res2048_patch400_stage2,patch,p028,COMPLETE,complete,400,1000000,,0.6648453190922737,21.822665654568315,0.5698748536407947,python_full_resolution_undistorted,full_resolution_undistorted,5347,4691,818.289,1000000,9703,14341,completed_requested_iterations,,2026-07-12T12:07:33.777962+00:00,s3://3dreefs-ben-eu-north1/experiments/ablations/stage2_resolution_fullres_eval/runs/splat_dataset1_sfm_1024_sift_global_res2048_patch400_stage2/ablation_eval/results_splat.csv
D1,dataset1,1024,sift,global,2048,splat_dataset1_sfm_1024_sift_global_res2048_patch400_1m,splat_dataset1_sfm_1024_sift_global_res2048_patch400_stage2,patch,p031,COMPLETE,complete,400,1000000,,0.6896400023729373,21.959941571684414,0.5324130295178829,python_full_resolution_undistorted,full_resolution_undistorted,5347,4691,826.62,1000000,9588,14459,completed_requested_iterations,,2026-07-12T12:28:37.165597+00:00,s3://3dreefs-ben-eu-north1/experiments/ablations/stage2_resolution_fullres_eval/runs/splat_dataset1_sfm_1024_sift_global_res2048_patch400_stage2/ablation_eval/results_splat.csv
D1,dataset1,1024,sift,global,2048,splat_dataset1_sfm_1024_sift_global_res2048_patch400_2m,splat_dataset1_sfm_1024_sift_global_res2048_patch400_stage2,patch,p000,COMPLETE,complete,400,2000000,,0.7395857885479927,24.03504974131065,0.4933540880680084,python_full_resolution_undistorted,full_resolution_undistorted,5347,4691,1001.871,2000000,8897,9843,completed_requested_iterations,,2026-07-12T13:14:27.600487+00:00,s3://3dreefs-ben-eu-north1/experiments/ablations/stage2_resolution_fullres_eval/runs/splat_dataset1_sfm_1024_sift_global_res2048_patch400_stage2/ablation_eval/results_splat.csv
D1,dataset1,1024,sift,global,2048,splat_dataset1_sfm_1024_sift_global_res2048_patch400_2m,splat_dataset1_sfm_1024_sift_global_res2048_patch400_stage2,patch,p003,COMPLETE,complete,400,2000000,,0.7050596338052016,22.612231611631756,0.4813837210337321,python_full_resolution_undistorted,full_resolution_undistorted,5347,4691,984.285,2000000,9941,14799,completed_requested_iterations,,2026-07-12T13:37:40.730417+00:00,s3://3dreefs-ben-eu-north1/experiments/ablations/stage2_resolution_fullres_eval/runs/splat_dataset1_sfm_1024_sift_global_res2048_patch400_stage2/ablation_eval/results_splat.csv
D1,dataset1,1024,sift,global,2048,splat_dataset1_sfm_1024_sift_global_res2048_patch400_2m,splat_dataset1_sfm_1024_sift_global_res2048_patch400_stage2,patch,p007,COMPLETE,complete,400,2000000,,0.7530980143282149,24.207645421035245,0.4477335686484973,python_full_resolution_undistorted,full_resolution_undistorted,5363,4712,1032.103,2000000,9860,14853,completed_requested_iterations,,2026-07-12T14:01:11.585046+00:00,s3://3dreefs-ben-eu-north1/experiments/ablations/stage2_resolution_fullres_eval/runs/splat_dataset1_sfm_1024_sift_global_res2048_patch400_stage2/ablation_eval/results_splat.csv
D1,dataset1,1024,sift,global,2048,splat_dataset1_sfm_1024_sift_global_res2048_patch400_2m,splat_dataset1_sfm_1024_sift_global_res2048_patch400_stage2,patch,p010,COMPLETE,complete,400,2000000,,0.7220850691199303,22.924707571283157,0.4783041074872017,python_full_resolution_undistorted,full_resolution_undistorted,5363,4712,978.088,2000000,10951,14847,completed_requested_iterations,,2026-07-12T14:24:29.011246+00:00,s3://3dreefs-ben-eu-north1/experiments/ablations/stage2_resolution_fullres_eval/runs/splat_dataset1_sfm_1024_sift_global_res2048_patch400_stage2/ablation_eval/results_splat.csv
D1,dataset1,1024,sift,global,2048,splat_dataset1_sfm_1024_sift_global_res2048_patch400_2m,splat_dataset1_sfm_1024_sift_global_res2048_patch400_stage2,patch,p014,COMPLETE,complete,400,2000000,,0.6832256379880404,21.939618178857334,0.5010928903755388,python_full_resolution_undistorted,full_resolution_undistorted,5347,4691,999.267,2000000,10039,14867,completed_requested_iterations,,2026-07-12T14:47:46.221787+00:00,s3://3dreefs-ben-eu-north1/experiments/ablations/stage2_resolution_fullres_eval/runs/splat_dataset1_sfm_1024_sift_global_res2048_patch400_stage2/ablation_eval/results_splat.csv
D1,dataset1,1024,sift,global,2048,splat_dataset1_sfm_1024_sift_global_res2048_patch400_2m,splat_dataset1_sfm_1024_sift_global_res2048_patch400_stage2,patch,p017,COMPLETE,complete,400,2000000,,0.7060092985630035,23.017502388642026,0.4648290880024433,python_full_resolution_undistorted,full_resolution_undistorted,5363,4712,999.122,2000000,10162,14973,completed_requested_iterations,,2026-07-12T15:11:25.799616+00:00,s3://3dreefs-ben-eu-north1/experiments/ablations/stage2_resolution_fullres_eval/runs/splat_dataset1_sfm_1024_sift_global_res2048_patch400_stage2/ablation_eval/results_splat.csv
D1,dataset1,1024,sift,global,2048,splat_dataset1_sfm_1024_sift_global_res2048_patch400_2m,splat_dataset1_sfm_1024_sift_global_res2048_patch400_stage2,patch,p021,COMPLETE,complete,400,2000000,,0.6796395292407588,21.857016303418174,0.4904789532485761,python_full_resolution_undistorted,full_resolution_undistorted,5347,4691,973.188,2000000,10136,15091,completed_requested_iterations,,2026-07-12T15:34:17.955176+00:00,s3://3dreefs-ben-eu-north1/experiments/ablations/stage2_resolution_fullres_eval/runs/splat_dataset1_sfm_1024_sift_global_res2048_patch400_stage2/ablation_eval/results_splat.csv
D1,dataset1,1024,sift,global,2048,splat_dataset1_sfm_1024_sift_global_res2048_patch400_2m,splat_dataset1_sfm_1024_sift_global_res2048_patch400_stage2,patch,p024,COMPLETE,complete,400,2000000,,0.714175970852375,22.98908166303649,0.4736791364848614,python_full_resolution_undistorted,full_resolution_undistorted,5347,4691,1012.616,2000000,10220,14879,completed_requested_iterations,,2026-07-12T15:58:12.536204+00:00,s3://3dreefs-ben-eu-north1/experiments/ablations/stage2_resolution_fullres_eval/runs/splat_dataset1_sfm_1024_sift_global_res2048_patch400_stage2/ablation_eval/results_splat.csv
D1,dataset1,1024,sift,global,2048,splat_dataset1_sfm_1024_sift_global_res2048_patch400_2m,splat_dataset1_sfm_1024_sift_global_res2048_patch400_stage2,patch,p028,COMPLETE,complete,400,2000000,,0.6790648907423019,22.074235141064708,0.5186843514442444,python_full_resolution_undistorted,full_resolution_undistorted,5347,4691,982.531,2000000,10223,14915,completed_requested_iterations,,2026-07-12T16:21:37.064232+00:00,s3://3dreefs-ben-eu-north1/experiments/ablations/stage2_resolution_fullres_eval/runs/splat_dataset1_sfm_1024_sift_global_res2048_patch400_stage2/ablation_eval/results_splat.csv
D1,dataset1,1024,sift,global,2048,splat_dataset1_sfm_1024_sift_global_res2048_patch400_2m,splat_dataset1_sfm_1024_sift_global_res2048_patch400_stage2,patch,p031,COMPLETE,complete,400,2000000,,0.6997251204955273,22.099993695220967,0.49044608916991794,python_full_resolution_undistorted,full_resolution_undistorted,5347,4691,1027.239,2000000,10136,14839,completed_requested_iterations,,2026-07-12T16:45:33.295519+00:00,s3://3dreefs-ben-eu-north1/experiments/ablations/stage2_resolution_fullres_eval/runs/splat_dataset1_sfm_1024_sift_global_res2048_patch400_stage2/ablation_eval/results_splat.csv
D1,dataset1,1024,sift,global,2048,splat_dataset1_sfm_1024_sift_global_res2048_patch400_500k,splat_dataset1_sfm_1024_sift_global_res2048_patch400_stage2,patch,p000,COMPLETE,complete,400,500000,,0.7049310997128486,23.33018292223233,0.5936053782701493,python_full_resolution_undistorted,full_resolution_undistorted,5347,4691,785.767,500000,8958,9843,completed_requested_iterations,,2026-07-12T05:42:20.401697+00:00,s3://3dreefs-ben-eu-north1/experiments/ablations/stage2_resolution_fullres_eval/runs/splat_dataset1_sfm_1024_sift_global_res2048_patch400_stage2/ablation_eval/results_splat.csv
D1,dataset1,1024,sift,global,2048,splat_dataset1_sfm_1024_sift_global_res2048_patch400_500k,splat_dataset1_sfm_1024_sift_global_res2048_patch400_stage2,patch,p003,COMPLETE,complete,400,500000,,0.6774663512523358,22.22643677124779,0.5810067523748447,python_full_resolution_undistorted,full_resolution_undistorted,5347,4691,717.696,500000,9735,14127,completed_requested_iterations,,2026-07-12T06:00:54.046528+00:00,s3://3dreefs-ben-eu-north1/experiments/ablations/stage2_resolution_fullres_eval/runs/splat_dataset1_sfm_1024_sift_global_res2048_patch400_stage2/ablation_eval/results_splat.csv
D1,dataset1,1024,sift,global,2048,splat_dataset1_sfm_1024_sift_global_res2048_patch400_500k,splat_dataset1_sfm_1024_sift_global_res2048_patch400_stage2,patch,p007,COMPLETE,complete,400,500000,,0.7164279537068473,23.512220885659403,0.5564125461710824,python_full_resolution_undistorted,full_resolution_undistorted,5363,4712,716.995,500000,9580,14143,completed_requested_iterations,,2026-07-12T06:19:13.074122+00:00,s3://3dreefs-ben-eu-north1/experiments/ablations/stage2_resolution_fullres_eval/runs/splat_dataset1_sfm_1024_sift_global_res2048_patch400_stage2/ablation_eval/results_splat.csv
D1,dataset1,1024,sift,global,2048,splat_dataset1_sfm_1024_sift_global_res2048_patch400_500k,splat_dataset1_sfm_1024_sift_global_res2048_patch400_stage2,patch,p010,COMPLETE,complete,400,500000,,0.6775678351521492,22.078408044793285,0.5876234546303749,python_full_resolution_undistorted,full_resolution_undistorted,5363,4712,714.266,500000,9890,14167,completed_requested_iterations,,2026-07-12T06:38:24.852262+00:00,s3://3dreefs-ben-eu-north1/experiments/ablations/stage2_resolution_fullres_eval/runs/splat_dataset1_sfm_1024_sift_global_res2048_patch400_stage2/ablation_eval/results_splat.csv
D1,dataset1,1024,sift,global,2048,splat_dataset1_sfm_1024_sift_global_res2048_patch400_500k,splat_dataset1_sfm_1024_sift_global_res2048_patch400_stage2,patch,p014,COMPLETE,complete,400,500000,,0.637384107238368,21.054098638630588,0.6134411622034875,python_full_resolution_undistorted,full_resolution_undistorted,5347,4691,742.433,500000,9793,14029,completed_requested_iterations,,2026-07-12T06:57:54.834657+00:00,s3://3dreefs-ben-eu-north1/experiments/ablations/stage2_resolution_fullres_eval/runs/splat_dataset1_sfm_1024_sift_global_res2048_patch400_stage2/ablation_eval/results_splat.csv
D1,dataset1,1024,sift,global,2048,splat_dataset1_sfm_1024_sift_global_res2048_patch400_500k,splat_dataset1_sfm_1024_sift_global_res2048_patch400_stage2,patch,p017,COMPLETE,complete,400,500000,,0.6622568309307099,22.193345508078316,0.5785449840128422,python_full_resolution_undistorted,full_resolution_undistorted,5363,4712,749.729,500000,9886,14199,completed_requested_iterations,,2026-07-12T07:17:40.466453+00:00,s3://3dreefs-ben-eu-north1/experiments/ablations/stage2_resolution_fullres_eval/runs/splat_dataset1_sfm_1024_sift_global_res2048_patch400_stage2/ablation_eval/results_splat.csv
D1,dataset1,1024,sift,global,2048,splat_dataset1_sfm_1024_sift_global_res2048_patch400_500k,splat_dataset1_sfm_1024_sift_global_res2048_patch400_stage2,patch,p021,COMPLETE,complete,400,500000,,0.6393590271472931,21.131813397924567,0.5972313284873962,python_full_resolution_undistorted,full_resolution_undistorted,5347,4691,739.704,500000,9844,14189,completed_requested_iterations,,2026-07-12T07:36:50.108634+00:00,s3://3dreefs-ben-eu-north1/experiments/ablations/stage2_resolution_fullres_eval/runs/splat_dataset1_sfm_1024_sift_global_res2048_patch400_stage2/ablation_eval/results_splat.csv
D1,dataset1,1024,sift,global,2048,splat_dataset1_sfm_1024_sift_global_res2048_patch400_500k,splat_dataset1_sfm_1024_sift_global_res2048_patch400_stage2,patch,p024,COMPLETE,complete,400,500000,,0.6747001305222511,22.316046819923905,0.5845737561583519,python_full_resolution_undistorted,full_resolution_undistorted,5347,4691,747.161,500000,9945,14137,completed_requested_iterations,,2026-07-12T07:56:46.587211+00:00,s3://3dreefs-ben-eu-north1/experiments/ablations/stage2_resolution_fullres_eval/runs/splat_dataset1_sfm_1024_sift_global_res2048_patch400_stage2/ablation_eval/results_splat.csv
D1,dataset1,1024,sift,global,2048,splat_dataset1_sfm_1024_sift_global_res2048_patch400_500k,splat_dataset1_sfm_1024_sift_global_res2048_patch400_stage2,patch,p028,COMPLETE,complete,400,500000,,0.6434112578630448,21.346690310250843,0.6241405740380287,python_full_resolution_undistorted,full_resolution_undistorted,5347,4691,728.259,500000,9981,14135,completed_requested_iterations,,2026-07-12T08:16:04.896004+00:00,s3://3dreefs-ben-eu-north1/experiments/ablations/stage2_resolution_fullres_eval/runs/splat_dataset1_sfm_1024_sift_global_res2048_patch400_stage2/ablation_eval/results_splat.csv
D1,dataset1,1024,sift,global,2048,splat_dataset1_sfm_1024_sift_global_res2048_patch400_500k,splat_dataset1_sfm_1024_sift_global_res2048_patch400_stage2,patch,p031,COMPLETE,complete,400,500000,,0.670953081204341,21.64522478170172,0.5813160538673401,python_full_resolution_undistorted,full_resolution_undistorted,5347,4691,745.183,500000,9936,14193,completed_requested_iterations,,2026-07-12T08:35:40.566589+00:00,s3://3dreefs-ben-eu-north1/experiments/ablations/stage2_resolution_fullres_eval/runs/splat_dataset1_sfm_1024_sift_global_res2048_patch400_stage2/ablation_eval/results_splat.csv
D1,dataset1,1024,sift,global,2048,splat_dataset1_sfm_1024_sift_global_res2048_patch800_1m,splat_dataset1_sfm_1024_sift_global_res2048_patch800_stage2,patch,p000,COMPLETE,complete,800,1000000,,0.6805810675024986,22.025736726847747,0.5943763416260481,python_full_resolution_undistorted,full_resolution_undistorted,5347,4691,1060.599,1000000,11306,9843,completed_requested_iterations,,2026-07-12T11:09:43.700090+00:00,s3://3dreefs-ben-eu-north1/experiments/ablations/stage2_resolution_fullres_eval/runs/splat_dataset1_sfm_1024_sift_global_res2048_patch800_stage2/ablation_eval/results_splat.csv
D1,dataset1,1024,sift,global,2048,splat_dataset1_sfm_1024_sift_global_res2048_patch800_1m,splat_dataset1_sfm_1024_sift_global_res2048_patch800_stage2,patch,p002,COMPLETE,complete,800,1000000,,0.6961348943412304,22.70622895740637,0.596623707562685,python_full_resolution_undistorted,full_resolution_undistorted,5347,4691,1027.388,1000000,12063,14721,completed_requested_iterations,,2026-07-12T11:41:08.950262+00:00,s3://3dreefs-ben-eu-north1/experiments/ablations/stage2_resolution_fullres_eval/runs/splat_dataset1_sfm_1024_sift_global_res2048_patch800_stage2/ablation_eval/results_splat.csv
D1,dataset1,1024,sift,global,2048,splat_dataset1_sfm_1024_sift_global_res2048_patch800_1m,splat_dataset1_sfm_1024_sift_global_res2048_patch800_stage2,patch,p003,COMPLETE,complete,800,1000000,,0.7050522349774837,22.793452433459798,0.5811249107122421,python_full_resolution_undistorted,full_resolution_undistorted,5347,4691,992.787,1000000,12202,15261,completed_requested_iterations,,2026-07-12T12:12:19.759124+00:00,s3://3dreefs-ben-eu-north1/experiments/ablations/stage2_resolution_fullres_eval/runs/splat_dataset1_sfm_1024_sift_global_res2048_patch800_stage2/ablation_eval/results_splat.csv
D1,dataset1,1024,sift,global,2048,splat_dataset1_sfm_1024_sift_global_res2048_patch800_1m,splat_dataset1_sfm_1024_sift_global_res2048_patch800_stage2,patch,p005,COMPLETE,complete,800,1000000,,0.6843780517578125,22.58487819973991,0.5944001708179713,python_full_resolution_undistorted,full_resolution_undistorted,5347,4691,999.263,1000000,12182,15513,completed_requested_iterations,,2026-07-12T12:43:30.652454+00:00,s3://3dreefs-ben-eu-north1/experiments/ablations/stage2_resolution_fullres_eval/runs/splat_dataset1_sfm_1024_sift_global_res2048_patch800_stage2/ablation_eval/results_splat.csv
D1,dataset1,1024,sift,global,2048,splat_dataset1_sfm_1024_sift_global_res2048_patch800_1m,splat_dataset1_sfm_1024_sift_global_res2048_patch800_stage2,patch,p006,COMPLETE,complete,800,1000000,,0.6675239327626351,21.8986638288758,0.5739411123287983,python_full_resolution_undistorted,full_resolution_undistorted,5363,4712,1003.795,1000000,12317,14769,completed_requested_iterations,,2026-07-12T13:14:36.159103+00:00,s3://3dreefs-ben-eu-north1/experiments/ablations/stage2_resolution_fullres_eval/runs/splat_dataset1_sfm_1024_sift_global_res2048_patch800_stage2/ablation_eval/results_splat.csv
D1,dataset1,1024,sift,global,2048,splat_dataset1_sfm_1024_sift_global_res2048_patch800_1m,splat_dataset1_sfm_1024_sift_global_res2048_patch800_stage2,patch,p008,COMPLETE,complete,800,1000000,,0.6560458393840046,21.735988075111347,0.5721975580438391,python_full_resolution_undistorted,full_resolution_undistorted,5363,4712,988.297,1000000,12283,14863,completed_requested_iterations,,2026-07-12T13:45:20.885469+00:00,s3://3dreefs-ben-eu-north1/experiments/ablations/stage2_resolution_fullres_eval/runs/splat_dataset1_sfm_1024_sift_global_res2048_patch800_stage2/ablation_eval/results_splat.csv
D1,dataset1,1024,sift,global,2048,splat_dataset1_sfm_1024_sift_global_res2048_patch800_1m,splat_dataset1_sfm_1024_sift_global_res2048_patch800_stage2,patch,p009,COMPLETE,complete,800,1000000,,0.6601492680501246,21.95182487506069,0.568277690289677,python_full_resolution_undistorted,full_resolution_undistorted,5347,4691,975.949,1000000,11710,14695,completed_requested_iterations,,2026-07-12T14:14:16.478153+00:00,s3://3dreefs-ben-eu-north1/experiments/ablations/stage2_resolution_fullres_eval/runs/splat_dataset1_sfm_1024_sift_global_res2048_patch800_stage2/ablation_eval/results_splat.csv
D1,dataset1,1024,sift,global,2048,splat_dataset1_sfm_1024_sift_global_res2048_patch800_1m,splat_dataset1_sfm_1024_sift_global_res2048_patch800_stage2,patch,p011,COMPLETE,complete,800,1000000,,0.6675214510929736,21.5820152136248,0.5755972202065625,python_full_resolution_undistorted,full_resolution_undistorted,5347,4691,994.454,1000000,12329,14689,completed_requested_iterations,,2026-07-12T14:45:25.797489+00:00,s3://3dreefs-ben-eu-north1/experiments/ablations/stage2_resolution_fullres_eval/runs/splat_dataset1_sfm_1024_sift_global_res2048_patch800_stage2/ablation_eval/results_splat.csv
D1,dataset1,1024,sift,global,2048,splat_dataset1_sfm_1024_sift_global_res2048_patch800_1m,splat_dataset1_sfm_1024_sift_global_res2048_patch800_stage2,patch,p012,COMPLETE,complete,800,1000000,,0.6964971671501795,22.312942421146754,0.5529210646119382,python_full_resolution_undistorted,full_resolution_undistorted,5347,4691,970.793,1000000,11860,14671,completed_requested_iterations,,2026-07-12T15:15:05.099943+00:00,s3://3dreefs-ben-eu-north1/experiments/ablations/stage2_resolution_fullres_eval/runs/splat_dataset1_sfm_1024_sift_global_res2048_patch800_stage2/ablation_eval/results_splat.csv
D1,dataset1,1024,sift,global,2048,splat_dataset1_sfm_1024_sift_global_res2048_patch800_1m,splat_dataset1_sfm_1024_sift_global_res2048_patch800_stage2,patch,p014,COMPLETE,complete,800,1000000,,0.6686499835569647,21.528231227265685,0.5875864440127264,python_full_resolution_undistorted,full_resolution_undistorted,5363,4712,1029.438,1000000,12377,14679,completed_requested_iterations,,2026-07-12T15:46:41.938420+00:00,s3://3dreefs-ben-eu-north1/experiments/ablations/stage2_resolution_fullres_eval/runs/splat_dataset1_sfm_1024_sift_global_res2048_patch800_stage2/ablation_eval/results_splat.csv
D1,dataset1,1024,sift,global,2048,splat_dataset1_sfm_1024_sift_global_res2048_patch800_2m,splat_dataset1_sfm_1024_sift_global_res2048_patch800_stage2,patch,p000,COMPLETE,complete,800,2000000,,0.6918732516467572,22.02467002310177,0.559426699206233,python_full_resolution_undistorted,full_resolution_undistorted,5347,4691,1225.626,2000000,11319,9843,completed_requested_iterations,,2026-07-12T16:45:25.155931+00:00,s3://3dreefs-ben-eu-north1/experiments/ablations/stage2_resolution_fullres_eval/runs/splat_dataset1_sfm_1024_sift_global_res2048_patch800_stage2/ablation_eval/results_splat.csv
D1,dataset1,1024,sift,global,2048,splat_dataset1_sfm_1024_sift_global_res2048_patch800_2m,splat_dataset1_sfm_1024_sift_global_res2048_patch800_stage2,patch,p002,COMPLETE,complete,800,2000000,,0.715570793300867,22.93410000188583,0.5489675235003233,python_full_resolution_undistorted,full_resolution_undistorted,5347,4691,1183.231,2000000,11886,15091,completed_requested_iterations,,2026-07-12T17:19:38.575601+00:00,s3://3dreefs-ben-eu-north1/experiments/ablations/stage2_resolution_fullres_eval/runs/splat_dataset1_sfm_1024_sift_global_res2048_patch800_stage2/ablation_eval/results_splat.csv
D1,dataset1,1024,sift,global,2048,splat_dataset1_sfm_1024_sift_global_res2048_patch800_2m,splat_dataset1_sfm_1024_sift_global_res2048_patch800_stage2,patch,p003,COMPLETE,complete,800,2000000,,0.7239691942930222,23.005820853247712,0.531694870069623,python_full_resolution_undistorted,full_resolution_undistorted,5347,4691,1177.881,2000000,12023,15091,completed_requested_iterations,,2026-07-12T17:53:59.865825+00:00,s3://3dreefs-ben-eu-north1/experiments/ablations/stage2_resolution_fullres_eval/runs/splat_dataset1_sfm_1024_sift_global_res2048_patch800_stage2/ablation_eval/results_splat.csv
D1,dataset1,1024,sift,global,2048,splat_dataset1_sfm_1024_sift_global_res2048_patch800_2m,splat_dataset1_sfm_1024_sift_global_res2048_patch800_stage2,patch,p005,COMPLETE,complete,800,2000000,,0.7038937076926232,22.832377231367325,0.5438990391790867,python_full_resolution_undistorted,full_resolution_undistorted,5347,4691,1189.954,2000000,12847,15189,completed_requested_iterations,,2026-07-12T18:29:05.985689+00:00,s3://3dreefs-ben-eu-north1/experiments/ablations/stage2_resolution_fullres_eval/runs/splat_dataset1_sfm_1024_sift_global_res2048_patch800_stage2/ablation_eval/results_splat.csv
D1,dataset1,1024,sift,global,2048,splat_dataset1_sfm_1024_sift_global_res2048_patch800_2m,splat_dataset1_sfm_1024_sift_global_res2048_patch800_stage2,patch,p006,COMPLETE,complete,800,2000000,,0.6877027207460159,22.117386502212536,0.5226364418482169,python_full_resolution_undistorted,full_resolution_undistorted,5363,4712,1179.885,2000000,12192,15171,completed_requested_iterations,,2026-07-12T19:03:22.842007+00:00,s3://3dreefs-ben-eu-north1/experiments/ablations/stage2_resolution_fullres_eval/runs/splat_dataset1_sfm_1024_sift_global_res2048_patch800_stage2/ablation_eval/results_splat.csv
D1,dataset1,1024,sift,global,2048,splat_dataset1_sfm_1024_sift_global_res2048_patch800_2m,splat_dataset1_sfm_1024_sift_global_res2048_patch800_stage2,patch,p008,COMPLETE,complete,800,2000000,,0.6735978846426134,21.81130420386915,0.5234159022182613,python_full_resolution_undistorted,full_resolution_undistorted,5363,4712,1177.729,2000000,12156,15147,completed_requested_iterations,,2026-07-12T19:38:02.742773+00:00,s3://3dreefs-ben-eu-north1/experiments/ablations/stage2_resolution_fullres_eval/runs/splat_dataset1_sfm_1024_sift_global_res2048_patch800_stage2/ablation_eval/results_splat.csv
D1,dataset1,1024,sift,global,2048,splat_dataset1_sfm_1024_sift_global_res2048_patch800_2m,splat_dataset1_sfm_1024_sift_global_res2048_patch800_stage2,patch,p009,COMPLETE,complete,800,2000000,,0.6775045701559039,22.148249091643244,0.5198250110598578,python_full_resolution_undistorted,full_resolution_undistorted,5347,4691,1137.031,2000000,11582,15035,completed_requested_iterations,,2026-07-12T20:10:03.264420+00:00,s3://3dreefs-ben-eu-north1/experiments/ablations/stage2_resolution_fullres_eval/runs/splat_dataset1_sfm_1024_sift_global_res2048_patch800_stage2/ablation_eval/results_splat.csv
D1,dataset1,1024,sift,global,2048,splat_dataset1_sfm_1024_sift_global_res2048_patch800_2m,splat_dataset1_sfm_1024_sift_global_res2048_patch800_stage2,patch,p011,COMPLETE,complete,800,2000000,,0.6822812096982063,21.711084406715496,0.5314218843285041,python_full_resolution_undistorted,full_resolution_undistorted,5347,4691,1185.115,2000000,12151,15189,completed_requested_iterations,,2026-07-12T20:44:33.778091+00:00,s3://3dreefs-ben-eu-north1/experiments/ablations/stage2_resolution_fullres_eval/runs/splat_dataset1_sfm_1024_sift_global_res2048_patch800_stage2/ablation_eval/results_splat.csv
D1,dataset1,1024,sift,global,2048,splat_dataset1_sfm_1024_sift_global_res2048_patch800_2m,splat_dataset1_sfm_1024_sift_global_res2048_patch800_stage2,patch,p012,COMPLETE,complete,800,2000000,,0.7121435403823853,22.471146435284194,0.5076662604179647,python_full_resolution_undistorted,full_resolution_undistorted,5347,4691,1157.395,2000000,12036,15335,completed_requested_iterations,,2026-07-12T21:17:17.024355+00:00,s3://3dreefs-ben-eu-north1/experiments/ablations/stage2_resolution_fullres_eval/runs/splat_dataset1_sfm_1024_sift_global_res2048_patch800_stage2/ablation_eval/results_splat.csv
D1,dataset1,1024,sift,global,2048,splat_dataset1_sfm_1024_sift_global_res2048_patch800_2m,splat_dataset1_sfm_1024_sift_global_res2048_patch800_stage2,patch,p014,COMPLETE,complete,800,2000000,,0.682099375543715,21.608320962952128,0.549192908443982,python_full_resolution_undistorted,full_resolution_undistorted,5363,4712,1203.118,2000000,12954,15181,completed_requested_iterations,,2026-07-12T21:51:53.172770+00:00,s3://3dreefs-ben-eu-north1/experiments/ablations/stage2_resolution_fullres_eval/runs/splat_dataset1_sfm_1024_sift_global_res2048_patch800_stage2/ablation_eval/results_splat.csv
D1,dataset1,1024,sift,global,2048,splat_dataset1_sfm_1024_sift_global_res2048_patch800_500k,splat_dataset1_sfm_1024_sift_global_res2048_patch800_stage2,patch,p000,COMPLETE,complete,800,500000,,0.6585458636283874,21.580473703739383,0.6437159962952137,python_full_resolution_undistorted,full_resolution_undistorted,5347,4691,955.463,500000,11168,7281,completed_requested_iterations,,2026-07-12T05:53:35.984415+00:00,s3://3dreefs-ben-eu-north1/experiments/ablations/stage2_resolution_fullres_eval/runs/splat_dataset1_sfm_1024_sift_global_res2048_patch800_stage2/ablation_eval/results_splat.csv
D1,dataset1,1024,sift,global,2048,splat_dataset1_sfm_1024_sift_global_res2048_patch800_500k,splat_dataset1_sfm_1024_sift_global_res2048_patch800_stage2,patch,p002,COMPLETE,complete,800,500000,,0.6690260618925095,22.060214878542396,0.6528974868357181,python_full_resolution_undistorted,full_resolution_undistorted,5347,4691,859.432,500000,11746,11877,completed_requested_iterations,,2026-07-12T06:22:26.222464+00:00,s3://3dreefs-ben-eu-north1/experiments/ablations/stage2_resolution_fullres_eval/runs/splat_dataset1_sfm_1024_sift_global_res2048_patch800_stage2/ablation_eval/results_splat.csv
D1,dataset1,1024,sift,global,2048,splat_dataset1_sfm_1024_sift_global_res2048_patch800_500k,splat_dataset1_sfm_1024_sift_global_res2048_patch800_stage2,patch,p003,COMPLETE,complete,800,500000,,0.6760672345757485,22.13013675452788,0.639694157242775,python_full_resolution_undistorted,full_resolution_undistorted,5347,4691,911.811,500000,11835,11845,completed_requested_iterations,,2026-07-12T06:52:28.562405+00:00,s3://3dreefs-ben-eu-north1/experiments/ablations/stage2_resolution_fullres_eval/runs/splat_dataset1_sfm_1024_sift_global_res2048_patch800_stage2/ablation_eval/results_splat.csv
D1,dataset1,1024,sift,global,2048,splat_dataset1_sfm_1024_sift_global_res2048_patch800_500k,splat_dataset1_sfm_1024_sift_global_res2048_patch800_stage2,patch,p005,COMPLETE,complete,800,500000,,0.6564188309013843,21.941674711097818,0.6537310063838959,python_full_resolution_undistorted,full_resolution_undistorted,5347,4691,851.611,500000,11875,11845,completed_requested_iterations,,2026-07-12T07:21:38.070064+00:00,s3://3dreefs-ben-eu-north1/experiments/ablations/stage2_resolution_fullres_eval/runs/splat_dataset1_sfm_1024_sift_global_res2048_patch800_stage2/ablation_eval/results_splat.csv
D1,dataset1,1024,sift,global,2048,splat_dataset1_sfm_1024_sift_global_res2048_patch800_500k,splat_dataset1_sfm_1024_sift_global_res2048_patch800_stage2,patch,p006,COMPLETE,complete,800,500000,,0.6357432122413929,21.18215840090737,0.6361005107561747,python_full_resolution_undistorted,full_resolution_undistorted,5363,4712,914.8,500000,11997,11737,completed_requested_iterations,,2026-07-12T07:51:35.574555+00:00,s3://3dreefs-ben-eu-north1/experiments/ablations/stage2_resolution_fullres_eval/runs/splat_dataset1_sfm_1024_sift_global_res2048_patch800_stage2/ablation_eval/results_splat.csv
D1,dataset1,1024,sift,global,2048,splat_dataset1_sfm_1024_sift_global_res2048_patch800_500k,splat_dataset1_sfm_1024_sift_global_res2048_patch800_stage2,patch,p008,COMPLETE,complete,800,500000,,0.6250179324831281,21.066668596737223,0.635760829046175,python_full_resolution_undistorted,full_resolution_undistorted,5363,4712,903.887,500000,11977,11735,completed_requested_iterations,,2026-07-12T08:21:00.036451+00:00,s3://3dreefs-ben-eu-north1/experiments/ablations/stage2_resolution_fullres_eval/runs/splat_dataset1_sfm_1024_sift_global_res2048_patch800_stage2/ablation_eval/results_splat.csv
D1,dataset1,1024,sift,global,2048,splat_dataset1_sfm_1024_sift_global_res2048_patch800_500k,splat_dataset1_sfm_1024_sift_global_res2048_patch800_stage2,patch,p009,COMPLETE,complete,800,500000,,0.6319018451200016,21.285738255095847,0.631838303545247,python_full_resolution_undistorted,full_resolution_undistorted,5347,4691,862.424,500000,11422,11701,completed_requested_iterations,,2026-07-12T08:47:59.867873+00:00,s3://3dreefs-ben-eu-north1/experiments/ablations/stage2_resolution_fullres_eval/runs/splat_dataset1_sfm_1024_sift_global_res2048_patch800_stage2/ablation_eval/results_splat.csv
D1,dataset1,1024,sift,global,2048,splat_dataset1_sfm_1024_sift_global_res2048_patch800_500k,splat_dataset1_sfm_1024_sift_global_res2048_patch800_stage2,patch,p011,COMPLETE,complete,800,500000,,0.6415317880956433,21.058209118911126,0.6328144986418229,python_full_resolution_undistorted,full_resolution_undistorted,5347,4691,897.822,500000,12041,12131,completed_requested_iterations,,2026-07-12T09:17:19.322366+00:00,s3://3dreefs-ben-eu-north1/experiments/ablations/stage2_resolution_fullres_eval/runs/splat_dataset1_sfm_1024_sift_global_res2048_patch800_stage2/ablation_eval/results_splat.csv
D1,dataset1,1024,sift,global,2048,splat_dataset1_sfm_1024_sift_global_res2048_patch800_500k,splat_dataset1_sfm_1024_sift_global_res2048_patch800_stage2,patch,p012,COMPLETE,complete,800,500000,,0.6696288453208076,21.71215216484441,0.6120627696315447,python_full_resolution_undistorted,full_resolution_undistorted,5347,4691,880.335,500000,11517,11639,completed_requested_iterations,,2026-07-12T09:45:34.802487+00:00,s3://3dreefs-ben-eu-north1/experiments/ablations/stage2_resolution_fullres_eval/runs/splat_dataset1_sfm_1024_sift_global_res2048_patch800_stage2/ablation_eval/results_splat.csv
D1,dataset1,1024,sift,global,2048,splat_dataset1_sfm_1024_sift_global_res2048_patch800_500k,splat_dataset1_sfm_1024_sift_global_res2048_patch800_stage2,patch,p014,COMPLETE,complete,800,500000,,0.6424385248860226,20.965862076125216,0.6421814545800414,python_full_resolution_undistorted,full_resolution_undistorted,5363,4712,886.935,500000,12078,11841,completed_requested_iterations,,2026-07-12T10:15:09.940680+00:00,s3://3dreefs-ben-eu-north1/experiments/ablations/stage2_resolution_fullres_eval/runs/splat_dataset1_sfm_1024_sift_global_res2048_patch800_stage2/ablation_eval/results_splat.csv
D1,dataset1,1024,sift,global,full,splat_dataset1_sfm_1024_sift_global_resfull_patch200_1m,splat_dataset1_sfm_1024_sift_global_resfull_patch200_stage2,patch,p000,COMPLETE,complete,200,1000000,,0.7286447823047638,23.958185186962158,0.5107188165187836,python_full_resolution_undistorted,full_resolution_undistorted,5347,4691,3293.517,1000000,9918,7281,completed_requested_iterations,,2026-07-12T16:23:49.757227+00:00,s3://3dreefs-ben-eu-north1/experiments/ablations/stage2_resolution_fullres_eval/runs/splat_dataset1_sfm_1024_sift_global_resfull_patch200_stage2/ablation_eval/results_splat.csv
D1,dataset1,1024,sift,global,full,splat_dataset1_sfm_1024_sift_global_resfull_patch200_1m,splat_dataset1_sfm_1024_sift_global_resfull_patch200_stage2,patch,p008,COMPLETE,complete,200,1000000,,0.7521892885367075,24.39114042201171,0.47357818318737877,python_full_resolution_undistorted,full_resolution_undistorted,5347,4691,3378.502,1000000,10500,13421,completed_requested_iterations,,2026-07-12T17:23:40.249207+00:00,s3://3dreefs-ben-eu-north1/experiments/ablations/stage2_resolution_fullres_eval/runs/splat_dataset1_sfm_1024_sift_global_resfull_patch200_stage2/ablation_eval/results_splat.csv
D1,dataset1,1024,sift,global,full,splat_dataset1_sfm_1024_sift_global_resfull_patch200_1m,splat_dataset1_sfm_1024_sift_global_resfull_patch200_stage2,patch,p017,COMPLETE,complete,200,1000000,,0.7460074958048368,24.116013653837353,0.5062455676103893,python_full_resolution_undistorted,full_resolution_undistorted,5347,4691,3229.32,1000000,10428,13337,completed_requested_iterations,,2026-07-12T18:21:11.844323+00:00,s3://3dreefs-ben-eu-north1/experiments/ablations/stage2_resolution_fullres_eval/runs/splat_dataset1_sfm_1024_sift_global_resfull_patch200_stage2/ablation_eval/results_splat.csv
D1,dataset1,1024,sift,global,full,splat_dataset1_sfm_1024_sift_global_resfull_patch200_1m,splat_dataset1_sfm_1024_sift_global_resfull_patch200_stage2,patch,p025,COMPLETE,complete,200,1000000,,0.7290066579977671,23.364446989194377,0.4753466198841731,python_full_resolution_undistorted,full_resolution_undistorted,5347,4691,3102.843,1000000,10716,13425,completed_requested_iterations,,2026-07-12T19:16:29.268000+00:00,s3://3dreefs-ben-eu-north1/experiments/ablations/stage2_resolution_fullres_eval/runs/splat_dataset1_sfm_1024_sift_global_resfull_patch200_stage2/ablation_eval/results_splat.csv
D1,dataset1,1024,sift,global,full,splat_dataset1_sfm_1024_sift_global_resfull_patch200_1m,splat_dataset1_sfm_1024_sift_global_resfull_patch200_stage2,patch,p034,COMPLETE,complete,200,1000000,,0.7125008271800147,23.146035633686427,0.4881887204117245,python_full_resolution_undistorted,full_resolution_undistorted,5347,4691,3471.797,1000000,10403,13579,completed_requested_iterations,,2026-07-12T20:17:52.256888+00:00,s3://3dreefs-ben-eu-north1/experiments/ablations/stage2_resolution_fullres_eval/runs/splat_dataset1_sfm_1024_sift_global_resfull_patch200_stage2/ablation_eval/results_splat.csv
D1,dataset1,1024,sift,global,full,splat_dataset1_sfm_1024_sift_global_resfull_patch200_1m,splat_dataset1_sfm_1024_sift_global_resfull_patch200_stage2,patch,p042,COMPLETE,complete,200,1000000,,0.6796924233436584,22.466982521118346,0.48843812545140586,python_full_resolution_undistorted,full_resolution_undistorted,5347,4691,3319.427,1000000,10087,13311,completed_requested_iterations,,2026-07-12T21:16:12.143398+00:00,s3://3dreefs-ben-eu-north1/experiments/ablations/stage2_resolution_fullres_eval/runs/splat_dataset1_sfm_1024_sift_global_resfull_patch200_stage2/ablation_eval/results_splat.csv
D1,dataset1,1024,sift,global,full,splat_dataset1_sfm_1024_sift_global_resfull_patch200_1m,splat_dataset1_sfm_1024_sift_global_resfull_patch200_stage2,patch,p051,COMPLETE,complete,200,1000000,,0.7185600668191909,23.69769401432921,0.5260232910513878,python_full_resolution_undistorted,full_resolution_undistorted,5347,4691,3543.414,1000000,10704,13429,completed_requested_iterations,,2026-07-12T22:19:09.527001+00:00,s3://3dreefs-ben-eu-north1/experiments/ablations/stage2_resolution_fullres_eval/runs/splat_dataset1_sfm_1024_sift_global_resfull_patch200_stage2/ablation_eval/results_splat.csv
D1,dataset1,1024,sift,global,full,splat_dataset1_sfm_1024_sift_global_resfull_patch200_1m,splat_dataset1_sfm_1024_sift_global_resfull_patch200_stage2,patch,p059,COMPLETE,complete,200,1000000,,0.6899955749511719,22.44487015949419,0.5185632556676865,python_full_resolution_undistorted,full_resolution_undistorted,5347,4691,3060.517,1000000,10868,13267,completed_requested_iterations,,2026-07-12T23:14:02.379755+00:00,s3://3dreefs-ben-eu-north1/experiments/ablations/stage2_resolution_fullres_eval/runs/splat_dataset1_sfm_1024_sift_global_resfull_patch200_stage2/ablation_eval/results_splat.csv
D1,dataset1,1024,sift,global,full,splat_dataset1_sfm_1024_sift_global_resfull_patch200_1m,splat_dataset1_sfm_1024_sift_global_resfull_patch200_stage2,patch,p068,COMPLETE,complete,200,1000000,,0.6628321886062623,21.877081656798687,0.549677537381649,python_full_resolution_undistorted,full_resolution_undistorted,5363,4712,3260.908,1000000,11059,13269,completed_requested_iterations,,2026-07-13T00:12:26.976690+00:00,s3://3dreefs-ben-eu-north1/experiments/ablations/stage2_resolution_fullres_eval/runs/splat_dataset1_sfm_1024_sift_global_resfull_patch200_stage2/ablation_eval/results_splat.csv
D1,dataset1,1024,sift,global,full,splat_dataset1_sfm_1024_sift_global_resfull_patch200_1m,splat_dataset1_sfm_1024_sift_global_resfull_patch200_stage2,patch,p076,COMPLETE,complete,200,1000000,,0.7042509714762369,22.506056751435462,0.5101579626401266,python_full_resolution_undistorted,full_resolution_undistorted,5363,4712,3239.477,1000000,10504,13287,completed_requested_iterations,,2026-07-13T01:09:57.656830+00:00,s3://3dreefs-ben-eu-north1/experiments/ablations/stage2_resolution_fullres_eval/runs/splat_dataset1_sfm_1024_sift_global_resfull_patch200_stage2/ablation_eval/results_splat.csv
D1,dataset1,1024,sift,global,full,splat_dataset1_sfm_1024_sift_global_resfull_patch200_2m,splat_dataset1_sfm_1024_sift_global_resfull_patch200_stage2,patch,p000,COMPLETE,complete,200,2000000,,0.7380420714616776,24.145987237597943,0.4677883222699165,python_full_resolution_undistorted,full_resolution_undistorted,5347,4691,3695.556,2000000,9912,7281,completed_requested_iterations,,2026-07-13T02:39:04.140353+00:00,s3://3dreefs-ben-eu-north1/experiments/ablations/stage2_resolution_fullres_eval/runs/splat_dataset1_sfm_1024_sift_global_resfull_patch200_stage2/ablation_eval/results_splat.csv
D1,dataset1,1024,sift,global,full,splat_dataset1_sfm_1024_sift_global_resfull_patch200_2m,splat_dataset1_sfm_1024_sift_global_resfull_patch200_stage2,patch,p008,COMPLETE,complete,200,2000000,,0.7635872662067413,24.70647259092427,0.4316715697447459,python_full_resolution_undistorted,full_resolution_undistorted,5347,4691,3634.808,2000000,10393,13847,completed_requested_iterations,,2026-07-13T03:43:15.915328+00:00,s3://3dreefs-ben-eu-north1/experiments/ablations/stage2_resolution_fullres_eval/runs/splat_dataset1_sfm_1024_sift_global_resfull_patch200_stage2/ablation_eval/results_splat.csv
D1,dataset1,1024,sift,global,full,splat_dataset1_sfm_1024_sift_global_resfull_patch200_2m,splat_dataset1_sfm_1024_sift_global_resfull_patch200_stage2,patch,p017,COMPLETE,complete,200,2000000,,0.7617848703735753,24.479990942978894,0.45910350272530004,python_full_resolution_undistorted,full_resolution_undistorted,5347,4691,3771.386,2000000,11164,13925,completed_requested_iterations,,2026-07-13T04:49:55.145888+00:00,s3://3dreefs-ben-eu-north1/experiments/ablations/stage2_resolution_fullres_eval/runs/splat_dataset1_sfm_1024_sift_global_resfull_patch200_stage2/ablation_eval/results_splat.csv
D1,dataset1,1024,sift,global,full,splat_dataset1_sfm_1024_sift_global_resfull_patch200_2m,splat_dataset1_sfm_1024_sift_global_resfull_patch200_stage2,patch,p025,COMPLETE,complete,200,2000000,,0.7391329142782423,23.51769318827039,0.43467410074339974,python_full_resolution_undistorted,full_resolution_undistorted,5347,4691,3467.257,2000000,10597,13813,completed_requested_iterations,,2026-07-13T05:51:28.895425+00:00,s3://3dreefs-ben-eu-north1/experiments/ablations/stage2_resolution_fullres_eval/runs/splat_dataset1_sfm_1024_sift_global_resfull_patch200_stage2/ablation_eval/results_splat.csv
D1,dataset1,1024,sift,global,full,splat_dataset1_sfm_1024_sift_global_resfull_patch200_2m,splat_dataset1_sfm_1024_sift_global_resfull_patch200_stage2,patch,p034,COMPLETE,complete,200,2000000,,0.725201408068339,23.432897714635786,0.44311226573255325,python_full_resolution_undistorted,full_resolution_undistorted,5347,4691,4375.792,2000000,10315,14931,completed_requested_iterations,,2026-07-13T07:08:08.764572+00:00,s3://3dreefs-ben-eu-north1/experiments/ablations/stage2_resolution_fullres_eval/runs/splat_dataset1_sfm_1024_sift_global_resfull_patch200_stage2/ablation_eval/results_splat.csv
D1,dataset1,1024,sift,global,full,splat_dataset1_sfm_1024_sift_global_resfull_patch200_2m,splat_dataset1_sfm_1024_sift_global_resfull_patch200_stage2,patch,p042,COMPLETE,complete,200,2000000,,0.6903806527455648,22.62665091006449,0.44336689114570615,python_full_resolution_undistorted,full_resolution_undistorted,5347,4691,3521.725,2000000,10052,13637,completed_requested_iterations,,2026-07-13T08:09:51.359702+00:00,s3://3dreefs-ben-eu-north1/experiments/ablations/stage2_resolution_fullres_eval/runs/splat_dataset1_sfm_1024_sift_global_resfull_patch200_stage2/ablation_eval/results_splat.csv
D1,dataset1,1024,sift,global,full,splat_dataset1_sfm_1024_sift_global_resfull_patch200_2m,splat_dataset1_sfm_1024_sift_global_resfull_patch200_stage2,patch,p051,COMPLETE,complete,200,2000000,,0.7322632759809494,23.86359422015037,0.4781345158815384,python_full_resolution_undistorted,full_resolution_undistorted,5347,4691,3586.597,2000000,10636,13875,completed_requested_iterations,,2026-07-13T09:13:46.425707+00:00,s3://3dreefs-ben-eu-north1/experiments/ablations/stage2_resolution_fullres_eval/runs/splat_dataset1_sfm_1024_sift_global_resfull_patch200_stage2/ablation_eval/results_splat.csv
D1,dataset1,1024,sift,global,full,splat_dataset1_sfm_1024_sift_global_resfull_patch200_2m,splat_dataset1_sfm_1024_sift_global_resfull_patch200_stage2,patch,p059,COMPLETE,complete,200,2000000,,0.7024433493614197,22.666679227765044,0.47202658355236055,python_full_resolution_undistorted,full_resolution_undistorted,5347,4691,3460.008,2000000,10792,13815,completed_requested_iterations,,2026-07-13T10:15:38.639511+00:00,s3://3dreefs-ben-eu-north1/experiments/ablations/stage2_resolution_fullres_eval/runs/splat_dataset1_sfm_1024_sift_global_resfull_patch200_stage2/ablation_eval/results_splat.csv
D1,dataset1,1024,sift,global,full,splat_dataset1_sfm_1024_sift_global_resfull_patch200_2m,splat_dataset1_sfm_1024_sift_global_resfull_patch200_stage2,patch,p068,COMPLETE,complete,200,2000000,,0.6746018946170806,22.066239745571018,0.5028212502598762,python_full_resolution_undistorted,full_resolution_undistorted,5363,4712,3465.339,2000000,10780,13785,completed_requested_iterations,,2026-07-13T11:17:36.219475+00:00,s3://3dreefs-ben-eu-north1/experiments/ablations/stage2_resolution_fullres_eval/runs/splat_dataset1_sfm_1024_sift_global_resfull_patch200_stage2/ablation_eval/results_splat.csv
D1,dataset1,1024,sift,global,full,splat_dataset1_sfm_1024_sift_global_resfull_patch200_2m,splat_dataset1_sfm_1024_sift_global_resfull_patch200_stage2,patch,p076,COMPLETE,complete,200,2000000,,0.7093493574195437,22.566621991959448,0.4723701824744542,python_full_resolution_undistorted,full_resolution_undistorted,5363,4712,3549.681,2000000,10411,13675,completed_requested_iterations,,2026-07-13T12:20:30.842847+00:00,s3://3dreefs-ben-eu-north1/experiments/ablations/stage2_resolution_fullres_eval/runs/splat_dataset1_sfm_1024_sift_global_resfull_patch200_stage2/ablation_eval/results_splat.csv
D1,dataset1,1024,sift,global,full,splat_dataset1_sfm_1024_sift_global_resfull_patch200_500k,splat_dataset1_sfm_1024_sift_global_resfull_patch200_stage2,patch,p000,COMPLETE,complete,200,500000,,0.7120099127292633,23.584824853216936,0.5608352899551392,python_full_resolution_undistorted,full_resolution_undistorted,5347,4691,2965.85,500000,10143,7281,completed_requested_iterations,,2026-07-12T07:15:37.761140+00:00,s3://3dreefs-ben-eu-north1/experiments/ablations/stage2_resolution_fullres_eval/runs/splat_dataset1_sfm_1024_sift_global_resfull_patch200_stage2/ablation_eval/results_splat.csv
D1,dataset1,1024,sift,global,full,splat_dataset1_sfm_1024_sift_global_resfull_patch200_500k,splat_dataset1_sfm_1024_sift_global_resfull_patch200_stage2,patch,p008,COMPLETE,complete,200,500000,,0.7334741022851732,23.961867352605644,0.5237176136838065,python_full_resolution_undistorted,full_resolution_undistorted,5347,4691,2958.558,500000,10961,12997,completed_requested_iterations,,2026-07-12T08:08:02.039561+00:00,s3://3dreefs-ben-eu-north1/experiments/ablations/stage2_resolution_fullres_eval/runs/splat_dataset1_sfm_1024_sift_global_resfull_patch200_stage2/ablation_eval/results_splat.csv
D1,dataset1,1024,sift,global,full,splat_dataset1_sfm_1024_sift_global_resfull_patch200_500k,splat_dataset1_sfm_1024_sift_global_resfull_patch200_stage2,patch,p017,COMPLETE,complete,200,500000,,0.7234206356500325,23.638850658341344,0.5600752752078207,python_full_resolution_undistorted,full_resolution_undistorted,5347,4691,2812.757,500000,10893,12993,completed_requested_iterations,,2026-07-12T08:58:09.494091+00:00,s3://3dreefs-ben-eu-north1/experiments/ablations/stage2_resolution_fullres_eval/runs/splat_dataset1_sfm_1024_sift_global_resfull_patch200_stage2/ablation_eval/results_splat.csv
D1,dataset1,1024,sift,global,full,splat_dataset1_sfm_1024_sift_global_resfull_patch200_500k,splat_dataset1_sfm_1024_sift_global_resfull_patch200_stage2,patch,p025,COMPLETE,complete,200,500000,,0.7062567803594801,22.820824037818333,0.5320677326785194,python_full_resolution_undistorted,full_resolution_undistorted,5347,4691,2878.169,500000,11097,13063,completed_requested_iterations,,2026-07-12T09:49:22.473151+00:00,s3://3dreefs-ben-eu-north1/experiments/ablations/stage2_resolution_fullres_eval/runs/splat_dataset1_sfm_1024_sift_global_resfull_patch200_stage2/ablation_eval/results_splat.csv
D1,dataset1,1024,sift,global,full,splat_dataset1_sfm_1024_sift_global_resfull_patch200_500k,splat_dataset1_sfm_1024_sift_global_resfull_patch200_stage2,patch,p034,COMPLETE,complete,200,500000,,0.6921823024749756,22.76841300780527,0.5418169995148977,python_full_resolution_undistorted,full_resolution_undistorted,5347,4691,2907.597,500000,10803,12951,completed_requested_iterations,,2026-07-12T10:40:56.082854+00:00,s3://3dreefs-ben-eu-north1/experiments/ablations/stage2_resolution_fullres_eval/runs/splat_dataset1_sfm_1024_sift_global_resfull_patch200_stage2/ablation_eval/results_splat.csv
D1,dataset1,1024,sift,global,full,splat_dataset1_sfm_1024_sift_global_resfull_patch200_500k,splat_dataset1_sfm_1024_sift_global_resfull_patch200_stage2,patch,p042,COMPLETE,complete,200,500000,,0.6600241978963216,22.077101415005707,0.5468411048253378,python_full_resolution_undistorted,full_resolution_undistorted,5347,4691,2991.932,500000,10597,12881,completed_requested_iterations,,2026-07-12T11:33:23.646074+00:00,s3://3dreefs-ben-eu-north1/experiments/ablations/stage2_resolution_fullres_eval/runs/splat_dataset1_sfm_1024_sift_global_resfull_patch200_stage2/ablation_eval/results_splat.csv
D1,dataset1,1024,sift,global,full,splat_dataset1_sfm_1024_sift_global_resfull_patch200_500k,splat_dataset1_sfm_1024_sift_global_resfull_patch200_stage2,patch,p051,COMPLETE,complete,200,500000,,0.6941291153430938,23.167801940575256,0.5815679162740708,python_full_resolution_undistorted,full_resolution_undistorted,5347,4691,2837.371,500000,11137,13067,completed_requested_iterations,,2026-07-12T12:24:17.653910+00:00,s3://3dreefs-ben-eu-north1/experiments/ablations/stage2_resolution_fullres_eval/runs/splat_dataset1_sfm_1024_sift_global_resfull_patch200_stage2/ablation_eval/results_splat.csv
D1,dataset1,1024,sift,global,full,splat_dataset1_sfm_1024_sift_global_resfull_patch200_500k,splat_dataset1_sfm_1024_sift_global_resfull_patch200_stage2,patch,p059,COMPLETE,complete,200,500000,,0.6684817701578141,22.045085909966623,0.5720563247799874,python_full_resolution_undistorted,full_resolution_undistorted,5347,4691,2894.799,500000,11311,12973,completed_requested_iterations,,2026-07-12T13:16:04.223382+00:00,s3://3dreefs-ben-eu-north1/experiments/ablations/stage2_resolution_fullres_eval/runs/splat_dataset1_sfm_1024_sift_global_resfull_patch200_stage2/ablation_eval/results_splat.csv
D1,dataset1,1024,sift,global,full,splat_dataset1_sfm_1024_sift_global_resfull_patch200_500k,splat_dataset1_sfm_1024_sift_global_resfull_patch200_stage2,patch,p068,COMPLETE,complete,200,500000,,0.643184357881546,21.45169986606587,0.6029944270849228,python_full_resolution_undistorted,full_resolution_undistorted,5363,4712,2948.191,500000,11192,13159,completed_requested_iterations,,2026-07-12T14:08:49.252332+00:00,s3://3dreefs-ben-eu-north1/experiments/ablations/stage2_resolution_fullres_eval/runs/splat_dataset1_sfm_1024_sift_global_resfull_patch200_stage2/ablation_eval/results_splat.csv
D1,dataset1,1024,sift,global,full,splat_dataset1_sfm_1024_sift_global_resfull_patch200_500k,splat_dataset1_sfm_1024_sift_global_resfull_patch200_stage2,patch,p076,COMPLETE,complete,200,500000,,0.6917055878374312,22.288295576737333,0.554475400182936,python_full_resolution_undistorted,full_resolution_undistorted,5363,4712,2884.348,500000,10867,12957,completed_requested_iterations,,2026-07-12T15:00:09.358469+00:00,s3://3dreefs-ben-eu-north1/experiments/ablations/stage2_resolution_fullres_eval/runs/splat_dataset1_sfm_1024_sift_global_resfull_patch200_stage2/ablation_eval/results_splat.csv
D1,dataset1,1024,sift,global,full,splat_dataset1_sfm_1024_sift_global_resfull_patch400_1m,splat_dataset1_sfm_1024_sift_global_resfull_patch400_stage2,patch,p000,COMPLETE,complete,400,1000000,,0.7234976500272751,23.7931678343079,0.5642283231019973,python_full_resolution_undistorted,full_resolution_undistorted,5347,4691,3566.508,1000000,13008,7281,completed_requested_iterations,,2026-07-12T17:46:30.940185+00:00,s3://3dreefs-ben-eu-north1/experiments/ablations/stage2_resolution_fullres_eval/runs/splat_dataset1_sfm_1024_sift_global_resfull_patch400_stage2/ablation_eval/results_splat.csv
D1,dataset1,1024,sift,global,full,splat_dataset1_sfm_1024_sift_global_resfull_patch400_1m,splat_dataset1_sfm_1024_sift_global_resfull_patch400_stage2,patch,p003,COMPLETE,complete,400,1000000,,0.6985692183176676,22.663637199620123,0.5462425098969386,python_full_resolution_undistorted,full_resolution_undistorted,5347,4691,3243.84,1000000,13525,13277,completed_requested_iterations,,2026-07-12T18:48:06.845684+00:00,s3://3dreefs-ben-eu-north1/experiments/ablations/stage2_resolution_fullres_eval/runs/splat_dataset1_sfm_1024_sift_global_resfull_patch400_stage2/ablation_eval/results_splat.csv
D1,dataset1,1024,sift,global,full,splat_dataset1_sfm_1024_sift_global_resfull_patch400_1m,splat_dataset1_sfm_1024_sift_global_resfull_patch400_stage2,patch,p007,COMPLETE,complete,400,1000000,,0.7407558543814553,24.144325698534576,0.5186382234096527,python_full_resolution_undistorted,full_resolution_undistorted,5363,4712,3529.199,1000000,13720,13633,completed_requested_iterations,,2026-07-12T19:53:58.352144+00:00,s3://3dreefs-ben-eu-north1/experiments/ablations/stage2_resolution_fullres_eval/runs/splat_dataset1_sfm_1024_sift_global_resfull_patch400_stage2/ablation_eval/results_splat.csv
D1,dataset1,1024,sift,global,full,splat_dataset1_sfm_1024_sift_global_resfull_patch400_1m,splat_dataset1_sfm_1024_sift_global_resfull_patch400_stage2,patch,p010,COMPLETE,complete,400,1000000,,0.7064461395144462,22.826153162594377,0.545446228981018,python_full_resolution_undistorted,full_resolution_undistorted,5363,4712,3139.102,1000000,13473,13343,completed_requested_iterations,,2026-07-12T20:54:07.159054+00:00,s3://3dreefs-ben-eu-north1/experiments/ablations/stage2_resolution_fullres_eval/runs/splat_dataset1_sfm_1024_sift_global_resfull_patch400_stage2/ablation_eval/results_splat.csv
D1,dataset1,1024,sift,global,full,splat_dataset1_sfm_1024_sift_global_resfull_patch400_1m,splat_dataset1_sfm_1024_sift_global_resfull_patch400_stage2,patch,p014,COMPLETE,complete,400,1000000,,0.6658854029680553,21.705674774881146,0.5726225744736823,python_full_resolution_undistorted,full_resolution_undistorted,5347,4691,3218.058,1000000,13606,13331,completed_requested_iterations,,2026-07-12T21:55:18.137506+00:00,s3://3dreefs-ben-eu-north1/experiments/ablations/stage2_resolution_fullres_eval/runs/splat_dataset1_sfm_1024_sift_global_resfull_patch400_stage2/ablation_eval/results_splat.csv
D1,dataset1,1024,sift,global,full,splat_dataset1_sfm_1024_sift_global_resfull_patch400_1m,splat_dataset1_sfm_1024_sift_global_resfull_patch400_stage2,patch,p017,COMPLETE,complete,400,1000000,,0.6873073741793633,22.82903762754513,0.5442385315895081,python_full_resolution_undistorted,full_resolution_undistorted,5363,4712,3681.219,1000000,13734,14077,completed_requested_iterations,,2026-07-12T23:04:25.859266+00:00,s3://3dreefs-ben-eu-north1/experiments/ablations/stage2_resolution_fullres_eval/runs/splat_dataset1_sfm_1024_sift_global_resfull_patch400_stage2/ablation_eval/results_splat.csv
D1,dataset1,1024,sift,global,full,splat_dataset1_sfm_1024_sift_global_resfull_patch400_1m,splat_dataset1_sfm_1024_sift_global_resfull_patch400_stage2,patch,p021,COMPLETE,complete,400,1000000,,0.6653902185590643,21.716786375554413,0.5584536877117658,python_full_resolution_undistorted,full_resolution_undistorted,5347,4691,3145.715,1000000,13498,13299,completed_requested_iterations,,2026-07-13T00:04:14.191584+00:00,s3://3dreefs-ben-eu-north1/experiments/ablations/stage2_resolution_fullres_eval/runs/splat_dataset1_sfm_1024_sift_global_resfull_patch400_stage2/ablation_eval/results_splat.csv
D1,dataset1,1024,sift,global,full,splat_dataset1_sfm_1024_sift_global_resfull_patch400_1m,splat_dataset1_sfm_1024_sift_global_resfull_patch400_stage2,patch,p024,COMPLETE,complete,400,1000000,,0.6998219177126884,22.89297364269426,0.5471159093081951,python_full_resolution_undistorted,full_resolution_undistorted,5347,4691,3344.74,1000000,13656,13477,completed_requested_iterations,,2026-07-13T01:07:44.226117+00:00,s3://3dreefs-ben-eu-north1/experiments/ablations/stage2_resolution_fullres_eval/runs/splat_dataset1_sfm_1024_sift_global_resfull_patch400_stage2/ablation_eval/results_splat.csv
D1,dataset1,1024,sift,global,full,splat_dataset1_sfm_1024_sift_global_resfull_patch400_1m,splat_dataset1_sfm_1024_sift_global_resfull_patch400_stage2,patch,p028,COMPLETE,complete,400,1000000,,0.6666027680039406,21.94496131499065,0.588569913059473,python_full_resolution_undistorted,full_resolution_undistorted,5347,4691,3169.451,1000000,13704,13215,completed_requested_iterations,,2026-07-13T02:08:12.770959+00:00,s3://3dreefs-ben-eu-north1/experiments/ablations/stage2_resolution_fullres_eval/runs/splat_dataset1_sfm_1024_sift_global_resfull_patch400_stage2/ablation_eval/results_splat.csv
D1,dataset1,1024,sift,global,full,splat_dataset1_sfm_1024_sift_global_resfull_patch400_1m,splat_dataset1_sfm_1024_sift_global_resfull_patch400_stage2,patch,p031,COMPLETE,complete,400,1000000,,0.6906151954944317,22.05110078775642,0.5508545407882104,python_full_resolution_undistorted,full_resolution_undistorted,5347,4691,3428.097,1000000,13571,13557,completed_requested_iterations,,2026-07-13T03:12:50.632960+00:00,s3://3dreefs-ben-eu-north1/experiments/ablations/stage2_resolution_fullres_eval/runs/splat_dataset1_sfm_1024_sift_global_resfull_patch400_stage2/ablation_eval/results_splat.csv
D1,dataset1,1024,sift,global,full,splat_dataset1_sfm_1024_sift_global_resfull_patch400_2m,splat_dataset1_sfm_1024_sift_global_resfull_patch400_stage2,patch,p000,COMPLETE,complete,400,2000000,,0.74215217679739,24.189523133452365,0.5193749956786633,python_full_resolution_undistorted,full_resolution_undistorted,5347,4691,3708.15,2000000,12850,7281,completed_requested_iterations,,2026-07-13T04:44:02.829332+00:00,s3://3dreefs-ben-eu-north1/experiments/ablations/stage2_resolution_fullres_eval/runs/splat_dataset1_sfm_1024_sift_global_resfull_patch400_stage2/ablation_eval/results_splat.csv
D1,dataset1,1024,sift,global,full,splat_dataset1_sfm_1024_sift_global_resfull_patch400_2m,splat_dataset1_sfm_1024_sift_global_resfull_patch400_stage2,patch,p003,COMPLETE,complete,400,2000000,,0.7116258174945147,22.85798845572226,0.5059389999279609,python_full_resolution_undistorted,full_resolution_undistorted,5347,4691,3581.65,2000000,13736,14047,completed_requested_iterations,,2026-07-13T05:50:51.118218+00:00,s3://3dreefs-ben-eu-north1/experiments/ablations/stage2_resolution_fullres_eval/runs/splat_dataset1_sfm_1024_sift_global_resfull_patch400_stage2/ablation_eval/results_splat.csv
D1,dataset1,1024,sift,global,full,splat_dataset1_sfm_1024_sift_global_resfull_patch400_2m,splat_dataset1_sfm_1024_sift_global_resfull_patch400_stage2,patch,p007,COMPLETE,complete,400,2000000,,0.75624361468686,24.384632381231675,0.47586504701111054,python_full_resolution_undistorted,full_resolution_undistorted,5363,4712,3710.138,2000000,13486,14827,completed_requested_iterations,,2026-07-13T06:59:33.928446+00:00,s3://3dreefs-ben-eu-north1/experiments/ablations/stage2_resolution_fullres_eval/runs/splat_dataset1_sfm_1024_sift_global_resfull_patch400_stage2/ablation_eval/results_splat.csv
D1,dataset1,1024,sift,global,full,splat_dataset1_sfm_1024_sift_global_resfull_patch400_2m,splat_dataset1_sfm_1024_sift_global_resfull_patch400_stage2,patch,p010,COMPLETE,complete,400,2000000,,0.7265690952539444,23.191606367993998,0.49869735464453696,python_full_resolution_undistorted,full_resolution_undistorted,5363,4712,3473.371,2000000,13688,14557,completed_requested_iterations,,2026-07-13T08:04:48.839319+00:00,s3://3dreefs-ben-eu-north1/experiments/ablations/stage2_resolution_fullres_eval/runs/splat_dataset1_sfm_1024_sift_global_resfull_patch400_stage2/ablation_eval/results_splat.csv
D1,dataset1,1024,sift,global,full,splat_dataset1_sfm_1024_sift_global_resfull_patch400_2m,splat_dataset1_sfm_1024_sift_global_resfull_patch400_stage2,patch,p014,COMPLETE,complete,400,2000000,,0.684347362894761,22.025437899084512,0.5284309277409002,python_full_resolution_undistorted,full_resolution_undistorted,5347,4691,3717.197,2000000,13620,14425,completed_requested_iterations,,2026-07-13T09:13:49.658462+00:00,s3://3dreefs-ben-eu-north1/experiments/ablations/stage2_resolution_fullres_eval/runs/splat_dataset1_sfm_1024_sift_global_resfull_patch400_stage2/ablation_eval/results_splat.csv
D1,dataset1,1024,sift,global,full,splat_dataset1_sfm_1024_sift_global_resfull_patch400_2m,splat_dataset1_sfm_1024_sift_global_resfull_patch400_stage2,patch,p017,COMPLETE,complete,400,2000000,,0.7072445705533028,23.14176648728442,0.4953321352601051,python_full_resolution_undistorted,full_resolution_undistorted,5363,4712,3544.503,2000000,13778,15329,completed_requested_iterations,,2026-07-13T10:20:09.977085+00:00,s3://3dreefs-ben-eu-north1/experiments/ablations/stage2_resolution_fullres_eval/runs/splat_dataset1_sfm_1024_sift_global_resfull_patch400_stage2/ablation_eval/results_splat.csv
D1,dataset1,1024,sift,global,full,splat_dataset1_sfm_1024_sift_global_resfull_patch400_2m,splat_dataset1_sfm_1024_sift_global_resfull_patch400_stage2,patch,p021,COMPLETE,complete,400,2000000,,0.6823158421014485,21.976505097796416,0.5152131468057632,python_full_resolution_undistorted,full_resolution_undistorted,5347,4691,3534.506,2000000,13780,14879,completed_requested_iterations,,2026-07-13T11:26:29.730960+00:00,s3://3dreefs-ben-eu-north1/experiments/ablations/stage2_resolution_fullres_eval/runs/splat_dataset1_sfm_1024_sift_global_resfull_patch400_stage2/ablation_eval/results_splat.csv
D1,dataset1,1024,sift,global,full,splat_dataset1_sfm_1024_sift_global_resfull_patch400_2m,splat_dataset1_sfm_1024_sift_global_resfull_patch400_stage2,patch,p024,COMPLETE,complete,400,2000000,,0.7190137326717376,23.071875050384644,0.49803575947880746,python_full_resolution_undistorted,full_resolution_undistorted,5347,4691,3514.376,2000000,13873,13831,completed_requested_iterations,,2026-07-13T12:32:34.550205+00:00,s3://3dreefs-ben-eu-north1/experiments/ablations/stage2_resolution_fullres_eval/runs/splat_dataset1_sfm_1024_sift_global_resfull_patch400_stage2/ablation_eval/results_splat.csv
D1,dataset1,1024,sift,global,full,splat_dataset1_sfm_1024_sift_global_resfull_patch400_2m,splat_dataset1_sfm_1024_sift_global_resfull_patch400_stage2,patch,p028,COMPLETE,complete,400,2000000,,0.684152364730835,22.27485643484272,0.5418339595198631,python_full_resolution_undistorted,full_resolution_undistorted,5347,4691,3489.767,2000000,13961,13797,completed_requested_iterations,,2026-07-13T13:38:12.076683+00:00,s3://3dreefs-ben-eu-north1/experiments/ablations/stage2_resolution_fullres_eval/runs/splat_dataset1_sfm_1024_sift_global_resfull_patch400_stage2/ablation_eval/results_splat.csv
D1,dataset1,1024,sift,global,full,splat_dataset1_sfm_1024_sift_global_resfull_patch400_2m,splat_dataset1_sfm_1024_sift_global_resfull_patch400_stage2,patch,p031,COMPLETE,complete,400,2000000,,0.7034644622069138,22.21529989087195,0.5127093073649284,python_full_resolution_undistorted,full_resolution_undistorted,5347,4691,3817.642,2000000,14768,13951,completed_requested_iterations,,2026-07-13T14:49:01.621635+00:00,s3://3dreefs-ben-eu-north1/experiments/ablations/stage2_resolution_fullres_eval/runs/splat_dataset1_sfm_1024_sift_global_resfull_patch400_stage2/ablation_eval/results_splat.csv
D1,dataset1,1024,sift,global,full,splat_dataset1_sfm_1024_sift_global_resfull_patch400_500k,splat_dataset1_sfm_1024_sift_global_resfull_patch400_stage2,patch,p000,COMPLETE,complete,400,500000,,0.7023097157478333,23.41592791945792,0.6125088796019554,python_full_resolution_undistorted,full_resolution_undistorted,5347,4691,2862.214,500000,13109,7281,completed_requested_iterations,,2026-07-12T07:37:46.596219+00:00,s3://3dreefs-ben-eu-north1/experiments/ablations/stage2_resolution_fullres_eval/runs/splat_dataset1_sfm_1024_sift_global_resfull_patch400_stage2/ablation_eval/results_splat.csv
D1,dataset1,1024,sift,global,full,splat_dataset1_sfm_1024_sift_global_resfull_patch400_500k,splat_dataset1_sfm_1024_sift_global_resfull_patch400_stage2,patch,p003,COMPLETE,complete,400,500000,,0.6774034545971797,22.347960871572987,0.5979968385818677,python_full_resolution_undistorted,full_resolution_undistorted,5347,4691,2926.59,500000,13562,13067,completed_requested_iterations,,2026-07-12T08:33:51.435812+00:00,s3://3dreefs-ben-eu-north1/experiments/ablations/stage2_resolution_fullres_eval/runs/splat_dataset1_sfm_1024_sift_global_resfull_patch400_stage2/ablation_eval/results_splat.csv
D1,dataset1,1024,sift,global,full,splat_dataset1_sfm_1024_sift_global_resfull_patch400_500k,splat_dataset1_sfm_1024_sift_global_resfull_patch400_stage2,patch,p007,COMPLETE,complete,400,500000,,0.7141720818148719,23.584764920058717,0.5737289794617229,python_full_resolution_undistorted,full_resolution_undistorted,5363,4712,3131.62,500000,13634,13333,completed_requested_iterations,,2026-07-12T09:33:02.933441+00:00,s3://3dreefs-ben-eu-north1/experiments/ablations/stage2_resolution_fullres_eval/runs/splat_dataset1_sfm_1024_sift_global_resfull_patch400_stage2/ablation_eval/results_splat.csv
D1,dataset1,1024,sift,global,full,splat_dataset1_sfm_1024_sift_global_resfull_patch400_500k,splat_dataset1_sfm_1024_sift_global_resfull_patch400_stage2,patch,p010,COMPLETE,complete,400,500000,,0.6737590312957764,22.092679017784384,0.6061410993337631,python_full_resolution_undistorted,full_resolution_undistorted,5363,4712,2962.914,500000,13575,13133,completed_requested_iterations,,2026-07-12T10:30:00.339442+00:00,s3://3dreefs-ben-eu-north1/experiments/ablations/stage2_resolution_fullres_eval/runs/splat_dataset1_sfm_1024_sift_global_resfull_patch400_stage2/ablation_eval/results_splat.csv
D1,dataset1,1024,sift,global,full,splat_dataset1_sfm_1024_sift_global_resfull_patch400_500k,splat_dataset1_sfm_1024_sift_global_resfull_patch400_stage2,patch,p014,COMPLETE,complete,400,500000,,0.6374928731667368,21.154556277202563,0.6270454674959183,python_full_resolution_undistorted,full_resolution_undistorted,5347,4691,3207.341,500000,13637,13239,completed_requested_iterations,,2026-07-12T11:30:38.223114+00:00,s3://3dreefs-ben-eu-north1/experiments/ablations/stage2_resolution_fullres_eval/runs/splat_dataset1_sfm_1024_sift_global_resfull_patch400_stage2/ablation_eval/results_splat.csv
D1,dataset1,1024,sift,global,full,splat_dataset1_sfm_1024_sift_global_resfull_patch400_500k,splat_dataset1_sfm_1024_sift_global_resfull_patch400_stage2,patch,p017,COMPLETE,complete,400,500000,,0.6597648754715919,22.1957651304231,0.6011076882481575,python_full_resolution_undistorted,full_resolution_undistorted,5363,4712,3024.373,500000,13513,13129,completed_requested_iterations,,2026-07-12T12:28:23.100627+00:00,s3://3dreefs-ben-eu-north1/experiments/ablations/stage2_resolution_fullres_eval/runs/splat_dataset1_sfm_1024_sift_global_resfull_patch400_stage2/ablation_eval/results_splat.csv
D1,dataset1,1024,sift,global,full,splat_dataset1_sfm_1024_sift_global_resfull_patch400_500k,splat_dataset1_sfm_1024_sift_global_resfull_patch400_stage2,patch,p021,COMPLETE,complete,400,500000,,0.6384788375151785,21.149835023295115,0.6139626926497409,python_full_resolution_undistorted,full_resolution_undistorted,5347,4691,3073.362,500000,13525,13111,completed_requested_iterations,,2026-07-12T13:26:46.538029+00:00,s3://3dreefs-ben-eu-north1/experiments/ablations/stage2_resolution_fullres_eval/runs/splat_dataset1_sfm_1024_sift_global_resfull_patch400_stage2/ablation_eval/results_splat.csv
D1,dataset1,1024,sift,global,full,splat_dataset1_sfm_1024_sift_global_resfull_patch400_500k,splat_dataset1_sfm_1024_sift_global_resfull_patch400_stage2,patch,p024,COMPLETE,complete,400,500000,,0.6740873500704765,22.418206528090057,0.6005675204098224,python_full_resolution_undistorted,full_resolution_undistorted,5347,4691,2965.231,500000,13835,13135,completed_requested_iterations,,2026-07-12T14:24:07.453537+00:00,s3://3dreefs-ben-eu-north1/experiments/ablations/stage2_resolution_fullres_eval/runs/splat_dataset1_sfm_1024_sift_global_resfull_patch400_stage2/ablation_eval/results_splat.csv
D1,dataset1,1024,sift,global,full,splat_dataset1_sfm_1024_sift_global_resfull_patch400_500k,splat_dataset1_sfm_1024_sift_global_resfull_patch400_stage2,patch,p028,COMPLETE,complete,400,500000,,0.6414739176630974,21.41811977245351,0.6423396915197372,python_full_resolution_undistorted,full_resolution_undistorted,5347,4691,2893.987,500000,13682,13161,completed_requested_iterations,,2026-07-12T15:20:06.732526+00:00,s3://3dreefs-ben-eu-north1/experiments/ablations/stage2_resolution_fullres_eval/runs/splat_dataset1_sfm_1024_sift_global_resfull_patch400_stage2/ablation_eval/results_splat.csv
D1,dataset1,1024,sift,global,full,splat_dataset1_sfm_1024_sift_global_resfull_patch400_500k,splat_dataset1_sfm_1024_sift_global_resfull_patch400_stage2,patch,p031,COMPLETE,complete,400,500000,,0.6703621454727955,21.78165669293274,0.5975081018912487,python_full_resolution_undistorted,full_resolution_undistorted,5347,4691,2964.423,500000,13863,13089,completed_requested_iterations,,2026-07-12T16:17:14.510223+00:00,s3://3dreefs-ben-eu-north1/experiments/ablations/stage2_resolution_fullres_eval/runs/splat_dataset1_sfm_1024_sift_global_resfull_patch400_stage2/ablation_eval/results_splat.csv
D1,dataset1,1024,sift,global,full,splat_dataset1_sfm_1024_sift_global_resfull_patch800_1m,splat_dataset1_sfm_1024_sift_global_resfull_patch800_stage2,patch,p000,COMPLETE,complete,800,1000000,,0.6753742501139641,21.914790922464107,0.6177463077008725,python_full_resolution_undistorted,full_resolution_undistorted,5347,4691,3951.26,1000000,14071,9843,completed_requested_iterations,,2026-07-12T19:50:21.241030+00:00,s3://3dreefs-ben-eu-north1/experiments/ablations/stage2_resolution_fullres_eval/runs/splat_dataset1_sfm_1024_sift_global_resfull_patch800_stage2/ablation_eval/results_splat.csv
D1,dataset1,1024,sift,global,full,splat_dataset1_sfm_1024_sift_global_resfull_patch800_1m,splat_dataset1_sfm_1024_sift_global_resfull_patch800_stage2,patch,p002,COMPLETE,complete,800,1000000,,0.6917516976594925,22.665386649953586,0.6169344685971737,python_full_resolution_undistorted,full_resolution_undistorted,5347,4691,3612.429,1000000,14617,16303,completed_requested_iterations,,2026-07-12T21:04:25.844200+00:00,s3://3dreefs-ben-eu-north1/experiments/ablations/stage2_resolution_fullres_eval/runs/splat_dataset1_sfm_1024_sift_global_resfull_patch800_stage2/ablation_eval/results_splat.csv
D1,dataset1,1024,sift,global,full,splat_dataset1_sfm_1024_sift_global_resfull_patch800_1m,splat_dataset1_sfm_1024_sift_global_resfull_patch800_stage2,patch,p003,COMPLETE,complete,800,1000000,,0.701420272141695,22.80009816204134,0.5994217947125435,python_full_resolution_undistorted,full_resolution_undistorted,5347,4691,3419.366,1000000,14576,16173,completed_requested_iterations,,2026-07-12T22:15:33.770791+00:00,s3://3dreefs-ben-eu-north1/experiments/ablations/stage2_resolution_fullres_eval/runs/splat_dataset1_sfm_1024_sift_global_resfull_patch800_stage2/ablation_eval/results_splat.csv
D1,dataset1,1024,sift,global,full,splat_dataset1_sfm_1024_sift_global_resfull_patch800_1m,splat_dataset1_sfm_1024_sift_global_resfull_patch800_stage2,patch,p005,COMPLETE,complete,800,1000000,,0.6801510863006115,22.564719529596164,0.6156610544770956,python_full_resolution_undistorted,full_resolution_undistorted,5347,4691,3479.272,1000000,14704,16233,completed_requested_iterations,,2026-07-12T23:27:40.756519+00:00,s3://3dreefs-ben-eu-north1/experiments/ablations/stage2_resolution_fullres_eval/runs/splat_dataset1_sfm_1024_sift_global_resfull_patch800_stage2/ablation_eval/results_splat.csv
D1,dataset1,1024,sift,global,full,splat_dataset1_sfm_1024_sift_global_resfull_patch800_1m,splat_dataset1_sfm_1024_sift_global_resfull_patch800_stage2,patch,p006,COMPLETE,complete,800,1000000,,0.6649415997358469,21.898397923184632,0.5912183974033747,python_full_resolution_undistorted,full_resolution_undistorted,5363,4712,3544.905,1000000,14737,16269,completed_requested_iterations,,2026-07-13T00:41:17.675791+00:00,s3://3dreefs-ben-eu-north1/experiments/ablations/stage2_resolution_fullres_eval/runs/splat_dataset1_sfm_1024_sift_global_resfull_patch800_stage2/ablation_eval/results_splat.csv
D1,dataset1,1024,sift,global,full,splat_dataset1_sfm_1024_sift_global_resfull_patch800_1m,splat_dataset1_sfm_1024_sift_global_resfull_patch800_stage2,patch,p008,COMPLETE,complete,800,1000000,,0.6531842141956478,21.690377994870275,0.5929197761919591,python_full_resolution_undistorted,full_resolution_undistorted,5363,4712,3558.549,1000000,14642,16197,completed_requested_iterations,,2026-07-13T01:54:44.487912+00:00,s3://3dreefs-ben-eu-north1/experiments/ablations/stage2_resolution_fullres_eval/runs/splat_dataset1_sfm_1024_sift_global_resfull_patch800_stage2/ablation_eval/results_splat.csv
D1,dataset1,1024,sift,global,full,splat_dataset1_sfm_1024_sift_global_resfull_patch800_1m,splat_dataset1_sfm_1024_sift_global_resfull_patch800_stage2,patch,p009,COMPLETE,complete,800,1000000,,0.6562963499539141,21.90156664561875,0.593055100976557,python_full_resolution_undistorted,full_resolution_undistorted,5347,4691,3660.77,1000000,14494,16215,completed_requested_iterations,,2026-07-13T03:08:09.555854+00:00,s3://3dreefs-ben-eu-north1/experiments/ablations/stage2_resolution_fullres_eval/runs/splat_dataset1_sfm_1024_sift_global_resfull_patch800_stage2/ablation_eval/results_splat.csv
D1,dataset1,1024,sift,global,full,splat_dataset1_sfm_1024_sift_global_resfull_patch800_1m,splat_dataset1_sfm_1024_sift_global_resfull_patch800_stage2,patch,p011,COMPLETE,complete,800,1000000,,0.6641521152061752,21.620214285609787,0.5955070027067692,python_full_resolution_undistorted,full_resolution_undistorted,5347,4691,3466.34,1000000,14777,16025,completed_requested_iterations,,2026-07-13T04:20:52.122582+00:00,s3://3dreefs-ben-eu-north1/experiments/ablations/stage2_resolution_fullres_eval/runs/splat_dataset1_sfm_1024_sift_global_resfull_patch800_stage2/ablation_eval/results_splat.csv
D1,dataset1,1024,sift,global,full,splat_dataset1_sfm_1024_sift_global_resfull_patch800_1m,splat_dataset1_sfm_1024_sift_global_resfull_patch800_stage2,patch,p012,COMPLETE,complete,800,1000000,,0.6938811341921488,22.36822617105103,0.5740492588116063,python_full_resolution_undistorted,full_resolution_undistorted,5347,4691,3742.381,1000000,14609,16107,completed_requested_iterations,,2026-07-13T05:36:24.746389+00:00,s3://3dreefs-ben-eu-north1/experiments/ablations/stage2_resolution_fullres_eval/runs/splat_dataset1_sfm_1024_sift_global_resfull_patch800_stage2/ablation_eval/results_splat.csv
D1,dataset1,1024,sift,global,full,splat_dataset1_sfm_1024_sift_global_resfull_patch800_1m,splat_dataset1_sfm_1024_sift_global_resfull_patch800_stage2,patch,p014,COMPLETE,complete,800,1000000,,0.6649693665625174,21.50052571689848,0.6072770134557651,python_full_resolution_undistorted,full_resolution_undistorted,5363,4712,3589.95,1000000,14658,16127,completed_requested_iterations,,2026-07-13T06:50:58.170324+00:00,s3://3dreefs-ben-eu-north1/experiments/ablations/stage2_resolution_fullres_eval/runs/splat_dataset1_sfm_1024_sift_global_resfull_patch800_stage2/ablation_eval/results_splat.csv
D1,dataset1,1024,sift,global,full,splat_dataset1_sfm_1024_sift_global_resfull_patch800_2m,splat_dataset1_sfm_1024_sift_global_resfull_patch800_stage2,patch,p000,COMPLETE,complete,800,2000000,,0.6862065911293029,21.809339096035583,0.5873802289366722,python_full_resolution_undistorted,full_resolution_undistorted,5347,4691,4152.521,2000000,13819,9843,completed_requested_iterations,,2026-07-13T08:36:44.111488+00:00,s3://3dreefs-ben-eu-north1/experiments/ablations/stage2_resolution_fullres_eval/runs/splat_dataset1_sfm_1024_sift_global_resfull_patch800_stage2/ablation_eval/results_splat.csv
D1,dataset1,1024,sift,global,full,splat_dataset1_sfm_1024_sift_global_resfull_patch800_2m,splat_dataset1_sfm_1024_sift_global_resfull_patch800_stage2,patch,p002,COMPLETE,complete,800,2000000,,0.709400513023138,22.794442288448604,0.5764370389282704,python_full_resolution_undistorted,full_resolution_undistorted,5347,4691,3953.757,2000000,15412,16993,completed_requested_iterations,,2026-07-13T09:57:27.796640+00:00,s3://3dreefs-ben-eu-north1/experiments/ablations/stage2_resolution_fullres_eval/runs/splat_dataset1_sfm_1024_sift_global_resfull_patch800_stage2/ablation_eval/results_splat.csv
D1,dataset1,1024,sift,global,full,splat_dataset1_sfm_1024_sift_global_resfull_patch800_2m,splat_dataset1_sfm_1024_sift_global_resfull_patch800_stage2,patch,p003,COMPLETE,complete,800,2000000,,0.7186900772154331,22.89408948106498,0.5592743001878262,python_full_resolution_undistorted,full_resolution_undistorted,5347,4691,3829.06,2000000,14714,16727,completed_requested_iterations,,2026-07-13T11:15:46.200018+00:00,s3://3dreefs-ben-eu-north1/experiments/ablations/stage2_resolution_fullres_eval/runs/splat_dataset1_sfm_1024_sift_global_resfull_patch800_stage2/ablation_eval/results_splat.csv
D1,dataset1,1024,sift,global,full,splat_dataset1_sfm_1024_sift_global_resfull_patch800_2m,splat_dataset1_sfm_1024_sift_global_resfull_patch800_stage2,patch,p005,COMPLETE,complete,800,2000000,,0.6981885939836502,22.640534734969894,0.5732144858688116,python_full_resolution_undistorted,full_resolution_undistorted,5347,4691,3943.814,2000000,14803,16723,completed_requested_iterations,,2026-07-13T12:35:58.873838+00:00,s3://3dreefs-ben-eu-north1/experiments/ablations/stage2_resolution_fullres_eval/runs/splat_dataset1_sfm_1024_sift_global_resfull_patch800_stage2/ablation_eval/results_splat.csv
D1,dataset1,1024,sift,global,full,splat_dataset1_sfm_1024_sift_global_resfull_patch800_2m,splat_dataset1_sfm_1024_sift_global_resfull_patch800_stage2,patch,p006,COMPLETE,complete,800,2000000,,0.6865340769290924,22.173383635673318,0.544776507295095,python_full_resolution_undistorted,full_resolution_undistorted,5363,4712,3846.682,2000000,15621,16591,completed_requested_iterations,,2026-07-13T13:54:28.575007+00:00,s3://3dreefs-ben-eu-north1/experiments/ablations/stage2_resolution_fullres_eval/runs/splat_dataset1_sfm_1024_sift_global_resfull_patch800_stage2/ablation_eval/results_splat.csv
D1,dataset1,1024,sift,global,full,splat_dataset1_sfm_1024_sift_global_resfull_patch800_2m,splat_dataset1_sfm_1024_sift_global_resfull_patch800_stage2,patch,p008,COMPLETE,complete,800,2000000,,0.6718981219576551,21.817802903078945,0.5481636113934703,python_full_resolution_undistorted,full_resolution_undistorted,5363,4712,4076.82,2000000,14656,16951,completed_requested_iterations,,2026-07-13T15:16:22.792522+00:00,s3://3dreefs-ben-eu-north1/experiments/ablations/stage2_resolution_fullres_eval/runs/splat_dataset1_sfm_1024_sift_global_resfull_patch800_stage2/ablation_eval/results_splat.csv
D1,dataset1,1024,sift,global,full,splat_dataset1_sfm_1024_sift_global_resfull_patch800_2m,splat_dataset1_sfm_1024_sift_global_resfull_patch800_stage2,patch,p009,COMPLETE,complete,800,2000000,,0.6764017900694972,22.23153388755928,0.5478445973949156,python_full_resolution_undistorted,full_resolution_undistorted,5347,4691,3836.993,2000000,14459,16453,completed_requested_iterations,,2026-07-13T16:33:04.945581+00:00,s3://3dreefs-ben-eu-north1/experiments/ablations/stage2_resolution_fullres_eval/runs/splat_dataset1_sfm_1024_sift_global_resfull_patch800_stage2/ablation_eval/results_splat.csv
D1,dataset1,1024,sift,global,full,splat_dataset1_sfm_1024_sift_global_resfull_patch800_2m,splat_dataset1_sfm_1024_sift_global_resfull_patch800_stage2,patch,p011,COMPLETE,complete,800,2000000,,0.6781567614289779,21.624585652092126,0.5574279344534572,python_full_resolution_undistorted,full_resolution_undistorted,5347,4691,3980.358,2000000,14830,16755,completed_requested_iterations,,2026-07-13T17:54:32.969164+00:00,s3://3dreefs-ben-eu-north1/experiments/ablations/stage2_resolution_fullres_eval/runs/splat_dataset1_sfm_1024_sift_global_resfull_patch800_stage2/ablation_eval/results_splat.csv
D1,dataset1,1024,sift,global,full,splat_dataset1_sfm_1024_sift_global_resfull_patch800_2m,splat_dataset1_sfm_1024_sift_global_resfull_patch800_stage2,patch,p012,COMPLETE,complete,800,2000000,,0.7114809155464172,22.53483725722788,0.5320936006804308,python_full_resolution_undistorted,full_resolution_undistorted,5347,4691,3898.374,2000000,14636,17257,completed_requested_iterations,,2026-07-13T19:13:07.844574+00:00,s3://3dreefs-ben-eu-north1/experiments/ablations/stage2_resolution_fullres_eval/runs/splat_dataset1_sfm_1024_sift_global_resfull_patch800_stage2/ablation_eval/results_splat.csv
D1,dataset1,1024,sift,global,full,splat_dataset1_sfm_1024_sift_global_resfull_patch800_2m,splat_dataset1_sfm_1024_sift_global_resfull_patch800_stage2,patch,p014,COMPLETE,complete,800,2000000,,0.6806328289116486,21.624834539985695,0.5710824026337152,python_full_resolution_undistorted,full_resolution_undistorted,5363,4712,4016.433,2000000,14817,17223,completed_requested_iterations,,2026-07-13T20:34:55.854393+00:00,s3://3dreefs-ben-eu-north1/experiments/ablations/stage2_resolution_fullres_eval/runs/splat_dataset1_sfm_1024_sift_global_resfull_patch800_stage2/ablation_eval/results_splat.csv
D1,dataset1,1024,sift,global,full,splat_dataset1_sfm_1024_sift_global_resfull_patch800_500k,splat_dataset1_sfm_1024_sift_global_resfull_patch800_stage2,patch,p000,COMPLETE,complete,800,500000,,0.6557056337594986,21.592529604179806,0.6602748788893222,python_full_resolution_undistorted,full_resolution_undistorted,5347,4691,3153.079,500000,14006,7281,completed_requested_iterations,,2026-07-12T08:11:57.917663+00:00,s3://3dreefs-ben-eu-north1/experiments/ablations/stage2_resolution_fullres_eval/runs/splat_dataset1_sfm_1024_sift_global_resfull_patch800_stage2/ablation_eval/results_splat.csv
D1,dataset1,1024,sift,global,full,splat_dataset1_sfm_1024_sift_global_resfull_patch800_500k,splat_dataset1_sfm_1024_sift_global_resfull_patch800_stage2,patch,p002,COMPLETE,complete,800,500000,,0.6653722368180752,22.064516313577855,0.6695534653961659,python_full_resolution_undistorted,full_resolution_undistorted,5347,4691,3161.67,500000,14558,13685,completed_requested_iterations,,2026-07-12T09:18:40.018477+00:00,s3://3dreefs-ben-eu-north1/experiments/ablations/stage2_resolution_fullres_eval/runs/splat_dataset1_sfm_1024_sift_global_resfull_patch800_stage2/ablation_eval/results_splat.csv
D1,dataset1,1024,sift,global,full,splat_dataset1_sfm_1024_sift_global_resfull_patch800_500k,splat_dataset1_sfm_1024_sift_global_resfull_patch800_stage2,patch,p003,COMPLETE,complete,800,500000,,0.6717532955110073,22.10118487054483,0.6569494768977165,python_full_resolution_undistorted,full_resolution_undistorted,5347,4691,3044.862,500000,14596,13397,completed_requested_iterations,,2026-07-12T10:23:54.290146+00:00,s3://3dreefs-ben-eu-north1/experiments/ablations/stage2_resolution_fullres_eval/runs/splat_dataset1_sfm_1024_sift_global_resfull_patch800_stage2/ablation_eval/results_splat.csv
D1,dataset1,1024,sift,global,full,splat_dataset1_sfm_1024_sift_global_resfull_patch800_500k,splat_dataset1_sfm_1024_sift_global_resfull_patch800_stage2,patch,p005,COMPLETE,complete,800,500000,,0.6520288631319999,21.90069163926554,0.6722472794353962,python_full_resolution_undistorted,full_resolution_undistorted,5347,4691,2844.522,500000,14612,13555,completed_requested_iterations,,2026-07-12T11:25:56.125009+00:00,s3://3dreefs-ben-eu-north1/experiments/ablations/stage2_resolution_fullres_eval/runs/splat_dataset1_sfm_1024_sift_global_resfull_patch800_stage2/ablation_eval/results_splat.csv
D1,dataset1,1024,sift,global,full,splat_dataset1_sfm_1024_sift_global_resfull_patch800_500k,splat_dataset1_sfm_1024_sift_global_resfull_patch800_stage2,patch,p006,COMPLETE,complete,800,500000,,0.63267814883819,21.213067069299925,0.652104798799906,python_full_resolution_undistorted,full_resolution_undistorted,5363,4712,3321.819,500000,14676,13319,completed_requested_iterations,,2026-07-12T12:35:21.666722+00:00,s3://3dreefs-ben-eu-north1/experiments/ablations/stage2_resolution_fullres_eval/runs/splat_dataset1_sfm_1024_sift_global_resfull_patch800_stage2/ablation_eval/results_splat.csv
D1,dataset1,1024,sift,global,full,splat_dataset1_sfm_1024_sift_global_resfull_patch800_500k,splat_dataset1_sfm_1024_sift_global_resfull_patch800_stage2,patch,p008,COMPLETE,complete,800,500000,,0.6211532485949529,21.07449974168455,0.6553463579772355,python_full_resolution_undistorted,full_resolution_undistorted,5363,4712,3170.262,500000,14930,13351,completed_requested_iterations,,2026-07-12T13:42:28.182390+00:00,s3://3dreefs-ben-eu-north1/experiments/ablations/stage2_resolution_fullres_eval/runs/splat_dataset1_sfm_1024_sift_global_resfull_patch800_stage2/ablation_eval/results_splat.csv
D1,dataset1,1024,sift,global,full,splat_dataset1_sfm_1024_sift_global_resfull_patch800_500k,splat_dataset1_sfm_1024_sift_global_resfull_patch800_stage2,patch,p009,COMPLETE,complete,800,500000,,0.6279449285804362,21.345135790662493,0.6538724139116813,python_full_resolution_undistorted,full_resolution_undistorted,5347,4691,3137.546,500000,14527,13343,completed_requested_iterations,,2026-07-12T14:47:19.610885+00:00,s3://3dreefs-ben-eu-north1/experiments/ablations/stage2_resolution_fullres_eval/runs/splat_dataset1_sfm_1024_sift_global_resfull_patch800_stage2/ablation_eval/results_splat.csv
D1,dataset1,1024,sift,global,full,splat_dataset1_sfm_1024_sift_global_resfull_patch800_500k,splat_dataset1_sfm_1024_sift_global_resfull_patch800_stage2,patch,p011,COMPLETE,complete,800,500000,,0.638272658179078,21.072271443147034,0.6512271678900416,python_full_resolution_undistorted,full_resolution_undistorted,5347,4691,3284.545,500000,14700,13299,completed_requested_iterations,,2026-07-12T15:56:32.815253+00:00,s3://3dreefs-ben-eu-north1/experiments/ablations/stage2_resolution_fullres_eval/runs/splat_dataset1_sfm_1024_sift_global_resfull_patch800_stage2/ablation_eval/results_splat.csv
D1,dataset1,1024,sift,global,full,splat_dataset1_sfm_1024_sift_global_resfull_patch800_500k,splat_dataset1_sfm_1024_sift_global_resfull_patch800_stage2,patch,p012,COMPLETE,complete,800,500000,,0.6663387070099512,21.788692742658554,0.631252153052224,python_full_resolution_undistorted,full_resolution_undistorted,5347,4691,3107.55,500000,14568,13321,completed_requested_iterations,,2026-07-12T17:01:19.739442+00:00,s3://3dreefs-ben-eu-north1/experiments/ablations/stage2_resolution_fullres_eval/runs/splat_dataset1_sfm_1024_sift_global_resfull_patch800_stage2/ablation_eval/results_splat.csv
D1,dataset1,1024,sift,global,full,splat_dataset1_sfm_1024_sift_global_resfull_patch800_500k,splat_dataset1_sfm_1024_sift_global_resfull_patch800_stage2,patch,p014,COMPLETE,complete,800,500000,,0.640632381922082,21.045228639283376,0.6571715096884136,python_full_resolution_undistorted,full_resolution_undistorted,5363,4712,3168.428,500000,14686,13425,completed_requested_iterations,,2026-07-12T18:08:23.418883+00:00,s3://3dreefs-ben-eu-north1/experiments/ablations/stage2_resolution_fullres_eval/runs/splat_dataset1_sfm_1024_sift_global_resfull_patch800_stage2/ablation_eval/results_splat.csv
D2,dataset2,1024,sift,global,1024,splat_dataset2_sfm_1024_sift_global_res1024_patch200_1m,splat_dataset2_sfm_1024_sift_global_res1024_patch200_stage2,patch,p000,COMPLETE,complete,200,1000000,,0.7293534908029768,23.454595940006794,0.4808928519487381,python_full_resolution_undistorted,full_resolution_undistorted,5365,4713,408.025,1000000,7299,7309,completed_requested_iterations,,2026-07-12T00:41:51.438412+00:00,s3://3dreefs-ben-eu-north1/experiments/ablations/stage2_resolution_fullres_eval/runs/splat_dataset2_sfm_1024_sift_global_res1024_patch200_stage2/ablation_eval/results_splat.csv
D2,dataset2,1024,sift,global,1024,splat_dataset2_sfm_1024_sift_global_res1024_patch200_1m,splat_dataset2_sfm_1024_sift_global_res1024_patch200_stage2,patch,p005,COMPLETE,complete,200,1000000,,0.6393780018153944,21.850571813158528,0.5511418612379777,python_full_resolution_undistorted,full_resolution_undistorted,5365,4713,394.968,1000000,8269,11395,completed_requested_iterations,,2026-07-12T00:52:14.166871+00:00,s3://3dreefs-ben-eu-north1/experiments/ablations/stage2_resolution_fullres_eval/runs/splat_dataset2_sfm_1024_sift_global_res1024_patch200_stage2/ablation_eval/results_splat.csv
D2,dataset2,1024,sift,global,1024,splat_dataset2_sfm_1024_sift_global_res1024_patch200_1m,splat_dataset2_sfm_1024_sift_global_res1024_patch200_stage2,patch,p010,COMPLETE,complete,200,1000000,,0.6956947445869446,22.567733818840367,0.49461035693393035,python_full_resolution_undistorted,full_resolution_undistorted,5384,4712,408.585,1000000,8145,11395,completed_requested_iterations,,2026-07-12T01:02:27.037994+00:00,s3://3dreefs-ben-eu-north1/experiments/ablations/stage2_resolution_fullres_eval/runs/splat_dataset2_sfm_1024_sift_global_res1024_patch200_stage2/ablation_eval/results_splat.csv
D2,dataset2,1024,sift,global,1024,splat_dataset2_sfm_1024_sift_global_res1024_patch200_1m,splat_dataset2_sfm_1024_sift_global_res1024_patch200_stage2,patch,p016,COMPLETE,complete,200,1000000,,0.7292003896501329,24.34071908180452,0.5065739502509435,python_full_resolution_undistorted,full_resolution_undistorted,5384,4712,370.515,1000000,8330,11397,completed_requested_iterations,,2026-07-12T01:12:09.122673+00:00,s3://3dreefs-ben-eu-north1/experiments/ablations/stage2_resolution_fullres_eval/runs/splat_dataset2_sfm_1024_sift_global_res1024_patch200_stage2/ablation_eval/results_splat.csv
D2,dataset2,1024,sift,global,1024,splat_dataset2_sfm_1024_sift_global_res1024_patch200_1m,splat_dataset2_sfm_1024_sift_global_res1024_patch200_stage2,patch,p021,COMPLETE,complete,200,1000000,,0.7467994093894958,25.015897844319294,0.4804333233171039,python_full_resolution_undistorted,full_resolution_undistorted,5365,4713,381.901,1000000,8296,11397,completed_requested_iterations,,2026-07-12T01:22:02.523747+00:00,s3://3dreefs-ben-eu-north1/experiments/ablations/stage2_resolution_fullres_eval/runs/splat_dataset2_sfm_1024_sift_global_res1024_patch200_stage2/ablation_eval/results_splat.csv
D2,dataset2,1024,sift,global,1024,splat_dataset2_sfm_1024_sift_global_res1024_patch200_1m,splat_dataset2_sfm_1024_sift_global_res1024_patch200_stage2,patch,p026,COMPLETE,complete,200,1000000,,0.6165698650810454,20.972700314824507,0.4979934444030126,python_full_resolution_undistorted,full_resolution_undistorted,5384,4712,377.825,1000000,8263,11421,completed_requested_iterations,,2026-07-12T01:31:55.478492+00:00,s3://3dreefs-ben-eu-north1/experiments/ablations/stage2_resolution_fullres_eval/runs/splat_dataset2_sfm_1024_sift_global_res1024_patch200_stage2/ablation_eval/results_splat.csv
D2,dataset2,1024,sift,global,1024,splat_dataset2_sfm_1024_sift_global_res1024_patch200_1m,splat_dataset2_sfm_1024_sift_global_res1024_patch200_stage2,patch,p031,COMPLETE,complete,200,1000000,,0.5957907229661942,20.61136201548152,0.5126826897263527,python_full_resolution_undistorted,full_resolution_undistorted,5384,4712,402.279,1000000,8461,11403,completed_requested_iterations,,2026-07-12T01:42:39.149952+00:00,s3://3dreefs-ben-eu-north1/experiments/ablations/stage2_resolution_fullres_eval/runs/splat_dataset2_sfm_1024_sift_global_res1024_patch200_stage2/ablation_eval/results_splat.csv
D2,dataset2,1024,sift,global,1024,splat_dataset2_sfm_1024_sift_global_res1024_patch200_1m,splat_dataset2_sfm_1024_sift_global_res1024_patch200_stage2,patch,p037,COMPLETE,complete,200,1000000,,0.48442259762022233,17.754550291914608,0.5938463608423868,python_full_resolution_undistorted,full_resolution_undistorted,5384,4712,391.491,1000000,8527,11403,completed_requested_iterations,,2026-07-12T01:52:44.600659+00:00,s3://3dreefs-ben-eu-north1/experiments/ablations/stage2_resolution_fullres_eval/runs/splat_dataset2_sfm_1024_sift_global_res1024_patch200_stage2/ablation_eval/results_splat.csv
D2,dataset2,1024,sift,global,1024,splat_dataset2_sfm_1024_sift_global_res1024_patch200_1m,splat_dataset2_sfm_1024_sift_global_res1024_patch200_stage2,patch,p042,COMPLETE,complete,200,1000000,,0.49492583274841306,18.233110194697563,0.5165428022543589,python_full_resolution_undistorted,full_resolution_undistorted,5384,4712,355.237,1000000,8324,11357,completed_requested_iterations,,2026-07-12T02:01:47.271528+00:00,s3://3dreefs-ben-eu-north1/experiments/ablations/stage2_resolution_fullres_eval/runs/splat_dataset2_sfm_1024_sift_global_res1024_patch200_stage2/ablation_eval/results_splat.csv
D2,dataset2,1024,sift,global,1024,splat_dataset2_sfm_1024_sift_global_res1024_patch200_1m,splat_dataset2_sfm_1024_sift_global_res1024_patch200_stage2,patch,p047,COMPLETE,complete,200,1000000,,0.5507810579405891,19.30006210847829,0.5158648391564687,python_full_resolution_undistorted,full_resolution_undistorted,5384,4712,367.212,1000000,8469,11373,completed_requested_iterations,,2026-07-12T02:11:33.549168+00:00,s3://3dreefs-ben-eu-north1/experiments/ablations/stage2_resolution_fullres_eval/runs/splat_dataset2_sfm_1024_sift_global_res1024_patch200_stage2/ablation_eval/results_splat.csv
D2,dataset2,1024,sift,global,1024,splat_dataset2_sfm_1024_sift_global_res1024_patch200_2m,splat_dataset2_sfm_1024_sift_global_res1024_patch200_stage2,patch,p000,COMPLETE,complete,200,2000000,,0.7189103861649832,23.018633840720252,0.43420916464593673,python_full_resolution_undistorted,full_resolution_undistorted,5365,4713,561.522,2000000,7301,7309,completed_requested_iterations,,2026-07-12T02:42:39.699410+00:00,s3://3dreefs-ben-eu-north1/experiments/ablations/stage2_resolution_fullres_eval/runs/splat_dataset2_sfm_1024_sift_global_res1024_patch200_stage2/ablation_eval/results_splat.csv
D2,dataset2,1024,sift,global,1024,splat_dataset2_sfm_1024_sift_global_res1024_patch200_2m,splat_dataset2_sfm_1024_sift_global_res1024_patch200_stage2,patch,p005,COMPLETE,complete,200,2000000,,0.631320772986663,21.495956447674143,0.49500498018766703,python_full_resolution_undistorted,full_resolution_undistorted,5365,4713,554.444,2000000,8483,11879,completed_requested_iterations,,2026-07-12T02:55:26.968753+00:00,s3://3dreefs-ben-eu-north1/experiments/ablations/stage2_resolution_fullres_eval/runs/splat_dataset2_sfm_1024_sift_global_res1024_patch200_stage2/ablation_eval/results_splat.csv
D2,dataset2,1024,sift,global,1024,splat_dataset2_sfm_1024_sift_global_res1024_patch200_2m,splat_dataset2_sfm_1024_sift_global_res1024_patch200_stage2,patch,p010,COMPLETE,complete,200,2000000,,0.6834874012890984,21.959519711662832,0.45057330762638764,python_full_resolution_undistorted,full_resolution_undistorted,5384,4712,566.952,2000000,8372,11975,completed_requested_iterations,,2026-07-12T03:08:13.517129+00:00,s3://3dreefs-ben-eu-north1/experiments/ablations/stage2_resolution_fullres_eval/runs/splat_dataset2_sfm_1024_sift_global_res1024_patch200_stage2/ablation_eval/results_splat.csv
D2,dataset2,1024,sift,global,1024,splat_dataset2_sfm_1024_sift_global_res1024_patch200_2m,splat_dataset2_sfm_1024_sift_global_res1024_patch200_stage2,patch,p016,COMPLETE,complete,200,2000000,,0.7248615523179373,23.76352492354741,0.4516337431139416,python_full_resolution_undistorted,full_resolution_undistorted,5384,4712,502.583,2000000,8469,11849,completed_requested_iterations,,2026-07-12T03:19:52.918531+00:00,s3://3dreefs-ben-eu-north1/experiments/ablations/stage2_resolution_fullres_eval/runs/splat_dataset2_sfm_1024_sift_global_res1024_patch200_stage2/ablation_eval/results_splat.csv
D2,dataset2,1024,sift,global,1024,splat_dataset2_sfm_1024_sift_global_res1024_patch200_2m,splat_dataset2_sfm_1024_sift_global_res1024_patch200_stage2,patch,p021,COMPLETE,complete,200,2000000,,0.739925397766961,24.45722650404967,0.4246426274379094,python_full_resolution_undistorted,full_resolution_undistorted,5365,4713,513.853,2000000,9348,11879,completed_requested_iterations,,2026-07-12T03:31:44.188162+00:00,s3://3dreefs-ben-eu-north1/experiments/ablations/stage2_resolution_fullres_eval/runs/splat_dataset2_sfm_1024_sift_global_res1024_patch200_stage2/ablation_eval/results_splat.csv
D2,dataset2,1024,sift,global,1024,splat_dataset2_sfm_1024_sift_global_res1024_patch200_2m,splat_dataset2_sfm_1024_sift_global_res1024_patch200_stage2,patch,p026,COMPLETE,complete,200,2000000,,0.6089262482192781,20.47925237252357,0.4529075672229131,python_full_resolution_undistorted,full_resolution_undistorted,5384,4712,520.297,2000000,8507,12167,completed_requested_iterations,,2026-07-12T03:43:55.306073+00:00,s3://3dreefs-ben-eu-north1/experiments/ablations/stage2_resolution_fullres_eval/runs/splat_dataset2_sfm_1024_sift_global_res1024_patch200_stage2/ablation_eval/results_splat.csv
D2,dataset2,1024,sift,global,1024,splat_dataset2_sfm_1024_sift_global_res1024_patch200_2m,splat_dataset2_sfm_1024_sift_global_res1024_patch200_stage2,patch,p031,COMPLETE,complete,200,2000000,,0.5836464792490006,19.94123961814045,0.4681650072336197,python_full_resolution_undistorted,full_resolution_undistorted,5384,4712,551.524,2000000,8655,11923,completed_requested_iterations,,2026-07-12T03:56:50.128171+00:00,s3://3dreefs-ben-eu-north1/experiments/ablations/stage2_resolution_fullres_eval/runs/splat_dataset2_sfm_1024_sift_global_res1024_patch200_stage2/ablation_eval/results_splat.csv
D2,dataset2,1024,sift,global,1024,splat_dataset2_sfm_1024_sift_global_res1024_patch200_2m,splat_dataset2_sfm_1024_sift_global_res1024_patch200_stage2,patch,p037,COMPLETE,complete,200,2000000,,0.4784641232755449,17.58244005155442,0.5422294735908508,python_full_resolution_undistorted,full_resolution_undistorted,5384,4712,548.204,2000000,8572,11917,completed_requested_iterations,,2026-07-12T04:09:12.098126+00:00,s3://3dreefs-ben-eu-north1/experiments/ablations/stage2_resolution_fullres_eval/runs/splat_dataset2_sfm_1024_sift_global_res1024_patch200_stage2/ablation_eval/results_splat.csv
D2,dataset2,1024,sift,global,1024,splat_dataset2_sfm_1024_sift_global_res1024_patch200_2m,splat_dataset2_sfm_1024_sift_global_res1024_patch200_stage2,patch,p042,COMPLETE,complete,200,2000000,,0.4834850390752157,17.75457338547492,0.477148433526357,python_full_resolution_undistorted,full_resolution_undistorted,5384,4712,489.96,2000000,8523,11847,completed_requested_iterations,,2026-07-12T04:20:16.715954+00:00,s3://3dreefs-ben-eu-north1/experiments/ablations/stage2_resolution_fullres_eval/runs/splat_dataset2_sfm_1024_sift_global_res1024_patch200_stage2/ablation_eval/results_splat.csv
D2,dataset2,1024,sift,global,1024,splat_dataset2_sfm_1024_sift_global_res1024_patch200_2m,splat_dataset2_sfm_1024_sift_global_res1024_patch200_stage2,patch,p047,COMPLETE,complete,200,2000000,,0.5434047447310554,18.86385460166512,0.4689643515480889,python_full_resolution_undistorted,full_resolution_undistorted,5384,4712,509.68,2000000,8572,12021,completed_requested_iterations,,2026-07-12T04:32:06.749246+00:00,s3://3dreefs-ben-eu-north1/experiments/ablations/stage2_resolution_fullres_eval/runs/splat_dataset2_sfm_1024_sift_global_res1024_patch200_stage2/ablation_eval/results_splat.csv
D2,dataset2,1024,sift,global,1024,splat_dataset2_sfm_1024_sift_global_res1024_patch200_500k,splat_dataset2_sfm_1024_sift_global_res1024_patch200_stage2,patch,p000,COMPLETE,complete,200,500000,,0.7292410135269165,23.530723700790663,0.5406307131052017,python_full_resolution_undistorted,full_resolution_undistorted,5365,4713,391.95,500000,7661,8841,completed_requested_iterations,,2026-07-11T22:54:54.935941+00:00,s3://3dreefs-ben-eu-north1/experiments/ablations/stage2_resolution_fullres_eval/runs/splat_dataset2_sfm_1024_sift_global_res1024_patch200_stage2/ablation_eval/results_splat.csv
D2,dataset2,1024,sift,global,1024,splat_dataset2_sfm_1024_sift_global_res1024_patch200_500k,splat_dataset2_sfm_1024_sift_global_res1024_patch200_stage2,patch,p005,COMPLETE,complete,200,500000,,0.6358550096813002,21.76041298829116,0.6167990502558256,python_full_resolution_undistorted,full_resolution_undistorted,5365,4713,311.449,500000,8175,12651,completed_requested_iterations,,2026-07-11T23:03:52.368063+00:00,s3://3dreefs-ben-eu-north1/experiments/ablations/stage2_resolution_fullres_eval/runs/splat_dataset2_sfm_1024_sift_global_res1024_patch200_stage2/ablation_eval/results_splat.csv
D2,dataset2,1024,sift,global,1024,splat_dataset2_sfm_1024_sift_global_res1024_patch200_500k,splat_dataset2_sfm_1024_sift_global_res1024_patch200_stage2,patch,p010,COMPLETE,complete,200,500000,,0.6937362095888924,22.796057901781566,0.5566947951036341,python_full_resolution_undistorted,full_resolution_undistorted,5384,4712,319.475,500000,7894,12651,completed_requested_iterations,,2026-07-11T23:12:39.635965+00:00,s3://3dreefs-ben-eu-north1/experiments/ablations/stage2_resolution_fullres_eval/runs/splat_dataset2_sfm_1024_sift_global_res1024_patch200_stage2/ablation_eval/results_splat.csv
D2,dataset2,1024,sift,global,1024,splat_dataset2_sfm_1024_sift_global_res1024_patch200_500k,splat_dataset2_sfm_1024_sift_global_res1024_patch200_stage2,patch,p016,COMPLETE,complete,200,500000,,0.7207122875584496,24.391069418968446,0.5734699037339952,python_full_resolution_undistorted,full_resolution_undistorted,5384,4712,287.265,500000,8110,12621,completed_requested_iterations,,2026-07-11T23:21:06.067410+00:00,s3://3dreefs-ben-eu-north1/experiments/ablations/stage2_resolution_fullres_eval/runs/splat_dataset2_sfm_1024_sift_global_res1024_patch200_stage2/ablation_eval/results_splat.csv
D2,dataset2,1024,sift,global,1024,splat_dataset2_sfm_1024_sift_global_res1024_patch200_500k,splat_dataset2_sfm_1024_sift_global_res1024_patch200_stage2,patch,p021,COMPLETE,complete,200,500000,,0.7414703733391232,25.07000343257377,0.548958452211486,python_full_resolution_undistorted,full_resolution_undistorted,5365,4713,298.098,500000,7962,12619,completed_requested_iterations,,2026-07-11T23:29:38.935258+00:00,s3://3dreefs-ben-eu-north1/experiments/ablations/stage2_resolution_fullres_eval/runs/splat_dataset2_sfm_1024_sift_global_res1024_patch200_stage2/ablation_eval/results_splat.csv
D2,dataset2,1024,sift,global,1024,splat_dataset2_sfm_1024_sift_global_res1024_patch200_500k,splat_dataset2_sfm_1024_sift_global_res1024_patch200_stage2,patch,p026,COMPLETE,complete,200,500000,,0.6092641121811337,20.96303023473602,0.5611484116978116,python_full_resolution_undistorted,full_resolution_undistorted,5384,4712,307.6,500000,7974,12613,completed_requested_iterations,,2026-07-11T23:38:29.707939+00:00,s3://3dreefs-ben-eu-north1/experiments/ablations/stage2_resolution_fullres_eval/runs/splat_dataset2_sfm_1024_sift_global_res1024_patch200_stage2/ablation_eval/results_splat.csv
D2,dataset2,1024,sift,global,1024,splat_dataset2_sfm_1024_sift_global_res1024_patch200_500k,splat_dataset2_sfm_1024_sift_global_res1024_patch200_stage2,patch,p031,COMPLETE,complete,200,500000,,0.5922178953886033,20.855044076829294,0.5741441667079925,python_full_resolution_undistorted,full_resolution_undistorted,5384,4712,323.428,500000,8113,12661,completed_requested_iterations,,2026-07-11T23:48:05.144989+00:00,s3://3dreefs-ben-eu-north1/experiments/ablations/stage2_resolution_fullres_eval/runs/splat_dataset2_sfm_1024_sift_global_res1024_patch200_stage2/ablation_eval/results_splat.csv
D2,dataset2,1024,sift,global,1024,splat_dataset2_sfm_1024_sift_global_res1024_patch200_500k,splat_dataset2_sfm_1024_sift_global_res1024_patch200_stage2,patch,p037,COMPLETE,complete,200,500000,,0.4808531386984719,17.730184341924712,0.655296309126748,python_full_resolution_undistorted,full_resolution_undistorted,5384,4712,312.944,500000,8031,12659,completed_requested_iterations,,2026-07-11T23:56:59.758197+00:00,s3://3dreefs-ben-eu-north1/experiments/ablations/stage2_resolution_fullres_eval/runs/splat_dataset2_sfm_1024_sift_global_res1024_patch200_stage2/ablation_eval/results_splat.csv
D2,dataset2,1024,sift,global,1024,splat_dataset2_sfm_1024_sift_global_res1024_patch200_500k,splat_dataset2_sfm_1024_sift_global_res1024_patch200_stage2,patch,p042,COMPLETE,complete,200,500000,,0.4919782360394796,18.334816929302352,0.573344079653422,python_full_resolution_undistorted,full_resolution_undistorted,5384,4712,283.797,500000,8007,12579,completed_requested_iterations,,2026-07-12T00:04:54.573334+00:00,s3://3dreefs-ben-eu-north1/experiments/ablations/stage2_resolution_fullres_eval/runs/splat_dataset2_sfm_1024_sift_global_res1024_patch200_stage2/ablation_eval/results_splat.csv
D2,dataset2,1024,sift,global,1024,splat_dataset2_sfm_1024_sift_global_res1024_patch200_500k,splat_dataset2_sfm_1024_sift_global_res1024_patch200_stage2,patch,p047,COMPLETE,complete,200,500000,,0.5417934010426203,19.354503704090185,0.5801515413655175,python_full_resolution_undistorted,full_resolution_undistorted,5384,4712,290.703,500000,8042,12659,completed_requested_iterations,,2026-07-12T00:13:32.939958+00:00,s3://3dreefs-ben-eu-north1/experiments/ablations/stage2_resolution_fullres_eval/runs/splat_dataset2_sfm_1024_sift_global_res1024_patch200_stage2/ablation_eval/results_splat.csv
D2,dataset2,1024,sift,global,1024,splat_dataset2_sfm_1024_sift_global_res1024_patch400_1m,splat_dataset2_sfm_1024_sift_global_res1024_patch400_stage2_remaining,patch,p000,COMPLETE,complete,400,1000000,,0.7501521110534668,24.15805500949075,0.533935019060185,python_full_resolution_undistorted,full_resolution_undistorted,5384,4712,538.344,1000000,8010,8841,completed_requested_iterations,,2026-07-11T23:00:08.254957+00:00,s3://3dreefs-ben-eu-north1/experiments/ablations/stage2_resolution_fullres_eval/runs/splat_dataset2_sfm_1024_sift_global_res1024_patch400_stage2_remaining/ablation_eval/results_splat.csv
D2,dataset2,1024,sift,global,1024,splat_dataset2_sfm_1024_sift_global_res1024_patch400_1m,splat_dataset2_sfm_1024_sift_global_res1024_patch400_stage2_remaining,patch,p002,COMPLETE,complete,400,1000000,,0.730739392732319,23.579952105137043,0.5640305414011604,python_full_resolution_undistorted,full_resolution_undistorted,5384,4712,453.752,1000000,8623,13061,completed_requested_iterations,,2026-07-11T23:14:45.412770+00:00,s3://3dreefs-ben-eu-north1/experiments/ablations/stage2_resolution_fullres_eval/runs/splat_dataset2_sfm_1024_sift_global_res1024_patch400_stage2_remaining/ablation_eval/results_splat.csv
D2,dataset2,1024,sift,global,1024,splat_dataset2_sfm_1024_sift_global_res1024_patch400_1m,splat_dataset2_sfm_1024_sift_global_res1024_patch400_stage2_remaining,patch,p005,COMPLETE,complete,400,1000000,,0.6885405421257019,22.794815143469805,0.567757897824049,python_full_resolution_undistorted,full_resolution_undistorted,5365,4713,479.667,1000000,8681,13069,completed_requested_iterations,,2026-07-11T23:30:28.706843+00:00,s3://3dreefs-ben-eu-north1/experiments/ablations/stage2_resolution_fullres_eval/runs/splat_dataset2_sfm_1024_sift_global_res1024_patch400_stage2_remaining/ablation_eval/results_splat.csv
D2,dataset2,1024,sift,global,1024,splat_dataset2_sfm_1024_sift_global_res1024_patch400_1m,splat_dataset2_sfm_1024_sift_global_res1024_patch400_stage2_remaining,patch,p007,COMPLETE,complete,400,1000000,,0.7074033243533893,24.220130210144283,0.560950918839528,python_full_resolution_undistorted,full_resolution_undistorted,5365,4713,456.069,1000000,8587,13039,completed_requested_iterations,,2026-07-11T23:45:25.659444+00:00,s3://3dreefs-ben-eu-north1/experiments/ablations/stage2_resolution_fullres_eval/runs/splat_dataset2_sfm_1024_sift_global_res1024_patch400_stage2_remaining/ablation_eval/results_splat.csv
D2,dataset2,1024,sift,global,1024,splat_dataset2_sfm_1024_sift_global_res1024_patch400_1m,splat_dataset2_sfm_1024_sift_global_res1024_patch400_stage2_remaining,patch,p009,COMPLETE,complete,400,1000000,,0.6423008747790989,22.00796427707784,0.583139117611082,python_full_resolution_undistorted,full_resolution_undistorted,5365,4713,475.852,1000000,8775,13035,completed_requested_iterations,,2026-07-12T00:00:33.432995+00:00,s3://3dreefs-ben-eu-north1/experiments/ablations/stage2_resolution_fullres_eval/runs/splat_dataset2_sfm_1024_sift_global_res1024_patch400_stage2_remaining/ablation_eval/results_splat.csv
D2,dataset2,1024,sift,global,1024,splat_dataset2_sfm_1024_sift_global_res1024_patch400_1m,splat_dataset2_sfm_1024_sift_global_res1024_patch400_stage2_remaining,patch,p012,COMPLETE,complete,400,1000000,,0.6384804202960088,21.89903626705847,0.5890988676975935,python_full_resolution_undistorted,full_resolution_undistorted,5384,4712,470.95,1000000,8813,13099,completed_requested_iterations,,2026-07-12T00:16:01.114868+00:00,s3://3dreefs-ben-eu-north1/experiments/ablations/stage2_resolution_fullres_eval/runs/splat_dataset2_sfm_1024_sift_global_res1024_patch400_stage2_remaining/ablation_eval/results_splat.csv
D2,dataset2,1024,sift,global,1024,splat_dataset2_sfm_1024_sift_global_res1024_patch400_1m,splat_dataset2_sfm_1024_sift_global_res1024_patch400_stage2_remaining,patch,p014,COMPLETE,complete,400,1000000,,0.527485375220959,19.055166190637667,0.6353681056927412,python_full_resolution_undistorted,full_resolution_undistorted,5365,4713,463.26,1000000,8936,13009,completed_requested_iterations,,2026-07-12T00:31:23.986684+00:00,s3://3dreefs-ben-eu-north1/experiments/ablations/stage2_resolution_fullres_eval/runs/splat_dataset2_sfm_1024_sift_global_res1024_patch400_stage2_remaining/ablation_eval/results_splat.csv
D2,dataset2,1024,sift,global,1024,splat_dataset2_sfm_1024_sift_global_res1024_patch400_1m,splat_dataset2_sfm_1024_sift_global_res1024_patch400_stage2_remaining,patch,p016,COMPLETE,complete,400,1000000,,0.516562669705122,18.890838097093365,0.5959662290719839,python_full_resolution_undistorted,full_resolution_undistorted,5384,4712,456.221,1000000,9038,13075,completed_requested_iterations,,2026-07-12T00:47:02.792899+00:00,s3://3dreefs-ben-eu-north1/experiments/ablations/stage2_resolution_fullres_eval/runs/splat_dataset2_sfm_1024_sift_global_res1024_patch400_stage2_remaining/ablation_eval/results_splat.csv
D2,dataset2,1024,sift,global,1024,splat_dataset2_sfm_1024_sift_global_res1024_patch400_1m,splat_dataset2_sfm_1024_sift_global_res1024_patch400_stage2_remaining,patch,p019,COMPLETE,complete,400,1000000,,0.5025931780154889,18.231993959434252,0.624208668867747,python_full_resolution_undistorted,full_resolution_undistorted,5365,4713,454.566,1000000,9033,13071,completed_requested_iterations,,2026-07-12T01:02:47.425012+00:00,s3://3dreefs-ben-eu-north1/experiments/ablations/stage2_resolution_fullres_eval/runs/splat_dataset2_sfm_1024_sift_global_res1024_patch400_stage2_remaining/ablation_eval/results_splat.csv
D2,dataset2,1024,sift,global,1024,splat_dataset2_sfm_1024_sift_global_res1024_patch400_1m,splat_dataset2_sfm_1024_sift_global_res1024_patch400_stage2_remaining,patch,p021,COMPLETE,complete,400,1000000,,0.5282684242403185,18.919179956788195,0.5924075978833276,python_full_resolution_undistorted,full_resolution_undistorted,5384,4712,442.505,1000000,8996,12997,completed_requested_iterations,,2026-07-12T01:17:41.543166+00:00,s3://3dreefs-ben-eu-north1/experiments/ablations/stage2_resolution_fullres_eval/runs/splat_dataset2_sfm_1024_sift_global_res1024_patch400_stage2_remaining/ablation_eval/results_splat.csv
D2,dataset2,1024,sift,global,1024,splat_dataset2_sfm_1024_sift_global_res1024_patch400_2m,splat_dataset2_sfm_1024_sift_global_res1024_patch400_stage2_remaining,patch,p000,COMPLETE,complete,400,2000000,,0.7495844066143036,24.072339106515077,0.4823476695700696,python_full_resolution_undistorted,full_resolution_undistorted,5384,4712,614.592,2000000,7887,8841,completed_requested_iterations,,2026-07-12T01:52:42.151842+00:00,s3://3dreefs-ben-eu-north1/experiments/ablations/stage2_resolution_fullres_eval/runs/splat_dataset2_sfm_1024_sift_global_res1024_patch400_stage2_remaining/ablation_eval/results_splat.csv
D2,dataset2,1024,sift,global,1024,splat_dataset2_sfm_1024_sift_global_res1024_patch400_2m,splat_dataset2_sfm_1024_sift_global_res1024_patch400_stage2_remaining,patch,p002,COMPLETE,complete,400,2000000,,0.7307545605458712,23.462045421462268,0.5074816338325802,python_full_resolution_undistorted,full_resolution_undistorted,5384,4712,592.074,2000000,8525,14413,completed_requested_iterations,,2026-07-12T02:09:54.060238+00:00,s3://3dreefs-ben-eu-north1/experiments/ablations/stage2_resolution_fullres_eval/runs/splat_dataset2_sfm_1024_sift_global_res1024_patch400_stage2_remaining/ablation_eval/results_splat.csv
D2,dataset2,1024,sift,global,1024,splat_dataset2_sfm_1024_sift_global_res1024_patch400_2m,splat_dataset2_sfm_1024_sift_global_res1024_patch400_stage2_remaining,patch,p005,COMPLETE,complete,400,2000000,,0.6872383520007134,22.518905476325937,0.5096712999045849,python_full_resolution_undistorted,full_resolution_undistorted,5365,4713,623.498,2000000,8482,13553,completed_requested_iterations,,2026-07-12T02:28:12.064655+00:00,s3://3dreefs-ben-eu-north1/experiments/ablations/stage2_resolution_fullres_eval/runs/splat_dataset2_sfm_1024_sift_global_res1024_patch400_stage2_remaining/ablation_eval/results_splat.csv
D2,dataset2,1024,sift,global,1024,splat_dataset2_sfm_1024_sift_global_res1024_patch400_2m,splat_dataset2_sfm_1024_sift_global_res1024_patch400_stage2_remaining,patch,p007,COMPLETE,complete,400,2000000,,0.7121471036703159,24.098805773417062,0.5014371291185037,python_full_resolution_undistorted,full_resolution_undistorted,5365,4713,588.881,2000000,9337,13495,completed_requested_iterations,,2026-07-12T02:45:25.119167+00:00,s3://3dreefs-ben-eu-north1/experiments/ablations/stage2_resolution_fullres_eval/runs/splat_dataset2_sfm_1024_sift_global_res1024_patch400_stage2_remaining/ablation_eval/results_splat.csv
D2,dataset2,1024,sift,global,1024,splat_dataset2_sfm_1024_sift_global_res1024_patch400_2m,splat_dataset2_sfm_1024_sift_global_res1024_patch400_stage2_remaining,patch,p009,COMPLETE,complete,400,2000000,,0.6418695308660206,21.793283041453787,0.5324448762755645,python_full_resolution_undistorted,full_resolution_undistorted,5365,4713,603.223,2000000,9523,13557,completed_requested_iterations,,2026-07-12T03:03:07.556074+00:00,s3://3dreefs-ben-eu-north1/experiments/ablations/stage2_resolution_fullres_eval/runs/splat_dataset2_sfm_1024_sift_global_res1024_patch400_stage2_remaining/ablation_eval/results_splat.csv
D2,dataset2,1024,sift,global,1024,splat_dataset2_sfm_1024_sift_global_res1024_patch400_2m,splat_dataset2_sfm_1024_sift_global_res1024_patch400_stage2_remaining,patch,p012,COMPLETE,complete,400,2000000,,0.6432962264770117,21.833085388374094,0.5322413299328241,python_full_resolution_undistorted,full_resolution_undistorted,5384,4712,611.222,2000000,8600,13549,completed_requested_iterations,,2026-07-12T03:21:10.820769+00:00,s3://3dreefs-ben-eu-north1/experiments/ablations/stage2_resolution_fullres_eval/runs/splat_dataset2_sfm_1024_sift_global_res1024_patch400_stage2_remaining/ablation_eval/results_splat.csv
D2,dataset2,1024,sift,global,1024,splat_dataset2_sfm_1024_sift_global_res1024_patch400_2m,splat_dataset2_sfm_1024_sift_global_res1024_patch400_stage2_remaining,patch,p014,COMPLETE,complete,400,2000000,,0.5325100108599051,19.02942668421798,0.5781753009710556,python_full_resolution_undistorted,full_resolution_undistorted,5365,4713,602.014,2000000,9657,13521,completed_requested_iterations,,2026-07-12T03:38:52.400692+00:00,s3://3dreefs-ben-eu-north1/experiments/ablations/stage2_resolution_fullres_eval/runs/splat_dataset2_sfm_1024_sift_global_res1024_patch400_stage2_remaining/ablation_eval/results_splat.csv
D2,dataset2,1024,sift,global,1024,splat_dataset2_sfm_1024_sift_global_res1024_patch400_2m,splat_dataset2_sfm_1024_sift_global_res1024_patch400_stage2_remaining,patch,p016,COMPLETE,complete,400,2000000,,0.5235652182346735,18.747209215016614,0.5393041632114313,python_full_resolution_undistorted,full_resolution_undistorted,5384,4712,574.342,2000000,9003,13529,completed_requested_iterations,,2026-07-12T03:56:17.762867+00:00,s3://3dreefs-ben-eu-north1/experiments/ablations/stage2_resolution_fullres_eval/runs/splat_dataset2_sfm_1024_sift_global_res1024_patch400_stage2_remaining/ablation_eval/results_splat.csv
D2,dataset2,1024,sift,global,1024,splat_dataset2_sfm_1024_sift_global_res1024_patch400_2m,splat_dataset2_sfm_1024_sift_global_res1024_patch400_stage2_remaining,patch,p019,COMPLETE,complete,400,2000000,,0.5087744226822486,18.166781249869985,0.5698577043337699,python_full_resolution_undistorted,full_resolution_undistorted,5365,4713,577.94,2000000,9063,13521,completed_requested_iterations,,2026-07-12T04:13:42.777292+00:00,s3://3dreefs-ben-eu-north1/experiments/ablations/stage2_resolution_fullres_eval/runs/splat_dataset2_sfm_1024_sift_global_res1024_patch400_stage2_remaining/ablation_eval/results_splat.csv
D2,dataset2,1024,sift,global,1024,splat_dataset2_sfm_1024_sift_global_res1024_patch400_2m,splat_dataset2_sfm_1024_sift_global_res1024_patch400_stage2_remaining,patch,p021,COMPLETE,complete,400,2000000,,0.5331844469985446,18.73917500089457,0.539919082377408,python_full_resolution_undistorted,full_resolution_undistorted,5384,4712,564.928,2000000,8922,13519,completed_requested_iterations,,2026-07-12T04:30:18.583774+00:00,s3://3dreefs-ben-eu-north1/experiments/ablations/stage2_resolution_fullres_eval/runs/splat_dataset2_sfm_1024_sift_global_res1024_patch400_stage2_remaining/ablation_eval/results_splat.csv
D2,dataset2,1024,sift,global,1024,splat_dataset2_sfm_1024_sift_global_res1024_patch400_500k,splat_dataset2_sfm_1024_sift_global_res1024_patch400_stage2,patch,p000,COMPLETE,complete,400,500000,,0.7444952820476732,24.02547182079823,0.5875840775276485,python_full_resolution_undistorted,full_resolution_undistorted,5384,4712,443.147,500000,7972,7309,completed_requested_iterations,,2026-07-11T10:56:12.911323+00:00,s3://3dreefs-ben-eu-north1/experiments/ablations/stage2_resolution_fullres_eval/runs/splat_dataset2_sfm_1024_sift_global_res1024_patch400_stage2/ablation_eval/results_splat.csv
D2,dataset2,1024,sift,global,1024,splat_dataset2_sfm_1024_sift_global_res1024_patch400_500k,splat_dataset2_sfm_1024_sift_global_res1024_patch400_stage2,patch,p002,COMPLETE,complete,400,500000,,0.7231926133758143,23.498646298399414,0.6213266943630419,python_full_resolution_undistorted,full_resolution_undistorted,5384,4712,369.171,500000,8494,11189,completed_requested_iterations,,2026-07-11T11:09:14.399809+00:00,s3://3dreefs-ben-eu-north1/experiments/ablations/stage2_resolution_fullres_eval/runs/splat_dataset2_sfm_1024_sift_global_res1024_patch400_stage2/ablation_eval/results_splat.csv
D2,dataset2,1024,sift,global,1024,splat_dataset2_sfm_1024_sift_global_res1024_patch400_500k,splat_dataset2_sfm_1024_sift_global_res1024_patch400_stage2,patch,p005,COMPLETE,complete,400,500000,,0.680129499733448,22.739520479248092,0.6294057801365852,python_full_resolution_undistorted,full_resolution_undistorted,5365,4713,402.848,500000,8570,11195,completed_requested_iterations,,2026-07-11T11:23:26.496514+00:00,s3://3dreefs-ben-eu-north1/experiments/ablations/stage2_resolution_fullres_eval/runs/splat_dataset2_sfm_1024_sift_global_res1024_patch400_stage2/ablation_eval/results_splat.csv
D2,dataset2,1024,sift,global,1024,splat_dataset2_sfm_1024_sift_global_res1024_patch400_500k,splat_dataset2_sfm_1024_sift_global_res1024_patch400_stage2,patch,p007,COMPLETE,complete,400,500000,,0.6955005045120533,23.976877178044177,0.6215564486307975,python_full_resolution_undistorted,full_resolution_undistorted,5365,4713,383.766,500000,8531,11229,completed_requested_iterations,,2026-07-11T11:37:04.456053+00:00,s3://3dreefs-ben-eu-north1/experiments/ablations/stage2_resolution_fullres_eval/runs/splat_dataset2_sfm_1024_sift_global_res1024_patch400_stage2/ablation_eval/results_splat.csv
D2,dataset2,1024,sift,global,1024,splat_dataset2_sfm_1024_sift_global_res1024_patch400_500k,splat_dataset2_sfm_1024_sift_global_res1024_patch400_stage2,patch,p009,COMPLETE,complete,400,500000,,0.6334853995787469,21.874732576253326,0.6441260764473363,python_full_resolution_undistorted,full_resolution_undistorted,5365,4713,392.55,500000,8652,11225,completed_requested_iterations,,2026-07-11T11:50:55.025233+00:00,s3://3dreefs-ben-eu-north1/experiments/ablations/stage2_resolution_fullres_eval/runs/splat_dataset2_sfm_1024_sift_global_res1024_patch400_stage2/ablation_eval/results_splat.csv
D2,dataset2,1024,sift,global,1024,splat_dataset2_sfm_1024_sift_global_res1024_patch400_500k,splat_dataset2_sfm_1024_sift_global_res1024_patch400_stage2,patch,p012,COMPLETE,complete,400,500000,,0.6268557562277868,21.79942294217926,0.6469097794630588,python_full_resolution_undistorted,full_resolution_undistorted,5384,4712,383.325,500000,8586,11195,completed_requested_iterations,,2026-07-11T12:04:53.844196+00:00,s3://3dreefs-ben-eu-north1/experiments/ablations/stage2_resolution_fullres_eval/runs/splat_dataset2_sfm_1024_sift_global_res1024_patch400_stage2/ablation_eval/results_splat.csv
D2,dataset2,1024,sift,global,1024,splat_dataset2_sfm_1024_sift_global_res1024_patch400_500k,splat_dataset2_sfm_1024_sift_global_res1024_patch400_stage2,patch,p014,COMPLETE,complete,400,500000,,0.5164048442473779,18.853095818660442,0.6923846923387967,python_full_resolution_undistorted,full_resolution_undistorted,5365,4713,376.981,500000,9028,11231,completed_requested_iterations,,2026-07-11T12:18:49.626963+00:00,s3://3dreefs-ben-eu-north1/experiments/ablations/stage2_resolution_fullres_eval/runs/splat_dataset2_sfm_1024_sift_global_res1024_patch400_stage2/ablation_eval/results_splat.csv
D2,dataset2,1024,sift,global,1024,splat_dataset2_sfm_1024_sift_global_res1024_patch400_500k,splat_dataset2_sfm_1024_sift_global_res1024_patch400_stage2,patch,p016,COMPLETE,complete,400,500000,,0.4991705876130324,18.67906935285543,0.6641049813001584,python_full_resolution_undistorted,full_resolution_undistorted,5384,4712,365.633,500000,8871,11263,completed_requested_iterations,,2026-07-11T12:32:34.610022+00:00,s3://3dreefs-ben-eu-north1/experiments/ablations/stage2_resolution_fullres_eval/runs/splat_dataset2_sfm_1024_sift_global_res1024_patch400_stage2/ablation_eval/results_splat.csv
D2,dataset2,1024,sift,global,1024,splat_dataset2_sfm_1024_sift_global_res1024_patch400_500k,splat_dataset2_sfm_1024_sift_global_res1024_patch400_stage2,patch,p019,COMPLETE,complete,400,500000,,0.4863601686098637,18.02387048359675,0.6864913121247903,python_full_resolution_undistorted,full_resolution_undistorted,5365,4713,376.064,500000,9038,11195,completed_requested_iterations,,2026-07-11T12:46:22.283149+00:00,s3://3dreefs-ben-eu-north1/experiments/ablations/stage2_resolution_fullres_eval/runs/splat_dataset2_sfm_1024_sift_global_res1024_patch400_stage2/ablation_eval/results_splat.csv
D2,dataset2,1024,sift,global,1024,splat_dataset2_sfm_1024_sift_global_res1024_patch400_500k,splat_dataset2_sfm_1024_sift_global_res1024_patch400_stage2,patch,p021,COMPLETE,complete,400,500000,,0.5122111447759576,18.75776447283228,0.6548678858860119,python_full_resolution_undistorted,full_resolution_undistorted,5384,4712,368.133,500000,8895,11219,completed_requested_iterations,,2026-07-11T12:59:50.800727+00:00,s3://3dreefs-ben-eu-north1/experiments/ablations/stage2_resolution_fullres_eval/runs/splat_dataset2_sfm_1024_sift_global_res1024_patch400_stage2/ablation_eval/results_splat.csv
D2,dataset2,1024,sift,global,1024,splat_dataset2_sfm_1024_sift_global_res1024_patch800_1m,splat_dataset2_sfm_1024_sift_global_res1024_patch800_stage2,patch,p000,COMPLETE,complete,800,1000000,,0.7335867395526484,23.60512882143671,0.607073816029649,python_full_resolution_undistorted,full_resolution_undistorted,5365,4713,602.826,1000000,9019,8841,completed_requested_iterations,,2026-07-12T02:58:16.545124+00:00,s3://3dreefs-ben-eu-north1/experiments/ablations/stage2_resolution_fullres_eval/runs/splat_dataset2_sfm_1024_sift_global_res1024_patch800_stage2/ablation_eval/results_splat.csv
D2,dataset2,1024,sift,global,1024,splat_dataset2_sfm_1024_sift_global_res1024_patch800_1m,splat_dataset2_sfm_1024_sift_global_res1024_patch800_stage2,patch,p001,COMPLETE,complete,800,1000000,,0.7031823751292651,23.366811779397853,0.622560740271701,python_full_resolution_undistorted,full_resolution_undistorted,5384,4712,597.301,1000000,10032,13253,completed_requested_iterations,,2026-07-12T03:22:07.721888+00:00,s3://3dreefs-ben-eu-north1/experiments/ablations/stage2_resolution_fullres_eval/runs/splat_dataset2_sfm_1024_sift_global_res1024_patch800_stage2/ablation_eval/results_splat.csv
D2,dataset2,1024,sift,global,1024,splat_dataset2_sfm_1024_sift_global_res1024_patch800_1m,splat_dataset2_sfm_1024_sift_global_res1024_patch800_stage2,patch,p002,COMPLETE,complete,800,1000000,,0.6694878879431132,22.268834631148376,0.6406665581303674,python_full_resolution_undistorted,full_resolution_undistorted,5384,4712,616.638,1000000,10126,13261,completed_requested_iterations,,2026-07-12T03:45:35.498936+00:00,s3://3dreefs-ben-eu-north1/experiments/ablations/stage2_resolution_fullres_eval/runs/splat_dataset2_sfm_1024_sift_global_res1024_patch800_stage2/ablation_eval/results_splat.csv
D2,dataset2,1024,sift,global,1024,splat_dataset2_sfm_1024_sift_global_res1024_patch800_1m,splat_dataset2_sfm_1024_sift_global_res1024_patch800_stage2,patch,p003,COMPLETE,complete,800,1000000,,0.6485359479080547,22.07676271914692,0.6242671136732225,python_full_resolution_undistorted,full_resolution_undistorted,5365,4713,618.927,1000000,10073,13533,completed_requested_iterations,,2026-07-12T04:10:01.819622+00:00,s3://3dreefs-ben-eu-north1/experiments/ablations/stage2_resolution_fullres_eval/runs/splat_dataset2_sfm_1024_sift_global_res1024_patch800_stage2/ablation_eval/results_splat.csv
D2,dataset2,1024,sift,global,1024,splat_dataset2_sfm_1024_sift_global_res1024_patch800_1m,splat_dataset2_sfm_1024_sift_global_res1024_patch800_stage2,patch,p004,COMPLETE,complete,800,1000000,,0.6566829624084326,22.62204109493968,0.626763336169414,python_full_resolution_undistorted,full_resolution_undistorted,5365,4713,622.474,1000000,10236,13343,completed_requested_iterations,,2026-07-12T04:34:07.075455+00:00,s3://3dreefs-ben-eu-north1/experiments/ablations/stage2_resolution_fullres_eval/runs/splat_dataset2_sfm_1024_sift_global_res1024_patch800_stage2/ablation_eval/results_splat.csv
D2,dataset2,1024,sift,global,1024,splat_dataset2_sfm_1024_sift_global_res1024_patch800_1m,splat_dataset2_sfm_1024_sift_global_res1024_patch800_stage2,patch,p006,COMPLETE,complete,800,1000000,,0.5053954972075178,18.592520300944656,0.6746972094882618,python_full_resolution_undistorted,full_resolution_undistorted,5365,4713,606.769,1000000,10528,13277,completed_requested_iterations,,2026-07-12T04:58:21.063776+00:00,s3://3dreefs-ben-eu-north1/experiments/ablations/stage2_resolution_fullres_eval/runs/splat_dataset2_sfm_1024_sift_global_res1024_patch800_stage2/ablation_eval/results_splat.csv
D2,dataset2,1024,sift,global,1024,splat_dataset2_sfm_1024_sift_global_res1024_patch800_1m,splat_dataset2_sfm_1024_sift_global_res1024_patch800_stage2,patch,p007,COMPLETE,complete,800,1000000,,0.5088090969201846,18.909928484432204,0.6635757272060101,python_full_resolution_undistorted,full_resolution_undistorted,5384,4712,602.967,1000000,10501,13249,completed_requested_iterations,,2026-07-12T05:22:37.477831+00:00,s3://3dreefs-ben-eu-north1/experiments/ablations/stage2_resolution_fullres_eval/runs/splat_dataset2_sfm_1024_sift_global_res1024_patch800_stage2/ablation_eval/results_splat.csv
D2,dataset2,1024,sift,global,1024,splat_dataset2_sfm_1024_sift_global_res1024_patch800_1m,splat_dataset2_sfm_1024_sift_global_res1024_patch800_stage2,patch,p008,COMPLETE,complete,800,1000000,,0.5215903257853106,19.22332725019829,0.650985878549124,python_full_resolution_undistorted,full_resolution_undistorted,5384,4712,600.08,1000000,10598,13275,completed_requested_iterations,,2026-07-12T05:47:00.880578+00:00,s3://3dreefs-ben-eu-north1/experiments/ablations/stage2_resolution_fullres_eval/runs/splat_dataset2_sfm_1024_sift_global_res1024_patch800_stage2/ablation_eval/results_splat.csv
D2,dataset2,1024,sift,global,1024,splat_dataset2_sfm_1024_sift_global_res1024_patch800_1m,splat_dataset2_sfm_1024_sift_global_res1024_patch800_stage2,patch,p009,COMPLETE,complete,800,1000000,,0.48184516648702985,17.573866365237336,0.7048749855802029,python_full_resolution_undistorted,full_resolution_undistorted,5365,4713,594.068,1000000,10652,13291,completed_requested_iterations,,2026-07-12T06:11:27.731453+00:00,s3://3dreefs-ben-eu-north1/experiments/ablations/stage2_resolution_fullres_eval/runs/splat_dataset2_sfm_1024_sift_global_res1024_patch800_stage2/ablation_eval/results_splat.csv
D2,dataset2,1024,sift,global,1024,splat_dataset2_sfm_1024_sift_global_res1024_patch800_1m,splat_dataset2_sfm_1024_sift_global_res1024_patch800_stage2,patch,p010,COMPLETE,complete,800,1000000,,0.5139411141475042,18.60058725880631,0.6224096140691212,python_full_resolution_undistorted,full_resolution_undistorted,5384,4712,460.963,1000000,9472,13087,completed_requested_iterations,,2026-07-12T06:27:05.796350+00:00,s3://3dreefs-ben-eu-north1/experiments/ablations/stage2_resolution_fullres_eval/runs/splat_dataset2_sfm_1024_sift_global_res1024_patch800_stage2/ablation_eval/results_splat.csv
D2,dataset2,1024,sift,global,1024,splat_dataset2_sfm_1024_sift_global_res1024_patch800_2m,splat_dataset2_sfm_1024_sift_global_res1024_patch800_stage2,patch,p000,COMPLETE,complete,800,2000000,,0.7386401013324135,23.58143598158749,0.5607232800439784,python_full_resolution_undistorted,full_resolution_undistorted,5365,4713,745.441,2000000,8910,8841,completed_requested_iterations,,2026-07-12T07:10:34.877743+00:00,s3://3dreefs-ben-eu-north1/experiments/ablations/stage2_resolution_fullres_eval/runs/splat_dataset2_sfm_1024_sift_global_res1024_patch800_stage2/ablation_eval/results_splat.csv
D2,dataset2,1024,sift,global,1024,splat_dataset2_sfm_1024_sift_global_res1024_patch800_2m,splat_dataset2_sfm_1024_sift_global_res1024_patch800_stage2,patch,p001,COMPLETE,complete,800,2000000,,0.7111166941968701,23.32499393779465,0.570181829642646,python_full_resolution_undistorted,full_resolution_undistorted,5384,4712,769.903,2000000,9863,13801,completed_requested_iterations,,2026-07-12T07:37:48.484887+00:00,s3://3dreefs-ben-eu-north1/experiments/ablations/stage2_resolution_fullres_eval/runs/splat_dataset2_sfm_1024_sift_global_res1024_patch800_stage2/ablation_eval/results_splat.csv
D2,dataset2,1024,sift,global,1024,splat_dataset2_sfm_1024_sift_global_res1024_patch800_2m,splat_dataset2_sfm_1024_sift_global_res1024_patch800_stage2,patch,p002,COMPLETE,complete,800,2000000,,0.6762519527126003,22.231828523112597,0.589451276772731,python_full_resolution_undistorted,full_resolution_undistorted,5384,4712,763.15,2000000,9818,13807,completed_requested_iterations,,2026-07-12T08:04:32.604965+00:00,s3://3dreefs-ben-eu-north1/experiments/ablations/stage2_resolution_fullres_eval/runs/splat_dataset2_sfm_1024_sift_global_res1024_patch800_stage2/ablation_eval/results_splat.csv
D2,dataset2,1024,sift,global,1024,splat_dataset2_sfm_1024_sift_global_res1024_patch800_2m,splat_dataset2_sfm_1024_sift_global_res1024_patch800_stage2,patch,p003,COMPLETE,complete,800,2000000,,0.6566145168496417,22.127409107766265,0.5754538128128299,python_full_resolution_undistorted,full_resolution_undistorted,5365,4713,755.943,2000000,9877,13797,completed_requested_iterations,,2026-07-12T08:31:33.672922+00:00,s3://3dreefs-ben-eu-north1/experiments/ablations/stage2_resolution_fullres_eval/runs/splat_dataset2_sfm_1024_sift_global_res1024_patch800_stage2/ablation_eval/results_splat.csv
D2,dataset2,1024,sift,global,1024,splat_dataset2_sfm_1024_sift_global_res1024_patch800_2m,splat_dataset2_sfm_1024_sift_global_res1024_patch800_stage2,patch,p004,COMPLETE,complete,800,2000000,,0.6659094645426824,22.724426463519872,0.5719804217418035,python_full_resolution_undistorted,full_resolution_undistorted,5365,4713,757.518,2000000,10009,13827,completed_requested_iterations,,2026-07-12T08:58:55.521140+00:00,s3://3dreefs-ben-eu-north1/experiments/ablations/stage2_resolution_fullres_eval/runs/splat_dataset2_sfm_1024_sift_global_res1024_patch800_stage2/ablation_eval/results_splat.csv
D2,dataset2,1024,sift,global,1024,splat_dataset2_sfm_1024_sift_global_res1024_patch800_2m,splat_dataset2_sfm_1024_sift_global_res1024_patch800_stage2,patch,p006,COMPLETE,complete,800,2000000,,0.517034872398748,18.713726095189244,0.6207671645399812,python_full_resolution_undistorted,full_resolution_undistorted,5365,4713,743.878,2000000,10292,13729,completed_requested_iterations,,2026-07-12T09:25:39.781927+00:00,s3://3dreefs-ben-eu-north1/experiments/ablations/stage2_resolution_fullres_eval/runs/splat_dataset2_sfm_1024_sift_global_res1024_patch800_stage2/ablation_eval/results_splat.csv
D2,dataset2,1024,sift,global,1024,splat_dataset2_sfm_1024_sift_global_res1024_patch800_2m,splat_dataset2_sfm_1024_sift_global_res1024_patch800_stage2,patch,p007,COMPLETE,complete,800,2000000,,0.5208411770753372,18.9922916418911,0.6102725275051899,python_full_resolution_undistorted,full_resolution_undistorted,5384,4712,731.626,2000000,10297,14693,completed_requested_iterations,,2026-07-12T09:52:09.892634+00:00,s3://3dreefs-ben-eu-north1/experiments/ablations/stage2_resolution_fullres_eval/runs/splat_dataset2_sfm_1024_sift_global_res1024_patch800_stage2/ablation_eval/results_splat.csv
D2,dataset2,1024,sift,global,1024,splat_dataset2_sfm_1024_sift_global_res1024_patch800_2m,splat_dataset2_sfm_1024_sift_global_res1024_patch800_stage2,patch,p008,COMPLETE,complete,800,2000000,,0.5350755053131204,19.24635378300002,0.5971117498059022,python_full_resolution_undistorted,full_resolution_undistorted,5384,4712,726.319,2000000,10394,13757,completed_requested_iterations,,2026-07-12T10:18:17.484892+00:00,s3://3dreefs-ben-eu-north1/experiments/ablations/stage2_resolution_fullres_eval/runs/splat_dataset2_sfm_1024_sift_global_res1024_patch800_stage2/ablation_eval/results_splat.csv
D2,dataset2,1024,sift,global,1024,splat_dataset2_sfm_1024_sift_global_res1024_patch800_2m,splat_dataset2_sfm_1024_sift_global_res1024_patch800_stage2,patch,p009,COMPLETE,complete,800,2000000,,0.4846945163569873,17.34865898794961,0.6770291060586519,python_full_resolution_undistorted,full_resolution_undistorted,5365,4713,716.258,2000000,10446,13825,completed_requested_iterations,,2026-07-12T10:45:30.335233+00:00,s3://3dreefs-ben-eu-north1/experiments/ablations/stage2_resolution_fullres_eval/runs/splat_dataset2_sfm_1024_sift_global_res1024_patch800_stage2/ablation_eval/results_splat.csv
D2,dataset2,1024,sift,global,1024,splat_dataset2_sfm_1024_sift_global_res1024_patch800_2m,splat_dataset2_sfm_1024_sift_global_res1024_patch800_stage2,patch,p010,COMPLETE,complete,800,2000000,,0.5172137014922642,18.39726608896451,0.5785514605896813,python_full_resolution_undistorted,full_resolution_undistorted,5384,4712,584.762,2000000,9297,13577,completed_requested_iterations,,2026-07-12T11:03:08.146340+00:00,s3://3dreefs-ben-eu-north1/experiments/ablations/stage2_resolution_fullres_eval/runs/splat_dataset2_sfm_1024_sift_global_res1024_patch800_stage2/ablation_eval/results_splat.csv
D2,dataset2,1024,sift,global,1024,splat_dataset2_sfm_1024_sift_global_res1024_patch800_500k,splat_dataset2_sfm_1024_sift_global_res1024_patch800_stage2,patch,p000,COMPLETE,complete,800,500000,,0.723606308039866,23.329755202978852,0.6507334066064734,python_full_resolution_undistorted,full_resolution_undistorted,5365,4713,569.874,500000,8843,8841,completed_requested_iterations,,2026-07-11T23:05:27.553712+00:00,s3://3dreefs-ben-eu-north1/experiments/ablations/stage2_resolution_fullres_eval/runs/splat_dataset2_sfm_1024_sift_global_res1024_patch800_stage2/ablation_eval/results_splat.csv
D2,dataset2,1024,sift,global,1024,splat_dataset2_sfm_1024_sift_global_res1024_patch800_500k,splat_dataset2_sfm_1024_sift_global_res1024_patch800_stage2,patch,p001,COMPLETE,complete,800,500000,,0.6868941489654251,22.962549082488003,0.6738414251351659,python_full_resolution_undistorted,full_resolution_undistorted,5384,4712,517.907,500000,9859,12969,completed_requested_iterations,,2026-07-11T23:28:05.223277+00:00,s3://3dreefs-ben-eu-north1/experiments/ablations/stage2_resolution_fullres_eval/runs/splat_dataset2_sfm_1024_sift_global_res1024_patch800_stage2/ablation_eval/results_splat.csv
D2,dataset2,1024,sift,global,1024,splat_dataset2_sfm_1024_sift_global_res1024_patch800_500k,splat_dataset2_sfm_1024_sift_global_res1024_patch800_stage2,patch,p002,COMPLETE,complete,800,500000,,0.655381930840982,22.016107595479646,0.6916919551991128,python_full_resolution_undistorted,full_resolution_undistorted,5384,4712,488.831,500000,9871,12975,completed_requested_iterations,,2026-07-11T23:48:56.127132+00:00,s3://3dreefs-ben-eu-north1/experiments/ablations/stage2_resolution_fullres_eval/runs/splat_dataset2_sfm_1024_sift_global_res1024_patch800_stage2/ablation_eval/results_splat.csv
D2,dataset2,1024,sift,global,1024,splat_dataset2_sfm_1024_sift_global_res1024_patch800_500k,splat_dataset2_sfm_1024_sift_global_res1024_patch800_stage2,patch,p003,COMPLETE,complete,800,500000,,0.6336486262160462,21.766109030993388,0.6785790022317465,python_full_resolution_undistorted,full_resolution_undistorted,5365,4713,499.59,500000,9967,13057,completed_requested_iterations,,2026-07-12T00:11:03.276791+00:00,s3://3dreefs-ben-eu-north1/experiments/ablations/stage2_resolution_fullres_eval/runs/splat_dataset2_sfm_1024_sift_global_res1024_patch800_stage2/ablation_eval/results_splat.csv
D2,dataset2,1024,sift,global,1024,splat_dataset2_sfm_1024_sift_global_res1024_patch800_500k,splat_dataset2_sfm_1024_sift_global_res1024_patch800_stage2,patch,p004,COMPLETE,complete,800,500000,,0.6414220413336387,22.15950451144502,0.6814227119470254,python_full_resolution_undistorted,full_resolution_undistorted,5365,4713,501.036,500000,10084,12963,completed_requested_iterations,,2026-07-12T00:33:08.924383+00:00,s3://3dreefs-ben-eu-north1/experiments/ablations/stage2_resolution_fullres_eval/runs/splat_dataset2_sfm_1024_sift_global_res1024_patch800_stage2/ablation_eval/results_splat.csv
D2,dataset2,1024,sift,global,1024,splat_dataset2_sfm_1024_sift_global_res1024_patch800_500k,splat_dataset2_sfm_1024_sift_global_res1024_patch800_stage2,patch,p006,COMPLETE,complete,800,500000,,0.48882179987895025,18.24040156231908,0.7304693437241888,python_full_resolution_undistorted,full_resolution_undistorted,5365,4713,517.141,500000,10323,12963,completed_requested_iterations,,2026-07-12T00:55:32.863221+00:00,s3://3dreefs-ben-eu-north1/experiments/ablations/stage2_resolution_fullres_eval/runs/splat_dataset2_sfm_1024_sift_global_res1024_patch800_stage2/ablation_eval/results_splat.csv
D2,dataset2,1024,sift,global,1024,splat_dataset2_sfm_1024_sift_global_res1024_patch800_500k,splat_dataset2_sfm_1024_sift_global_res1024_patch800_stage2,patch,p007,COMPLETE,complete,800,500000,,0.4909443538158368,18.58441649323331,0.7245846383082561,python_full_resolution_undistorted,full_resolution_undistorted,5384,4712,524.253,500000,10325,12931,completed_requested_iterations,,2026-07-12T01:18:35.013093+00:00,s3://3dreefs-ben-eu-north1/experiments/ablations/stage2_resolution_fullres_eval/runs/splat_dataset2_sfm_1024_sift_global_res1024_patch800_stage2/ablation_eval/results_splat.csv
D2,dataset2,1024,sift,global,1024,splat_dataset2_sfm_1024_sift_global_res1024_patch800_500k,splat_dataset2_sfm_1024_sift_global_res1024_patch800_stage2,patch,p008,COMPLETE,complete,800,500000,,0.49989044548649536,18.855778209141107,0.711975947022438,python_full_resolution_undistorted,full_resolution_undistorted,5384,4712,496.059,500000,10593,12959,completed_requested_iterations,,2026-07-12T01:40:42.663940+00:00,s3://3dreefs-ben-eu-north1/experiments/ablations/stage2_resolution_fullres_eval/runs/splat_dataset2_sfm_1024_sift_global_res1024_patch800_stage2/ablation_eval/results_splat.csv
D2,dataset2,1024,sift,global,1024,splat_dataset2_sfm_1024_sift_global_res1024_patch800_500k,splat_dataset2_sfm_1024_sift_global_res1024_patch800_stage2,patch,p009,COMPLETE,complete,800,500000,,0.47114910015577005,17.521033541472633,0.7465476529507697,python_full_resolution_undistorted,full_resolution_undistorted,5365,4713,497.522,500000,10494,12977,completed_requested_iterations,,2026-07-12T02:03:37.380992+00:00,s3://3dreefs-ben-eu-north1/experiments/ablations/stage2_resolution_fullres_eval/runs/splat_dataset2_sfm_1024_sift_global_res1024_patch800_stage2/ablation_eval/results_splat.csv
D2,dataset2,1024,sift,global,1024,splat_dataset2_sfm_1024_sift_global_res1024_patch800_500k,splat_dataset2_sfm_1024_sift_global_res1024_patch800_stage2,patch,p010,COMPLETE,complete,800,500000,,0.4985586674440475,18.406467376203892,0.6789566888695672,python_full_resolution_undistorted,full_resolution_undistorted,5384,4712,378.139,500000,9365,12779,completed_requested_iterations,,2026-07-12T02:17:57.298609+00:00,s3://3dreefs-ben-eu-north1/experiments/ablations/stage2_resolution_fullres_eval/runs/splat_dataset2_sfm_1024_sift_global_res1024_patch800_stage2/ablation_eval/results_splat.csv
D2,dataset2,1024,sift,global,2048,splat_dataset2_sfm_1024_sift_global_res2048_patch200_1m,splat_dataset2_sfm_1024_sift_global_res2048_patch200_stage2,patch,p000,COMPLETE,complete,200,1000000,,0.7620145281155905,24.235002462672302,0.5016680128044553,python_full_resolution_undistorted,full_resolution_undistorted,5365,4713,755.88,1000000,7582,8841,completed_requested_iterations,,2026-07-12T01:37:23.977161+00:00,s3://3dreefs-ben-eu-north1/experiments/ablations/stage2_resolution_fullres_eval/runs/splat_dataset2_sfm_1024_sift_global_res2048_patch200_stage2/ablation_eval/results_splat.csv
D2,dataset2,1024,sift,global,2048,splat_dataset2_sfm_1024_sift_global_res2048_patch200_1m,splat_dataset2_sfm_1024_sift_global_res2048_patch200_stage2,patch,p005,COMPLETE,complete,200,1000000,,0.6678044639135662,22.43924347024903,0.5723239324594799,python_full_resolution_undistorted,full_resolution_undistorted,5365,4713,683.236,1000000,8252,13349,completed_requested_iterations,,2026-07-12T01:52:33.770178+00:00,s3://3dreefs-ben-eu-north1/experiments/ablations/stage2_resolution_fullres_eval/runs/splat_dataset2_sfm_1024_sift_global_res2048_patch200_stage2/ablation_eval/results_splat.csv
D2,dataset2,1024,sift,global,2048,splat_dataset2_sfm_1024_sift_global_res2048_patch200_1m,splat_dataset2_sfm_1024_sift_global_res2048_patch200_stage2,patch,p010,COMPLETE,complete,200,1000000,,0.734479711336248,23.763146972239184,0.5072421186110553,python_full_resolution_undistorted,full_resolution_undistorted,5384,4712,718.882,1000000,8154,13315,completed_requested_iterations,,2026-07-12T02:07:52.377222+00:00,s3://3dreefs-ben-eu-north1/experiments/ablations/stage2_resolution_fullres_eval/runs/splat_dataset2_sfm_1024_sift_global_res2048_patch200_stage2/ablation_eval/results_splat.csv
D2,dataset2,1024,sift,global,2048,splat_dataset2_sfm_1024_sift_global_res2048_patch200_1m,splat_dataset2_sfm_1024_sift_global_res2048_patch200_stage2,patch,p016,COMPLETE,complete,200,1000000,,0.7608410517374674,25.46097426860753,0.5191464026769003,python_full_resolution_undistorted,full_resolution_undistorted,5384,4712,623.194,1000000,8249,13351,completed_requested_iterations,,2026-07-12T02:21:45.957560+00:00,s3://3dreefs-ben-eu-north1/experiments/ablations/stage2_resolution_fullres_eval/runs/splat_dataset2_sfm_1024_sift_global_res2048_patch200_stage2/ablation_eval/results_splat.csv
D2,dataset2,1024,sift,global,2048,splat_dataset2_sfm_1024_sift_global_res2048_patch200_1m,splat_dataset2_sfm_1024_sift_global_res2048_patch200_stage2,patch,p021,COMPLETE,complete,200,1000000,,0.7763481868637933,26.043275523945027,0.5007550981309679,python_full_resolution_undistorted,full_resolution_undistorted,5365,4713,706.086,1000000,8371,13285,completed_requested_iterations,,2026-07-12T02:36:59.178805+00:00,s3://3dreefs-ben-eu-north1/experiments/ablations/stage2_resolution_fullres_eval/runs/splat_dataset2_sfm_1024_sift_global_res2048_patch200_stage2/ablation_eval/results_splat.csv
D2,dataset2,1024,sift,global,2048,splat_dataset2_sfm_1024_sift_global_res2048_patch200_1m,splat_dataset2_sfm_1024_sift_global_res2048_patch200_stage2,patch,p026,COMPLETE,complete,200,1000000,,0.649250199397405,21.833172452607673,0.5085347162352668,python_full_resolution_undistorted,full_resolution_undistorted,5384,4712,665.661,1000000,8363,13311,completed_requested_iterations,,2026-07-12T02:51:40.378982+00:00,s3://3dreefs-ben-eu-north1/experiments/ablations/stage2_resolution_fullres_eval/runs/splat_dataset2_sfm_1024_sift_global_res2048_patch200_stage2/ablation_eval/results_splat.csv
D2,dataset2,1024,sift,global,2048,splat_dataset2_sfm_1024_sift_global_res2048_patch200_1m,splat_dataset2_sfm_1024_sift_global_res2048_patch200_stage2,patch,p031,COMPLETE,complete,200,1000000,,0.6387346222996712,21.905683401408222,0.5233476549386978,python_full_resolution_undistorted,full_resolution_undistorted,5384,4712,729.264,1000000,8472,13291,completed_requested_iterations,,2026-07-12T03:07:38.777290+00:00,s3://3dreefs-ben-eu-north1/experiments/ablations/stage2_resolution_fullres_eval/runs/splat_dataset2_sfm_1024_sift_global_res2048_patch200_stage2/ablation_eval/results_splat.csv
D2,dataset2,1024,sift,global,2048,splat_dataset2_sfm_1024_sift_global_res2048_patch200_1m,splat_dataset2_sfm_1024_sift_global_res2048_patch200_stage2,patch,p037,COMPLETE,complete,200,1000000,,0.5123549782567554,18.25483960647698,0.6110513359308243,python_full_resolution_undistorted,full_resolution_undistorted,5384,4712,673.647,1000000,8472,13291,completed_requested_iterations,,2026-07-12T03:22:25.555101+00:00,s3://3dreefs-ben-eu-north1/experiments/ablations/stage2_resolution_fullres_eval/runs/splat_dataset2_sfm_1024_sift_global_res2048_patch200_stage2/ablation_eval/results_splat.csv
D2,dataset2,1024,sift,global,2048,splat_dataset2_sfm_1024_sift_global_res2048_patch200_1m,splat_dataset2_sfm_1024_sift_global_res2048_patch200_stage2,patch,p042,COMPLETE,complete,200,1000000,,0.5390468696753185,19.17341459705061,0.5202043751875559,python_full_resolution_undistorted,full_resolution_undistorted,5384,4712,658.646,1000000,8405,13309,completed_requested_iterations,,2026-07-12T03:36:23.018355+00:00,s3://3dreefs-ben-eu-north1/experiments/ablations/stage2_resolution_fullres_eval/runs/splat_dataset2_sfm_1024_sift_global_res2048_patch200_stage2/ablation_eval/results_splat.csv
D2,dataset2,1024,sift,global,2048,splat_dataset2_sfm_1024_sift_global_res2048_patch200_1m,splat_dataset2_sfm_1024_sift_global_res2048_patch200_stage2,patch,p047,COMPLETE,complete,200,1000000,,0.5902567605177561,20.212034784045912,0.523777703444163,python_full_resolution_undistorted,full_resolution_undistorted,5384,4712,675.559,1000000,8456,13389,completed_requested_iterations,,2026-07-12T03:51:08.839677+00:00,s3://3dreefs-ben-eu-north1/experiments/ablations/stage2_resolution_fullres_eval/runs/splat_dataset2_sfm_1024_sift_global_res2048_patch200_stage2/ablation_eval/results_splat.csv
D2,dataset2,1024,sift,global,2048,splat_dataset2_sfm_1024_sift_global_res2048_patch200_2m,splat_dataset2_sfm_1024_sift_global_res2048_patch200_stage2,patch,p000,COMPLETE,complete,200,2000000,,0.7691669596566094,24.224035690720978,0.4440760579374101,python_full_resolution_undistorted,full_resolution_undistorted,5365,4713,991.153,2000000,7554,7309,completed_requested_iterations,,2026-07-12T04:28:13.492466+00:00,s3://3dreefs-ben-eu-north1/experiments/ablations/stage2_resolution_fullres_eval/runs/splat_dataset2_sfm_1024_sift_global_res2048_patch200_stage2/ablation_eval/results_splat.csv
D2,dataset2,1024,sift,global,2048,splat_dataset2_sfm_1024_sift_global_res2048_patch200_2m,splat_dataset2_sfm_1024_sift_global_res2048_patch200_stage2,patch,p005,COMPLETE,complete,200,2000000,,0.6779082903736516,22.629274519576864,0.5139370199881101,python_full_resolution_undistorted,full_resolution_undistorted,5365,4713,917.319,2000000,9319,12387,completed_requested_iterations,,2026-07-12T04:47:23.990876+00:00,s3://3dreefs-ben-eu-north1/experiments/ablations/stage2_resolution_fullres_eval/runs/splat_dataset2_sfm_1024_sift_global_res2048_patch200_stage2/ablation_eval/results_splat.csv
D2,dataset2,1024,sift,global,2048,splat_dataset2_sfm_1024_sift_global_res2048_patch200_2m,splat_dataset2_sfm_1024_sift_global_res2048_patch200_stage2,patch,p010,COMPLETE,complete,200,2000000,,0.7436603062293109,23.856645407974362,0.44786927454611836,python_full_resolution_undistorted,full_resolution_undistorted,5384,4712,949.148,2000000,9082,12289,completed_requested_iterations,,2026-07-12T05:06:34.924203+00:00,s3://3dreefs-ben-eu-north1/experiments/ablations/stage2_resolution_fullres_eval/runs/splat_dataset2_sfm_1024_sift_global_res2048_patch200_stage2/ablation_eval/results_splat.csv
D2,dataset2,1024,sift,global,2048,splat_dataset2_sfm_1024_sift_global_res2048_patch200_2m,splat_dataset2_sfm_1024_sift_global_res2048_patch200_stage2,patch,p016,COMPLETE,complete,200,2000000,,0.7765576110945808,25.77330945822927,0.4540257983737522,python_full_resolution_undistorted,full_resolution_undistorted,5384,4712,827.814,2000000,9251,12321,completed_requested_iterations,,2026-07-12T05:23:54.484295+00:00,s3://3dreefs-ben-eu-north1/experiments/ablations/stage2_resolution_fullres_eval/runs/splat_dataset2_sfm_1024_sift_global_res2048_patch200_stage2/ablation_eval/results_splat.csv
D2,dataset2,1024,sift,global,2048,splat_dataset2_sfm_1024_sift_global_res2048_patch200_2m,splat_dataset2_sfm_1024_sift_global_res2048_patch200_stage2,patch,p021,COMPLETE,complete,200,2000000,,0.7872767349084219,26.20186031021196,0.43600379592842525,python_full_resolution_undistorted,full_resolution_undistorted,5365,4713,852.69,2000000,8374,12351,completed_requested_iterations,,2026-07-12T05:41:31.964914+00:00,s3://3dreefs-ben-eu-north1/experiments/ablations/stage2_resolution_fullres_eval/runs/splat_dataset2_sfm_1024_sift_global_res2048_patch200_stage2/ablation_eval/results_splat.csv
D2,dataset2,1024,sift,global,2048,splat_dataset2_sfm_1024_sift_global_res2048_patch200_2m,splat_dataset2_sfm_1024_sift_global_res2048_patch200_stage2,patch,p026,COMPLETE,complete,200,2000000,,0.6657720506191254,22.211384645076038,0.44188377923435634,python_full_resolution_undistorted,full_resolution_undistorted,5384,4712,864.67,2000000,8378,12349,completed_requested_iterations,,2026-07-12T05:59:24.949654+00:00,s3://3dreefs-ben-eu-north1/experiments/ablations/stage2_resolution_fullres_eval/runs/splat_dataset2_sfm_1024_sift_global_res2048_patch200_stage2/ablation_eval/results_splat.csv
D2,dataset2,1024,sift,global,2048,splat_dataset2_sfm_1024_sift_global_res2048_patch200_2m,splat_dataset2_sfm_1024_sift_global_res2048_patch200_stage2,patch,p031,COMPLETE,complete,200,2000000,,0.653119495511055,22.190515067936065,0.45825636088848115,python_full_resolution_undistorted,full_resolution_undistorted,5384,4712,941.113,2000000,8532,12325,completed_requested_iterations,,2026-07-12T06:19:02.301101+00:00,s3://3dreefs-ben-eu-north1/experiments/ablations/stage2_resolution_fullres_eval/runs/splat_dataset2_sfm_1024_sift_global_res2048_patch200_stage2/ablation_eval/results_splat.csv
D2,dataset2,1024,sift,global,2048,splat_dataset2_sfm_1024_sift_global_res2048_patch200_2m,splat_dataset2_sfm_1024_sift_global_res2048_patch200_stage2,patch,p037,COMPLETE,complete,200,2000000,,0.5234757479694154,18.487856704133556,0.5512541996108161,python_full_resolution_undistorted,full_resolution_undistorted,5384,4712,915.784,2000000,8592,12323,completed_requested_iterations,,2026-07-12T06:37:48.404226+00:00,s3://3dreefs-ben-eu-north1/experiments/ablations/stage2_resolution_fullres_eval/runs/splat_dataset2_sfm_1024_sift_global_res2048_patch200_stage2/ablation_eval/results_splat.csv
D2,dataset2,1024,sift,global,2048,splat_dataset2_sfm_1024_sift_global_res2048_patch200_2m,splat_dataset2_sfm_1024_sift_global_res2048_patch200_stage2,patch,p042,COMPLETE,complete,200,2000000,,0.5528866012891134,19.379053805529225,0.4600498934586843,python_full_resolution_undistorted,full_resolution_undistorted,5384,4712,835.656,2000000,8452,12247,completed_requested_iterations,,2026-07-12T06:54:40.106220+00:00,s3://3dreefs-ben-eu-north1/experiments/ablations/stage2_resolution_fullres_eval/runs/splat_dataset2_sfm_1024_sift_global_res2048_patch200_stage2/ablation_eval/results_splat.csv
D2,dataset2,1024,sift,global,2048,splat_dataset2_sfm_1024_sift_global_res2048_patch200_2m,splat_dataset2_sfm_1024_sift_global_res2048_patch200_stage2,patch,p047,COMPLETE,complete,200,2000000,,0.6085875315798653,20.473192463068823,0.459072255425983,python_full_resolution_undistorted,full_resolution_undistorted,5384,4712,870.446,2000000,8570,12427,completed_requested_iterations,,2026-07-12T07:12:37.888246+00:00,s3://3dreefs-ben-eu-north1/experiments/ablations/stage2_resolution_fullres_eval/runs/splat_dataset2_sfm_1024_sift_global_res2048_patch200_stage2/ablation_eval/results_splat.csv
D2,dataset2,1024,sift,global,2048,splat_dataset2_sfm_1024_sift_global_res2048_patch200_500k,splat_dataset2_sfm_1024_sift_global_res2048_patch200_stage2,patch,p000,COMPLETE,complete,200,500000,,0.748472832971149,23.910009664639258,0.5596458431747224,python_full_resolution_undistorted,full_resolution_undistorted,5365,4713,670.471,500000,7749,8841,completed_requested_iterations,,2026-07-11T23:08:44.320299+00:00,s3://3dreefs-ben-eu-north1/experiments/ablations/stage2_resolution_fullres_eval/runs/splat_dataset2_sfm_1024_sift_global_res2048_patch200_stage2/ablation_eval/results_splat.csv
D2,dataset2,1024,sift,global,2048,splat_dataset2_sfm_1024_sift_global_res2048_patch200_500k,splat_dataset2_sfm_1024_sift_global_res2048_patch200_stage2,patch,p005,COMPLETE,complete,200,500000,,0.6530782423521343,22.13180338905328,0.6318105741551048,python_full_resolution_undistorted,full_resolution_undistorted,5365,4713,573.636,500000,8316,12983,completed_requested_iterations,,2026-07-11T23:21:58.675486+00:00,s3://3dreefs-ben-eu-north1/experiments/ablations/stage2_resolution_fullres_eval/runs/splat_dataset2_sfm_1024_sift_global_res2048_patch200_stage2/ablation_eval/results_splat.csv
D2,dataset2,1024,sift,global,2048,splat_dataset2_sfm_1024_sift_global_res2048_patch200_500k,splat_dataset2_sfm_1024_sift_global_res2048_patch200_stage2,patch,p010,COMPLETE,complete,200,500000,,0.7157606868182912,23.47327683791011,0.5721244741888607,python_full_resolution_undistorted,full_resolution_undistorted,5384,4712,571.155,500000,8195,13077,completed_requested_iterations,,2026-07-11T23:34:42.479220+00:00,s3://3dreefs-ben-eu-north1/experiments/ablations/stage2_resolution_fullres_eval/runs/splat_dataset2_sfm_1024_sift_global_res2048_patch200_stage2/ablation_eval/results_splat.csv
D2,dataset2,1024,sift,global,2048,splat_dataset2_sfm_1024_sift_global_res2048_patch200_500k,splat_dataset2_sfm_1024_sift_global_res2048_patch200_stage2,patch,p016,COMPLETE,complete,200,500000,,0.7381631334622701,24.909932862040037,0.5860889984501733,python_full_resolution_undistorted,full_resolution_undistorted,5384,4712,512.151,500000,8394,12983,completed_requested_iterations,,2026-07-11T23:46:43.203343+00:00,s3://3dreefs-ben-eu-north1/experiments/ablations/stage2_resolution_fullres_eval/runs/splat_dataset2_sfm_1024_sift_global_res2048_patch200_stage2/ablation_eval/results_splat.csv
D2,dataset2,1024,sift,global,2048,splat_dataset2_sfm_1024_sift_global_res2048_patch200_500k,splat_dataset2_sfm_1024_sift_global_res2048_patch200_stage2,patch,p021,COMPLETE,complete,200,500000,,0.7581165366702609,25.572989413524045,0.5668559074401855,python_full_resolution_undistorted,full_resolution_undistorted,5365,4713,551.015,500000,8254,13049,completed_requested_iterations,,2026-07-11T23:59:20.621057+00:00,s3://3dreefs-ben-eu-north1/experiments/ablations/stage2_resolution_fullres_eval/runs/splat_dataset2_sfm_1024_sift_global_res2048_patch200_stage2/ablation_eval/results_splat.csv
D2,dataset2,1024,sift,global,2048,splat_dataset2_sfm_1024_sift_global_res2048_patch200_500k,splat_dataset2_sfm_1024_sift_global_res2048_patch200_stage2,patch,p026,COMPLETE,complete,200,500000,,0.6280301478173997,21.407748865413158,0.5750710633065965,python_full_resolution_undistorted,full_resolution_undistorted,5384,4712,569.458,500000,8264,13039,completed_requested_iterations,,2026-07-12T00:12:21.656479+00:00,s3://3dreefs-ben-eu-north1/experiments/ablations/stage2_resolution_fullres_eval/runs/splat_dataset2_sfm_1024_sift_global_res2048_patch200_stage2/ablation_eval/results_splat.csv
D2,dataset2,1024,sift,global,2048,splat_dataset2_sfm_1024_sift_global_res2048_patch200_500k,splat_dataset2_sfm_1024_sift_global_res2048_patch200_stage2,patch,p031,COMPLETE,complete,200,500000,,0.6148670837283134,21.476218309238465,0.5917843729257584,python_full_resolution_undistorted,full_resolution_undistorted,5384,4712,623.465,500000,8505,13119,completed_requested_iterations,,2026-07-12T00:26:41.012377+00:00,s3://3dreefs-ben-eu-north1/experiments/ablations/stage2_resolution_fullres_eval/runs/splat_dataset2_sfm_1024_sift_global_res2048_patch200_stage2/ablation_eval/results_splat.csv
D2,dataset2,1024,sift,global,2048,splat_dataset2_sfm_1024_sift_global_res2048_patch200_500k,splat_dataset2_sfm_1024_sift_global_res2048_patch200_stage2,patch,p037,COMPLETE,complete,200,500000,,0.49871832297907936,17.99659573023115,0.6719695627689362,python_full_resolution_undistorted,full_resolution_undistorted,5384,4712,565.003,500000,8456,13051,completed_requested_iterations,,2026-07-12T00:39:33.174436+00:00,s3://3dreefs-ben-eu-north1/experiments/ablations/stage2_resolution_fullres_eval/runs/splat_dataset2_sfm_1024_sift_global_res2048_patch200_stage2/ablation_eval/results_splat.csv
D2,dataset2,1024,sift,global,2048,splat_dataset2_sfm_1024_sift_global_res2048_patch200_500k,splat_dataset2_sfm_1024_sift_global_res2048_patch200_stage2,patch,p042,COMPLETE,complete,200,500000,,0.5180378198623657,18.86351352351003,0.5869647423426311,python_full_resolution_undistorted,full_resolution_undistorted,5384,4712,557.28,500000,8328,13007,completed_requested_iterations,,2026-07-12T00:51:50.035141+00:00,s3://3dreefs-ben-eu-north1/experiments/ablations/stage2_resolution_fullres_eval/runs/splat_dataset2_sfm_1024_sift_global_res2048_patch200_stage2/ablation_eval/results_splat.csv
D2,dataset2,1024,sift,global,2048,splat_dataset2_sfm_1024_sift_global_res2048_patch200_500k,splat_dataset2_sfm_1024_sift_global_res2048_patch200_stage2,patch,p047,COMPLETE,complete,200,500000,,0.5640915069315169,19.822979638543544,0.5918447375297546,python_full_resolution_undistorted,full_resolution_undistorted,5384,4712,554.701,500000,8482,12957,completed_requested_iterations,,2026-07-12T01:04:36.472350+00:00,s3://3dreefs-ben-eu-north1/experiments/ablations/stage2_resolution_fullres_eval/runs/splat_dataset2_sfm_1024_sift_global_res2048_patch200_stage2/ablation_eval/results_splat.csv
D2,dataset2,1024,sift,global,2048,splat_dataset2_sfm_1024_sift_global_res2048_patch400_1m,splat_dataset2_sfm_1024_sift_global_res2048_patch400_stage2_remaining,patch,p000,COMPLETE,complete,400,1000000,,0.7658475809975674,24.52549457884987,0.5545457201568704,python_full_resolution_undistorted,full_resolution_undistorted,5384,4712,849.371,1000000,8500,8841,completed_requested_iterations,,2026-07-11T23:04:24.051092+00:00,s3://3dreefs-ben-eu-north1/experiments/ablations/stage2_resolution_fullres_eval/runs/splat_dataset2_sfm_1024_sift_global_res2048_patch400_stage2_remaining/ablation_eval/results_splat.csv
D2,dataset2,1024,sift,global,2048,splat_dataset2_sfm_1024_sift_global_res2048_patch400_1m,splat_dataset2_sfm_1024_sift_global_res2048_patch400_stage2_remaining,patch,p002,COMPLETE,complete,400,1000000,,0.7456272997354206,23.906594573089347,0.5841734644613767,python_full_resolution_undistorted,full_resolution_undistorted,5384,4712,753.827,1000000,8968,13483,completed_requested_iterations,,2026-07-11T23:23:49.845426+00:00,s3://3dreefs-ben-eu-north1/experiments/ablations/stage2_resolution_fullres_eval/runs/splat_dataset2_sfm_1024_sift_global_res2048_patch400_stage2_remaining/ablation_eval/results_splat.csv
D2,dataset2,1024,sift,global,2048,splat_dataset2_sfm_1024_sift_global_res2048_patch400_1m,splat_dataset2_sfm_1024_sift_global_res2048_patch400_stage2_remaining,patch,p005,COMPLETE,complete,400,1000000,,0.7093315213918686,23.187319420033,0.588708408176899,python_full_resolution_undistorted,full_resolution_undistorted,5365,4713,785.858,1000000,9067,13425,completed_requested_iterations,,2026-07-11T23:44:44.985914+00:00,s3://3dreefs-ben-eu-north1/experiments/ablations/stage2_resolution_fullres_eval/runs/splat_dataset2_sfm_1024_sift_global_res2048_patch400_stage2_remaining/ablation_eval/results_splat.csv
D2,dataset2,1024,sift,global,2048,splat_dataset2_sfm_1024_sift_global_res2048_patch400_1m,splat_dataset2_sfm_1024_sift_global_res2048_patch400_stage2_remaining,patch,p007,COMPLETE,complete,400,1000000,,0.7235994591162755,24.67704974239083,0.5798059067665002,python_full_resolution_undistorted,full_resolution_undistorted,5365,4713,746.486,1000000,9043,13395,completed_requested_iterations,,2026-07-12T00:04:29.596758+00:00,s3://3dreefs-ben-eu-north1/experiments/ablations/stage2_resolution_fullres_eval/runs/splat_dataset2_sfm_1024_sift_global_res2048_patch400_stage2_remaining/ablation_eval/results_splat.csv
D2,dataset2,1024,sift,global,2048,splat_dataset2_sfm_1024_sift_global_res2048_patch400_1m,splat_dataset2_sfm_1024_sift_global_res2048_patch400_stage2_remaining,patch,p009,COMPLETE,complete,400,1000000,,0.6610501534060428,22.44064450059681,0.6047430948207253,python_full_resolution_undistorted,full_resolution_undistorted,5365,4713,764.191,1000000,9229,13425,completed_requested_iterations,,2026-07-12T00:24:28.760537+00:00,s3://3dreefs-ben-eu-north1/experiments/ablations/stage2_resolution_fullres_eval/runs/splat_dataset2_sfm_1024_sift_global_res2048_patch400_stage2_remaining/ablation_eval/results_splat.csv
D2,dataset2,1024,sift,global,2048,splat_dataset2_sfm_1024_sift_global_res2048_patch400_1m,splat_dataset2_sfm_1024_sift_global_res2048_patch400_stage2_remaining,patch,p012,COMPLETE,complete,400,1000000,,0.656411315386112,22.43701140152882,0.6058886433259035,python_full_resolution_undistorted,full_resolution_undistorted,5384,4712,759.304,1000000,9201,13489,completed_requested_iterations,,2026-07-12T00:44:30.120455+00:00,s3://3dreefs-ben-eu-north1/experiments/ablations/stage2_resolution_fullres_eval/runs/splat_dataset2_sfm_1024_sift_global_res2048_patch400_stage2_remaining/ablation_eval/results_splat.csv
D2,dataset2,1024,sift,global,2048,splat_dataset2_sfm_1024_sift_global_res2048_patch400_1m,splat_dataset2_sfm_1024_sift_global_res2048_patch400_stage2_remaining,patch,p014,COMPLETE,complete,400,1000000,,0.5460329812306625,19.41847931631277,0.6508290507854559,python_full_resolution_undistorted,full_resolution_undistorted,5365,4713,762.773,1000000,9515,13363,completed_requested_iterations,,2026-07-12T01:04:33.405248+00:00,s3://3dreefs-ben-eu-north1/experiments/ablations/stage2_resolution_fullres_eval/runs/splat_dataset2_sfm_1024_sift_global_res2048_patch400_stage2_remaining/ablation_eval/results_splat.csv
D2,dataset2,1024,sift,global,2048,splat_dataset2_sfm_1024_sift_global_res2048_patch400_1m,splat_dataset2_sfm_1024_sift_global_res2048_patch400_stage2_remaining,patch,p016,COMPLETE,complete,400,1000000,,0.5391101225828513,19.36678978985561,0.6119427604553027,python_full_resolution_undistorted,full_resolution_undistorted,5384,4712,705.999,1000000,9539,13367,completed_requested_iterations,,2026-07-12T01:23:27.031423+00:00,s3://3dreefs-ben-eu-north1/experiments/ablations/stage2_resolution_fullres_eval/runs/splat_dataset2_sfm_1024_sift_global_res2048_patch400_stage2_remaining/ablation_eval/results_splat.csv
D2,dataset2,1024,sift,global,2048,splat_dataset2_sfm_1024_sift_global_res2048_patch400_1m,splat_dataset2_sfm_1024_sift_global_res2048_patch400_stage2_remaining,patch,p019,COMPLETE,complete,400,1000000,,0.5224974950154623,18.59350536718494,0.6353924557184562,python_full_resolution_undistorted,full_resolution_undistorted,5365,4713,736.916,1000000,9836,13393,completed_requested_iterations,,2026-07-12T01:43:00.800203+00:00,s3://3dreefs-ben-eu-north1/experiments/ablations/stage2_resolution_fullres_eval/runs/splat_dataset2_sfm_1024_sift_global_res2048_patch400_stage2_remaining/ablation_eval/results_splat.csv
D2,dataset2,1024,sift,global,2048,splat_dataset2_sfm_1024_sift_global_res2048_patch400_1m,splat_dataset2_sfm_1024_sift_global_res2048_patch400_stage2_remaining,patch,p021,COMPLETE,complete,400,1000000,,0.5505847286533665,19.360153372468325,0.6037724775237006,python_full_resolution_undistorted,full_resolution_undistorted,5384,4712,698.066,1000000,9593,13387,completed_requested_iterations,,2026-07-12T02:01:28.967014+00:00,s3://3dreefs-ben-eu-north1/experiments/ablations/stage2_resolution_fullres_eval/runs/splat_dataset2_sfm_1024_sift_global_res2048_patch400_stage2_remaining/ablation_eval/results_splat.csv
D2,dataset2,1024,sift,global,2048,splat_dataset2_sfm_1024_sift_global_res2048_patch400_2m,splat_dataset2_sfm_1024_sift_global_res2048_patch400_stage2_remaining,patch,p000,COMPLETE,complete,400,2000000,,0.7755274160912162,24.679742218219324,0.505288521710195,python_full_resolution_undistorted,full_resolution_undistorted,5384,4712,944.205,2000000,8414,7309,completed_requested_iterations,,2026-07-12T02:39:15.256671+00:00,s3://3dreefs-ben-eu-north1/experiments/ablations/stage2_resolution_fullres_eval/runs/splat_dataset2_sfm_1024_sift_global_res2048_patch400_stage2_remaining/ablation_eval/results_splat.csv
D2,dataset2,1024,sift,global,2048,splat_dataset2_sfm_1024_sift_global_res2048_patch400_2m,splat_dataset2_sfm_1024_sift_global_res2048_patch400_stage2_remaining,patch,p002,COMPLETE,complete,400,2000000,,0.7561820933693334,24.062260265919573,0.5307877165706534,python_full_resolution_undistorted,full_resolution_undistorted,5384,4712,941.657,2000000,9000,12485,completed_requested_iterations,,2026-07-12T03:01:56.828454+00:00,s3://3dreefs-ben-eu-north1/experiments/ablations/stage2_resolution_fullres_eval/runs/splat_dataset2_sfm_1024_sift_global_res2048_patch400_stage2_remaining/ablation_eval/results_splat.csv
D2,dataset2,1024,sift,global,2048,splat_dataset2_sfm_1024_sift_global_res2048_patch400_2m,splat_dataset2_sfm_1024_sift_global_res2048_patch400_stage2_remaining,patch,p005,COMPLETE,complete,400,2000000,,0.7220420524477958,23.28842961595147,0.5310052707791328,python_full_resolution_undistorted,full_resolution_undistorted,5365,4713,960.607,2000000,9098,12393,completed_requested_iterations,,2026-07-12T03:25:14.158598+00:00,s3://3dreefs-ben-eu-north1/experiments/ablations/stage2_resolution_fullres_eval/runs/splat_dataset2_sfm_1024_sift_global_res2048_patch400_stage2_remaining/ablation_eval/results_splat.csv
D2,dataset2,1024,sift,global,2048,splat_dataset2_sfm_1024_sift_global_res2048_patch400_2m,splat_dataset2_sfm_1024_sift_global_res2048_patch400_stage2_remaining,patch,p007,COMPLETE,complete,400,2000000,,0.7395059405229031,24.984435482717192,0.521126912190364,python_full_resolution_undistorted,full_resolution_undistorted,5365,4713,883.437,2000000,9078,12403,completed_requested_iterations,,2026-07-12T03:47:05.099440+00:00,s3://3dreefs-ben-eu-north1/experiments/ablations/stage2_resolution_fullres_eval/runs/splat_dataset2_sfm_1024_sift_global_res2048_patch400_stage2_remaining/ablation_eval/results_splat.csv
D2,dataset2,1024,sift,global,2048,splat_dataset2_sfm_1024_sift_global_res2048_patch400_2m,splat_dataset2_sfm_1024_sift_global_res2048_patch400_stage2_remaining,patch,p009,COMPLETE,complete,400,2000000,,0.6741908302432612,22.68786595770982,0.550565770582149,python_full_resolution_undistorted,full_resolution_undistorted,5365,4713,948.139,2000000,10169,12457,completed_requested_iterations,,2026-07-12T04:09:30.645327+00:00,s3://3dreefs-ben-eu-north1/experiments/ablations/stage2_resolution_fullres_eval/runs/splat_dataset2_sfm_1024_sift_global_res2048_patch400_stage2_remaining/ablation_eval/results_splat.csv
D2,dataset2,1024,sift,global,2048,splat_dataset2_sfm_1024_sift_global_res2048_patch400_2m,splat_dataset2_sfm_1024_sift_global_res2048_patch400_stage2_remaining,patch,p012,COMPLETE,complete,400,2000000,,0.6737124079313034,22.7732821580444,0.5494234554278545,python_full_resolution_undistorted,full_resolution_undistorted,5384,4712,946.346,2000000,9242,12489,completed_requested_iterations,,2026-07-12T04:32:41.026355+00:00,s3://3dreefs-ben-eu-north1/experiments/ablations/stage2_resolution_fullres_eval/runs/splat_dataset2_sfm_1024_sift_global_res2048_patch400_stage2_remaining/ablation_eval/results_splat.csv
D2,dataset2,1024,sift,global,2048,splat_dataset2_sfm_1024_sift_global_res2048_patch400_2m,splat_dataset2_sfm_1024_sift_global_res2048_patch400_stage2_remaining,patch,p014,COMPLETE,complete,400,2000000,,0.564859342116576,19.715316610248525,0.5898534418680729,python_full_resolution_undistorted,full_resolution_undistorted,5365,4713,960.499,2000000,9636,12431,completed_requested_iterations,,2026-07-12T04:56:08.070054+00:00,s3://3dreefs-ben-eu-north1/experiments/ablations/stage2_resolution_fullres_eval/runs/splat_dataset2_sfm_1024_sift_global_res2048_patch400_stage2_remaining/ablation_eval/results_splat.csv
D2,dataset2,1024,sift,global,2048,splat_dataset2_sfm_1024_sift_global_res2048_patch400_2m,splat_dataset2_sfm_1024_sift_global_res2048_patch400_stage2_remaining,patch,p016,COMPLETE,complete,400,2000000,,0.5628314232214903,19.727929072674062,0.5468880083316412,python_full_resolution_undistorted,full_resolution_undistorted,5384,4712,900.029,2000000,9687,12437,completed_requested_iterations,,2026-07-12T05:18:48.426710+00:00,s3://3dreefs-ben-eu-north1/experiments/ablations/stage2_resolution_fullres_eval/runs/splat_dataset2_sfm_1024_sift_global_res2048_patch400_stage2_remaining/ablation_eval/results_splat.csv
D2,dataset2,1024,sift,global,2048,splat_dataset2_sfm_1024_sift_global_res2048_patch400_2m,splat_dataset2_sfm_1024_sift_global_res2048_patch400_stage2_remaining,patch,p019,COMPLETE,complete,400,2000000,,0.5410444973370968,18.82119235017789,0.5801713611835089,python_full_resolution_undistorted,full_resolution_undistorted,5365,4713,906.476,2000000,9724,12397,completed_requested_iterations,,2026-07-12T05:41:44.255905+00:00,s3://3dreefs-ben-eu-north1/experiments/ablations/stage2_resolution_fullres_eval/runs/splat_dataset2_sfm_1024_sift_global_res2048_patch400_stage2_remaining/ablation_eval/results_splat.csv
D2,dataset2,1024,sift,global,2048,splat_dataset2_sfm_1024_sift_global_res2048_patch400_2m,splat_dataset2_sfm_1024_sift_global_res2048_patch400_stage2_remaining,patch,p021,COMPLETE,complete,400,2000000,,0.5699329746736063,19.612327932218687,0.5479884510104721,python_full_resolution_undistorted,full_resolution_undistorted,5384,4712,915.781,2000000,9605,12425,completed_requested_iterations,,2026-07-12T06:04:18.839356+00:00,s3://3dreefs-ben-eu-north1/experiments/ablations/stage2_resolution_fullres_eval/runs/splat_dataset2_sfm_1024_sift_global_res2048_patch400_stage2_remaining/ablation_eval/results_splat.csv
D2,dataset2,1024,sift,global,2048,splat_dataset2_sfm_1024_sift_global_res2048_patch400_500k,splat_dataset2_sfm_1024_sift_global_res2048_patch400_stage2,patch,p000,COMPLETE,complete,400,500000,,0.7534704882847635,24.264461485559735,0.6023997797777778,python_full_resolution_undistorted,full_resolution_undistorted,5384,4712,690.19,500000,8456,7309,completed_requested_iterations,,2026-07-11T14:13:02.793543+00:00,s3://3dreefs-ben-eu-north1/experiments/ablations/stage2_resolution_fullres_eval/runs/splat_dataset2_sfm_1024_sift_global_res2048_patch400_stage2/ablation_eval/results_splat.csv
D2,dataset2,1024,sift,global,2048,splat_dataset2_sfm_1024_sift_global_res2048_patch400_500k,splat_dataset2_sfm_1024_sift_global_res2048_patch400_stage2,patch,p002,COMPLETE,complete,400,500000,,0.7304238802508304,23.618477930613174,0.634051197453549,python_full_resolution_undistorted,full_resolution_undistorted,5384,4712,593.421,500000,9287,11681,completed_requested_iterations,,2026-07-11T14:29:26.867855+00:00,s3://3dreefs-ben-eu-north1/experiments/ablations/stage2_resolution_fullres_eval/runs/splat_dataset2_sfm_1024_sift_global_res2048_patch400_stage2/ablation_eval/results_splat.csv
D2,dataset2,1024,sift,global,2048,splat_dataset2_sfm_1024_sift_global_res2048_patch400_500k,splat_dataset2_sfm_1024_sift_global_res2048_patch400_stage2,patch,p005,COMPLETE,complete,400,500000,,0.6913574427366257,22.955363219097514,0.6447479084134102,python_full_resolution_undistorted,full_resolution_undistorted,5365,4713,630.007,500000,9362,11623,completed_requested_iterations,,2026-07-11T14:46:59.189149+00:00,s3://3dreefs-ben-eu-north1/experiments/ablations/stage2_resolution_fullres_eval/runs/splat_dataset2_sfm_1024_sift_global_res2048_patch400_stage2/ablation_eval/results_splat.csv
D2,dataset2,1024,sift,global,2048,splat_dataset2_sfm_1024_sift_global_res2048_patch400_500k,splat_dataset2_sfm_1024_sift_global_res2048_patch400_stage2,patch,p007,COMPLETE,complete,400,500000,,0.7032537284569863,24.11432670679747,0.6384150905486865,python_full_resolution_undistorted,full_resolution_undistorted,5365,4713,613.386,500000,9395,11595,completed_requested_iterations,,2026-07-11T15:04:14.812875+00:00,s3://3dreefs-ben-eu-north1/experiments/ablations/stage2_resolution_fullres_eval/runs/splat_dataset2_sfm_1024_sift_global_res2048_patch400_stage2/ablation_eval/results_splat.csv
D2,dataset2,1024,sift,global,2048,splat_dataset2_sfm_1024_sift_global_res2048_patch400_500k,splat_dataset2_sfm_1024_sift_global_res2048_patch400_stage2,patch,p009,COMPLETE,complete,400,500000,,0.643919227938903,22.107363036646692,0.6588746089684335,python_full_resolution_undistorted,full_resolution_undistorted,5365,4713,659.309,500000,9517,11619,completed_requested_iterations,,2026-07-11T15:22:30.977940+00:00,s3://3dreefs-ben-eu-north1/experiments/ablations/stage2_resolution_fullres_eval/runs/splat_dataset2_sfm_1024_sift_global_res2048_patch400_stage2/ablation_eval/results_splat.csv
D2,dataset2,1024,sift,global,2048,splat_dataset2_sfm_1024_sift_global_res2048_patch400_500k,splat_dataset2_sfm_1024_sift_global_res2048_patch400_stage2,patch,p012,COMPLETE,complete,400,500000,,0.635168616588299,21.922297795012568,0.662624730513646,python_full_resolution_undistorted,full_resolution_undistorted,5384,4712,644.626,500000,9520,11623,completed_requested_iterations,,2026-07-11T15:40:40.172329+00:00,s3://3dreefs-ben-eu-north1/experiments/ablations/stage2_resolution_fullres_eval/runs/splat_dataset2_sfm_1024_sift_global_res2048_patch400_stage2/ablation_eval/results_splat.csv
D2,dataset2,1024,sift,global,2048,splat_dataset2_sfm_1024_sift_global_res2048_patch400_500k,splat_dataset2_sfm_1024_sift_global_res2048_patch400_stage2,patch,p014,COMPLETE,complete,400,500000,,0.5275459809181018,19.041843981779948,0.7062470194620963,python_full_resolution_undistorted,full_resolution_undistorted,5365,4713,663.205,500000,9860,11627,completed_requested_iterations,,2026-07-11T15:59:07.860143+00:00,s3://3dreefs-ben-eu-north1/experiments/ablations/stage2_resolution_fullres_eval/runs/splat_dataset2_sfm_1024_sift_global_res2048_patch400_stage2/ablation_eval/results_splat.csv
D2,dataset2,1024,sift,global,2048,splat_dataset2_sfm_1024_sift_global_res2048_patch400_500k,splat_dataset2_sfm_1024_sift_global_res2048_patch400_stage2,patch,p016,COMPLETE,complete,400,500000,,0.5100319140996689,18.85052553375996,0.6818351638622773,python_full_resolution_undistorted,full_resolution_undistorted,5384,4712,603.97,500000,9895,11629,completed_requested_iterations,,2026-07-11T16:16:40.520921+00:00,s3://3dreefs-ben-eu-north1/experiments/ablations/stage2_resolution_fullres_eval/runs/splat_dataset2_sfm_1024_sift_global_res2048_patch400_stage2/ablation_eval/results_splat.csv
D2,dataset2,1024,sift,global,2048,splat_dataset2_sfm_1024_sift_global_res2048_patch400_500k,splat_dataset2_sfm_1024_sift_global_res2048_patch400_stage2,patch,p019,COMPLETE,complete,400,500000,,0.49715131750473607,18.19832652731967,0.6988016443374829,python_full_resolution_undistorted,full_resolution_undistorted,5365,4713,644.024,500000,10027,11687,completed_requested_iterations,,2026-07-11T16:35:01.620166+00:00,s3://3dreefs-ben-eu-north1/experiments/ablations/stage2_resolution_fullres_eval/runs/splat_dataset2_sfm_1024_sift_global_res2048_patch400_stage2/ablation_eval/results_splat.csv
D2,dataset2,1024,sift,global,2048,splat_dataset2_sfm_1024_sift_global_res2048_patch400_500k,splat_dataset2_sfm_1024_sift_global_res2048_patch400_stage2,patch,p021,COMPLETE,complete,400,500000,,0.5241037494427448,18.96151086773676,0.6671056376921164,python_full_resolution_undistorted,full_resolution_undistorted,5384,4712,607.159,500000,9877,11585,completed_requested_iterations,,2026-07-11T16:52:22.445405+00:00,s3://3dreefs-ben-eu-north1/experiments/ablations/stage2_resolution_fullres_eval/runs/splat_dataset2_sfm_1024_sift_global_res2048_patch400_stage2/ablation_eval/results_splat.csv
D2,dataset2,1024,sift,global,2048,splat_dataset2_sfm_1024_sift_global_res2048_patch800_1m,splat_dataset2_sfm_1024_sift_global_res2048_patch800_stage2,patch,p000,COMPLETE,complete,800,1000000,,0.7418484232927623,23.76283585406832,0.6200765598761407,python_full_resolution_undistorted,full_resolution_undistorted,5365,4713,923.304,1000000,9951,8841,completed_requested_iterations,,2026-07-12T03:56:04.971710+00:00,s3://3dreefs-ben-eu-north1/experiments/ablations/stage2_resolution_fullres_eval/runs/splat_dataset2_sfm_1024_sift_global_res2048_patch800_stage2/ablation_eval/results_splat.csv
D2,dataset2,1024,sift,global,2048,splat_dataset2_sfm_1024_sift_global_res2048_patch800_1m,splat_dataset2_sfm_1024_sift_global_res2048_patch800_stage2,patch,p001,COMPLETE,complete,800,1000000,,0.7115088022207912,23.49123933116294,0.6346845792818673,python_full_resolution_undistorted,full_resolution_undistorted,5384,4712,885.334,1000000,11065,13737,completed_requested_iterations,,2026-07-12T04:25:19.180244+00:00,s3://3dreefs-ben-eu-north1/experiments/ablations/stage2_resolution_fullres_eval/runs/splat_dataset2_sfm_1024_sift_global_res2048_patch800_stage2/ablation_eval/results_splat.csv
D2,dataset2,1024,sift,global,2048,splat_dataset2_sfm_1024_sift_global_res2048_patch800_1m,splat_dataset2_sfm_1024_sift_global_res2048_patch800_stage2,patch,p002,COMPLETE,complete,800,1000000,,0.6797217565613825,22.382536939928055,0.6563543669275336,python_full_resolution_undistorted,full_resolution_undistorted,5384,4712,899.865,1000000,10981,13713,completed_requested_iterations,,2026-07-12T04:54:00.848277+00:00,s3://3dreefs-ben-eu-north1/experiments/ablations/stage2_resolution_fullres_eval/runs/splat_dataset2_sfm_1024_sift_global_res2048_patch800_stage2/ablation_eval/results_splat.csv
D2,dataset2,1024,sift,global,2048,splat_dataset2_sfm_1024_sift_global_res2048_patch800_1m,splat_dataset2_sfm_1024_sift_global_res2048_patch800_stage2,patch,p003,COMPLETE,complete,800,1000000,,0.6581916855527209,22.2597515234438,0.6391458101086802,python_full_resolution_undistorted,full_resolution_undistorted,5365,4713,902.783,1000000,11260,13631,completed_requested_iterations,,2026-07-12T05:23:25.104573+00:00,s3://3dreefs-ben-eu-north1/experiments/ablations/stage2_resolution_fullres_eval/runs/splat_dataset2_sfm_1024_sift_global_res2048_patch800_stage2/ablation_eval/results_splat.csv
D2,dataset2,1024,sift,global,2048,splat_dataset2_sfm_1024_sift_global_res2048_patch800_1m,splat_dataset2_sfm_1024_sift_global_res2048_patch800_stage2,patch,p004,COMPLETE,complete,800,1000000,,0.6653831883882865,22.819066775049958,0.6402901770212711,python_full_resolution_undistorted,full_resolution_undistorted,5365,4713,877.684,1000000,11241,13701,completed_requested_iterations,,2026-07-12T05:52:23.097102+00:00,s3://3dreefs-ben-eu-north1/experiments/ablations/stage2_resolution_fullres_eval/runs/splat_dataset2_sfm_1024_sift_global_res2048_patch800_stage2/ablation_eval/results_splat.csv
D2,dataset2,1024,sift,global,2048,splat_dataset2_sfm_1024_sift_global_res2048_patch800_1m,splat_dataset2_sfm_1024_sift_global_res2048_patch800_stage2,patch,p006,COMPLETE,complete,800,1000000,,0.5154301090673967,18.73821670210636,0.6903704342904029,python_full_resolution_undistorted,full_resolution_undistorted,5365,4713,890.318,1000000,11725,13665,completed_requested_iterations,,2026-07-12T06:20:51.144998+00:00,s3://3dreefs-ben-eu-north1/experiments/ablations/stage2_resolution_fullres_eval/runs/splat_dataset2_sfm_1024_sift_global_res2048_patch800_stage2/ablation_eval/results_splat.csv
D2,dataset2,1024,sift,global,2048,splat_dataset2_sfm_1024_sift_global_res2048_patch800_1m,splat_dataset2_sfm_1024_sift_global_res2048_patch800_stage2,patch,p007,COMPLETE,complete,800,1000000,,0.5190138824475117,19.05977277838628,0.6802353064219157,python_full_resolution_undistorted,full_resolution_undistorted,5384,4712,881.989,1000000,11768,13703,completed_requested_iterations,,2026-07-12T06:50:14.458044+00:00,s3://3dreefs-ben-eu-north1/experiments/ablations/stage2_resolution_fullres_eval/runs/splat_dataset2_sfm_1024_sift_global_res2048_patch800_stage2/ablation_eval/results_splat.csv
D2,dataset2,1024,sift,global,2048,splat_dataset2_sfm_1024_sift_global_res2048_patch800_1m,splat_dataset2_sfm_1024_sift_global_res2048_patch800_stage2,patch,p008,COMPLETE,complete,800,1000000,,0.5335285647919303,19.41621299523656,0.6658202880307248,python_full_resolution_undistorted,full_resolution_undistorted,5384,4712,867.911,1000000,11849,13759,completed_requested_iterations,,2026-07-12T07:18:41.779522+00:00,s3://3dreefs-ben-eu-north1/experiments/ablations/stage2_resolution_fullres_eval/runs/splat_dataset2_sfm_1024_sift_global_res2048_patch800_stage2/ablation_eval/results_splat.csv
D2,dataset2,1024,sift,global,2048,splat_dataset2_sfm_1024_sift_global_res2048_patch800_1m,splat_dataset2_sfm_1024_sift_global_res2048_patch800_stage2,patch,p009,COMPLETE,complete,800,1000000,,0.489162915115115,17.569239696118274,0.721180896215801,python_full_resolution_undistorted,full_resolution_undistorted,5365,4713,892.69,1000000,11971,13745,completed_requested_iterations,,2026-07-12T07:47:34.420955+00:00,s3://3dreefs-ben-eu-north1/experiments/ablations/stage2_resolution_fullres_eval/runs/splat_dataset2_sfm_1024_sift_global_res2048_patch800_stage2/ablation_eval/results_splat.csv
D2,dataset2,1024,sift,global,2048,splat_dataset2_sfm_1024_sift_global_res2048_patch800_1m,splat_dataset2_sfm_1024_sift_global_res2048_patch800_stage2,patch,p010,COMPLETE,complete,800,1000000,,0.5320139314447131,18.86047258103213,0.6369714637597402,python_full_resolution_undistorted,full_resolution_undistorted,5384,4712,742.25,1000000,10069,13511,completed_requested_iterations,,2026-07-12T08:07:41.678610+00:00,s3://3dreefs-ben-eu-north1/experiments/ablations/stage2_resolution_fullres_eval/runs/splat_dataset2_sfm_1024_sift_global_res2048_patch800_stage2/ablation_eval/results_splat.csv
D2,dataset2,1024,sift,global,2048,splat_dataset2_sfm_1024_sift_global_res2048_patch800_2m,splat_dataset2_sfm_1024_sift_global_res2048_patch800_stage2,patch,p000,COMPLETE,complete,800,2000000,,0.752526191504378,23.810736395226552,0.5817104272152248,python_full_resolution_undistorted,full_resolution_undistorted,5365,4713,1088.865,2000000,9845,7309,completed_requested_iterations,,2026-07-12T08:55:18.936238+00:00,s3://3dreefs-ben-eu-north1/experiments/ablations/stage2_resolution_fullres_eval/runs/splat_dataset2_sfm_1024_sift_global_res2048_patch800_stage2/ablation_eval/results_splat.csv
D2,dataset2,1024,sift,global,2048,splat_dataset2_sfm_1024_sift_global_res2048_patch800_2m,splat_dataset2_sfm_1024_sift_global_res2048_patch800_stage2,patch,p001,COMPLETE,complete,800,2000000,,0.7270128206361698,23.692597960718906,0.5886688111703607,python_full_resolution_undistorted,full_resolution_undistorted,5384,4712,1090.258,2000000,11011,12737,completed_requested_iterations,,2026-07-12T09:27:02.407890+00:00,s3://3dreefs-ben-eu-north1/experiments/ablations/stage2_resolution_fullres_eval/runs/splat_dataset2_sfm_1024_sift_global_res2048_patch800_stage2/ablation_eval/results_splat.csv
D2,dataset2,1024,sift,global,2048,splat_dataset2_sfm_1024_sift_global_res2048_patch800_2m,splat_dataset2_sfm_1024_sift_global_res2048_patch800_stage2,patch,p002,COMPLETE,complete,800,2000000,,0.6946437858246468,22.462805038145714,0.6095755055949494,python_full_resolution_undistorted,full_resolution_undistorted,5384,4712,1099.163,2000000,11814,12649,completed_requested_iterations,,2026-07-12T09:58:54.467741+00:00,s3://3dreefs-ben-eu-north1/experiments/ablations/stage2_resolution_fullres_eval/runs/splat_dataset2_sfm_1024_sift_global_res2048_patch800_stage2/ablation_eval/results_splat.csv
D2,dataset2,1024,sift,global,2048,splat_dataset2_sfm_1024_sift_global_res2048_patch800_2m,splat_dataset2_sfm_1024_sift_global_res2048_patch800_stage2,patch,p003,COMPLETE,complete,800,2000000,,0.6719306014574967,22.384379563932796,0.5962178873551356,python_full_resolution_undistorted,full_resolution_undistorted,5365,4713,1065.707,2000000,11122,12605,completed_requested_iterations,,2026-07-12T10:30:05.690969+00:00,s3://3dreefs-ben-eu-north1/experiments/ablations/stage2_resolution_fullres_eval/runs/splat_dataset2_sfm_1024_sift_global_res2048_patch800_stage2/ablation_eval/results_splat.csv
D2,dataset2,1024,sift,global,2048,splat_dataset2_sfm_1024_sift_global_res2048_patch800_2m,splat_dataset2_sfm_1024_sift_global_res2048_patch800_stage2,patch,p004,COMPLETE,complete,800,2000000,,0.6792667053448849,23.01421271104674,0.5955465527681204,python_full_resolution_undistorted,full_resolution_undistorted,5365,4713,1079.242,2000000,11175,12641,completed_requested_iterations,,2026-07-12T11:02:10.360218+00:00,s3://3dreefs-ben-eu-north1/experiments/ablations/stage2_resolution_fullres_eval/runs/splat_dataset2_sfm_1024_sift_global_res2048_patch800_stage2/ablation_eval/results_splat.csv
D2,dataset2,1024,sift,global,2048,splat_dataset2_sfm_1024_sift_global_res2048_patch800_2m,splat_dataset2_sfm_1024_sift_global_res2048_patch800_stage2,patch,p006,COMPLETE,complete,800,2000000,,0.5346948005162276,18.98591769947351,0.6399093711531008,python_full_resolution_undistorted,full_resolution_undistorted,5365,4713,1068.679,2000000,12522,12665,completed_requested_iterations,,2026-07-12T11:33:56.356849+00:00,s3://3dreefs-ben-eu-north1/experiments/ablations/stage2_resolution_fullres_eval/runs/splat_dataset2_sfm_1024_sift_global_res2048_patch800_stage2/ablation_eval/results_splat.csv
D2,dataset2,1024,sift,global,2048,splat_dataset2_sfm_1024_sift_global_res2048_patch800_2m,splat_dataset2_sfm_1024_sift_global_res2048_patch800_stage2,patch,p007,COMPLETE,complete,800,2000000,,0.5380894541740417,19.311716315346327,0.6311727869204986,python_full_resolution_undistorted,full_resolution_undistorted,5384,4712,1072.615,2000000,11782,12641,completed_requested_iterations,,2026-07-12T12:06:05.595169+00:00,s3://3dreefs-ben-eu-north1/experiments/ablations/stage2_resolution_fullres_eval/runs/splat_dataset2_sfm_1024_sift_global_res2048_patch800_stage2/ablation_eval/results_splat.csv
D2,dataset2,1024,sift,global,2048,splat_dataset2_sfm_1024_sift_global_res2048_patch800_2m,splat_dataset2_sfm_1024_sift_global_res2048_patch800_stage2,patch,p008,COMPLETE,complete,800,2000000,,0.5566777296756443,19.718168191530925,0.611147618215335,python_full_resolution_undistorted,full_resolution_undistorted,5384,4712,1073.771,2000000,11843,12635,completed_requested_iterations,,2026-07-12T12:37:55.046251+00:00,s3://3dreefs-ben-eu-north1/experiments/ablations/stage2_resolution_fullres_eval/runs/splat_dataset2_sfm_1024_sift_global_res2048_patch800_stage2/ablation_eval/results_splat.csv
D2,dataset2,1024,sift,global,2048,splat_dataset2_sfm_1024_sift_global_res2048_patch800_2m,splat_dataset2_sfm_1024_sift_global_res2048_patch800_stage2,patch,p009,COMPLETE,complete,800,2000000,,0.49335512820678423,17.31462017704631,0.7016062947768199,python_full_resolution_undistorted,full_resolution_undistorted,5365,4713,1107.34,2000000,12043,12631,completed_requested_iterations,,2026-07-12T13:10:22.796737+00:00,s3://3dreefs-ben-eu-north1/experiments/ablations/stage2_resolution_fullres_eval/runs/splat_dataset2_sfm_1024_sift_global_res2048_patch800_stage2/ablation_eval/results_splat.csv
D2,dataset2,1024,sift,global,2048,splat_dataset2_sfm_1024_sift_global_res2048_patch800_2m,splat_dataset2_sfm_1024_sift_global_res2048_patch800_stage2,patch,p010,COMPLETE,complete,800,2000000,,0.5487222487018222,19.01841839298444,0.590851788009916,python_full_resolution_undistorted,full_resolution_undistorted,5384,4712,914.379,2000000,11466,12419,completed_requested_iterations,,2026-07-12T13:33:29.303690+00:00,s3://3dreefs-ben-eu-north1/experiments/ablations/stage2_resolution_fullres_eval/runs/splat_dataset2_sfm_1024_sift_global_res2048_patch800_stage2/ablation_eval/results_splat.csv
D2,dataset2,1024,sift,global,2048,splat_dataset2_sfm_1024_sift_global_res2048_patch800_500k,splat_dataset2_sfm_1024_sift_global_res2048_patch800_stage2,patch,p000,COMPLETE,complete,800,500000,,0.7271604773245359,23.385202065633337,0.6606310213866987,python_full_resolution_undistorted,full_resolution_undistorted,5365,4713,820.688,500000,9943,7309,completed_requested_iterations,,2026-07-11T23:20:23.495503+00:00,s3://3dreefs-ben-eu-north1/experiments/ablations/stage2_resolution_fullres_eval/runs/splat_dataset2_sfm_1024_sift_global_res2048_patch800_stage2/ablation_eval/results_splat.csv
D2,dataset2,1024,sift,global,2048,splat_dataset2_sfm_1024_sift_global_res2048_patch800_500k,splat_dataset2_sfm_1024_sift_global_res2048_patch800_stage2,patch,p001,COMPLETE,complete,800,500000,,0.6909544897984855,23.05852999600692,0.6819525391240663,python_full_resolution_undistorted,full_resolution_undistorted,5384,4712,746.276,500000,11099,11801,completed_requested_iterations,,2026-07-11T23:46:41.671830+00:00,s3://3dreefs-ben-eu-north1/experiments/ablations/stage2_resolution_fullres_eval/runs/splat_dataset2_sfm_1024_sift_global_res2048_patch800_stage2/ablation_eval/results_splat.csv
D2,dataset2,1024,sift,global,2048,splat_dataset2_sfm_1024_sift_global_res2048_patch800_500k,splat_dataset2_sfm_1024_sift_global_res2048_patch800_stage2,patch,p002,COMPLETE,complete,800,500000,,0.6601484184329575,22.048610791002396,0.7015043215171711,python_full_resolution_undistorted,full_resolution_undistorted,5384,4712,756.53,500000,11071,11745,completed_requested_iterations,,2026-07-12T00:12:23.933483+00:00,s3://3dreefs-ben-eu-north1/experiments/ablations/stage2_resolution_fullres_eval/runs/splat_dataset2_sfm_1024_sift_global_res2048_patch800_stage2/ablation_eval/results_splat.csv
D2,dataset2,1024,sift,global,2048,splat_dataset2_sfm_1024_sift_global_res2048_patch800_500k,splat_dataset2_sfm_1024_sift_global_res2048_patch800_stage2,patch,p003,COMPLETE,complete,800,500000,,0.6380934757845742,21.825796263364953,0.6902097184936722,python_full_resolution_undistorted,full_resolution_undistorted,5365,4713,768.599,500000,11244,11887,completed_requested_iterations,,2026-07-12T00:38:51.747051+00:00,s3://3dreefs-ben-eu-north1/experiments/ablations/stage2_resolution_fullres_eval/runs/splat_dataset2_sfm_1024_sift_global_res2048_patch800_stage2/ablation_eval/results_splat.csv
D2,dataset2,1024,sift,global,2048,splat_dataset2_sfm_1024_sift_global_res2048_patch800_500k,splat_dataset2_sfm_1024_sift_global_res2048_patch800_stage2,patch,p004,COMPLETE,complete,800,500000,,0.6453223465344845,22.212033730783553,0.6911905881686088,python_full_resolution_undistorted,full_resolution_undistorted,5365,4713,777.594,500000,11293,11859,completed_requested_iterations,,2026-07-12T01:05:48.470193+00:00,s3://3dreefs-ben-eu-north1/experiments/ablations/stage2_resolution_fullres_eval/runs/splat_dataset2_sfm_1024_sift_global_res2048_patch800_stage2/ablation_eval/results_splat.csv
D2,dataset2,1024,sift,global,2048,splat_dataset2_sfm_1024_sift_global_res2048_patch800_500k,splat_dataset2_sfm_1024_sift_global_res2048_patch800_stage2,patch,p006,COMPLETE,complete,800,500000,,0.49446045384778603,18.311389445515935,0.7433006020335408,python_full_resolution_undistorted,full_resolution_undistorted,5365,4713,769.17,500000,11893,11791,completed_requested_iterations,,2026-07-12T01:32:16.528583+00:00,s3://3dreefs-ben-eu-north1/experiments/ablations/stage2_resolution_fullres_eval/runs/splat_dataset2_sfm_1024_sift_global_res2048_patch800_stage2/ablation_eval/results_splat.csv
D2,dataset2,1024,sift,global,2048,splat_dataset2_sfm_1024_sift_global_res2048_patch800_500k,splat_dataset2_sfm_1024_sift_global_res2048_patch800_stage2,patch,p007,COMPLETE,complete,800,500000,,0.49629526757276976,18.63068453511382,0.7371243719871228,python_full_resolution_undistorted,full_resolution_undistorted,5384,4712,774.926,500000,12032,11923,completed_requested_iterations,,2026-07-12T01:58:52.855879+00:00,s3://3dreefs-ben-eu-north1/experiments/ablations/stage2_resolution_fullres_eval/runs/splat_dataset2_sfm_1024_sift_global_res2048_patch800_stage2/ablation_eval/results_splat.csv
D2,dataset2,1024,sift,global,2048,splat_dataset2_sfm_1024_sift_global_res2048_patch800_500k,splat_dataset2_sfm_1024_sift_global_res2048_patch800_stage2,patch,p008,COMPLETE,complete,800,500000,,0.505957049366675,18.937699148590085,0.7238985143209758,python_full_resolution_undistorted,full_resolution_undistorted,5384,4712,769.628,500000,11965,11853,completed_requested_iterations,,2026-07-12T02:25:32.120110+00:00,s3://3dreefs-ben-eu-north1/experiments/ablations/stage2_resolution_fullres_eval/runs/splat_dataset2_sfm_1024_sift_global_res2048_patch800_stage2/ablation_eval/results_splat.csv
D2,dataset2,1024,sift,global,2048,splat_dataset2_sfm_1024_sift_global_res2048_patch800_500k,splat_dataset2_sfm_1024_sift_global_res2048_patch800_stage2,patch,p009,COMPLETE,complete,800,500000,,0.4751001113577734,17.485175673473293,0.7581131247025502,python_full_resolution_undistorted,full_resolution_undistorted,5365,4713,773.96,500000,12122,11903,completed_requested_iterations,,2026-07-12T02:52:11.074524+00:00,s3://3dreefs-ben-eu-north1/experiments/ablations/stage2_resolution_fullres_eval/runs/splat_dataset2_sfm_1024_sift_global_res2048_patch800_stage2/ablation_eval/results_splat.csv
D2,dataset2,1024,sift,global,2048,splat_dataset2_sfm_1024_sift_global_res2048_patch800_500k,splat_dataset2_sfm_1024_sift_global_res2048_patch800_stage2,patch,p010,COMPLETE,complete,800,500000,,0.5096768296900249,18.54470350474765,0.69219637910525,python_full_resolution_undistorted,full_resolution_undistorted,5384,4712,630.513,500000,10225,11577,completed_requested_iterations,,2026-07-12T03:10:47.543377+00:00,s3://3dreefs-ben-eu-north1/experiments/ablations/stage2_resolution_fullres_eval/runs/splat_dataset2_sfm_1024_sift_global_res2048_patch800_stage2/ablation_eval/results_splat.csv
D2,dataset2,1024,sift,global,full,splat_dataset2_sfm_1024_sift_global_resfull_patch200_1m,splat_dataset2_sfm_1024_sift_global_resfull_patch200_stage2,patch,p000,COMPLETE,complete,200,1000000,,0.7650289403067695,24.35828865303809,0.5257914182212617,python_full_resolution_undistorted,full_resolution_undistorted,5365,4713,3413.805,1000000,8901,7309,completed_requested_iterations,,2026-07-12T07:12:16.739143+00:00,s3://3dreefs-ben-eu-north1/experiments/ablations/stage2_resolution_fullres_eval/runs/splat_dataset2_sfm_1024_sift_global_resfull_patch200_stage2/ablation_eval/results_splat.csv
D2,dataset2,1024,sift,global,full,splat_dataset2_sfm_1024_sift_global_resfull_patch200_1m,splat_dataset2_sfm_1024_sift_global_resfull_patch200_stage2,patch,p005,COMPLETE,complete,200,1000000,,0.6718404544027228,22.661412308003637,0.5990648991183231,python_full_resolution_undistorted,full_resolution_undistorted,5365,4713,2693.446,1000000,9863,13215,completed_requested_iterations,,2026-07-12T08:01:03.545970+00:00,s3://3dreefs-ben-eu-north1/experiments/ablations/stage2_resolution_fullres_eval/runs/splat_dataset2_sfm_1024_sift_global_resfull_patch200_stage2/ablation_eval/results_splat.csv
D2,dataset2,1024,sift,global,full,splat_dataset2_sfm_1024_sift_global_resfull_patch200_1m,splat_dataset2_sfm_1024_sift_global_resfull_patch200_stage2,patch,p010,COMPLETE,complete,200,1000000,,0.7363376231754527,23.88192838445905,0.5340141759199255,python_full_resolution_undistorted,full_resolution_undistorted,5384,4712,2913.26,1000000,9663,13245,completed_requested_iterations,,2026-07-12T08:52:56.572493+00:00,s3://3dreefs-ben-eu-north1/experiments/ablations/stage2_resolution_fullres_eval/runs/splat_dataset2_sfm_1024_sift_global_resfull_patch200_stage2/ablation_eval/results_splat.csv
D2,dataset2,1024,sift,global,full,splat_dataset2_sfm_1024_sift_global_resfull_patch200_1m,splat_dataset2_sfm_1024_sift_global_resfull_patch200_stage2,patch,p016,COMPLETE,complete,200,1000000,,0.7625391483306885,25.565839381195836,0.5386752734581629,python_full_resolution_undistorted,full_resolution_undistorted,5384,4712,2618.834,1000000,9761,13279,completed_requested_iterations,,2026-07-12T09:40:18.295161+00:00,s3://3dreefs-ben-eu-north1/experiments/ablations/stage2_resolution_fullres_eval/runs/splat_dataset2_sfm_1024_sift_global_resfull_patch200_stage2/ablation_eval/results_splat.csv
D2,dataset2,1024,sift,global,full,splat_dataset2_sfm_1024_sift_global_resfull_patch200_1m,splat_dataset2_sfm_1024_sift_global_resfull_patch200_stage2,patch,p021,COMPLETE,complete,200,1000000,,0.7782674961619906,26.176274213322884,0.5239817053079605,python_full_resolution_undistorted,full_resolution_undistorted,5365,4713,2796.127,1000000,9718,13279,completed_requested_iterations,,2026-07-12T10:30:28.752074+00:00,s3://3dreefs-ben-eu-north1/experiments/ablations/stage2_resolution_fullres_eval/runs/splat_dataset2_sfm_1024_sift_global_resfull_patch200_stage2/ablation_eval/results_splat.csv
D2,dataset2,1024,sift,global,full,splat_dataset2_sfm_1024_sift_global_resfull_patch200_1m,splat_dataset2_sfm_1024_sift_global_resfull_patch200_stage2,patch,p026,COMPLETE,complete,200,1000000,,0.6550125678380331,22.073204869346274,0.5266675800085068,python_full_resolution_undistorted,full_resolution_undistorted,5384,4712,2592.979,1000000,9882,13245,completed_requested_iterations,,2026-07-12T11:17:10.473653+00:00,s3://3dreefs-ben-eu-north1/experiments/ablations/stage2_resolution_fullres_eval/runs/splat_dataset2_sfm_1024_sift_global_resfull_patch200_stage2/ablation_eval/results_splat.csv
D2,dataset2,1024,sift,global,full,splat_dataset2_sfm_1024_sift_global_resfull_patch200_1m,splat_dataset2_sfm_1024_sift_global_resfull_patch200_stage2,patch,p031,COMPLETE,complete,200,1000000,,0.6425088122487068,22.08912582411898,0.5467261642217636,python_full_resolution_undistorted,full_resolution_undistorted,5384,4712,3113.221,1000000,10235,13321,completed_requested_iterations,,2026-07-12T12:12:52.916852+00:00,s3://3dreefs-ben-eu-north1/experiments/ablations/stage2_resolution_fullres_eval/runs/splat_dataset2_sfm_1024_sift_global_resfull_patch200_stage2/ablation_eval/results_splat.csv
D2,dataset2,1024,sift,global,full,splat_dataset2_sfm_1024_sift_global_resfull_patch200_1m,splat_dataset2_sfm_1024_sift_global_resfull_patch200_stage2,patch,p037,COMPLETE,complete,200,1000000,,0.5218364480468962,18.51274492019591,0.6293332576751709,python_full_resolution_undistorted,full_resolution_undistorted,5384,4712,2795.936,1000000,10380,13317,completed_requested_iterations,,2026-07-12T13:02:50.756574+00:00,s3://3dreefs-ben-eu-north1/experiments/ablations/stage2_resolution_fullres_eval/runs/splat_dataset2_sfm_1024_sift_global_resfull_patch200_stage2/ablation_eval/results_splat.csv
D2,dataset2,1024,sift,global,full,splat_dataset2_sfm_1024_sift_global_resfull_patch200_1m,splat_dataset2_sfm_1024_sift_global_resfull_patch200_stage2,patch,p042,COMPLETE,complete,200,1000000,,0.5476505974928538,19.371178042178748,0.5401295979817708,python_full_resolution_undistorted,full_resolution_undistorted,5384,4712,2691.211,1000000,10152,13369,completed_requested_iterations,,2026-07-12T13:50:53.701078+00:00,s3://3dreefs-ben-eu-north1/experiments/ablations/stage2_resolution_fullres_eval/runs/splat_dataset2_sfm_1024_sift_global_resfull_patch200_stage2/ablation_eval/results_splat.csv
D2,dataset2,1024,sift,global,full,splat_dataset2_sfm_1024_sift_global_resfull_patch200_1m,splat_dataset2_sfm_1024_sift_global_resfull_patch200_stage2,patch,p047,COMPLETE,complete,200,1000000,,0.5926589651240243,20.333437213286874,0.5454332580169042,python_full_resolution_undistorted,full_resolution_undistorted,5384,4712,2683.8,1000000,10361,13417,completed_requested_iterations,,2026-07-12T14:39:20.297272+00:00,s3://3dreefs-ben-eu-north1/experiments/ablations/stage2_resolution_fullres_eval/runs/splat_dataset2_sfm_1024_sift_global_resfull_patch200_stage2/ablation_eval/results_splat.csv
D2,dataset2,1024,sift,global,full,splat_dataset2_sfm_1024_sift_global_resfull_patch200_2m,splat_dataset2_sfm_1024_sift_global_resfull_patch200_stage2,patch,p000,COMPLETE,complete,200,2000000,,0.7748408383793302,24.38717809153779,0.47922781275378334,python_full_resolution_undistorted,full_resolution_undistorted,5365,4713,3859.335,2000000,8897,7485,completed_requested_iterations,,2026-07-12T16:04:20.391740+00:00,s3://3dreefs-ben-eu-north1/experiments/ablations/stage2_resolution_fullres_eval/runs/splat_dataset2_sfm_1024_sift_global_resfull_patch200_stage2/ablation_eval/results_splat.csv
D2,dataset2,1024,sift,global,full,splat_dataset2_sfm_1024_sift_global_resfull_patch200_2m,splat_dataset2_sfm_1024_sift_global_resfull_patch200_stage2,patch,p005,COMPLETE,complete,200,2000000,,0.6846366242358559,22.717890780208496,0.5450523464303267,python_full_resolution_undistorted,full_resolution_undistorted,5365,4713,3289.668,2000000,9815,13925,completed_requested_iterations,,2026-07-12T17:02:56.363395+00:00,s3://3dreefs-ben-eu-north1/experiments/ablations/stage2_resolution_fullres_eval/runs/splat_dataset2_sfm_1024_sift_global_resfull_patch200_stage2/ablation_eval/results_splat.csv
D2,dataset2,1024,sift,global,full,splat_dataset2_sfm_1024_sift_global_resfull_patch200_2m,splat_dataset2_sfm_1024_sift_global_resfull_patch200_stage2,patch,p010,COMPLETE,complete,200,2000000,,0.7504861319766325,24.0542156665796,0.4804065315162434,python_full_resolution_undistorted,full_resolution_undistorted,5384,4712,3587.371,2000000,9519,13863,completed_requested_iterations,,2026-07-12T18:06:15.458318+00:00,s3://3dreefs-ben-eu-north1/experiments/ablations/stage2_resolution_fullres_eval/runs/splat_dataset2_sfm_1024_sift_global_resfull_patch200_stage2/ablation_eval/results_splat.csv
D2,dataset2,1024,sift,global,full,splat_dataset2_sfm_1024_sift_global_resfull_patch200_2m,splat_dataset2_sfm_1024_sift_global_resfull_patch200_stage2,patch,p016,COMPLETE,complete,200,2000000,,0.782261312007904,25.99719460431909,0.47938955161306596,python_full_resolution_undistorted,full_resolution_undistorted,5384,4712,3002.653,2000000,9644,13763,completed_requested_iterations,,2026-07-12T18:59:55.398697+00:00,s3://3dreefs-ben-eu-north1/experiments/ablations/stage2_resolution_fullres_eval/runs/splat_dataset2_sfm_1024_sift_global_resfull_patch200_stage2/ablation_eval/results_splat.csv
D2,dataset2,1024,sift,global,full,splat_dataset2_sfm_1024_sift_global_resfull_patch200_2m,splat_dataset2_sfm_1024_sift_global_resfull_patch200_stage2,patch,p021,COMPLETE,complete,200,2000000,,0.7931226160791185,26.517879368215088,0.4653860049115287,python_full_resolution_undistorted,full_resolution_undistorted,5365,4713,3206.088,2000000,9577,14291,completed_requested_iterations,,2026-07-12T19:57:04.552700+00:00,s3://3dreefs-ben-eu-north1/experiments/ablations/stage2_resolution_fullres_eval/runs/splat_dataset2_sfm_1024_sift_global_resfull_patch200_stage2/ablation_eval/results_splat.csv
D2,dataset2,1024,sift,global,full,splat_dataset2_sfm_1024_sift_global_resfull_patch200_2m,splat_dataset2_sfm_1024_sift_global_resfull_patch200_stage2,patch,p026,COMPLETE,complete,200,2000000,,0.6730654405222999,22.327157041006984,0.4680400705999798,python_full_resolution_undistorted,full_resolution_undistorted,5384,4712,3070.089,2000000,9850,13763,completed_requested_iterations,,2026-07-12T20:51:41.048293+00:00,s3://3dreefs-ben-eu-north1/experiments/ablations/stage2_resolution_fullres_eval/runs/splat_dataset2_sfm_1024_sift_global_resfull_patch200_stage2/ablation_eval/results_splat.csv
D2,dataset2,1024,sift,global,full,splat_dataset2_sfm_1024_sift_global_resfull_patch200_2m,splat_dataset2_sfm_1024_sift_global_resfull_patch200_stage2,patch,p031,COMPLETE,complete,200,2000000,,0.662961545586586,22.426729680689604,0.4866287916898727,python_full_resolution_undistorted,full_resolution_undistorted,5384,4712,3476.899,2000000,10156,13875,completed_requested_iterations,,2026-07-12T21:53:41.784207+00:00,s3://3dreefs-ben-eu-north1/experiments/ablations/stage2_resolution_fullres_eval/runs/splat_dataset2_sfm_1024_sift_global_resfull_patch200_stage2/ablation_eval/results_splat.csv
D2,dataset2,1024,sift,global,full,splat_dataset2_sfm_1024_sift_global_resfull_patch200_2m,splat_dataset2_sfm_1024_sift_global_resfull_patch200_stage2,patch,p037,COMPLETE,complete,200,2000000,,0.53548374109798,18.725616210616963,0.5736642281214396,python_full_resolution_undistorted,full_resolution_undistorted,5384,4712,3229.068,2000000,10318,13713,completed_requested_iterations,,2026-07-12T22:51:06.652006+00:00,s3://3dreefs-ben-eu-north1/experiments/ablations/stage2_resolution_fullres_eval/runs/splat_dataset2_sfm_1024_sift_global_resfull_patch200_stage2/ablation_eval/results_splat.csv
D2,dataset2,1024,sift,global,full,splat_dataset2_sfm_1024_sift_global_resfull_patch200_2m,splat_dataset2_sfm_1024_sift_global_resfull_patch200_stage2,patch,p042,COMPLETE,complete,200,2000000,,0.5663157900174459,19.626455811214324,0.48409436146418255,python_full_resolution_undistorted,full_resolution_undistorted,5384,4712,3132.514,2000000,10007,13951,completed_requested_iterations,,2026-07-12T23:46:28.175911+00:00,s3://3dreefs-ben-eu-north1/experiments/ablations/stage2_resolution_fullres_eval/runs/splat_dataset2_sfm_1024_sift_global_resfull_patch200_stage2/ablation_eval/results_splat.csv
D2,dataset2,1024,sift,global,full,splat_dataset2_sfm_1024_sift_global_resfull_patch200_2m,splat_dataset2_sfm_1024_sift_global_resfull_patch200_stage2,patch,p047,COMPLETE,complete,200,2000000,,0.6158179723554187,20.608782213644584,0.48554981582694584,python_full_resolution_undistorted,full_resolution_undistorted,5384,4712,2980.52,2000000,10274,13743,completed_requested_iterations,,2026-07-13T00:39:58.965147+00:00,s3://3dreefs-ben-eu-north1/experiments/ablations/stage2_resolution_fullres_eval/runs/splat_dataset2_sfm_1024_sift_global_resfull_patch200_stage2/ablation_eval/results_splat.csv
D2,dataset2,1024,sift,global,full,splat_dataset2_sfm_1024_sift_global_resfull_patch200_500k,splat_dataset2_sfm_1024_sift_global_resfull_patch200_stage2,patch,p000,COMPLETE,complete,200,500000,,0.7491545544730293,24.057974470338756,0.5795946386125352,python_full_resolution_undistorted,full_resolution_undistorted,5365,4713,2750.013,500000,9187,8841,completed_requested_iterations,,2026-07-11T23:32:41.589038+00:00,s3://3dreefs-ben-eu-north1/experiments/ablations/stage2_resolution_fullres_eval/runs/splat_dataset2_sfm_1024_sift_global_resfull_patch200_stage2/ablation_eval/results_splat.csv
D2,dataset2,1024,sift,global,full,splat_dataset2_sfm_1024_sift_global_resfull_patch200_500k,splat_dataset2_sfm_1024_sift_global_resfull_patch200_stage2,patch,p005,COMPLETE,complete,200,500000,,0.6530992388725281,22.271124828045316,0.653729426233392,python_full_resolution_undistorted,full_resolution_undistorted,5365,4713,2303.467,500000,9700,14619,completed_requested_iterations,,2026-07-12T00:14:53.558097+00:00,s3://3dreefs-ben-eu-north1/experiments/ablations/stage2_resolution_fullres_eval/runs/splat_dataset2_sfm_1024_sift_global_resfull_patch200_stage2/ablation_eval/results_splat.csv
D2,dataset2,1024,sift,global,full,splat_dataset2_sfm_1024_sift_global_resfull_patch200_500k,splat_dataset2_sfm_1024_sift_global_resfull_patch200_stage2,patch,p010,COMPLETE,complete,200,500000,,0.7151465801631703,23.466670364427856,0.5926585548064288,python_full_resolution_undistorted,full_resolution_undistorted,5384,4712,2430.514,500000,9499,14453,completed_requested_iterations,,2026-07-12T00:58:52.312947+00:00,s3://3dreefs-ben-eu-north1/experiments/ablations/stage2_resolution_fullres_eval/runs/splat_dataset2_sfm_1024_sift_global_resfull_patch200_stage2/ablation_eval/results_splat.csv
D2,dataset2,1024,sift,global,full,splat_dataset2_sfm_1024_sift_global_resfull_patch200_500k,splat_dataset2_sfm_1024_sift_global_resfull_patch200_stage2,patch,p016,COMPLETE,complete,200,500000,,0.7371366752518548,25.005279618166767,0.6016072001722124,python_full_resolution_undistorted,full_resolution_undistorted,5384,4712,2104.562,500000,9544,14587,completed_requested_iterations,,2026-07-12T01:37:35.811652+00:00,s3://3dreefs-ben-eu-north1/experiments/ablations/stage2_resolution_fullres_eval/runs/splat_dataset2_sfm_1024_sift_global_resfull_patch200_stage2/ablation_eval/results_splat.csv
D2,dataset2,1024,sift,global,full,splat_dataset2_sfm_1024_sift_global_resfull_patch200_500k,splat_dataset2_sfm_1024_sift_global_resfull_patch200_stage2,patch,p021,COMPLETE,complete,200,500000,,0.7567036085658603,25.69154654238822,0.5851620667510562,python_full_resolution_undistorted,full_resolution_undistorted,5365,4713,2372.322,500000,9489,14619,completed_requested_iterations,,2026-07-12T02:20:45.564400+00:00,s3://3dreefs-ben-eu-north1/experiments/ablations/stage2_resolution_fullres_eval/runs/splat_dataset2_sfm_1024_sift_global_resfull_patch200_stage2/ablation_eval/results_splat.csv
D2,dataset2,1024,sift,global,full,splat_dataset2_sfm_1024_sift_global_resfull_patch200_500k,splat_dataset2_sfm_1024_sift_global_resfull_patch200_stage2,patch,p026,COMPLETE,complete,200,500000,,0.6290981868902842,21.496547022283313,0.5917114184962379,python_full_resolution_undistorted,full_resolution_undistorted,5384,4712,2333.533,500000,9716,14579,completed_requested_iterations,,2026-07-12T03:03:22.207565+00:00,s3://3dreefs-ben-eu-north1/experiments/ablations/stage2_resolution_fullres_eval/runs/splat_dataset2_sfm_1024_sift_global_resfull_patch200_stage2/ablation_eval/results_splat.csv
D2,dataset2,1024,sift,global,full,splat_dataset2_sfm_1024_sift_global_resfull_patch200_500k,splat_dataset2_sfm_1024_sift_global_resfull_patch200_stage2,patch,p031,COMPLETE,complete,200,500000,,0.6143846899271012,21.55595768155822,0.6112950682640076,python_full_resolution_undistorted,full_resolution_undistorted,5384,4712,2598.806,500000,10034,14565,completed_requested_iterations,,2026-07-12T03:50:43.561661+00:00,s3://3dreefs-ben-eu-north1/experiments/ablations/stage2_resolution_fullres_eval/runs/splat_dataset2_sfm_1024_sift_global_resfull_patch200_stage2/ablation_eval/results_splat.csv
D2,dataset2,1024,sift,global,full,splat_dataset2_sfm_1024_sift_global_resfull_patch200_500k,splat_dataset2_sfm_1024_sift_global_resfull_patch200_stage2,patch,p037,COMPLETE,complete,200,500000,,0.503884591990047,18.197372861019453,0.6888023614883423,python_full_resolution_undistorted,full_resolution_undistorted,5384,4712,2224.712,500000,10146,14651,completed_requested_iterations,,2026-07-12T04:31:34.039176+00:00,s3://3dreefs-ben-eu-north1/experiments/ablations/stage2_resolution_fullres_eval/runs/splat_dataset2_sfm_1024_sift_global_resfull_patch200_stage2/ablation_eval/results_splat.csv
D2,dataset2,1024,sift,global,full,splat_dataset2_sfm_1024_sift_global_resfull_patch200_500k,splat_dataset2_sfm_1024_sift_global_resfull_patch200_stage2,patch,p042,COMPLETE,complete,200,500000,,0.5219816923141479,18.963792805220113,0.6037407120068868,python_full_resolution_undistorted,full_resolution_undistorted,5384,4712,2288.782,500000,9922,14605,completed_requested_iterations,,2026-07-12T05:12:50.661635+00:00,s3://3dreefs-ben-eu-north1/experiments/ablations/stage2_resolution_fullres_eval/runs/splat_dataset2_sfm_1024_sift_global_resfull_patch200_stage2/ablation_eval/results_splat.csv
D2,dataset2,1024,sift,global,full,splat_dataset2_sfm_1024_sift_global_resfull_patch200_500k,splat_dataset2_sfm_1024_sift_global_resfull_patch200_stage2,patch,p047,COMPLETE,complete,200,500000,,0.5640832334756851,19.894668684370192,0.6098372936248779,python_full_resolution_undistorted,full_resolution_undistorted,5384,4712,2276.152,500000,10171,14589,completed_requested_iterations,,2026-07-12T05:54:31.749171+00:00,s3://3dreefs-ben-eu-north1/experiments/ablations/stage2_resolution_fullres_eval/runs/splat_dataset2_sfm_1024_sift_global_resfull_patch200_stage2/ablation_eval/results_splat.csv
D2,dataset2,1024,sift,global,full,splat_dataset2_sfm_1024_sift_global_resfull_patch400_1m,splat_dataset2_sfm_1024_sift_global_resfull_patch400_stage2_remaining,patch,p000,COMPLETE,complete,400,1000000,,0.765829285508708,24.60996698353352,0.5726505321891684,python_full_resolution_undistorted,full_resolution_undistorted,5384,4712,3166.423,1000000,10826,8841,completed_requested_iterations,,2026-07-11T23:42:14.690791+00:00,s3://3dreefs-ben-eu-north1/experiments/ablations/stage2_resolution_fullres_eval/runs/splat_dataset2_sfm_1024_sift_global_resfull_patch400_stage2_remaining/ablation_eval/results_splat.csv
D2,dataset2,1024,sift,global,full,splat_dataset2_sfm_1024_sift_global_resfull_patch400_1m,splat_dataset2_sfm_1024_sift_global_resfull_patch400_stage2_remaining,patch,p002,COMPLETE,complete,400,1000000,,0.7435216621348733,23.95889131991424,0.6020393402952897,python_full_resolution_undistorted,full_resolution_undistorted,5384,4712,2892.719,1000000,11517,14917,completed_requested_iterations,,2026-07-12T00:37:25.913081+00:00,s3://3dreefs-ben-eu-north1/experiments/ablations/stage2_resolution_fullres_eval/runs/splat_dataset2_sfm_1024_sift_global_resfull_patch400_stage2_remaining/ablation_eval/results_splat.csv
D2,dataset2,1024,sift,global,full,splat_dataset2_sfm_1024_sift_global_resfull_patch400_1m,splat_dataset2_sfm_1024_sift_global_resfull_patch400_stage2_remaining,patch,p005,COMPLETE,complete,400,1000000,,0.7069369241595268,23.172629414307824,0.6094400942325592,python_full_resolution_undistorted,full_resolution_undistorted,5365,4713,3027.923,1000000,11982,14935,completed_requested_iterations,,2026-07-12T01:35:26.838492+00:00,s3://3dreefs-ben-eu-north1/experiments/ablations/stage2_resolution_fullres_eval/runs/splat_dataset2_sfm_1024_sift_global_resfull_patch400_stage2_remaining/ablation_eval/results_splat.csv
D2,dataset2,1024,sift,global,full,splat_dataset2_sfm_1024_sift_global_resfull_patch400_1m,splat_dataset2_sfm_1024_sift_global_resfull_patch400_stage2_remaining,patch,p007,COMPLETE,complete,400,1000000,,0.7215927350215423,24.742867801105177,0.6007242202758789,python_full_resolution_undistorted,full_resolution_undistorted,5365,4713,2686.558,1000000,11941,15003,completed_requested_iterations,,2026-07-12T02:27:14.239221+00:00,s3://3dreefs-ben-eu-north1/experiments/ablations/stage2_resolution_fullres_eval/runs/splat_dataset2_sfm_1024_sift_global_resfull_patch400_stage2_remaining/ablation_eval/results_splat.csv
D2,dataset2,1024,sift,global,full,splat_dataset2_sfm_1024_sift_global_resfull_patch400_1m,splat_dataset2_sfm_1024_sift_global_resfull_patch400_stage2_remaining,patch,p009,COMPLETE,complete,400,1000000,,0.6612198415555453,22.553288667230195,0.6248457321995183,python_full_resolution_undistorted,full_resolution_undistorted,5365,4713,2904.665,1000000,12255,15783,completed_requested_iterations,,2026-07-12T03:23:04.301683+00:00,s3://3dreefs-ben-eu-north1/experiments/ablations/stage2_resolution_fullres_eval/runs/splat_dataset2_sfm_1024_sift_global_resfull_patch400_stage2_remaining/ablation_eval/results_splat.csv
D2,dataset2,1024,sift,global,full,splat_dataset2_sfm_1024_sift_global_resfull_patch400_1m,splat_dataset2_sfm_1024_sift_global_resfull_patch400_stage2_remaining,patch,p012,COMPLETE,complete,400,1000000,,0.6543981608672019,22.47140776857117,0.627998078480745,python_full_resolution_undistorted,full_resolution_undistorted,5384,4712,2926.739,1000000,12281,14965,completed_requested_iterations,,2026-07-12T04:19:04.264733+00:00,s3://3dreefs-ben-eu-north1/experiments/ablations/stage2_resolution_fullres_eval/runs/splat_dataset2_sfm_1024_sift_global_resfull_patch400_stage2_remaining/ablation_eval/results_splat.csv
D2,dataset2,1024,sift,global,full,splat_dataset2_sfm_1024_sift_global_resfull_patch400_1m,splat_dataset2_sfm_1024_sift_global_resfull_patch400_stage2_remaining,patch,p014,COMPLETE,complete,400,1000000,,0.5467368425467075,19.48066901883634,0.671769611346416,python_full_resolution_undistorted,full_resolution_undistorted,5365,4713,2777.948,1000000,13508,14925,completed_requested_iterations,,2026-07-12T05:13:15.676191+00:00,s3://3dreefs-ben-eu-north1/experiments/ablations/stage2_resolution_fullres_eval/runs/splat_dataset2_sfm_1024_sift_global_resfull_patch400_stage2_remaining/ablation_eval/results_splat.csv
D2,dataset2,1024,sift,global,full,splat_dataset2_sfm_1024_sift_global_resfull_patch400_1m,splat_dataset2_sfm_1024_sift_global_resfull_patch400_stage2_remaining,patch,p016,COMPLETE,complete,400,1000000,,0.5386773852201608,19.461769127864443,0.6355245036956592,python_full_resolution_undistorted,full_resolution_undistorted,5384,4712,2622.876,1000000,13500,14995,completed_requested_iterations,,2026-07-12T06:04:43.919907+00:00,s3://3dreefs-ben-eu-north1/experiments/ablations/stage2_resolution_fullres_eval/runs/splat_dataset2_sfm_1024_sift_global_resfull_patch400_stage2_remaining/ablation_eval/results_splat.csv
D2,dataset2,1024,sift,global,full,splat_dataset2_sfm_1024_sift_global_resfull_patch400_1m,splat_dataset2_sfm_1024_sift_global_resfull_patch400_stage2_remaining,patch,p019,COMPLETE,complete,400,1000000,,0.5218311166151975,18.64609923694754,0.6566622455914816,python_full_resolution_undistorted,full_resolution_undistorted,5365,4713,2679.475,1000000,13666,14925,completed_requested_iterations,,2026-07-12T06:56:59.867267+00:00,s3://3dreefs-ben-eu-north1/experiments/ablations/stage2_resolution_fullres_eval/runs/splat_dataset2_sfm_1024_sift_global_resfull_patch400_stage2_remaining/ablation_eval/results_splat.csv
D2,dataset2,1024,sift,global,full,splat_dataset2_sfm_1024_sift_global_resfull_patch400_1m,splat_dataset2_sfm_1024_sift_global_resfull_patch400_stage2_remaining,patch,p021,COMPLETE,complete,400,1000000,,0.5503796395417806,19.46140313360644,0.6223807657087171,python_full_resolution_undistorted,full_resolution_undistorted,5384,4712,2640.606,1000000,13744,14919,completed_requested_iterations,,2026-07-12T07:48:01.630421+00:00,s3://3dreefs-ben-eu-north1/experiments/ablations/stage2_resolution_fullres_eval/runs/splat_dataset2_sfm_1024_sift_global_resfull_patch400_stage2_remaining/ablation_eval/results_splat.csv
D2,dataset2,1024,sift,global,full,splat_dataset2_sfm_1024_sift_global_resfull_patch400_2m,splat_dataset2_sfm_1024_sift_global_resfull_patch400_stage2_remaining,patch,p000,COMPLETE,complete,400,2000000,,0.776413431293086,24.715908862902825,0.5332841535932139,python_full_resolution_undistorted,full_resolution_undistorted,5384,4712,3619.337,2000000,10730,7309,completed_requested_iterations,,2026-07-12T09:11:54.798833+00:00,s3://3dreefs-ben-eu-north1/experiments/ablations/stage2_resolution_fullres_eval/runs/splat_dataset2_sfm_1024_sift_global_resfull_patch400_stage2_remaining/ablation_eval/results_splat.csv
D2,dataset2,1024,sift,global,full,splat_dataset2_sfm_1024_sift_global_resfull_patch400_2m,splat_dataset2_sfm_1024_sift_global_resfull_patch400_stage2_remaining,patch,p002,COMPLETE,complete,400,2000000,,0.7565267431108575,24.061815369679742,0.5568485377650512,python_full_resolution_undistorted,full_resolution_undistorted,5384,4712,3274.035,2000000,11409,13929,completed_requested_iterations,,2026-07-12T10:13:30.656987+00:00,s3://3dreefs-ben-eu-north1/experiments/ablations/stage2_resolution_fullres_eval/runs/splat_dataset2_sfm_1024_sift_global_resfull_patch400_stage2_remaining/ablation_eval/results_splat.csv
D2,dataset2,1024,sift,global,full,splat_dataset2_sfm_1024_sift_global_resfull_patch400_2m,splat_dataset2_sfm_1024_sift_global_resfull_patch400_stage2_remaining,patch,p005,COMPLETE,complete,400,2000000,,0.7232168272137642,23.307679419370377,0.5591164954006672,python_full_resolution_undistorted,full_resolution_undistorted,5365,4713,3372.741,2000000,11867,13975,completed_requested_iterations,,2026-07-12T11:17:12.662632+00:00,s3://3dreefs-ben-eu-north1/experiments/ablations/stage2_resolution_fullres_eval/runs/splat_dataset2_sfm_1024_sift_global_resfull_patch400_stage2_remaining/ablation_eval/results_splat.csv
D2,dataset2,1024,sift,global,full,splat_dataset2_sfm_1024_sift_global_resfull_patch400_2m,splat_dataset2_sfm_1024_sift_global_resfull_patch400_stage2_remaining,patch,p007,COMPLETE,complete,400,2000000,,0.7392579447000455,25.03739954014658,0.5487490686086508,python_full_resolution_undistorted,full_resolution_undistorted,5365,4713,2994.402,2000000,11796,13875,completed_requested_iterations,,2026-07-12T12:14:17.254761+00:00,s3://3dreefs-ben-eu-north1/experiments/ablations/stage2_resolution_fullres_eval/runs/splat_dataset2_sfm_1024_sift_global_resfull_patch400_stage2_remaining/ablation_eval/results_splat.csv
D2,dataset2,1024,sift,global,full,splat_dataset2_sfm_1024_sift_global_resfull_patch400_2m,splat_dataset2_sfm_1024_sift_global_resfull_patch400_stage2_remaining,patch,p009,COMPLETE,complete,400,2000000,,0.6770485890539069,22.74876000135023,0.5766226131665079,python_full_resolution_undistorted,full_resolution_undistorted,5365,4713,3264.278,2000000,12218,13873,completed_requested_iterations,,2026-07-12T13:16:02.177159+00:00,s3://3dreefs-ben-eu-north1/experiments/ablations/stage2_resolution_fullres_eval/runs/splat_dataset2_sfm_1024_sift_global_resfull_patch400_stage2_remaining/ablation_eval/results_splat.csv
D2,dataset2,1024,sift,global,full,splat_dataset2_sfm_1024_sift_global_resfull_patch400_2m,splat_dataset2_sfm_1024_sift_global_resfull_patch400_stage2_remaining,patch,p012,COMPLETE,complete,400,2000000,,0.6733448054545965,22.86467296099551,0.5787847355390207,python_full_resolution_undistorted,full_resolution_undistorted,5384,4712,3174.995,2000000,12212,14067,completed_requested_iterations,,2026-07-12T14:16:39.865939+00:00,s3://3dreefs-ben-eu-north1/experiments/ablations/stage2_resolution_fullres_eval/runs/splat_dataset2_sfm_1024_sift_global_resfull_patch400_stage2_remaining/ablation_eval/results_splat.csv
D2,dataset2,1024,sift,global,full,splat_dataset2_sfm_1024_sift_global_resfull_patch400_2m,splat_dataset2_sfm_1024_sift_global_resfull_patch400_stage2_remaining,patch,p014,COMPLETE,complete,400,2000000,,0.565609655319116,19.75612105658336,0.6204403119209485,python_full_resolution_undistorted,full_resolution_undistorted,5365,4713,3160.013,2000000,13516,13941,completed_requested_iterations,,2026-07-12T15:17:02.410776+00:00,s3://3dreefs-ben-eu-north1/experiments/ablations/stage2_resolution_fullres_eval/runs/splat_dataset2_sfm_1024_sift_global_resfull_patch400_stage2_remaining/ablation_eval/results_splat.csv
D2,dataset2,1024,sift,global,full,splat_dataset2_sfm_1024_sift_global_resfull_patch400_2m,splat_dataset2_sfm_1024_sift_global_resfull_patch400_stage2_remaining,patch,p016,COMPLETE,complete,400,2000000,,0.5653785528280796,19.852793020974907,0.5751816179507818,python_full_resolution_undistorted,full_resolution_undistorted,5384,4712,2950.343,2000000,14039,13851,completed_requested_iterations,,2026-07-12T16:13:52.224195+00:00,s3://3dreefs-ben-eu-north1/experiments/ablations/stage2_resolution_fullres_eval/runs/splat_dataset2_sfm_1024_sift_global_resfull_patch400_stage2_remaining/ablation_eval/results_splat.csv
D2,dataset2,1024,sift,global,full,splat_dataset2_sfm_1024_sift_global_resfull_patch400_2m,splat_dataset2_sfm_1024_sift_global_resfull_patch400_stage2_remaining,patch,p019,COMPLETE,complete,400,2000000,,0.5451819109611022,18.926511478824015,0.6011808499311789,python_full_resolution_undistorted,full_resolution_undistorted,5365,4713,3104.131,2000000,13808,14327,completed_requested_iterations,,2026-07-12T17:13:15.250913+00:00,s3://3dreefs-ben-eu-north1/experiments/ablations/stage2_resolution_fullres_eval/runs/splat_dataset2_sfm_1024_sift_global_resfull_patch400_stage2_remaining/ablation_eval/results_splat.csv
D2,dataset2,1024,sift,global,full,splat_dataset2_sfm_1024_sift_global_resfull_patch400_2m,splat_dataset2_sfm_1024_sift_global_resfull_patch400_stage2_remaining,patch,p021,COMPLETE,complete,400,2000000,,0.5730935657346571,19.720438720432327,0.5710017044801969,python_full_resolution_undistorted,full_resolution_undistorted,5384,4712,2975.267,2000000,14531,13963,completed_requested_iterations,,2026-07-12T18:10:19.042889+00:00,s3://3dreefs-ben-eu-north1/experiments/ablations/stage2_resolution_fullres_eval/runs/splat_dataset2_sfm_1024_sift_global_resfull_patch400_stage2_remaining/ablation_eval/results_splat.csv
D2,dataset2,1024,sift,global,full,splat_dataset2_sfm_1024_sift_global_resfull_patch400_500k,splat_dataset2_sfm_1024_sift_global_resfull_patch400_stage2,patch,p000,COMPLETE,complete,400,500000,,0.7515849204439866,24.30674789863347,0.6155922569726643,python_full_resolution_undistorted,full_resolution_undistorted,5384,4712,2572.232,500000,10770,8841,completed_requested_iterations,,2026-07-11T14:42:47.365466+00:00,s3://3dreefs-ben-eu-north1/experiments/ablations/stage2_resolution_fullres_eval/runs/splat_dataset2_sfm_1024_sift_global_resfull_patch400_stage2/ablation_eval/results_splat.csv
D2,dataset2,1024,sift,global,full,splat_dataset2_sfm_1024_sift_global_resfull_patch400_500k,splat_dataset2_sfm_1024_sift_global_resfull_patch400_stage2,patch,p002,COMPLETE,complete,400,500000,,0.7275554976965252,23.642330204221086,0.6470975938596224,python_full_resolution_undistorted,full_resolution_undistorted,5384,4712,2278.515,500000,11433,14673,completed_requested_iterations,,2026-07-11T15:27:07.593325+00:00,s3://3dreefs-ben-eu-north1/experiments/ablations/stage2_resolution_fullres_eval/runs/splat_dataset2_sfm_1024_sift_global_resfull_patch400_stage2/ablation_eval/results_splat.csv
D2,dataset2,1024,sift,global,full,splat_dataset2_sfm_1024_sift_global_resfull_patch400_500k,splat_dataset2_sfm_1024_sift_global_resfull_patch400_stage2,patch,p005,COMPLETE,complete,400,500000,,0.6872115418314934,22.965151615563393,0.6614898890256882,python_full_resolution_undistorted,full_resolution_undistorted,5365,4713,2244.164,500000,11870,14723,completed_requested_iterations,,2026-07-11T16:11:48.959976+00:00,s3://3dreefs-ben-eu-north1/experiments/ablations/stage2_resolution_fullres_eval/runs/splat_dataset2_sfm_1024_sift_global_resfull_patch400_stage2/ablation_eval/results_splat.csv
D2,dataset2,1024,sift,global,full,splat_dataset2_sfm_1024_sift_global_resfull_patch400_500k,splat_dataset2_sfm_1024_sift_global_resfull_patch400_stage2,patch,p007,COMPLETE,complete,400,500000,,0.7008839356593597,24.204080341072352,0.6536968182294797,python_full_resolution_undistorted,full_resolution_undistorted,5365,4713,2333.158,500000,11797,14787,completed_requested_iterations,,2026-07-11T16:57:26.825603+00:00,s3://3dreefs-ben-eu-north1/experiments/ablations/stage2_resolution_fullres_eval/runs/splat_dataset2_sfm_1024_sift_global_resfull_patch400_stage2/ablation_eval/results_splat.csv
D2,dataset2,1024,sift,global,full,splat_dataset2_sfm_1024_sift_global_resfull_patch400_500k,splat_dataset2_sfm_1024_sift_global_resfull_patch400_stage2,patch,p009,COMPLETE,complete,400,500000,,0.6414506670675779,22.12951770652581,0.676217036811929,python_full_resolution_undistorted,full_resolution_undistorted,5365,4713,2526.492,500000,12236,14807,completed_requested_iterations,,2026-07-11T17:46:21.710265+00:00,s3://3dreefs-ben-eu-north1/experiments/ablations/stage2_resolution_fullres_eval/runs/splat_dataset2_sfm_1024_sift_global_resfull_patch400_stage2/ablation_eval/results_splat.csv
D2,dataset2,1024,sift,global,full,splat_dataset2_sfm_1024_sift_global_resfull_patch400_500k,splat_dataset2_sfm_1024_sift_global_resfull_patch400_stage2,patch,p012,COMPLETE,complete,400,500000,,0.6320424171594473,21.9946003535923,0.6799193926346607,python_full_resolution_undistorted,full_resolution_undistorted,5384,4712,2264.138,500000,12158,15005,completed_requested_iterations,,2026-07-11T18:31:00.110138+00:00,s3://3dreefs-ben-eu-north1/experiments/ablations/stage2_resolution_fullres_eval/runs/splat_dataset2_sfm_1024_sift_global_resfull_patch400_stage2/ablation_eval/results_splat.csv
D2,dataset2,1024,sift,global,full,splat_dataset2_sfm_1024_sift_global_resfull_patch400_500k,splat_dataset2_sfm_1024_sift_global_resfull_patch400_stage2,patch,p014,COMPLETE,complete,400,500000,,0.5250075742220267,19.083304970168832,0.726279785999885,python_full_resolution_undistorted,full_resolution_undistorted,5365,4713,2432.584,500000,13395,14713,completed_requested_iterations,,2026-07-11T19:18:25.443094+00:00,s3://3dreefs-ben-eu-north1/experiments/ablations/stage2_resolution_fullres_eval/runs/splat_dataset2_sfm_1024_sift_global_resfull_patch400_stage2/ablation_eval/results_splat.csv
D2,dataset2,1024,sift,global,full,splat_dataset2_sfm_1024_sift_global_resfull_patch400_500k,splat_dataset2_sfm_1024_sift_global_resfull_patch400_stage2,patch,p016,COMPLETE,complete,400,500000,,0.5086012413868537,18.882605044943865,0.699949107108972,python_full_resolution_undistorted,full_resolution_undistorted,5384,4712,2201.025,500000,13664,14687,completed_requested_iterations,,2026-07-11T20:02:02.530786+00:00,s3://3dreefs-ben-eu-north1/experiments/ablations/stage2_resolution_fullres_eval/runs/splat_dataset2_sfm_1024_sift_global_resfull_patch400_stage2/ablation_eval/results_splat.csv
D2,dataset2,1024,sift,global,full,splat_dataset2_sfm_1024_sift_global_resfull_patch400_500k,splat_dataset2_sfm_1024_sift_global_resfull_patch400_stage2,patch,p019,COMPLETE,complete,400,500000,,0.4950525340361473,18.234781103080056,0.7153890484418625,python_full_resolution_undistorted,full_resolution_undistorted,5365,4713,2239.281,500000,13857,14681,completed_requested_iterations,,2026-07-11T20:46:19.313715+00:00,s3://3dreefs-ben-eu-north1/experiments/ablations/stage2_resolution_fullres_eval/runs/splat_dataset2_sfm_1024_sift_global_resfull_patch400_stage2/ablation_eval/results_splat.csv
D2,dataset2,1024,sift,global,full,splat_dataset2_sfm_1024_sift_global_resfull_patch400_500k,splat_dataset2_sfm_1024_sift_global_resfull_patch400_stage2,patch,p021,COMPLETE,complete,400,500000,,0.5223249881654173,19.03272248645449,0.6824887040499095,python_full_resolution_undistorted,full_resolution_undistorted,5384,4712,2207.353,500000,13512,14707,completed_requested_iterations,,2026-07-11T21:29:37.532308+00:00,s3://3dreefs-ben-eu-north1/experiments/ablations/stage2_resolution_fullres_eval/runs/splat_dataset2_sfm_1024_sift_global_resfull_patch400_stage2/ablation_eval/results_splat.csv
D2,dataset2,1024,sift,global,full,splat_dataset2_sfm_1024_sift_global_resfull_patch800_1m,splat_dataset2_sfm_1024_sift_global_resfull_patch800_stage2,patch,p000,COMPLETE,complete,800,1000000,,0.7386648615724162,23.830859868102223,0.6351808576207412,python_full_resolution_undistorted,full_resolution_undistorted,5365,4713,3326.062,1000000,13310,7309,completed_requested_iterations,,2026-07-12T09:30:14.340332+00:00,s3://3dreefs-ben-eu-north1/experiments/ablations/stage2_resolution_fullres_eval/runs/splat_dataset2_sfm_1024_sift_global_resfull_patch800_stage2/ablation_eval/results_splat.csv
D2,dataset2,1024,sift,global,full,splat_dataset2_sfm_1024_sift_global_resfull_patch800_1m,splat_dataset2_sfm_1024_sift_global_resfull_patch800_stage2,patch,p001,COMPLETE,complete,800,1000000,,0.706612618663643,23.45643148762687,0.6496419717993918,python_full_resolution_undistorted,full_resolution_undistorted,5384,4712,2971.316,1000000,14307,13761,completed_requested_iterations,,2026-07-12T10:34:10.179333+00:00,s3://3dreefs-ben-eu-north1/experiments/ablations/stage2_resolution_fullres_eval/runs/splat_dataset2_sfm_1024_sift_global_resfull_patch800_stage2/ablation_eval/results_splat.csv
D2,dataset2,1024,sift,global,full,splat_dataset2_sfm_1024_sift_global_resfull_patch800_1m,splat_dataset2_sfm_1024_sift_global_resfull_patch800_stage2,patch,p002,COMPLETE,complete,800,1000000,,0.6749934699084308,22.39478473056646,0.6731651473689724,python_full_resolution_undistorted,full_resolution_undistorted,5384,4712,3195.127,1000000,14260,13837,completed_requested_iterations,,2026-07-12T11:40:59.374240+00:00,s3://3dreefs-ben-eu-north1/experiments/ablations/stage2_resolution_fullres_eval/runs/splat_dataset2_sfm_1024_sift_global_resfull_patch800_stage2/ablation_eval/results_splat.csv
D2,dataset2,1024,sift,global,full,splat_dataset2_sfm_1024_sift_global_resfull_patch800_1m,splat_dataset2_sfm_1024_sift_global_resfull_patch800_stage2,patch,p003,COMPLETE,complete,800,1000000,,0.6535410977803268,22.226287756486176,0.6591739073976294,python_full_resolution_undistorted,full_resolution_undistorted,5365,4713,2909.9,1000000,14279,13803,completed_requested_iterations,,2026-07-12T12:43:39.748965+00:00,s3://3dreefs-ben-eu-north1/experiments/ablations/stage2_resolution_fullres_eval/runs/splat_dataset2_sfm_1024_sift_global_resfull_patch800_stage2/ablation_eval/results_splat.csv
D2,dataset2,1024,sift,global,full,splat_dataset2_sfm_1024_sift_global_resfull_patch800_1m,splat_dataset2_sfm_1024_sift_global_resfull_patch800_stage2,patch,p004,COMPLETE,complete,800,1000000,,0.6603886955059491,22.73869818840711,0.6594235438566941,python_full_resolution_undistorted,full_resolution_undistorted,5365,4713,2828.511,1000000,14470,13727,completed_requested_iterations,,2026-07-12T13:45:39.284202+00:00,s3://3dreefs-ben-eu-north1/experiments/ablations/stage2_resolution_fullres_eval/runs/splat_dataset2_sfm_1024_sift_global_resfull_patch800_stage2/ablation_eval/results_splat.csv
D2,dataset2,1024,sift,global,full,splat_dataset2_sfm_1024_sift_global_resfull_patch800_1m,splat_dataset2_sfm_1024_sift_global_resfull_patch800_stage2,patch,p006,COMPLETE,complete,800,1000000,,0.5131925801178078,18.74714472588093,0.7081911618059332,python_full_resolution_undistorted,full_resolution_undistorted,5365,4713,2944.817,1000000,14537,13671,completed_requested_iterations,,2026-07-12T14:48:59.080194+00:00,s3://3dreefs-ben-eu-north1/experiments/ablations/stage2_resolution_fullres_eval/runs/splat_dataset2_sfm_1024_sift_global_resfull_patch800_stage2/ablation_eval/results_splat.csv
D2,dataset2,1024,sift,global,full,splat_dataset2_sfm_1024_sift_global_resfull_patch800_1m,splat_dataset2_sfm_1024_sift_global_resfull_patch800_stage2,patch,p007,COMPLETE,complete,800,1000000,,0.5153230959788347,19.04661438418743,0.7013711424974295,python_full_resolution_undistorted,full_resolution_undistorted,5384,4712,2940.047,1000000,14451,13709,completed_requested_iterations,,2026-07-12T15:52:13.687850+00:00,s3://3dreefs-ben-eu-north1/experiments/ablations/stage2_resolution_fullres_eval/runs/splat_dataset2_sfm_1024_sift_global_resfull_patch800_stage2/ablation_eval/results_splat.csv
D2,dataset2,1024,sift,global,full,splat_dataset2_sfm_1024_sift_global_resfull_patch800_1m,splat_dataset2_sfm_1024_sift_global_resfull_patch800_stage2,patch,p008,COMPLETE,complete,800,1000000,,0.5299811994558886,19.45492393467761,0.6825660380877947,python_full_resolution_undistorted,full_resolution_undistorted,5384,4712,3008.844,1000000,14677,13651,completed_requested_iterations,,2026-07-12T16:56:12.338997+00:00,s3://3dreefs-ben-eu-north1/experiments/ablations/stage2_resolution_fullres_eval/runs/splat_dataset2_sfm_1024_sift_global_resfull_patch800_stage2/ablation_eval/results_splat.csv
D2,dataset2,1024,sift,global,full,splat_dataset2_sfm_1024_sift_global_resfull_patch800_1m,splat_dataset2_sfm_1024_sift_global_resfull_patch800_stage2,patch,p009,COMPLETE,complete,800,1000000,,0.4827157281622102,17.407849796897764,0.7445885765401623,python_full_resolution_undistorted,full_resolution_undistorted,5365,4713,3141.852,1000000,14569,13645,completed_requested_iterations,,2026-07-12T18:03:11.116290+00:00,s3://3dreefs-ben-eu-north1/experiments/ablations/stage2_resolution_fullres_eval/runs/splat_dataset2_sfm_1024_sift_global_resfull_patch800_stage2/ablation_eval/results_splat.csv
D2,dataset2,1024,sift,global,full,splat_dataset2_sfm_1024_sift_global_resfull_patch800_1m,splat_dataset2_sfm_1024_sift_global_resfull_patch800_stage2,patch,p010,COMPLETE,complete,800,1000000,,0.5307763460136595,18.894773510353723,0.6580455359958467,python_full_resolution_undistorted,full_resolution_undistorted,5384,4712,2784.746,1000000,14073,13539,completed_requested_iterations,,2026-07-12T18:57:54.271773+00:00,s3://3dreefs-ben-eu-north1/experiments/ablations/stage2_resolution_fullres_eval/runs/splat_dataset2_sfm_1024_sift_global_resfull_patch800_stage2/ablation_eval/results_splat.csv
D2,dataset2,1024,sift,global,full,splat_dataset2_sfm_1024_sift_global_resfull_patch800_2m,splat_dataset2_sfm_1024_sift_global_resfull_patch800_stage2,patch,p000,COMPLETE,complete,800,2000000,,0.7497919295963488,23.842162215775346,0.6020221408260497,python_full_resolution_undistorted,full_resolution_undistorted,5365,4713,3583.851,2000000,13428,7309,completed_requested_iterations,,2026-07-12T20:28:35.865547+00:00,s3://3dreefs-ben-eu-north1/experiments/ablations/stage2_resolution_fullres_eval/runs/splat_dataset2_sfm_1024_sift_global_resfull_patch800_stage2/ablation_eval/results_splat.csv
D2,dataset2,1024,sift,global,full,splat_dataset2_sfm_1024_sift_global_resfull_patch800_2m,splat_dataset2_sfm_1024_sift_global_resfull_patch800_stage2,patch,p001,COMPLETE,complete,800,2000000,,0.7228222097022624,23.615998829471984,0.6084421888182435,python_full_resolution_undistorted,full_resolution_undistorted,5384,4712,3432.582,2000000,14359,14205,completed_requested_iterations,,2026-07-12T21:39:18.999126+00:00,s3://3dreefs-ben-eu-north1/experiments/ablations/stage2_resolution_fullres_eval/runs/splat_dataset2_sfm_1024_sift_global_resfull_patch800_stage2/ablation_eval/results_splat.csv
D2,dataset2,1024,sift,global,full,splat_dataset2_sfm_1024_sift_global_resfull_patch800_2m,splat_dataset2_sfm_1024_sift_global_resfull_patch800_stage2,patch,p002,COMPLETE,complete,800,2000000,,0.6900147964825502,22.447923861703817,0.6331255540654466,python_full_resolution_undistorted,full_resolution_undistorted,5384,4712,3374.47,2000000,14312,14193,completed_requested_iterations,,2026-07-12T22:48:23.594987+00:00,s3://3dreefs-ben-eu-north1/experiments/ablations/stage2_resolution_fullres_eval/runs/splat_dataset2_sfm_1024_sift_global_resfull_patch800_stage2/ablation_eval/results_splat.csv
D2,dataset2,1024,sift,global,full,splat_dataset2_sfm_1024_sift_global_resfull_patch800_2m,splat_dataset2_sfm_1024_sift_global_resfull_patch800_stage2,patch,p003,COMPLETE,complete,800,2000000,,0.6680008873536989,22.324302307016055,0.6208394084657941,python_full_resolution_undistorted,full_resolution_undistorted,5365,4713,3414.785,2000000,14341,14039,completed_requested_iterations,,2026-07-12T23:59:02.230182+00:00,s3://3dreefs-ben-eu-north1/experiments/ablations/stage2_resolution_fullres_eval/runs/splat_dataset2_sfm_1024_sift_global_resfull_patch800_stage2/ablation_eval/results_splat.csv
D2,dataset2,1024,sift,global,full,splat_dataset2_sfm_1024_sift_global_resfull_patch800_2m,splat_dataset2_sfm_1024_sift_global_resfull_patch800_stage2,patch,p004,COMPLETE,complete,800,2000000,,0.6748579362264047,22.876694399155433,0.6194194570565835,python_full_resolution_undistorted,full_resolution_undistorted,5365,4713,3413.594,2000000,14524,14137,completed_requested_iterations,,2026-07-13T01:09:32.589172+00:00,s3://3dreefs-ben-eu-north1/experiments/ablations/stage2_resolution_fullres_eval/runs/splat_dataset2_sfm_1024_sift_global_resfull_patch800_stage2/ablation_eval/results_splat.csv
D2,dataset2,1024,sift,global,full,splat_dataset2_sfm_1024_sift_global_resfull_patch800_2m,splat_dataset2_sfm_1024_sift_global_resfull_patch800_stage2,patch,p006,COMPLETE,complete,800,2000000,,0.5311483326670411,18.95233162242425,0.6641288794480361,python_full_resolution_undistorted,full_resolution_undistorted,5365,4713,3486.296,2000000,15492,14301,completed_requested_iterations,,2026-07-13T02:21:41.821333+00:00,s3://3dreefs-ben-eu-north1/experiments/ablations/stage2_resolution_fullres_eval/runs/splat_dataset2_sfm_1024_sift_global_resfull_patch800_stage2/ablation_eval/results_splat.csv
D2,dataset2,1024,sift,global,full,splat_dataset2_sfm_1024_sift_global_resfull_patch800_2m,splat_dataset2_sfm_1024_sift_global_resfull_patch800_stage2,patch,p007,COMPLETE,complete,800,2000000,,0.5324003535967606,19.188794612739414,0.6612744331359863,python_full_resolution_undistorted,full_resolution_undistorted,5384,4712,3571.022,2000000,14507,14879,completed_requested_iterations,,2026-07-13T03:35:04.219338+00:00,s3://3dreefs-ben-eu-north1/experiments/ablations/stage2_resolution_fullres_eval/runs/splat_dataset2_sfm_1024_sift_global_resfull_patch800_stage2/ablation_eval/results_splat.csv
D2,dataset2,1024,sift,global,full,splat_dataset2_sfm_1024_sift_global_resfull_patch800_2m,splat_dataset2_sfm_1024_sift_global_resfull_patch800_stage2,patch,p008,COMPLETE,complete,800,2000000,,0.5526394142132056,19.682584930655125,0.6356135504810434,python_full_resolution_undistorted,full_resolution_undistorted,5384,4712,3431.171,2000000,14693,14209,completed_requested_iterations,,2026-07-13T04:46:42.626062+00:00,s3://3dreefs-ben-eu-north1/experiments/ablations/stage2_resolution_fullres_eval/runs/splat_dataset2_sfm_1024_sift_global_resfull_patch800_stage2/ablation_eval/results_splat.csv
D2,dataset2,1024,sift,global,full,splat_dataset2_sfm_1024_sift_global_resfull_patch800_2m,splat_dataset2_sfm_1024_sift_global_resfull_patch800_stage2,patch,p009,COMPLETE,complete,800,2000000,,0.4799342894855934,16.906145540441845,0.7411535442629947,python_full_resolution_undistorted,full_resolution_undistorted,5365,4713,4196.318,2000000,14667,14923,completed_requested_iterations,,2026-07-13T06:11:20.669424+00:00,s3://3dreefs-ben-eu-north1/experiments/ablations/stage2_resolution_fullres_eval/runs/splat_dataset2_sfm_1024_sift_global_resfull_patch800_stage2/ablation_eval/results_splat.csv
D2,dataset2,1024,sift,global,full,splat_dataset2_sfm_1024_sift_global_resfull_patch800_2m,splat_dataset2_sfm_1024_sift_global_resfull_patch800_stage2,patch,p010,COMPLETE,complete,800,2000000,,0.5497113288868041,19.047119346763093,0.6152719181208384,python_full_resolution_undistorted,full_resolution_undistorted,5384,4712,3166.009,2000000,13899,13957,completed_requested_iterations,,2026-07-13T07:11:59.272952+00:00,s3://3dreefs-ben-eu-north1/experiments/ablations/stage2_resolution_fullres_eval/runs/splat_dataset2_sfm_1024_sift_global_resfull_patch800_stage2/ablation_eval/results_splat.csv
D2,dataset2,1024,sift,global,full,splat_dataset2_sfm_1024_sift_global_resfull_patch800_500k,splat_dataset2_sfm_1024_sift_global_resfull_patch800_stage2,patch,p000,COMPLETE,complete,800,500000,,0.7237425822960702,23.373987110353113,0.6706940861124742,python_full_resolution_undistorted,full_resolution_undistorted,5365,4713,2570.029,500000,13300,7309,completed_requested_iterations,,2026-07-11T23:38:15.357900+00:00,s3://3dreefs-ben-eu-north1/experiments/ablations/stage2_resolution_fullres_eval/runs/splat_dataset2_sfm_1024_sift_global_resfull_patch800_stage2/ablation_eval/results_splat.csv
D2,dataset2,1024,sift,global,full,splat_dataset2_sfm_1024_sift_global_resfull_patch800_500k,splat_dataset2_sfm_1024_sift_global_resfull_patch800_stage2,patch,p001,COMPLETE,complete,800,500000,,0.6855420907841453,22.994643669792513,0.6927459398402444,python_full_resolution_undistorted,full_resolution_undistorted,5384,4712,2539.931,500000,14262,13377,completed_requested_iterations,,2026-07-12T00:35:36.169725+00:00,s3://3dreefs-ben-eu-north1/experiments/ablations/stage2_resolution_fullres_eval/runs/splat_dataset2_sfm_1024_sift_global_resfull_patch800_stage2/ablation_eval/results_splat.csv
D2,dataset2,1024,sift,global,full,splat_dataset2_sfm_1024_sift_global_resfull_patch800_500k,splat_dataset2_sfm_1024_sift_global_resfull_patch800_stage2,patch,p002,COMPLETE,complete,800,500000,,0.6551259804416347,22.093096833962868,0.7159273592201439,python_full_resolution_undistorted,full_resolution_undistorted,5384,4712,2366.275,500000,14120,13357,completed_requested_iterations,,2026-07-12T01:28:17.401174+00:00,s3://3dreefs-ben-eu-north1/experiments/ablations/stage2_resolution_fullres_eval/runs/splat_dataset2_sfm_1024_sift_global_resfull_patch800_stage2/ablation_eval/results_splat.csv
D2,dataset2,1024,sift,global,full,splat_dataset2_sfm_1024_sift_global_resfull_patch800_500k,splat_dataset2_sfm_1024_sift_global_resfull_patch800_stage2,patch,p003,COMPLETE,complete,800,500000,,0.63452515083474,21.83804452703611,0.7035898651395526,python_full_resolution_undistorted,full_resolution_undistorted,5365,4713,2511.538,500000,14127,13565,completed_requested_iterations,,2026-07-12T02:24:20.465075+00:00,s3://3dreefs-ben-eu-north1/experiments/ablations/stage2_resolution_fullres_eval/runs/splat_dataset2_sfm_1024_sift_global_resfull_patch800_stage2/ablation_eval/results_splat.csv
D2,dataset2,1024,sift,global,full,splat_dataset2_sfm_1024_sift_global_resfull_patch800_500k,splat_dataset2_sfm_1024_sift_global_resfull_patch800_stage2,patch,p004,COMPLETE,complete,800,500000,,0.6404394052731686,22.17472777652872,0.7076283043775803,python_full_resolution_undistorted,full_resolution_undistorted,5365,4713,2506.69,500000,14310,13533,completed_requested_iterations,,2026-07-12T03:20:05.131745+00:00,s3://3dreefs-ben-eu-north1/experiments/ablations/stage2_resolution_fullres_eval/runs/splat_dataset2_sfm_1024_sift_global_resfull_patch800_stage2/ablation_eval/results_splat.csv
D2,dataset2,1024,sift,global,full,splat_dataset2_sfm_1024_sift_global_resfull_patch800_500k,splat_dataset2_sfm_1024_sift_global_resfull_patch800_stage2,patch,p006,COMPLETE,complete,800,500000,,0.49087516440973655,18.28283586244761,0.760554531177917,python_full_resolution_undistorted,full_resolution_undistorted,5365,4713,2600.788,500000,14434,13501,completed_requested_iterations,,2026-07-12T04:17:21.198528+00:00,s3://3dreefs-ben-eu-north1/experiments/ablations/stage2_resolution_fullres_eval/runs/splat_dataset2_sfm_1024_sift_global_resfull_patch800_stage2/ablation_eval/results_splat.csv
D2,dataset2,1024,sift,global,full,splat_dataset2_sfm_1024_sift_global_resfull_patch800_500k,splat_dataset2_sfm_1024_sift_global_resfull_patch800_stage2,patch,p007,COMPLETE,complete,800,500000,,0.4927592418896846,18.647392590228808,0.7539653182029724,python_full_resolution_undistorted,full_resolution_undistorted,5384,4712,2683.51,500000,14514,13571,completed_requested_iterations,,2026-07-12T05:17:04.809851+00:00,s3://3dreefs-ben-eu-north1/experiments/ablations/stage2_resolution_fullres_eval/runs/splat_dataset2_sfm_1024_sift_global_resfull_patch800_stage2/ablation_eval/results_splat.csv
D2,dataset2,1024,sift,global,full,splat_dataset2_sfm_1024_sift_global_resfull_patch800_500k,splat_dataset2_sfm_1024_sift_global_resfull_patch800_stage2,patch,p008,COMPLETE,complete,800,500000,,0.5019832429917235,18.95189892775797,0.7394725727407556,python_full_resolution_undistorted,full_resolution_undistorted,5384,4712,2763.224,500000,14421,13533,completed_requested_iterations,,2026-07-12T06:17:24.335697+00:00,s3://3dreefs-ben-eu-north1/experiments/ablations/stage2_resolution_fullres_eval/runs/splat_dataset2_sfm_1024_sift_global_resfull_patch800_stage2/ablation_eval/results_splat.csv
D2,dataset2,1024,sift,global,full,splat_dataset2_sfm_1024_sift_global_resfull_patch800_500k,splat_dataset2_sfm_1024_sift_global_resfull_patch800_stage2,patch,p009,COMPLETE,complete,800,500000,,0.47200012961520427,17.49583680365437,0.7737381458282471,python_full_resolution_undistorted,full_resolution_undistorted,5365,4713,2653.273,500000,14669,13421,completed_requested_iterations,,2026-07-12T07:16:18.002581+00:00,s3://3dreefs-ben-eu-north1/experiments/ablations/stage2_resolution_fullres_eval/runs/splat_dataset2_sfm_1024_sift_global_resfull_patch800_stage2/ablation_eval/results_splat.csv
D2,dataset2,1024,sift,global,full,splat_dataset2_sfm_1024_sift_global_resfull_patch800_500k,splat_dataset2_sfm_1024_sift_global_resfull_patch800_stage2,patch,p010,COMPLETE,complete,800,500000,,0.5063489789054507,18.55740642049047,0.7104628852435521,python_full_resolution_undistorted,full_resolution_undistorted,5384,4712,2414.706,500000,14033,13167,completed_requested_iterations,,2026-07-12T08:04:48.361628+00:00,s3://3dreefs-ben-eu-north1/experiments/ablations/stage2_resolution_fullres_eval/runs/splat_dataset2_sfm_1024_sift_global_resfull_patch800_stage2/ablation_eval/results_splat.csv
D3,dataset3,1024,sift,global,1024,splat_dataset3_sfm_1024_sift_global_res1024_patch200_1m,splat_dataset3_sfm_1024_sift_global_res1024_patch200_stage2_retry1,patch,p000,COMPLETE,complete,200,1000000,,0.7430031116192157,23.585420261427487,0.5644073257079492,python_full_resolution_undistorted,full_resolution_undistorted,3485,5227,304.052,1000000,5736,5397,completed_requested_iterations,,2026-07-11T23:51:35.158075+00:00,s3://3dreefs-ben-eu-north1/experiments/ablations/stage2_resolution_fullres_eval/runs/splat_dataset3_sfm_1024_sift_global_res1024_patch200_stage2_retry1/ablation_eval/results_splat.csv
D3,dataset3,1024,sift,global,1024,splat_dataset3_sfm_1024_sift_global_res1024_patch200_1m,splat_dataset3_sfm_1024_sift_global_res1024_patch200_stage2_retry1,patch,p002,COMPLETE,complete,200,1000000,,0.7083466053009033,24.782135944646146,0.6251766830682755,python_full_resolution_undistorted,full_resolution_undistorted,3485,5227,297.647,1000000,6228,8631,completed_requested_iterations,,2026-07-11T23:58:10.655756+00:00,s3://3dreefs-ben-eu-north1/experiments/ablations/stage2_resolution_fullres_eval/runs/splat_dataset3_sfm_1024_sift_global_res1024_patch200_stage2_retry1/ablation_eval/results_splat.csv
D3,dataset3,1024,sift,global,1024,splat_dataset3_sfm_1024_sift_global_res1024_patch200_1m,splat_dataset3_sfm_1024_sift_global_res1024_patch200_stage2_retry1,patch,p005,COMPLETE,complete,200,1000000,,0.7359113208949566,24.10210632195949,0.5963753201067448,python_full_resolution_undistorted,full_resolution_undistorted,3483,5221,315.763,1000000,6315,8649,completed_requested_iterations,,2026-07-12T00:05:38.396965+00:00,s3://3dreefs-ben-eu-north1/experiments/ablations/stage2_resolution_fullres_eval/runs/splat_dataset3_sfm_1024_sift_global_res1024_patch200_stage2_retry1/ablation_eval/results_splat.csv
D3,dataset3,1024,sift,global,1024,splat_dataset3_sfm_1024_sift_global_res1024_patch200_1m,splat_dataset3_sfm_1024_sift_global_res1024_patch200_stage2_retry1,patch,p007,COMPLETE,complete,200,1000000,,0.718229703605175,25.220683586303945,0.5337614603340626,python_full_resolution_undistorted,full_resolution_undistorted,3483,5221,332.92,1000000,6179,8607,completed_requested_iterations,,2026-07-12T00:12:18.840597+00:00,s3://3dreefs-ben-eu-north1/experiments/ablations/stage2_resolution_fullres_eval/runs/splat_dataset3_sfm_1024_sift_global_res1024_patch200_stage2_retry1/ablation_eval/results_splat.csv
D3,dataset3,1024,sift,global,1024,splat_dataset3_sfm_1024_sift_global_res1024_patch200_1m,splat_dataset3_sfm_1024_sift_global_res1024_patch200_stage2_retry1,patch,p010,COMPLETE,complete,200,1000000,,0.7084681987762451,25.3141701080557,0.5914753079414368,python_full_resolution_undistorted,full_resolution_undistorted,3483,5221,294.415,1000000,6076,8573,completed_requested_iterations,,2026-07-12T00:18:10.768289+00:00,s3://3dreefs-ben-eu-north1/experiments/ablations/stage2_resolution_fullres_eval/runs/splat_dataset3_sfm_1024_sift_global_res1024_patch200_stage2_retry1/ablation_eval/results_splat.csv
D3,dataset3,1024,sift,global,1024,splat_dataset3_sfm_1024_sift_global_res1024_patch200_1m,splat_dataset3_sfm_1024_sift_global_res1024_patch200_stage2_retry1,patch,p012,COMPLETE,complete,200,1000000,,0.5742714405059814,20.98313298801662,0.6547365784645081,python_full_resolution_undistorted,full_resolution_undistorted,3485,5227,299.114,1000000,5623,8387,completed_requested_iterations,,2026-07-12T00:23:34.016618+00:00,s3://3dreefs-ben-eu-north1/experiments/ablations/stage2_resolution_fullres_eval/runs/splat_dataset3_sfm_1024_sift_global_res1024_patch200_stage2_retry1/ablation_eval/results_splat.csv
D3,dataset3,1024,sift,global,1024,splat_dataset3_sfm_1024_sift_global_res1024_patch200_1m,splat_dataset3_sfm_1024_sift_global_res1024_patch200_stage2_retry1,patch,p015,COMPLETE,complete,200,1000000,,0.6664428830146789,27.14491383212924,0.6232005715370178,python_full_resolution_undistorted,full_resolution_undistorted,3485,5227,287.373,1000000,5984,8433,completed_requested_iterations,,2026-07-12T00:28:59.724670+00:00,s3://3dreefs-ben-eu-north1/experiments/ablations/stage2_resolution_fullres_eval/runs/splat_dataset3_sfm_1024_sift_global_res1024_patch200_stage2_retry1/ablation_eval/results_splat.csv
D3,dataset3,1024,sift,global,1024,splat_dataset3_sfm_1024_sift_global_res1024_patch200_1m,splat_dataset3_sfm_1024_sift_global_res1024_patch200_stage2_retry1,patch,p017,COMPLETE,complete,200,1000000,,0.6786684195200602,24.212550404115103,0.657148003578186,python_full_resolution_undistorted,full_resolution_undistorted,3483,5221,284.695,1000000,6111,8437,completed_requested_iterations,,2026-07-12T00:34:32.164720+00:00,s3://3dreefs-ben-eu-north1/experiments/ablations/stage2_resolution_fullres_eval/runs/splat_dataset3_sfm_1024_sift_global_res1024_patch200_stage2_retry1/ablation_eval/results_splat.csv
D3,dataset3,1024,sift,global,1024,splat_dataset3_sfm_1024_sift_global_res1024_patch200_1m,splat_dataset3_sfm_1024_sift_global_res1024_patch200_stage2_retry1,patch,p020,COMPLETE,complete,200,1000000,,0.7367365294032626,25.331229094225343,0.5205755366219414,python_full_resolution_undistorted,full_resolution_undistorted,3483,5221,320.604,1000000,6236,8681,completed_requested_iterations,,2026-07-12T00:41:12.278443+00:00,s3://3dreefs-ben-eu-north1/experiments/ablations/stage2_resolution_fullres_eval/runs/splat_dataset3_sfm_1024_sift_global_res1024_patch200_stage2_retry1/ablation_eval/results_splat.csv
D3,dataset3,1024,sift,global,1024,splat_dataset3_sfm_1024_sift_global_res1024_patch200_1m,splat_dataset3_sfm_1024_sift_global_res1024_patch200_stage2_retry1,patch,p023,COMPLETE,complete,200,1000000,,0.6808923681577047,27.192765389677863,0.6766884326934814,python_full_resolution_undistorted,full_resolution_undistorted,3483,5221,268.657,1000000,6087,8503,completed_requested_iterations,,2026-07-12T00:46:24.873308+00:00,s3://3dreefs-ben-eu-north1/experiments/ablations/stage2_resolution_fullres_eval/runs/splat_dataset3_sfm_1024_sift_global_res1024_patch200_stage2_retry1/ablation_eval/results_splat.csv
D3,dataset3,1024,sift,global,1024,splat_dataset3_sfm_1024_sift_global_res1024_patch200_2m,splat_dataset3_sfm_1024_sift_global_res1024_patch200_stage2_retry1,patch,p000,COMPLETE,complete,200,2000000,,0.7363457954846896,22.915690990444666,0.5433317445791684,python_full_resolution_undistorted,full_resolution_undistorted,3485,5227,435.014,2000000,5772,5397,completed_requested_iterations,,2026-07-12T01:01:38.711277+00:00,s3://3dreefs-ben-eu-north1/experiments/ablations/stage2_resolution_fullres_eval/runs/splat_dataset3_sfm_1024_sift_global_res1024_patch200_stage2_retry1/ablation_eval/results_splat.csv
D3,dataset3,1024,sift,global,1024,splat_dataset3_sfm_1024_sift_global_res1024_patch200_2m,splat_dataset3_sfm_1024_sift_global_res1024_patch200_stage2_retry1,patch,p002,COMPLETE,complete,200,2000000,,0.6969035764535269,23.853479391640104,0.6017704407374064,python_full_resolution_undistorted,full_resolution_undistorted,3485,5227,421.117,2000000,6357,9243,completed_requested_iterations,,2026-07-12T01:10:07.606550+00:00,s3://3dreefs-ben-eu-north1/experiments/ablations/stage2_resolution_fullres_eval/runs/splat_dataset3_sfm_1024_sift_global_res1024_patch200_stage2_retry1/ablation_eval/results_splat.csv
D3,dataset3,1024,sift,global,1024,splat_dataset3_sfm_1024_sift_global_res1024_patch200_2m,splat_dataset3_sfm_1024_sift_global_res1024_patch200_stage2_retry1,patch,p005,COMPLETE,complete,200,2000000,,0.7289658635854721,23.260611641292304,0.5777539163827896,python_full_resolution_undistorted,full_resolution_undistorted,3483,5221,439.624,2000000,6353,9193,completed_requested_iterations,,2026-07-12T01:19:29.416433+00:00,s3://3dreefs-ben-eu-north1/experiments/ablations/stage2_resolution_fullres_eval/runs/splat_dataset3_sfm_1024_sift_global_res1024_patch200_stage2_retry1/ablation_eval/results_splat.csv
D3,dataset3,1024,sift,global,1024,splat_dataset3_sfm_1024_sift_global_res1024_patch200_2m,splat_dataset3_sfm_1024_sift_global_res1024_patch200_stage2_retry1,patch,p007,COMPLETE,complete,200,2000000,,0.7051371857523918,24.332201969916834,0.5101147182285786,python_full_resolution_undistorted,full_resolution_undistorted,3483,5221,468.516,2000000,7922,9189,completed_requested_iterations,,2026-07-12T01:28:21.397424+00:00,s3://3dreefs-ben-eu-north1/experiments/ablations/stage2_resolution_fullres_eval/runs/splat_dataset3_sfm_1024_sift_global_res1024_patch200_stage2_retry1/ablation_eval/results_splat.csv
D3,dataset3,1024,sift,global,1024,splat_dataset3_sfm_1024_sift_global_res1024_patch200_2m,splat_dataset3_sfm_1024_sift_global_res1024_patch200_stage2_retry1,patch,p010,COMPLETE,complete,200,2000000,,0.6939821839332581,24.319873653229383,0.572122084242957,python_full_resolution_undistorted,full_resolution_undistorted,3483,5221,416.763,2000000,6075,9187,completed_requested_iterations,,2026-07-12T01:36:11.723970+00:00,s3://3dreefs-ben-eu-north1/experiments/ablations/stage2_resolution_fullres_eval/runs/splat_dataset3_sfm_1024_sift_global_res1024_patch200_stage2_retry1/ablation_eval/results_splat.csv
D3,dataset3,1024,sift,global,1024,splat_dataset3_sfm_1024_sift_global_res1024_patch200_2m,splat_dataset3_sfm_1024_sift_global_res1024_patch200_stage2_retry1,patch,p012,COMPLETE,complete,200,2000000,,0.5380503336588541,19.832095945239743,0.6402895649274191,python_full_resolution_undistorted,full_resolution_undistorted,3485,5227,426.802,2000000,5678,9103,completed_requested_iterations,,2026-07-12T01:43:42.185571+00:00,s3://3dreefs-ben-eu-north1/experiments/ablations/stage2_resolution_fullres_eval/runs/splat_dataset3_sfm_1024_sift_global_res1024_patch200_stage2_retry1/ablation_eval/results_splat.csv
D3,dataset3,1024,sift,global,1024,splat_dataset3_sfm_1024_sift_global_res1024_patch200_2m,splat_dataset3_sfm_1024_sift_global_res1024_patch200_stage2_retry1,patch,p015,COMPLETE,complete,200,2000000,,0.6509051442146301,26.329231834430505,0.5931840777397156,python_full_resolution_undistorted,full_resolution_undistorted,3485,5227,411.906,2000000,6033,9079,completed_requested_iterations,,2026-07-12T01:51:11.695123+00:00,s3://3dreefs-ben-eu-north1/experiments/ablations/stage2_resolution_fullres_eval/runs/splat_dataset3_sfm_1024_sift_global_res1024_patch200_stage2_retry1/ablation_eval/results_splat.csv
D3,dataset3,1024,sift,global,1024,splat_dataset3_sfm_1024_sift_global_res1024_patch200_2m,splat_dataset3_sfm_1024_sift_global_res1024_patch200_stage2_retry1,patch,p017,COMPLETE,complete,200,2000000,,0.6589791377385458,23.39473017667113,0.6385969320933024,python_full_resolution_undistorted,full_resolution_undistorted,3483,5221,409.896,2000000,6043,9083,completed_requested_iterations,,2026-07-12T01:58:47.725494+00:00,s3://3dreefs-ben-eu-north1/experiments/ablations/stage2_resolution_fullres_eval/runs/splat_dataset3_sfm_1024_sift_global_res1024_patch200_stage2_retry1/ablation_eval/results_splat.csv
D3,dataset3,1024,sift,global,1024,splat_dataset3_sfm_1024_sift_global_res1024_patch200_2m,splat_dataset3_sfm_1024_sift_global_res1024_patch200_stage2_retry1,patch,p020,COMPLETE,complete,200,2000000,,0.721649878554874,24.409456884378326,0.4915054970317417,python_full_resolution_undistorted,full_resolution_undistorted,3483,5221,455.101,2000000,6213,9171,completed_requested_iterations,,2026-07-12T02:07:34.843927+00:00,s3://3dreefs-ben-eu-north1/experiments/ablations/stage2_resolution_fullres_eval/runs/splat_dataset3_sfm_1024_sift_global_res1024_patch200_stage2_retry1/ablation_eval/results_splat.csv
D3,dataset3,1024,sift,global,1024,splat_dataset3_sfm_1024_sift_global_res1024_patch200_2m,splat_dataset3_sfm_1024_sift_global_res1024_patch200_stage2_retry1,patch,p023,COMPLETE,complete,200,2000000,,0.6743566989898682,26.700212077664272,0.6612005531787872,python_full_resolution_undistorted,full_resolution_undistorted,3483,5221,357.236,2000000,6064,9085,completed_requested_iterations,,2026-07-12T02:14:13.532673+00:00,s3://3dreefs-ben-eu-north1/experiments/ablations/stage2_resolution_fullres_eval/runs/splat_dataset3_sfm_1024_sift_global_res1024_patch200_stage2_retry1/ablation_eval/results_splat.csv
D3,dataset3,1024,sift,global,1024,splat_dataset3_sfm_1024_sift_global_res1024_patch200_500k,splat_dataset3_sfm_1024_sift_global_res1024_patch200_stage2_retry1,patch,p000,COMPLETE,complete,200,500000,,0.7473595463312589,24.17333442357117,0.5953588921290177,python_full_resolution_undistorted,full_resolution_undistorted,3485,5227,303.256,500000,5945,5397,completed_requested_iterations,,2026-07-11T22:55:10.886279+00:00,s3://3dreefs-ben-eu-north1/experiments/ablations/stage2_resolution_fullres_eval/runs/splat_dataset3_sfm_1024_sift_global_res1024_patch200_stage2_retry1/ablation_eval/results_splat.csv
D3,dataset3,1024,sift,global,1024,splat_dataset3_sfm_1024_sift_global_res1024_patch200_500k,splat_dataset3_sfm_1024_sift_global_res1024_patch200_stage2_retry1,patch,p002,COMPLETE,complete,200,500000,,0.7122431099414825,24.96951204188599,0.6520283222198486,python_full_resolution_undistorted,full_resolution_undistorted,3485,5227,225.741,500000,6146,8355,completed_requested_iterations,,2026-07-11T23:00:29.742439+00:00,s3://3dreefs-ben-eu-north1/experiments/ablations/stage2_resolution_fullres_eval/runs/splat_dataset3_sfm_1024_sift_global_res1024_patch200_stage2_retry1/ablation_eval/results_splat.csv
D3,dataset3,1024,sift,global,1024,splat_dataset3_sfm_1024_sift_global_res1024_patch200_500k,splat_dataset3_sfm_1024_sift_global_res1024_patch200_stage2_retry1,patch,p005,COMPLETE,complete,200,500000,,0.7381504289805889,24.544185033647285,0.6239422149956226,python_full_resolution_undistorted,full_resolution_undistorted,3483,5221,238.256,500000,6291,8375,completed_requested_iterations,,2026-07-11T23:06:33.435997+00:00,s3://3dreefs-ben-eu-north1/experiments/ablations/stage2_resolution_fullres_eval/runs/splat_dataset3_sfm_1024_sift_global_res1024_patch200_stage2_retry1/ablation_eval/results_splat.csv
D3,dataset3,1024,sift,global,1024,splat_dataset3_sfm_1024_sift_global_res1024_patch200_500k,splat_dataset3_sfm_1024_sift_global_res1024_patch200_stage2_retry1,patch,p007,COMPLETE,complete,200,500000,,0.7205602303147316,25.919123113267702,0.5715499073266983,python_full_resolution_undistorted,full_resolution_undistorted,3483,5221,243.132,500000,6127,8267,completed_requested_iterations,,2026-07-11T23:11:42.673880+00:00,s3://3dreefs-ben-eu-north1/experiments/ablations/stage2_resolution_fullres_eval/runs/splat_dataset3_sfm_1024_sift_global_res1024_patch200_stage2_retry1/ablation_eval/results_splat.csv
D3,dataset3,1024,sift,global,1024,splat_dataset3_sfm_1024_sift_global_res1024_patch200_500k,splat_dataset3_sfm_1024_sift_global_res1024_patch200_stage2_retry1,patch,p010,COMPLETE,complete,200,500000,,0.7186108997889927,25.858826877675423,0.6115647554397583,python_full_resolution_undistorted,full_resolution_undistorted,3483,5221,225.451,500000,6098,8329,completed_requested_iterations,,2026-07-11T23:16:23.182568+00:00,s3://3dreefs-ben-eu-north1/experiments/ablations/stage2_resolution_fullres_eval/runs/splat_dataset3_sfm_1024_sift_global_res1024_patch200_stage2_retry1/ablation_eval/results_splat.csv
D3,dataset3,1024,sift,global,1024,splat_dataset3_sfm_1024_sift_global_res1024_patch200_500k,splat_dataset3_sfm_1024_sift_global_res1024_patch200_stage2_retry1,patch,p012,COMPLETE,complete,200,500000,,0.5921903053919474,21.253915757705226,0.6876367926597595,python_full_resolution_undistorted,full_resolution_undistorted,3485,5227,224.716,500000,4993,8141,completed_requested_iterations,,2026-07-11T23:20:30.876320+00:00,s3://3dreefs-ben-eu-north1/experiments/ablations/stage2_resolution_fullres_eval/runs/splat_dataset3_sfm_1024_sift_global_res1024_patch200_stage2_retry1/ablation_eval/results_splat.csv
D3,dataset3,1024,sift,global,1024,splat_dataset3_sfm_1024_sift_global_res1024_patch200_500k,splat_dataset3_sfm_1024_sift_global_res1024_patch200_stage2_retry1,patch,p015,COMPLETE,complete,200,500000,,0.6745662808418273,27.94627275263839,0.6556005954742432,python_full_resolution_undistorted,full_resolution_undistorted,3485,5227,220.411,500000,5986,8189,completed_requested_iterations,,2026-07-11T23:24:48.756352+00:00,s3://3dreefs-ben-eu-north1/experiments/ablations/stage2_resolution_fullres_eval/runs/splat_dataset3_sfm_1024_sift_global_res1024_patch200_stage2_retry1/ablation_eval/results_splat.csv
D3,dataset3,1024,sift,global,1024,splat_dataset3_sfm_1024_sift_global_res1024_patch200_500k,splat_dataset3_sfm_1024_sift_global_res1024_patch200_stage2_retry1,patch,p017,COMPLETE,complete,200,500000,,0.6929092804590861,25.04555552347016,0.6832751135031382,python_full_resolution_undistorted,full_resolution_undistorted,3483,5221,208.452,500000,5958,8321,completed_requested_iterations,,2026-07-11T23:29:03.188623+00:00,s3://3dreefs-ben-eu-north1/experiments/ablations/stage2_resolution_fullres_eval/runs/splat_dataset3_sfm_1024_sift_global_res1024_patch200_stage2_retry1/ablation_eval/results_splat.csv
D3,dataset3,1024,sift,global,1024,splat_dataset3_sfm_1024_sift_global_res1024_patch200_500k,splat_dataset3_sfm_1024_sift_global_res1024_patch200_stage2_retry1,patch,p020,COMPLETE,complete,200,500000,,0.7438663442929586,25.94391494405992,0.562160955535041,python_full_resolution_undistorted,full_resolution_undistorted,3483,5221,239.317,500000,6067,8277,completed_requested_iterations,,2026-07-11T23:34:16.439440+00:00,s3://3dreefs-ben-eu-north1/experiments/ablations/stage2_resolution_fullres_eval/runs/splat_dataset3_sfm_1024_sift_global_res1024_patch200_stage2_retry1/ablation_eval/results_splat.csv
D3,dataset3,1024,sift,global,1024,splat_dataset3_sfm_1024_sift_global_res1024_patch200_500k,splat_dataset3_sfm_1024_sift_global_res1024_patch200_stage2_retry1,patch,p023,COMPLETE,complete,200,500000,,0.6880244016647339,27.53818736435436,0.6913134654362997,python_full_resolution_undistorted,full_resolution_undistorted,3483,5221,208.51,500000,5959,8163,completed_requested_iterations,,2026-07-11T23:38:28.863570+00:00,s3://3dreefs-ben-eu-north1/experiments/ablations/stage2_resolution_fullres_eval/runs/splat_dataset3_sfm_1024_sift_global_res1024_patch200_stage2_retry1/ablation_eval/results_splat.csv
D3,dataset3,1024,sift,global,1024,splat_dataset3_sfm_1024_sift_global_res1024_patch400_1m,splat_dataset3_sfm_1024_sift_global_res1024_patch400_stage2,patch,p000,COMPLETE,complete,400,1000000,,0.7389768736703055,25.363416217263097,0.5912767112255096,python_full_resolution_undistorted,full_resolution_undistorted,3485,5227,366.794,1000000,6496,5397,completed_requested_iterations,,2026-07-12T00:17:07.103807+00:00,s3://3dreefs-ben-eu-north1/experiments/ablations/stage2_resolution_fullres_eval/runs/splat_dataset3_sfm_1024_sift_global_res1024_patch400_stage2/ablation_eval/results_splat.csv
D3,dataset3,1024,sift,global,1024,splat_dataset3_sfm_1024_sift_global_res1024_patch400_1m,splat_dataset3_sfm_1024_sift_global_res1024_patch400_stage2,patch,p001,COMPLETE,complete,400,1000000,,0.7438015136867762,26.524970930613794,0.6094739809632301,python_full_resolution_undistorted,full_resolution_undistorted,3485,5227,343.263,1000000,6974,8769,completed_requested_iterations,,2026-07-12T00:27:12.902355+00:00,s3://3dreefs-ben-eu-north1/experiments/ablations/stage2_resolution_fullres_eval/runs/splat_dataset3_sfm_1024_sift_global_res1024_patch400_stage2/ablation_eval/results_splat.csv
D3,dataset3,1024,sift,global,1024,splat_dataset3_sfm_1024_sift_global_res1024_patch400_1m,splat_dataset3_sfm_1024_sift_global_res1024_patch400_stage2,patch,p002,COMPLETE,complete,400,1000000,,0.7277304168903467,26.06461571795747,0.6285532929680564,python_full_resolution_undistorted,full_resolution_undistorted,3485,5227,345.679,1000000,6961,8775,completed_requested_iterations,,2026-07-12T00:37:24.182741+00:00,s3://3dreefs-ben-eu-north1/experiments/ablations/stage2_resolution_fullres_eval/runs/splat_dataset3_sfm_1024_sift_global_res1024_patch400_stage2/ablation_eval/results_splat.csv
D3,dataset3,1024,sift,global,1024,splat_dataset3_sfm_1024_sift_global_res1024_patch400_1m,splat_dataset3_sfm_1024_sift_global_res1024_patch400_stage2,patch,p003,COMPLETE,complete,400,1000000,,0.7172176282981346,26.262700506762773,0.632751162709861,python_full_resolution_undistorted,full_resolution_undistorted,3483,5221,347.595,1000000,6854,8879,completed_requested_iterations,,2026-07-12T00:47:03.840730+00:00,s3://3dreefs-ben-eu-north1/experiments/ablations/stage2_resolution_fullres_eval/runs/splat_dataset3_sfm_1024_sift_global_res1024_patch400_stage2/ablation_eval/results_splat.csv
D3,dataset3,1024,sift,global,1024,splat_dataset3_sfm_1024_sift_global_res1024_patch400_1m,splat_dataset3_sfm_1024_sift_global_res1024_patch400_stage2,patch,p004,COMPLETE,complete,400,1000000,,0.7372638250098509,26.444407745399364,0.6097380378667046,python_full_resolution_undistorted,full_resolution_undistorted,3483,5221,361.954,1000000,7421,8749,completed_requested_iterations,,2026-07-12T00:57:40.176473+00:00,s3://3dreefs-ben-eu-north1/experiments/ablations/stage2_resolution_fullres_eval/runs/splat_dataset3_sfm_1024_sift_global_res1024_patch400_stage2/ablation_eval/results_splat.csv
D3,dataset3,1024,sift,global,1024,splat_dataset3_sfm_1024_sift_global_res1024_patch400_1m,splat_dataset3_sfm_1024_sift_global_res1024_patch400_stage2,patch,p005,COMPLETE,complete,400,1000000,,0.7192141943507724,26.04179007486434,0.6396608667241203,python_full_resolution_undistorted,full_resolution_undistorted,3483,5221,355.598,1000000,7048,8917,completed_requested_iterations,,2026-07-12T01:08:21.531614+00:00,s3://3dreefs-ben-eu-north1/experiments/ablations/stage2_resolution_fullres_eval/runs/splat_dataset3_sfm_1024_sift_global_res1024_patch400_stage2/ablation_eval/results_splat.csv
D3,dataset3,1024,sift,global,1024,splat_dataset3_sfm_1024_sift_global_res1024_patch400_1m,splat_dataset3_sfm_1024_sift_global_res1024_patch400_stage2,patch,p006,COMPLETE,complete,400,1000000,,0.7327088117599487,24.6210140243555,0.6409097678131528,python_full_resolution_undistorted,full_resolution_undistorted,3483,5221,362.012,1000000,7609,8755,completed_requested_iterations,,2026-07-12T01:19:08.438708+00:00,s3://3dreefs-ben-eu-north1/experiments/ablations/stage2_resolution_fullres_eval/runs/splat_dataset3_sfm_1024_sift_global_res1024_patch400_stage2/ablation_eval/results_splat.csv
D3,dataset3,1024,sift,global,1024,splat_dataset3_sfm_1024_sift_global_res1024_patch400_1m,splat_dataset3_sfm_1024_sift_global_res1024_patch400_stage2,patch,p007,COMPLETE,complete,400,1000000,,0.723542109131813,26.033546036009565,0.6469087253014246,python_full_resolution_undistorted,full_resolution_undistorted,3485,5227,360.363,1000000,7175,8857,completed_requested_iterations,,2026-07-12T01:29:58.881041+00:00,s3://3dreefs-ben-eu-north1/experiments/ablations/stage2_resolution_fullres_eval/runs/splat_dataset3_sfm_1024_sift_global_res1024_patch400_stage2/ablation_eval/results_splat.csv
D3,dataset3,1024,sift,global,1024,splat_dataset3_sfm_1024_sift_global_res1024_patch400_1m,splat_dataset3_sfm_1024_sift_global_res1024_patch400_stage2,patch,p008,COMPLETE,complete,400,1000000,,0.7471401378512382,26.353048844006462,0.6063172474503518,python_full_resolution_undistorted,full_resolution_undistorted,3483,5221,376.153,1000000,7685,8817,completed_requested_iterations,,2026-07-12T01:41:28.060922+00:00,s3://3dreefs-ben-eu-north1/experiments/ablations/stage2_resolution_fullres_eval/runs/splat_dataset3_sfm_1024_sift_global_res1024_patch400_stage2/ablation_eval/results_splat.csv
D3,dataset3,1024,sift,global,1024,splat_dataset3_sfm_1024_sift_global_res1024_patch400_1m,splat_dataset3_sfm_1024_sift_global_res1024_patch400_stage2,patch,p009,COMPLETE,complete,400,1000000,,0.7018025091716221,24.156507944169967,0.5860634275845119,python_full_resolution_undistorted,full_resolution_undistorted,3483,5221,285.603,1000000,6345,8413,completed_requested_iterations,,2026-07-12T01:47:12.545054+00:00,s3://3dreefs-ben-eu-north1/experiments/ablations/stage2_resolution_fullres_eval/runs/splat_dataset3_sfm_1024_sift_global_res1024_patch400_stage2/ablation_eval/results_splat.csv
D3,dataset3,1024,sift,global,1024,splat_dataset3_sfm_1024_sift_global_res1024_patch400_2m,splat_dataset3_sfm_1024_sift_global_res1024_patch400_stage2,patch,p000,COMPLETE,complete,400,2000000,,0.7389972567558288,24.918578035319552,0.5665372048105513,python_full_resolution_undistorted,full_resolution_undistorted,3485,5227,493.698,2000000,6542,5397,completed_requested_iterations,,2026-07-12T02:06:45.921152+00:00,s3://3dreefs-ben-eu-north1/experiments/ablations/stage2_resolution_fullres_eval/runs/splat_dataset3_sfm_1024_sift_global_res1024_patch400_stage2/ablation_eval/results_splat.csv
D3,dataset3,1024,sift,global,1024,splat_dataset3_sfm_1024_sift_global_res1024_patch400_2m,splat_dataset3_sfm_1024_sift_global_res1024_patch400_stage2,patch,p001,COMPLETE,complete,400,2000000,,0.742670701816678,26.152193782354292,0.5863477550446987,python_full_resolution_undistorted,full_resolution_undistorted,3485,5227,478.514,2000000,7046,9335,completed_requested_iterations,,2026-07-12T02:19:03.220967+00:00,s3://3dreefs-ben-eu-north1/experiments/ablations/stage2_resolution_fullres_eval/runs/splat_dataset3_sfm_1024_sift_global_res1024_patch400_stage2/ablation_eval/results_splat.csv
D3,dataset3,1024,sift,global,1024,splat_dataset3_sfm_1024_sift_global_res1024_patch400_2m,splat_dataset3_sfm_1024_sift_global_res1024_patch400_stage2,patch,p002,COMPLETE,complete,400,2000000,,0.7245466799447031,25.030694826427972,0.6163026636297052,python_full_resolution_undistorted,full_resolution_undistorted,3485,5227,490.78,2000000,7432,9337,completed_requested_iterations,,2026-07-12T02:31:15.234821+00:00,s3://3dreefs-ben-eu-north1/experiments/ablations/stage2_resolution_fullres_eval/runs/splat_dataset3_sfm_1024_sift_global_res1024_patch400_stage2/ablation_eval/results_splat.csv
D3,dataset3,1024,sift,global,1024,splat_dataset3_sfm_1024_sift_global_res1024_patch400_2m,splat_dataset3_sfm_1024_sift_global_res1024_patch400_stage2,patch,p003,COMPLETE,complete,400,2000000,,0.715339457166606,25.81686855288208,0.6102486232231403,python_full_resolution_undistorted,full_resolution_undistorted,3483,5221,487.077,2000000,7357,9265,completed_requested_iterations,,2026-07-12T02:42:51.444686+00:00,s3://3dreefs-ben-eu-north1/experiments/ablations/stage2_resolution_fullres_eval/runs/splat_dataset3_sfm_1024_sift_global_res1024_patch400_stage2/ablation_eval/results_splat.csv
D3,dataset3,1024,sift,global,1024,splat_dataset3_sfm_1024_sift_global_res1024_patch400_2m,splat_dataset3_sfm_1024_sift_global_res1024_patch400_stage2,patch,p004,COMPLETE,complete,400,2000000,,0.7356217398363001,25.90253155253878,0.5871722391423058,python_full_resolution_undistorted,full_resolution_undistorted,3483,5221,480.761,2000000,7470,9327,completed_requested_iterations,,2026-07-12T02:55:13.950708+00:00,s3://3dreefs-ben-eu-north1/experiments/ablations/stage2_resolution_fullres_eval/runs/splat_dataset3_sfm_1024_sift_global_res1024_patch400_stage2/ablation_eval/results_splat.csv
D3,dataset3,1024,sift,global,1024,splat_dataset3_sfm_1024_sift_global_res1024_patch400_2m,splat_dataset3_sfm_1024_sift_global_res1024_patch400_stage2,patch,p005,COMPLETE,complete,400,2000000,,0.7167396628194385,25.24513387456687,0.6224969493018256,python_full_resolution_undistorted,full_resolution_undistorted,3483,5221,493.106,2000000,7535,9321,completed_requested_iterations,,2026-07-12T03:07:46.620630+00:00,s3://3dreefs-ben-eu-north1/experiments/ablations/stage2_resolution_fullres_eval/runs/splat_dataset3_sfm_1024_sift_global_res1024_patch400_stage2/ablation_eval/results_splat.csv
D3,dataset3,1024,sift,global,1024,splat_dataset3_sfm_1024_sift_global_res1024_patch400_2m,splat_dataset3_sfm_1024_sift_global_res1024_patch400_stage2,patch,p006,COMPLETE,complete,400,2000000,,0.7221052563852735,22.2210211317339,0.6539333379930921,python_full_resolution_undistorted,full_resolution_undistorted,3483,5221,496.827,2000000,9510,9355,completed_requested_iterations,,2026-07-12T03:20:20.471203+00:00,s3://3dreefs-ben-eu-north1/experiments/ablations/stage2_resolution_fullres_eval/runs/splat_dataset3_sfm_1024_sift_global_res1024_patch400_stage2/ablation_eval/results_splat.csv
D3,dataset3,1024,sift,global,1024,splat_dataset3_sfm_1024_sift_global_res1024_patch400_2m,splat_dataset3_sfm_1024_sift_global_res1024_patch400_stage2,patch,p007,COMPLETE,complete,400,2000000,,0.7264238049586614,25.308609517690524,0.6338224874602424,python_full_resolution_undistorted,full_resolution_undistorted,3485,5227,510.218,2000000,7597,9359,completed_requested_iterations,,2026-07-12T03:33:10.933602+00:00,s3://3dreefs-ben-eu-north1/experiments/ablations/stage2_resolution_fullres_eval/runs/splat_dataset3_sfm_1024_sift_global_res1024_patch400_stage2/ablation_eval/results_splat.csv
D3,dataset3,1024,sift,global,1024,splat_dataset3_sfm_1024_sift_global_res1024_patch400_2m,splat_dataset3_sfm_1024_sift_global_res1024_patch400_stage2,patch,p008,COMPLETE,complete,400,2000000,,0.745086270570755,25.71883655039931,0.5836439616978168,python_full_resolution_undistorted,full_resolution_undistorted,3483,5221,508.569,2000000,7784,9385,completed_requested_iterations,,2026-07-12T03:46:37.725142+00:00,s3://3dreefs-ben-eu-north1/experiments/ablations/stage2_resolution_fullres_eval/runs/splat_dataset3_sfm_1024_sift_global_res1024_patch400_stage2/ablation_eval/results_splat.csv
D3,dataset3,1024,sift,global,1024,splat_dataset3_sfm_1024_sift_global_res1024_patch400_2m,splat_dataset3_sfm_1024_sift_global_res1024_patch400_stage2,patch,p009,COMPLETE,complete,400,2000000,,0.6853069833346775,23.714334625894516,0.5586970491068703,python_full_resolution_undistorted,full_resolution_undistorted,3483,5221,408.577,2000000,8808,9125,completed_requested_iterations,,2026-07-12T03:54:19.600690+00:00,s3://3dreefs-ben-eu-north1/experiments/ablations/stage2_resolution_fullres_eval/runs/splat_dataset3_sfm_1024_sift_global_res1024_patch400_stage2/ablation_eval/results_splat.csv
D3,dataset3,1024,sift,global,1024,splat_dataset3_sfm_1024_sift_global_res1024_patch400_500k,splat_dataset3_sfm_1024_sift_global_res1024_patch400_stage2,patch,p000,COMPLETE,complete,400,500000,,0.7361566986356463,25.583669546454708,0.6275964328220912,python_full_resolution_undistorted,full_resolution_undistorted,3485,5227,353.726,500000,6683,5397,completed_requested_iterations,,2026-07-11T22:41:04.283900+00:00,s3://3dreefs-ben-eu-north1/experiments/ablations/stage2_resolution_fullres_eval/runs/splat_dataset3_sfm_1024_sift_global_res1024_patch400_stage2/ablation_eval/results_splat.csv
D3,dataset3,1024,sift,global,1024,splat_dataset3_sfm_1024_sift_global_res1024_patch400_500k,splat_dataset3_sfm_1024_sift_global_res1024_patch400_stage2,patch,p001,COMPLETE,complete,400,500000,,0.7416351698338985,26.741029158430287,0.6446757391095161,python_full_resolution_undistorted,full_resolution_undistorted,3485,5227,261.954,500000,6963,8493,completed_requested_iterations,,2026-07-11T22:49:39.356163+00:00,s3://3dreefs-ben-eu-north1/experiments/ablations/stage2_resolution_fullres_eval/runs/splat_dataset3_sfm_1024_sift_global_res1024_patch400_stage2/ablation_eval/results_splat.csv
D3,dataset3,1024,sift,global,1024,splat_dataset3_sfm_1024_sift_global_res1024_patch400_500k,splat_dataset3_sfm_1024_sift_global_res1024_patch400_stage2,patch,p002,COMPLETE,complete,400,500000,,0.7249253012917258,26.2495984903653,0.6540994228738727,python_full_resolution_undistorted,full_resolution_undistorted,3485,5227,278.606,500000,6964,8465,completed_requested_iterations,,2026-07-11T22:58:28.694366+00:00,s3://3dreefs-ben-eu-north1/experiments/ablations/stage2_resolution_fullres_eval/runs/splat_dataset3_sfm_1024_sift_global_res1024_patch400_stage2/ablation_eval/results_splat.csv
D3,dataset3,1024,sift,global,1024,splat_dataset3_sfm_1024_sift_global_res1024_patch400_500k,splat_dataset3_sfm_1024_sift_global_res1024_patch400_stage2,patch,p003,COMPLETE,complete,400,500000,,0.7166021322381908,26.624181049088186,0.6593873932443816,python_full_resolution_undistorted,full_resolution_undistorted,3483,5221,269.357,500000,6795,8445,completed_requested_iterations,,2026-07-11T23:06:50.840133+00:00,s3://3dreefs-ben-eu-north1/experiments/ablations/stage2_resolution_fullres_eval/runs/splat_dataset3_sfm_1024_sift_global_res1024_patch400_stage2/ablation_eval/results_splat.csv
D3,dataset3,1024,sift,global,1024,splat_dataset3_sfm_1024_sift_global_res1024_patch400_500k,splat_dataset3_sfm_1024_sift_global_res1024_patch400_stage2,patch,p004,COMPLETE,complete,400,500000,,0.7344482996884514,26.649607475549104,0.6408644511419184,python_full_resolution_undistorted,full_resolution_undistorted,3483,5221,292.538,500000,6975,8473,completed_requested_iterations,,2026-07-11T23:16:14.547662+00:00,s3://3dreefs-ben-eu-north1/experiments/ablations/stage2_resolution_fullres_eval/runs/splat_dataset3_sfm_1024_sift_global_res1024_patch400_stage2/ablation_eval/results_splat.csv
D3,dataset3,1024,sift,global,1024,splat_dataset3_sfm_1024_sift_global_res1024_patch400_500k,splat_dataset3_sfm_1024_sift_global_res1024_patch400_stage2,patch,p005,COMPLETE,complete,400,500000,,0.715766527586513,26.199495442065377,0.6676074299547408,python_full_resolution_undistorted,full_resolution_undistorted,3483,5221,282.642,500000,7218,8609,completed_requested_iterations,,2026-07-11T23:25:36.673737+00:00,s3://3dreefs-ben-eu-north1/experiments/ablations/stage2_resolution_fullres_eval/runs/splat_dataset3_sfm_1024_sift_global_res1024_patch400_stage2/ablation_eval/results_splat.csv
D3,dataset3,1024,sift,global,1024,splat_dataset3_sfm_1024_sift_global_res1024_patch400_500k,splat_dataset3_sfm_1024_sift_global_res1024_patch400_stage2,patch,p006,COMPLETE,complete,400,500000,,0.7334951675600476,25.444827472312763,0.6601016289658017,python_full_resolution_undistorted,full_resolution_undistorted,3483,5221,280.535,500000,7296,8645,completed_requested_iterations,,2026-07-11T23:35:04.556660+00:00,s3://3dreefs-ben-eu-north1/experiments/ablations/stage2_resolution_fullres_eval/runs/splat_dataset3_sfm_1024_sift_global_res1024_patch400_stage2/ablation_eval/results_splat.csv
D3,dataset3,1024,sift,global,1024,splat_dataset3_sfm_1024_sift_global_res1024_patch400_500k,splat_dataset3_sfm_1024_sift_global_res1024_patch400_stage2,patch,p007,COMPLETE,complete,400,500000,,0.7255509876542621,26.496810678341447,0.672048709458775,python_full_resolution_undistorted,full_resolution_undistorted,3485,5227,277.854,500000,7125,8515,completed_requested_iterations,,2026-07-11T23:44:22.608272+00:00,s3://3dreefs-ben-eu-north1/experiments/ablations/stage2_resolution_fullres_eval/runs/splat_dataset3_sfm_1024_sift_global_res1024_patch400_stage2/ablation_eval/results_splat.csv
D3,dataset3,1024,sift,global,1024,splat_dataset3_sfm_1024_sift_global_res1024_patch400_500k,splat_dataset3_sfm_1024_sift_global_res1024_patch400_stage2,patch,p008,COMPLETE,complete,400,500000,,0.7446753546595574,26.558264361375244,0.6406149074435235,python_full_resolution_undistorted,full_resolution_undistorted,3483,5221,300.568,500000,7435,8765,completed_requested_iterations,,2026-07-11T23:54:48.650821+00:00,s3://3dreefs-ben-eu-north1/experiments/ablations/stage2_resolution_fullres_eval/runs/splat_dataset3_sfm_1024_sift_global_res1024_patch400_stage2/ablation_eval/results_splat.csv
D3,dataset3,1024,sift,global,1024,splat_dataset3_sfm_1024_sift_global_res1024_patch400_500k,splat_dataset3_sfm_1024_sift_global_res1024_patch400_stage2,patch,p009,COMPLETE,complete,400,500000,,0.7141070110457284,24.643009828711705,0.618056561265673,python_full_resolution_undistorted,full_resolution_undistorted,3483,5221,222.647,500000,6379,8265,completed_requested_iterations,,2026-07-11T23:59:31.951589+00:00,s3://3dreefs-ben-eu-north1/experiments/ablations/stage2_resolution_fullres_eval/runs/splat_dataset3_sfm_1024_sift_global_res1024_patch400_stage2/ablation_eval/results_splat.csv
D3,dataset3,1024,sift,global,1024,splat_dataset3_sfm_1024_sift_global_res1024_patch800_1m,splat_dataset3_sfm_1024_sift_global_res1024_patch800_stage2,patch,p000,COMPLETE,complete,800,1000000,,0.7300316787535145,23.871569582126185,0.6483159603611115,python_full_resolution_undistorted,full_resolution_undistorted,3485,5227,442.093,1000000,7481,5397,completed_requested_iterations,,2026-07-11T23:52:32.328682+00:00,s3://3dreefs-ben-eu-north1/experiments/ablations/stage2_resolution_fullres_eval/runs/splat_dataset3_sfm_1024_sift_global_res1024_patch800_stage2/ablation_eval/results_splat.csv
D3,dataset3,1024,sift,global,1024,splat_dataset3_sfm_1024_sift_global_res1024_patch800_1m,splat_dataset3_sfm_1024_sift_global_res1024_patch800_stage2,patch,p001,COMPLETE,complete,800,1000000,,0.7069853768974054,22.053382389849318,0.695680456083329,python_full_resolution_undistorted,full_resolution_undistorted,3483,5221,425.4,1000000,8031,8891,completed_requested_iterations,,2026-07-12T00:07:30.666263+00:00,s3://3dreefs-ben-eu-north1/experiments/ablations/stage2_resolution_fullres_eval/runs/splat_dataset3_sfm_1024_sift_global_res1024_patch800_stage2/ablation_eval/results_splat.csv
D3,dataset3,1024,sift,global,1024,splat_dataset3_sfm_1024_sift_global_res1024_patch800_1m,splat_dataset3_sfm_1024_sift_global_res1024_patch800_stage2,patch,p002,COMPLETE,complete,800,1000000,,0.6952670701344807,21.483730892451614,0.7095588660240173,python_full_resolution_undistorted,full_resolution_undistorted,3483,5221,447.573,1000000,8560,9043,completed_requested_iterations,,2026-07-12T00:24:27.408720+00:00,s3://3dreefs-ben-eu-north1/experiments/ablations/stage2_resolution_fullres_eval/runs/splat_dataset3_sfm_1024_sift_global_res1024_patch800_stage2/ablation_eval/results_splat.csv
D3,dataset3,1024,sift,global,1024,splat_dataset3_sfm_1024_sift_global_res1024_patch800_1m,splat_dataset3_sfm_1024_sift_global_res1024_patch800_stage2,patch,p003,COMPLETE,complete,800,1000000,,0.6898686715534755,19.92021698842654,0.7303441360399321,python_full_resolution_undistorted,full_resolution_undistorted,3485,5227,429.807,1000000,8774,9081,completed_requested_iterations,,2026-07-12T00:41:24.186665+00:00,s3://3dreefs-ben-eu-north1/experiments/ablations/stage2_resolution_fullres_eval/runs/splat_dataset3_sfm_1024_sift_global_res1024_patch800_stage2/ablation_eval/results_splat.csv
D3,dataset3,1024,sift,global,1024,splat_dataset3_sfm_1024_sift_global_res1024_patch800_2m,splat_dataset3_sfm_1024_sift_global_res1024_patch800_stage2,patch,p000,COMPLETE,complete,800,2000000,,0.6988407209996255,19.360573991506815,0.7126688236190427,python_full_resolution_undistorted,full_resolution_undistorted,3485,5227,512.207,2000000,9475,5397,completed_requested_iterations,,2026-07-12T01:04:23.962654+00:00,s3://3dreefs-ben-eu-north1/experiments/ablations/stage2_resolution_fullres_eval/runs/splat_dataset3_sfm_1024_sift_global_res1024_patch800_stage2/ablation_eval/results_splat.csv
D3,dataset3,1024,sift,global,1024,splat_dataset3_sfm_1024_sift_global_res1024_patch800_2m,splat_dataset3_sfm_1024_sift_global_res1024_patch800_stage2,patch,p001,COMPLETE,complete,800,2000000,,0.6838480585911235,18.85894188848603,0.740356975891551,python_full_resolution_undistorted,full_resolution_undistorted,3483,5221,473.687,2000000,8070,9413,completed_requested_iterations,,2026-07-12T01:19:51.008873+00:00,s3://3dreefs-ben-eu-north1/experiments/ablations/stage2_resolution_fullres_eval/runs/splat_dataset3_sfm_1024_sift_global_res1024_patch800_stage2/ablation_eval/results_splat.csv
D3,dataset3,1024,sift,global,1024,splat_dataset3_sfm_1024_sift_global_res1024_patch800_2m,splat_dataset3_sfm_1024_sift_global_res1024_patch800_stage2,patch,p002,COMPLETE,complete,800,2000000,,0.6669267217318217,17.982905924958107,0.7620618995030721,python_full_resolution_undistorted,full_resolution_undistorted,3483,5221,497.758,2000000,10646,9525,completed_requested_iterations,,2026-07-12T01:37:19.216651+00:00,s3://3dreefs-ben-eu-north1/experiments/ablations/stage2_resolution_fullres_eval/runs/splat_dataset3_sfm_1024_sift_global_res1024_patch800_stage2/ablation_eval/results_splat.csv
D3,dataset3,1024,sift,global,1024,splat_dataset3_sfm_1024_sift_global_res1024_patch800_2m,splat_dataset3_sfm_1024_sift_global_res1024_patch800_stage2,patch,p003,COMPLETE,complete,800,2000000,,0.676393415246691,18.00985276251452,0.7512138934878559,python_full_resolution_undistorted,full_resolution_undistorted,3485,5227,489.524,2000000,8757,9569,completed_requested_iterations,,2026-07-12T01:54:53.819174+00:00,s3://3dreefs-ben-eu-north1/experiments/ablations/stage2_resolution_fullres_eval/runs/splat_dataset3_sfm_1024_sift_global_res1024_patch800_stage2/ablation_eval/results_splat.csv
D3,dataset3,1024,sift,global,1024,splat_dataset3_sfm_1024_sift_global_res1024_patch800_500k,splat_dataset3_sfm_1024_sift_global_res1024_patch800_stage2,patch,p000,COMPLETE,complete,800,500000,,0.7372331763467481,25.82814505178523,0.659220225388004,python_full_resolution_undistorted,full_resolution_undistorted,3485,5227,412.8,500000,7407,5397,completed_requested_iterations,,2026-07-11T22:45:17.753405+00:00,s3://3dreefs-ben-eu-north1/experiments/ablations/stage2_resolution_fullres_eval/runs/splat_dataset3_sfm_1024_sift_global_res1024_patch800_stage2/ablation_eval/results_splat.csv
D3,dataset3,1024,sift,global,1024,splat_dataset3_sfm_1024_sift_global_res1024_patch800_500k,splat_dataset3_sfm_1024_sift_global_res1024_patch800_stage2,patch,p001,COMPLETE,complete,800,500000,,0.7235250013773559,25.630410075272128,0.6797264384441688,python_full_resolution_undistorted,full_resolution_undistorted,3483,5221,337.367,500000,8010,8671,completed_requested_iterations,,2026-07-11T22:58:27.853327+00:00,s3://3dreefs-ben-eu-north1/experiments/ablations/stage2_resolution_fullres_eval/runs/splat_dataset3_sfm_1024_sift_global_res1024_patch800_stage2/ablation_eval/results_splat.csv
D3,dataset3,1024,sift,global,1024,splat_dataset3_sfm_1024_sift_global_res1024_patch800_500k,splat_dataset3_sfm_1024_sift_global_res1024_patch800_stage2,patch,p002,COMPLETE,complete,800,500000,,0.707388215859731,24.04290297947994,0.6977417039871215,python_full_resolution_undistorted,full_resolution_undistorted,3483,5221,384.594,500000,8617,8719,completed_requested_iterations,,2026-07-11T23:14:19.510834+00:00,s3://3dreefs-ben-eu-north1/experiments/ablations/stage2_resolution_fullres_eval/runs/splat_dataset3_sfm_1024_sift_global_res1024_patch800_stage2/ablation_eval/results_splat.csv
D3,dataset3,1024,sift,global,1024,splat_dataset3_sfm_1024_sift_global_res1024_patch800_500k,splat_dataset3_sfm_1024_sift_global_res1024_patch800_stage2,patch,p003,COMPLETE,complete,800,500000,,0.7131026433659838,23.918312747196186,0.6951526906583216,python_full_resolution_undistorted,full_resolution_undistorted,3485,5227,386.331,500000,9024,8789,completed_requested_iterations,,2026-07-11T23:30:31.150345+00:00,s3://3dreefs-ben-eu-north1/experiments/ablations/stage2_resolution_fullres_eval/runs/splat_dataset3_sfm_1024_sift_global_res1024_patch800_stage2/ablation_eval/results_splat.csv
D3,dataset3,1024,sift,global,2048,splat_dataset3_sfm_1024_sift_global_res2048_patch200_1m,splat_dataset3_sfm_1024_sift_global_res2048_patch200_stage2_retry1,patch,p000,COMPLETE,complete,200,1000000,,0.7616595304929293,24.427560604337756,0.5707662976705111,python_full_resolution_undistorted,full_resolution_undistorted,3485,5227,598.662,1000000,6235,5397,completed_requested_iterations,,2026-07-12T00:40:06.055506+00:00,s3://3dreefs-ben-eu-north1/experiments/ablations/stage2_resolution_fullres_eval/runs/splat_dataset3_sfm_1024_sift_global_res2048_patch200_stage2_retry1/ablation_eval/results_splat.csv
D3,dataset3,1024,sift,global,2048,splat_dataset3_sfm_1024_sift_global_res2048_patch200_1m,splat_dataset3_sfm_1024_sift_global_res2048_patch200_stage2_retry1,patch,p002,COMPLETE,complete,200,1000000,,0.722721924384435,25.137981359008624,0.6332036952177683,python_full_resolution_undistorted,full_resolution_undistorted,3485,5227,581.354,1000000,6508,9121,completed_requested_iterations,,2026-07-12T00:51:21.048045+00:00,s3://3dreefs-ben-eu-north1/experiments/ablations/stage2_resolution_fullres_eval/runs/splat_dataset3_sfm_1024_sift_global_res2048_patch200_stage2_retry1/ablation_eval/results_splat.csv
D3,dataset3,1024,sift,global,2048,splat_dataset3_sfm_1024_sift_global_res2048_patch200_1m,splat_dataset3_sfm_1024_sift_global_res2048_patch200_stage2_retry1,patch,p005,COMPLETE,complete,200,1000000,,0.7508584521710873,24.66421222009004,0.6025194376707077,python_full_resolution_undistorted,full_resolution_undistorted,3483,5221,606.462,1000000,6628,9203,completed_requested_iterations,,2026-07-12T01:03:39.510226+00:00,s3://3dreefs-ben-eu-north1/experiments/ablations/stage2_resolution_fullres_eval/runs/splat_dataset3_sfm_1024_sift_global_res2048_patch200_stage2_retry1/ablation_eval/results_splat.csv
D3,dataset3,1024,sift,global,2048,splat_dataset3_sfm_1024_sift_global_res2048_patch200_1m,splat_dataset3_sfm_1024_sift_global_res2048_patch200_stage2_retry1,patch,p007,COMPLETE,complete,200,1000000,,0.7517768442630768,27.044324719823422,0.5396518222987652,python_full_resolution_undistorted,full_resolution_undistorted,3483,5221,629.088,1000000,6261,9033,completed_requested_iterations,,2026-07-12T01:15:13.578509+00:00,s3://3dreefs-ben-eu-north1/experiments/ablations/stage2_resolution_fullres_eval/runs/splat_dataset3_sfm_1024_sift_global_res2048_patch200_stage2_retry1/ablation_eval/results_splat.csv
D3,dataset3,1024,sift,global,2048,splat_dataset3_sfm_1024_sift_global_res2048_patch200_1m,splat_dataset3_sfm_1024_sift_global_res2048_patch200_stage2_retry1,patch,p010,COMPLETE,complete,200,1000000,,0.7349788120814732,26.717482928330224,0.5995982033865792,python_full_resolution_undistorted,full_resolution_undistorted,3483,5221,568.372,1000000,6192,8967,completed_requested_iterations,,2026-07-12T01:25:37.290397+00:00,s3://3dreefs-ben-eu-north1/experiments/ablations/stage2_resolution_fullres_eval/runs/splat_dataset3_sfm_1024_sift_global_res2048_patch200_stage2_retry1/ablation_eval/results_splat.csv
D3,dataset3,1024,sift,global,2048,splat_dataset3_sfm_1024_sift_global_res2048_patch200_1m,splat_dataset3_sfm_1024_sift_global_res2048_patch200_stage2_retry1,patch,p012,COMPLETE,complete,200,1000000,,0.6091376543045044,22.283877264956132,0.6616949439048767,python_full_resolution_undistorted,full_resolution_undistorted,3485,5227,575.306,1000000,5681,8717,completed_requested_iterations,,2026-07-12T01:35:36.557635+00:00,s3://3dreefs-ben-eu-north1/experiments/ablations/stage2_resolution_fullres_eval/runs/splat_dataset3_sfm_1024_sift_global_res2048_patch200_stage2_retry1/ablation_eval/results_splat.csv
D3,dataset3,1024,sift,global,2048,splat_dataset3_sfm_1024_sift_global_res2048_patch200_1m,splat_dataset3_sfm_1024_sift_global_res2048_patch200_stage2_retry1,patch,p015,COMPLETE,complete,200,1000000,,0.6914654016494751,29.034686896855135,0.6375802755355835,python_full_resolution_undistorted,full_resolution_undistorted,3485,5227,566.82,1000000,6007,9051,completed_requested_iterations,,2026-07-12T01:45:41.552932+00:00,s3://3dreefs-ben-eu-north1/experiments/ablations/stage2_resolution_fullres_eval/runs/splat_dataset3_sfm_1024_sift_global_res2048_patch200_stage2_retry1/ablation_eval/results_splat.csv
D3,dataset3,1024,sift,global,2048,splat_dataset3_sfm_1024_sift_global_res2048_patch200_1m,splat_dataset3_sfm_1024_sift_global_res2048_patch200_stage2_retry1,patch,p017,COMPLETE,complete,200,1000000,,0.699920246998469,25.27024417881221,0.6771726111570994,python_full_resolution_undistorted,full_resolution_undistorted,3483,5221,551.476,1000000,6165,8991,completed_requested_iterations,,2026-07-12T01:55:40.211248+00:00,s3://3dreefs-ben-eu-north1/experiments/ablations/stage2_resolution_fullres_eval/runs/splat_dataset3_sfm_1024_sift_global_res2048_patch200_stage2_retry1/ablation_eval/results_splat.csv
D3,dataset3,1024,sift,global,2048,splat_dataset3_sfm_1024_sift_global_res2048_patch200_1m,splat_dataset3_sfm_1024_sift_global_res2048_patch200_stage2_retry1,patch,p020,COMPLETE,complete,200,1000000,,0.7668982876671685,26.897928354415455,0.525967644320594,python_full_resolution_undistorted,full_resolution_undistorted,3483,5221,607.539,1000000,6332,9075,completed_requested_iterations,,2026-07-12T02:07:03.106636+00:00,s3://3dreefs-ben-eu-north1/experiments/ablations/stage2_resolution_fullres_eval/runs/splat_dataset3_sfm_1024_sift_global_res2048_patch200_stage2_retry1/ablation_eval/results_splat.csv
D3,dataset3,1024,sift,global,2048,splat_dataset3_sfm_1024_sift_global_res2048_patch200_1m,splat_dataset3_sfm_1024_sift_global_res2048_patch200_stage2_retry1,patch,p023,COMPLETE,complete,200,1000000,,0.6933245360851288,27.96074374719724,0.6818969249725342,python_full_resolution_undistorted,full_resolution_undistorted,3483,5221,518.346,1000000,6072,9217,completed_requested_iterations,,2026-07-12T02:16:28.527780+00:00,s3://3dreefs-ben-eu-north1/experiments/ablations/stage2_resolution_fullres_eval/runs/splat_dataset3_sfm_1024_sift_global_res2048_patch200_stage2_retry1/ablation_eval/results_splat.csv
D3,dataset3,1024,sift,global,2048,splat_dataset3_sfm_1024_sift_global_res2048_patch200_2m,splat_dataset3_sfm_1024_sift_global_res2048_patch200_stage2_retry1,patch,p000,COMPLETE,complete,200,2000000,,0.7602634063133826,23.959783528626325,0.5462679748351758,python_full_resolution_undistorted,full_resolution_undistorted,3485,5227,759.143,2000000,6042,5397,completed_requested_iterations,,2026-07-12T02:37:17.392025+00:00,s3://3dreefs-ben-eu-north1/experiments/ablations/stage2_resolution_fullres_eval/runs/splat_dataset3_sfm_1024_sift_global_res2048_patch200_stage2_retry1/ablation_eval/results_splat.csv
D3,dataset3,1024,sift,global,2048,splat_dataset3_sfm_1024_sift_global_res2048_patch200_2m,splat_dataset3_sfm_1024_sift_global_res2048_patch200_stage2_retry1,patch,p002,COMPLETE,complete,200,2000000,,0.7227702935536703,25.017365394913465,0.6024482746918997,python_full_resolution_undistorted,full_resolution_undistorted,3485,5227,745.211,2000000,6494,9669,completed_requested_iterations,,2026-07-12T02:51:18.913537+00:00,s3://3dreefs-ben-eu-north1/experiments/ablations/stage2_resolution_fullres_eval/runs/splat_dataset3_sfm_1024_sift_global_res2048_patch200_stage2_retry1/ablation_eval/results_splat.csv
D3,dataset3,1024,sift,global,2048,splat_dataset3_sfm_1024_sift_global_res2048_patch200_2m,splat_dataset3_sfm_1024_sift_global_res2048_patch200_stage2_retry1,patch,p005,COMPLETE,complete,200,2000000,,0.7505039535462856,24.28122406814101,0.5785577800124884,python_full_resolution_undistorted,full_resolution_undistorted,3483,5221,799.342,2000000,8430,9585,completed_requested_iterations,,2026-07-12T03:06:46.425566+00:00,s3://3dreefs-ben-eu-north1/experiments/ablations/stage2_resolution_fullres_eval/runs/splat_dataset3_sfm_1024_sift_global_res2048_patch200_stage2_retry1/ablation_eval/results_splat.csv
D3,dataset3,1024,sift,global,2048,splat_dataset3_sfm_1024_sift_global_res2048_patch200_2m,splat_dataset3_sfm_1024_sift_global_res2048_patch200_stage2_retry1,patch,p007,COMPLETE,complete,200,2000000,,0.7580783069133759,27.152109868229783,0.4959717318415642,python_full_resolution_undistorted,full_resolution_undistorted,3483,5221,813.469,2000000,8130,9583,completed_requested_iterations,,2026-07-12T03:21:26.916051+00:00,s3://3dreefs-ben-eu-north1/experiments/ablations/stage2_resolution_fullres_eval/runs/splat_dataset3_sfm_1024_sift_global_res2048_patch200_stage2_retry1/ablation_eval/results_splat.csv
D3,dataset3,1024,sift,global,2048,splat_dataset3_sfm_1024_sift_global_res2048_patch200_2m,splat_dataset3_sfm_1024_sift_global_res2048_patch200_stage2_retry1,patch,p010,COMPLETE,complete,200,2000000,,0.7276002594402858,26.32705694052156,0.572602493422372,python_full_resolution_undistorted,full_resolution_undistorted,3483,5221,746.885,2000000,6237,9583,completed_requested_iterations,,2026-07-12T03:34:49.150233+00:00,s3://3dreefs-ben-eu-north1/experiments/ablations/stage2_resolution_fullres_eval/runs/splat_dataset3_sfm_1024_sift_global_res2048_patch200_stage2_retry1/ablation_eval/results_splat.csv
D3,dataset3,1024,sift,global,2048,splat_dataset3_sfm_1024_sift_global_res2048_patch200_2m,splat_dataset3_sfm_1024_sift_global_res2048_patch200_stage2_retry1,patch,p012,COMPLETE,complete,200,2000000,,0.6040433049201965,22.468093470152137,0.6157170434792837,python_full_resolution_undistorted,full_resolution_undistorted,3485,5227,747.639,2000000,5769,9205,completed_requested_iterations,,2026-07-12T03:47:41.082196+00:00,s3://3dreefs-ben-eu-north1/experiments/ablations/stage2_resolution_fullres_eval/runs/splat_dataset3_sfm_1024_sift_global_res2048_patch200_stage2_retry1/ablation_eval/results_splat.csv
D3,dataset3,1024,sift,global,2048,splat_dataset3_sfm_1024_sift_global_res2048_patch200_2m,splat_dataset3_sfm_1024_sift_global_res2048_patch200_stage2_retry1,patch,p015,COMPLETE,complete,200,2000000,,0.6865819215774536,28.820926831221517,0.5902179837226867,python_full_resolution_undistorted,full_resolution_undistorted,3485,5227,736.109,2000000,6089,9377,completed_requested_iterations,,2026-07-12T04:00:38.486991+00:00,s3://3dreefs-ben-eu-north1/experiments/ablations/stage2_resolution_fullres_eval/runs/splat_dataset3_sfm_1024_sift_global_res2048_patch200_stage2_retry1/ablation_eval/results_splat.csv
D3,dataset3,1024,sift,global,2048,splat_dataset3_sfm_1024_sift_global_res2048_patch200_2m,splat_dataset3_sfm_1024_sift_global_res2048_patch200_stage2_retry1,patch,p017,COMPLETE,complete,200,2000000,,0.6865839064121246,24.664822582091034,0.6506094435850779,python_full_resolution_undistorted,full_resolution_undistorted,3483,5221,727.975,2000000,6200,9509,completed_requested_iterations,,2026-07-12T04:13:33.766558+00:00,s3://3dreefs-ben-eu-north1/experiments/ablations/stage2_resolution_fullres_eval/runs/splat_dataset3_sfm_1024_sift_global_res2048_patch200_stage2_retry1/ablation_eval/results_splat.csv
D3,dataset3,1024,sift,global,2048,splat_dataset3_sfm_1024_sift_global_res2048_patch200_2m,splat_dataset3_sfm_1024_sift_global_res2048_patch200_stage2_retry1,patch,p020,COMPLETE,complete,200,2000000,,0.7663086785210503,26.59968897331292,0.48134661714235943,python_full_resolution_undistorted,full_resolution_undistorted,3483,5221,777.548,2000000,6482,9593,completed_requested_iterations,,2026-07-12T04:27:48.110973+00:00,s3://3dreefs-ben-eu-north1/experiments/ablations/stage2_resolution_fullres_eval/runs/splat_dataset3_sfm_1024_sift_global_res2048_patch200_stage2_retry1/ablation_eval/results_splat.csv
D3,dataset3,1024,sift,global,2048,splat_dataset3_sfm_1024_sift_global_res2048_patch200_2m,splat_dataset3_sfm_1024_sift_global_res2048_patch200_stage2_retry1,patch,p023,COMPLETE,complete,200,2000000,,0.6920140087604523,27.81107697325906,0.6585956414540609,python_full_resolution_undistorted,full_resolution_undistorted,3483,5221,658.345,2000000,6145,9573,completed_requested_iterations,,2026-07-12T04:39:33.858361+00:00,s3://3dreefs-ben-eu-north1/experiments/ablations/stage2_resolution_fullres_eval/runs/splat_dataset3_sfm_1024_sift_global_res2048_patch200_stage2_retry1/ablation_eval/results_splat.csv
D3,dataset3,1024,sift,global,2048,splat_dataset3_sfm_1024_sift_global_res2048_patch200_500k,splat_dataset3_sfm_1024_sift_global_res2048_patch200_stage2_retry1,patch,p000,COMPLETE,complete,200,500000,,0.7580531927255484,24.544867122807975,0.6052302488913903,python_full_resolution_undistorted,full_resolution_undistorted,3485,5227,570.279,500000,6190,5397,completed_requested_iterations,,2026-07-11T22:59:43.114052+00:00,s3://3dreefs-ben-eu-north1/experiments/ablations/stage2_resolution_fullres_eval/runs/splat_dataset3_sfm_1024_sift_global_res2048_patch200_stage2_retry1/ablation_eval/results_splat.csv
D3,dataset3,1024,sift,global,2048,splat_dataset3_sfm_1024_sift_global_res2048_patch200_500k,splat_dataset3_sfm_1024_sift_global_res2048_patch200_stage2_retry1,patch,p002,COMPLETE,complete,200,500000,,0.7207864075899124,25.389426193429713,0.6591906746228536,python_full_resolution_undistorted,full_resolution_undistorted,3485,5227,471.002,500000,6378,8845,completed_requested_iterations,,2026-07-11T23:09:10.554110+00:00,s3://3dreefs-ben-eu-north1/experiments/ablations/stage2_resolution_fullres_eval/runs/splat_dataset3_sfm_1024_sift_global_res2048_patch200_stage2_retry1/ablation_eval/results_splat.csv
D3,dataset3,1024,sift,global,2048,splat_dataset3_sfm_1024_sift_global_res2048_patch200_500k,splat_dataset3_sfm_1024_sift_global_res2048_patch200_stage2_retry1,patch,p005,COMPLETE,complete,200,500000,,0.7471409440040588,24.91844675052739,0.6304457075893879,python_full_resolution_undistorted,full_resolution_undistorted,3483,5221,511.761,500000,6716,8865,completed_requested_iterations,,2026-07-11T23:19:54.843433+00:00,s3://3dreefs-ben-eu-north1/experiments/ablations/stage2_resolution_fullres_eval/runs/splat_dataset3_sfm_1024_sift_global_res2048_patch200_stage2_retry1/ablation_eval/results_splat.csv
D3,dataset3,1024,sift,global,2048,splat_dataset3_sfm_1024_sift_global_res2048_patch200_500k,splat_dataset3_sfm_1024_sift_global_res2048_patch200_stage2_retry1,patch,p007,COMPLETE,complete,200,500000,,0.7431028410792351,27.104552282519467,0.5824086591601372,python_full_resolution_undistorted,full_resolution_undistorted,3483,5221,524.367,500000,6218,8725,completed_requested_iterations,,2026-07-11T23:29:47.814999+00:00,s3://3dreefs-ben-eu-north1/experiments/ablations/stage2_resolution_fullres_eval/runs/splat_dataset3_sfm_1024_sift_global_res2048_patch200_stage2_retry1/ablation_eval/results_splat.csv
D3,dataset3,1024,sift,global,2048,splat_dataset3_sfm_1024_sift_global_res2048_patch200_500k,splat_dataset3_sfm_1024_sift_global_res2048_patch200_stage2_retry1,patch,p010,COMPLETE,complete,200,500000,,0.7348505258560181,26.61013391377663,0.6195701616150993,python_full_resolution_undistorted,full_resolution_undistorted,3483,5221,481.904,500000,6217,8851,completed_requested_iterations,,2026-07-11T23:38:47.086170+00:00,s3://3dreefs-ben-eu-north1/experiments/ablations/stage2_resolution_fullres_eval/runs/splat_dataset3_sfm_1024_sift_global_res2048_patch200_stage2_retry1/ablation_eval/results_splat.csv
D3,dataset3,1024,sift,global,2048,splat_dataset3_sfm_1024_sift_global_res2048_patch200_500k,splat_dataset3_sfm_1024_sift_global_res2048_patch200_stage2_retry1,patch,p012,COMPLETE,complete,200,500000,,0.6175538301467896,22.333290760525234,0.6919275323549906,python_full_resolution_undistorted,full_resolution_undistorted,3485,5227,463.373,500000,5652,8313,completed_requested_iterations,,2026-07-11T23:46:54.244150+00:00,s3://3dreefs-ben-eu-north1/experiments/ablations/stage2_resolution_fullres_eval/runs/splat_dataset3_sfm_1024_sift_global_res2048_patch200_stage2_retry1/ablation_eval/results_splat.csv
D3,dataset3,1024,sift,global,2048,splat_dataset3_sfm_1024_sift_global_res2048_patch200_500k,splat_dataset3_sfm_1024_sift_global_res2048_patch200_stage2_retry1,patch,p015,COMPLETE,complete,200,500000,,0.6898700594902039,29.16796379423291,0.6740140914916992,python_full_resolution_undistorted,full_resolution_undistorted,3485,5227,468.141,500000,6042,8647,completed_requested_iterations,,2026-07-11T23:55:22.175205+00:00,s3://3dreefs-ben-eu-north1/experiments/ablations/stage2_resolution_fullres_eval/runs/splat_dataset3_sfm_1024_sift_global_res2048_patch200_stage2_retry1/ablation_eval/results_splat.csv
D3,dataset3,1024,sift,global,2048,splat_dataset3_sfm_1024_sift_global_res2048_patch200_500k,splat_dataset3_sfm_1024_sift_global_res2048_patch200_stage2_retry1,patch,p017,COMPLETE,complete,200,500000,,0.7063356141249338,25.84776758255575,0.6910151938597361,python_full_resolution_undistorted,full_resolution_undistorted,3483,5221,486.194,500000,6163,8779,completed_requested_iterations,,2026-07-12T00:04:16.301704+00:00,s3://3dreefs-ben-eu-north1/experiments/ablations/stage2_resolution_fullres_eval/runs/splat_dataset3_sfm_1024_sift_global_res2048_patch200_stage2_retry1/ablation_eval/results_splat.csv
D3,dataset3,1024,sift,global,2048,splat_dataset3_sfm_1024_sift_global_res2048_patch200_500k,splat_dataset3_sfm_1024_sift_global_res2048_patch200_stage2_retry1,patch,p020,COMPLETE,complete,200,500000,,0.7610699865553114,26.67791312293812,0.5743724240197076,python_full_resolution_undistorted,full_resolution_undistorted,3483,5221,496.121,500000,6370,8863,completed_requested_iterations,,2026-07-12T00:13:49.990624+00:00,s3://3dreefs-ben-eu-north1/experiments/ablations/stage2_resolution_fullres_eval/runs/splat_dataset3_sfm_1024_sift_global_res2048_patch200_stage2_retry1/ablation_eval/results_splat.csv
D3,dataset3,1024,sift,global,2048,splat_dataset3_sfm_1024_sift_global_res2048_patch200_500k,splat_dataset3_sfm_1024_sift_global_res2048_patch200_stage2_retry1,patch,p023,COMPLETE,complete,200,500000,,0.6949495176474253,27.839405417899815,0.6964276631673177,python_full_resolution_undistorted,full_resolution_undistorted,3483,5221,449.903,500000,6068,8685,completed_requested_iterations,,2026-07-12T00:22:06.306539+00:00,s3://3dreefs-ben-eu-north1/experiments/ablations/stage2_resolution_fullres_eval/runs/splat_dataset3_sfm_1024_sift_global_res2048_patch200_stage2_retry1/ablation_eval/results_splat.csv
D3,dataset3,1024,sift,global,2048,splat_dataset3_sfm_1024_sift_global_res2048_patch400_1m,splat_dataset3_sfm_1024_sift_global_res2048_patch400_stage2,patch,p000,COMPLETE,complete,400,1000000,,0.7511270148413521,25.921854751113187,0.6050852358341217,python_full_resolution_undistorted,full_resolution_undistorted,3485,5227,645.224,1000000,7100,5397,completed_requested_iterations,,2026-07-12T01:04:56.537474+00:00,s3://3dreefs-ben-eu-north1/experiments/ablations/stage2_resolution_fullres_eval/runs/splat_dataset3_sfm_1024_sift_global_res2048_patch400_stage2/ablation_eval/results_splat.csv
D3,dataset3,1024,sift,global,2048,splat_dataset3_sfm_1024_sift_global_res2048_patch400_1m,splat_dataset3_sfm_1024_sift_global_res2048_patch400_stage2,patch,p001,COMPLETE,complete,400,1000000,,0.7527948021888733,26.966149235786638,0.6244392972439528,python_full_resolution_undistorted,full_resolution_undistorted,3485,5227,612.319,1000000,7554,9261,completed_requested_iterations,,2026-07-12T01:19:19.220992+00:00,s3://3dreefs-ben-eu-north1/experiments/ablations/stage2_resolution_fullres_eval/runs/splat_dataset3_sfm_1024_sift_global_res2048_patch400_stage2/ablation_eval/results_splat.csv
D3,dataset3,1024,sift,global,2048,splat_dataset3_sfm_1024_sift_global_res2048_patch400_1m,splat_dataset3_sfm_1024_sift_global_res2048_patch400_stage2,patch,p002,COMPLETE,complete,400,1000000,,0.7338484959168867,25.904590791839414,0.6420833197506991,python_full_resolution_undistorted,full_resolution_undistorted,3485,5227,643.15,1000000,7668,9265,completed_requested_iterations,,2026-07-12T01:34:26.536139+00:00,s3://3dreefs-ben-eu-north1/experiments/ablations/stage2_resolution_fullres_eval/runs/splat_dataset3_sfm_1024_sift_global_res2048_patch400_stage2/ablation_eval/results_splat.csv
D3,dataset3,1024,sift,global,2048,splat_dataset3_sfm_1024_sift_global_res2048_patch400_1m,splat_dataset3_sfm_1024_sift_global_res2048_patch400_stage2,patch,p003,COMPLETE,complete,400,1000000,,0.7272236429411789,26.686919632606166,0.6433147130341366,python_full_resolution_undistorted,full_resolution_undistorted,3483,5221,625.453,1000000,7449,9307,completed_requested_iterations,,2026-07-12T01:48:35.866159+00:00,s3://3dreefs-ben-eu-north1/experiments/ablations/stage2_resolution_fullres_eval/runs/splat_dataset3_sfm_1024_sift_global_res2048_patch400_stage2/ablation_eval/results_splat.csv
D3,dataset3,1024,sift,global,2048,splat_dataset3_sfm_1024_sift_global_res2048_patch400_1m,splat_dataset3_sfm_1024_sift_global_res2048_patch400_stage2,patch,p004,COMPLETE,complete,400,1000000,,0.7480284203501308,26.901459482884707,0.6202833442127004,python_full_resolution_undistorted,full_resolution_undistorted,3483,5221,645.129,1000000,7667,9303,completed_requested_iterations,,2026-07-12T02:03:55.017986+00:00,s3://3dreefs-ben-eu-north1/experiments/ablations/stage2_resolution_fullres_eval/runs/splat_dataset3_sfm_1024_sift_global_res2048_patch400_stage2/ablation_eval/results_splat.csv
D3,dataset3,1024,sift,global,2048,splat_dataset3_sfm_1024_sift_global_res2048_patch400_1m,splat_dataset3_sfm_1024_sift_global_res2048_patch400_stage2,patch,p005,COMPLETE,complete,400,1000000,,0.7253820051749548,26.117826532664942,0.6499791973166995,python_full_resolution_undistorted,full_resolution_undistorted,3483,5221,648.654,1000000,7746,9215,completed_requested_iterations,,2026-07-12T02:19:27.170378+00:00,s3://3dreefs-ben-eu-north1/experiments/ablations/stage2_resolution_fullres_eval/runs/splat_dataset3_sfm_1024_sift_global_res2048_patch400_stage2/ablation_eval/results_splat.csv
D3,dataset3,1024,sift,global,2048,splat_dataset3_sfm_1024_sift_global_res2048_patch400_1m,splat_dataset3_sfm_1024_sift_global_res2048_patch400_stage2,patch,p006,COMPLETE,complete,400,1000000,,0.7355635546975665,24.39212128787299,0.6543058703343073,python_full_resolution_undistorted,full_resolution_undistorted,3483,5221,690.263,1000000,7800,9333,completed_requested_iterations,,2026-07-12T02:35:45.815348+00:00,s3://3dreefs-ben-eu-north1/experiments/ablations/stage2_resolution_fullres_eval/runs/splat_dataset3_sfm_1024_sift_global_res2048_patch400_stage2/ablation_eval/results_splat.csv
D3,dataset3,1024,sift,global,2048,splat_dataset3_sfm_1024_sift_global_res2048_patch400_1m,splat_dataset3_sfm_1024_sift_global_res2048_patch400_stage2,patch,p007,COMPLETE,complete,400,1000000,,0.7303100269701746,26.222586473718138,0.6558047831058502,python_full_resolution_undistorted,full_resolution_undistorted,3485,5227,647.662,1000000,8326,9829,completed_requested_iterations,,2026-07-12T02:51:23.252276+00:00,s3://3dreefs-ben-eu-north1/experiments/ablations/stage2_resolution_fullres_eval/runs/splat_dataset3_sfm_1024_sift_global_res2048_patch400_stage2/ablation_eval/results_splat.csv
D3,dataset3,1024,sift,global,2048,splat_dataset3_sfm_1024_sift_global_res2048_patch400_1m,splat_dataset3_sfm_1024_sift_global_res2048_patch400_stage2,patch,p008,COMPLETE,complete,400,1000000,,0.7543178275227547,26.423865959959414,0.619062925875187,python_full_resolution_undistorted,full_resolution_undistorted,3483,5221,651.277,1000000,8059,9275,completed_requested_iterations,,2026-07-12T03:07:50.669600+00:00,s3://3dreefs-ben-eu-north1/experiments/ablations/stage2_resolution_fullres_eval/runs/splat_dataset3_sfm_1024_sift_global_res2048_patch400_stage2/ablation_eval/results_splat.csv
D3,dataset3,1024,sift,global,2048,splat_dataset3_sfm_1024_sift_global_res2048_patch400_1m,splat_dataset3_sfm_1024_sift_global_res2048_patch400_stage2,patch,p009,COMPLETE,complete,400,1000000,,0.7212384428296771,24.820704760835355,0.5980197446686881,python_full_resolution_undistorted,full_resolution_undistorted,3483,5221,562.846,1000000,6644,9095,completed_requested_iterations,,2026-07-12T03:18:14.750562+00:00,s3://3dreefs-ben-eu-north1/experiments/ablations/stage2_resolution_fullres_eval/runs/splat_dataset3_sfm_1024_sift_global_res2048_patch400_stage2/ablation_eval/results_splat.csv
D3,dataset3,1024,sift,global,2048,splat_dataset3_sfm_1024_sift_global_res2048_patch400_2m,splat_dataset3_sfm_1024_sift_global_res2048_patch400_stage2,patch,p000,COMPLETE,complete,400,2000000,,0.7556679947035653,25.819597955021013,0.5776924252510071,python_full_resolution_undistorted,full_resolution_undistorted,3485,5227,838.771,2000000,7195,5397,completed_requested_iterations,,2026-07-12T03:43:43.185042+00:00,s3://3dreefs-ben-eu-north1/experiments/ablations/stage2_resolution_fullres_eval/runs/splat_dataset3_sfm_1024_sift_global_res2048_patch400_stage2/ablation_eval/results_splat.csv
D3,dataset3,1024,sift,global,2048,splat_dataset3_sfm_1024_sift_global_res2048_patch400_2m,splat_dataset3_sfm_1024_sift_global_res2048_patch400_stage2,patch,p001,COMPLETE,complete,400,2000000,,0.7561413887888193,26.726854775920934,0.6003669686615467,python_full_resolution_undistorted,full_resolution_undistorted,3485,5227,822.174,2000000,7601,9741,completed_requested_iterations,,2026-07-12T04:01:46.855065+00:00,s3://3dreefs-ben-eu-north1/experiments/ablations/stage2_resolution_fullres_eval/runs/splat_dataset3_sfm_1024_sift_global_res2048_patch400_stage2/ablation_eval/results_splat.csv
D3,dataset3,1024,sift,global,2048,splat_dataset3_sfm_1024_sift_global_res2048_patch400_2m,splat_dataset3_sfm_1024_sift_global_res2048_patch400_stage2,patch,p002,COMPLETE,complete,400,2000000,,0.734984708554817,25.287824305170346,0.6260803522485675,python_full_resolution_undistorted,full_resolution_undistorted,3485,5227,880.288,2000000,7676,9757,completed_requested_iterations,,2026-07-12T04:20:53.263697+00:00,s3://3dreefs-ben-eu-north1/experiments/ablations/stage2_resolution_fullres_eval/runs/splat_dataset3_sfm_1024_sift_global_res2048_patch400_stage2/ablation_eval/results_splat.csv
D3,dataset3,1024,sift,global,2048,splat_dataset3_sfm_1024_sift_global_res2048_patch400_2m,splat_dataset3_sfm_1024_sift_global_res2048_patch400_stage2,patch,p003,COMPLETE,complete,400,2000000,,0.7290647482049877,26.42352602260763,0.6207265175622085,python_full_resolution_undistorted,full_resolution_undistorted,3483,5221,836.327,2000000,7471,9755,completed_requested_iterations,,2026-07-12T04:38:43.272780+00:00,s3://3dreefs-ben-eu-north1/experiments/ablations/stage2_resolution_fullres_eval/runs/splat_dataset3_sfm_1024_sift_global_res2048_patch400_stage2/ablation_eval/results_splat.csv
D3,dataset3,1024,sift,global,2048,splat_dataset3_sfm_1024_sift_global_res2048_patch400_2m,splat_dataset3_sfm_1024_sift_global_res2048_patch400_stage2,patch,p004,COMPLETE,complete,400,2000000,,0.7513550765374127,26.61963218951396,0.5957803068792119,python_full_resolution_undistorted,full_resolution_undistorted,3483,5221,827.267,2000000,9632,9751,completed_requested_iterations,,2026-07-12T04:57:02.719582+00:00,s3://3dreefs-ben-eu-north1/experiments/ablations/stage2_resolution_fullres_eval/runs/splat_dataset3_sfm_1024_sift_global_res2048_patch400_stage2/ablation_eval/results_splat.csv
D3,dataset3,1024,sift,global,2048,splat_dataset3_sfm_1024_sift_global_res2048_patch400_2m,splat_dataset3_sfm_1024_sift_global_res2048_patch400_stage2,patch,p005,COMPLETE,complete,400,2000000,,0.7264771891964806,25.58611895437965,0.6335719343688753,python_full_resolution_undistorted,full_resolution_undistorted,3483,5221,867.313,2000000,7846,9879,completed_requested_iterations,,2026-07-12T05:16:17.809811+00:00,s3://3dreefs-ben-eu-north1/experiments/ablations/stage2_resolution_fullres_eval/runs/splat_dataset3_sfm_1024_sift_global_res2048_patch400_stage2/ablation_eval/results_splat.csv
D3,dataset3,1024,sift,global,2048,splat_dataset3_sfm_1024_sift_global_res2048_patch400_2m,splat_dataset3_sfm_1024_sift_global_res2048_patch400_stage2,patch,p006,COMPLETE,complete,400,2000000,,0.7212109085586336,21.411416517491332,0.6755518217881521,python_full_resolution_undistorted,full_resolution_undistorted,3483,5221,876.905,2000000,7925,9711,completed_requested_iterations,,2026-07-12T05:35:46.643068+00:00,s3://3dreefs-ben-eu-north1/experiments/ablations/stage2_resolution_fullres_eval/runs/splat_dataset3_sfm_1024_sift_global_res2048_patch400_stage2/ablation_eval/results_splat.csv
D3,dataset3,1024,sift,global,2048,splat_dataset3_sfm_1024_sift_global_res2048_patch400_2m,splat_dataset3_sfm_1024_sift_global_res2048_patch400_stage2,patch,p007,COMPLETE,complete,400,2000000,,0.7314840820100572,25.337049149659148,0.6472431181205643,python_full_resolution_undistorted,full_resolution_undistorted,3485,5227,920.145,2000000,8164,9779,completed_requested_iterations,,2026-07-12T05:55:52.663833+00:00,s3://3dreefs-ben-eu-north1/experiments/ablations/stage2_resolution_fullres_eval/runs/splat_dataset3_sfm_1024_sift_global_res2048_patch400_stage2/ablation_eval/results_splat.csv
D3,dataset3,1024,sift,global,2048,splat_dataset3_sfm_1024_sift_global_res2048_patch400_2m,splat_dataset3_sfm_1024_sift_global_res2048_patch400_stage2,patch,p008,COMPLETE,complete,400,2000000,,0.7561623498797416,25.995571465992224,0.5970613546669483,python_full_resolution_undistorted,full_resolution_undistorted,3483,5221,870.68,2000000,8151,9747,completed_requested_iterations,,2026-07-12T06:15:40.792250+00:00,s3://3dreefs-ben-eu-north1/experiments/ablations/stage2_resolution_fullres_eval/runs/splat_dataset3_sfm_1024_sift_global_res2048_patch400_stage2/ablation_eval/results_splat.csv
D3,dataset3,1024,sift,global,2048,splat_dataset3_sfm_1024_sift_global_res2048_patch400_2m,splat_dataset3_sfm_1024_sift_global_res2048_patch400_stage2,patch,p009,COMPLETE,complete,400,2000000,,0.7137330344745091,24.685977889193786,0.5662735956055778,python_full_resolution_undistorted,full_resolution_undistorted,3483,5221,721.606,2000000,6854,9515,completed_requested_iterations,,2026-07-12T06:28:43.141704+00:00,s3://3dreefs-ben-eu-north1/experiments/ablations/stage2_resolution_fullres_eval/runs/splat_dataset3_sfm_1024_sift_global_res2048_patch400_stage2/ablation_eval/results_splat.csv
D3,dataset3,1024,sift,global,2048,splat_dataset3_sfm_1024_sift_global_res2048_patch400_500k,splat_dataset3_sfm_1024_sift_global_res2048_patch400_stage2,patch,p000,COMPLETE,complete,400,500000,,0.7427014350891114,25.916034827886694,0.6384861622537885,python_full_resolution_undistorted,full_resolution_undistorted,3485,5227,622.645,500000,7275,5397,completed_requested_iterations,,2026-07-11T22:46:11.535129+00:00,s3://3dreefs-ben-eu-north1/experiments/ablations/stage2_resolution_fullres_eval/runs/splat_dataset3_sfm_1024_sift_global_res2048_patch400_stage2/ablation_eval/results_splat.csv
D3,dataset3,1024,sift,global,2048,splat_dataset3_sfm_1024_sift_global_res2048_patch400_500k,splat_dataset3_sfm_1024_sift_global_res2048_patch400_stage2,patch,p001,COMPLETE,complete,400,500000,,0.7461243104189634,27.024269439251416,0.6527906730771065,python_full_resolution_undistorted,full_resolution_undistorted,3485,5227,509.276,500000,7467,8983,completed_requested_iterations,,2026-07-11T22:58:52.965197+00:00,s3://3dreefs-ben-eu-north1/experiments/ablations/stage2_resolution_fullres_eval/runs/splat_dataset3_sfm_1024_sift_global_res2048_patch400_stage2/ablation_eval/results_splat.csv
D3,dataset3,1024,sift,global,2048,splat_dataset3_sfm_1024_sift_global_res2048_patch400_500k,splat_dataset3_sfm_1024_sift_global_res2048_patch400_stage2,patch,p002,COMPLETE,complete,400,500000,,0.7283327778180441,26.235620251781317,0.6629656751950582,python_full_resolution_undistorted,full_resolution_undistorted,3485,5227,532.895,500000,7584,9019,completed_requested_iterations,,2026-07-11T23:12:08.893229+00:00,s3://3dreefs-ben-eu-north1/experiments/ablations/stage2_resolution_fullres_eval/runs/splat_dataset3_sfm_1024_sift_global_res2048_patch400_stage2/ablation_eval/results_splat.csv
D3,dataset3,1024,sift,global,2048,splat_dataset3_sfm_1024_sift_global_res2048_patch400_500k,splat_dataset3_sfm_1024_sift_global_res2048_patch400_stage2,patch,p003,COMPLETE,complete,400,500000,,0.7214301064096648,26.819784917646682,0.6695101898292015,python_full_resolution_undistorted,full_resolution_undistorted,3483,5221,530.299,500000,7533,8935,completed_requested_iterations,,2026-07-11T23:24:56.711045+00:00,s3://3dreefs-ben-eu-north1/experiments/ablations/stage2_resolution_fullres_eval/runs/splat_dataset3_sfm_1024_sift_global_res2048_patch400_stage2/ablation_eval/results_splat.csv
D3,dataset3,1024,sift,global,2048,splat_dataset3_sfm_1024_sift_global_res2048_patch400_500k,splat_dataset3_sfm_1024_sift_global_res2048_patch400_stage2,patch,p004,COMPLETE,complete,400,500000,,0.7405240518205306,26.827762140399788,0.6502686142921448,python_full_resolution_undistorted,full_resolution_undistorted,3483,5221,552.543,500000,7602,9025,completed_requested_iterations,,2026-07-11T23:38:43.547678+00:00,s3://3dreefs-ben-eu-north1/experiments/ablations/stage2_resolution_fullres_eval/runs/splat_dataset3_sfm_1024_sift_global_res2048_patch400_stage2/ablation_eval/results_splat.csv
D3,dataset3,1024,sift,global,2048,splat_dataset3_sfm_1024_sift_global_res2048_patch400_500k,splat_dataset3_sfm_1024_sift_global_res2048_patch400_stage2,patch,p005,COMPLETE,complete,400,500000,,0.719746223754353,26.440856223753524,0.673759400844574,python_full_resolution_undistorted,full_resolution_undistorted,3483,5221,530.87,500000,7736,8969,completed_requested_iterations,,2026-07-11T23:52:27.147270+00:00,s3://3dreefs-ben-eu-north1/experiments/ablations/stage2_resolution_fullres_eval/runs/splat_dataset3_sfm_1024_sift_global_res2048_patch400_stage2/ablation_eval/results_splat.csv
D3,dataset3,1024,sift,global,2048,splat_dataset3_sfm_1024_sift_global_res2048_patch400_500k,splat_dataset3_sfm_1024_sift_global_res2048_patch400_stage2,patch,p006,COMPLETE,complete,400,500000,,0.7363324248128467,25.516907791782806,0.6662261469496621,python_full_resolution_undistorted,full_resolution_undistorted,3483,5221,552.858,500000,7751,8975,completed_requested_iterations,,2026-07-12T00:06:25.104572+00:00,s3://3dreefs-ben-eu-north1/experiments/ablations/stage2_resolution_fullres_eval/runs/splat_dataset3_sfm_1024_sift_global_res2048_patch400_stage2/ablation_eval/results_splat.csv
D3,dataset3,1024,sift,global,2048,splat_dataset3_sfm_1024_sift_global_res2048_patch400_500k,splat_dataset3_sfm_1024_sift_global_res2048_patch400_stage2,patch,p007,COMPLETE,complete,400,500000,,0.7264685349331962,26.399176024382896,0.6781211958991157,python_full_resolution_undistorted,full_resolution_undistorted,3485,5227,518.916,500000,7689,9039,completed_requested_iterations,,2026-07-12T00:19:45.575569+00:00,s3://3dreefs-ben-eu-north1/experiments/ablations/stage2_resolution_fullres_eval/runs/splat_dataset3_sfm_1024_sift_global_res2048_patch400_stage2/ablation_eval/results_splat.csv
D3,dataset3,1024,sift,global,2048,splat_dataset3_sfm_1024_sift_global_res2048_patch400_500k,splat_dataset3_sfm_1024_sift_global_res2048_patch400_stage2,patch,p008,COMPLETE,complete,400,500000,,0.7479613274335861,26.611889770036516,0.6492354229092598,python_full_resolution_undistorted,full_resolution_undistorted,3483,5221,540.304,500000,8012,8995,completed_requested_iterations,,2026-07-12T00:34:07.738759+00:00,s3://3dreefs-ben-eu-north1/experiments/ablations/stage2_resolution_fullres_eval/runs/splat_dataset3_sfm_1024_sift_global_res2048_patch400_stage2/ablation_eval/results_splat.csv
D3,dataset3,1024,sift,global,2048,splat_dataset3_sfm_1024_sift_global_res2048_patch400_500k,splat_dataset3_sfm_1024_sift_global_res2048_patch400_stage2,patch,p009,COMPLETE,complete,400,500000,,0.7242290462766375,24.94517465966016,0.6303183521543231,python_full_resolution_undistorted,full_resolution_undistorted,3483,5221,472.423,500000,6536,8755,completed_requested_iterations,,2026-07-12T00:42:58.459109+00:00,s3://3dreefs-ben-eu-north1/experiments/ablations/stage2_resolution_fullres_eval/runs/splat_dataset3_sfm_1024_sift_global_res2048_patch400_stage2/ablation_eval/results_splat.csv
D3,dataset3,1024,sift,global,2048,splat_dataset3_sfm_1024_sift_global_res2048_patch800_1m,splat_dataset3_sfm_1024_sift_global_res2048_patch800_stage2,patch,p000,COMPLETE,complete,800,1000000,,0.7256683284236539,22.858118907103318,0.6738709999668983,python_full_resolution_undistorted,full_resolution_undistorted,3485,5227,810.448,1000000,8622,5397,completed_requested_iterations,,2026-07-12T00:17:28.333545+00:00,s3://3dreefs-ben-eu-north1/experiments/ablations/stage2_resolution_fullres_eval/runs/splat_dataset3_sfm_1024_sift_global_res2048_patch800_stage2/ablation_eval/results_splat.csv
D3,dataset3,1024,sift,global,2048,splat_dataset3_sfm_1024_sift_global_res2048_patch800_1m,splat_dataset3_sfm_1024_sift_global_res2048_patch800_stage2,patch,p001,COMPLETE,complete,800,1000000,,0.7019691721337741,21.105347961368427,0.7171047427615181,python_full_resolution_undistorted,full_resolution_undistorted,3483,5221,795.691,1000000,9079,9413,completed_requested_iterations,,2026-07-12T00:38:22.319951+00:00,s3://3dreefs-ben-eu-north1/experiments/ablations/stage2_resolution_fullres_eval/runs/splat_dataset3_sfm_1024_sift_global_res2048_patch800_stage2/ablation_eval/results_splat.csv
D3,dataset3,1024,sift,global,2048,splat_dataset3_sfm_1024_sift_global_res2048_patch800_1m,splat_dataset3_sfm_1024_sift_global_res2048_patch800_stage2,patch,p002,COMPLETE,complete,800,1000000,,0.6778599818547567,19.1072304263073,0.7474934911727905,python_full_resolution_undistorted,full_resolution_undistorted,3483,5221,769.141,1000000,9897,9533,completed_requested_iterations,,2026-07-12T01:00:19.726886+00:00,s3://3dreefs-ben-eu-north1/experiments/ablations/stage2_resolution_fullres_eval/runs/splat_dataset3_sfm_1024_sift_global_res2048_patch800_stage2/ablation_eval/results_splat.csv
D3,dataset3,1024,sift,global,2048,splat_dataset3_sfm_1024_sift_global_res2048_patch800_1m,splat_dataset3_sfm_1024_sift_global_res2048_patch800_stage2,patch,p003,COMPLETE,complete,800,1000000,,0.6840213846850705,19.157900715233012,0.7419957944325039,python_full_resolution_undistorted,full_resolution_undistorted,3485,5227,760.465,1000000,10170,9475,completed_requested_iterations,,2026-07-12T01:22:25.102470+00:00,s3://3dreefs-ben-eu-north1/experiments/ablations/stage2_resolution_fullres_eval/runs/splat_dataset3_sfm_1024_sift_global_res2048_patch800_stage2/ablation_eval/results_splat.csv
D3,dataset3,1024,sift,global,2048,splat_dataset3_sfm_1024_sift_global_res2048_patch800_2m,splat_dataset3_sfm_1024_sift_global_res2048_patch800_stage2,patch,p000,COMPLETE,complete,800,2000000,,0.6932441246125006,18.57400595768701,0.7313557199893459,python_full_resolution_undistorted,full_resolution_undistorted,3485,5227,881.757,2000000,8698,5397,completed_requested_iterations,,2026-07-12T01:51:01.399512+00:00,s3://3dreefs-ben-eu-north1/experiments/ablations/stage2_resolution_fullres_eval/runs/splat_dataset3_sfm_1024_sift_global_res2048_patch800_stage2/ablation_eval/results_splat.csv
D3,dataset3,1024,sift,global,2048,splat_dataset3_sfm_1024_sift_global_res2048_patch800_2m,splat_dataset3_sfm_1024_sift_global_res2048_patch800_stage2,patch,p001,COMPLETE,complete,800,2000000,,0.6846903357349459,18.83721307971098,0.7437443860241624,python_full_resolution_undistorted,full_resolution_undistorted,3483,5221,842.123,2000000,11043,9807,completed_requested_iterations,,2026-07-12T02:12:30.998125+00:00,s3://3dreefs-ben-eu-north1/experiments/ablations/stage2_resolution_fullres_eval/runs/splat_dataset3_sfm_1024_sift_global_res2048_patch800_stage2/ablation_eval/results_splat.csv
D3,dataset3,1024,sift,global,2048,splat_dataset3_sfm_1024_sift_global_res2048_patch800_2m,splat_dataset3_sfm_1024_sift_global_res2048_patch800_stage2,patch,p002,COMPLETE,complete,800,2000000,,0.6667644842465719,17.85447978175558,0.7666726533571879,python_full_resolution_undistorted,full_resolution_undistorted,3483,5221,870.203,2000000,10001,9979,completed_requested_iterations,,2026-07-12T02:35:59.888030+00:00,s3://3dreefs-ben-eu-north1/experiments/ablations/stage2_resolution_fullres_eval/runs/splat_dataset3_sfm_1024_sift_global_res2048_patch800_stage2/ablation_eval/results_splat.csv
D3,dataset3,1024,sift,global,2048,splat_dataset3_sfm_1024_sift_global_res2048_patch800_2m,splat_dataset3_sfm_1024_sift_global_res2048_patch800_stage2,patch,p003,COMPLETE,complete,800,2000000,,0.6714306620808391,17.505572148943997,0.7609207258596049,python_full_resolution_undistorted,full_resolution_undistorted,3485,5227,871.369,2000000,10182,9927,completed_requested_iterations,,2026-07-12T02:59:49.587139+00:00,s3://3dreefs-ben-eu-north1/experiments/ablations/stage2_resolution_fullres_eval/runs/splat_dataset3_sfm_1024_sift_global_res2048_patch800_stage2/ablation_eval/results_splat.csv
D3,dataset3,1024,sift,global,2048,splat_dataset3_sfm_1024_sift_global_res2048_patch800_500k,splat_dataset3_sfm_1024_sift_global_res2048_patch800_stage2,patch,p000,COMPLETE,complete,800,500000,,0.7376175580486175,25.448970738227217,0.6685645320723134,python_full_resolution_undistorted,full_resolution_undistorted,3485,5227,691.928,500000,8609,5397,completed_requested_iterations,,2026-07-11T22:50:03.793368+00:00,s3://3dreefs-ben-eu-north1/experiments/ablations/stage2_resolution_fullres_eval/runs/splat_dataset3_sfm_1024_sift_global_res2048_patch800_stage2/ablation_eval/results_splat.csv
D3,dataset3,1024,sift,global,2048,splat_dataset3_sfm_1024_sift_global_res2048_patch800_500k,splat_dataset3_sfm_1024_sift_global_res2048_patch800_stage2,patch,p001,COMPLETE,complete,800,500000,,0.7224750802165172,25.05873597577638,0.6893590786417977,python_full_resolution_undistorted,full_resolution_undistorted,3483,5221,616.936,500000,9067,9185,completed_requested_iterations,,2026-07-11T23:07:56.486183+00:00,s3://3dreefs-ben-eu-north1/experiments/ablations/stage2_resolution_fullres_eval/runs/splat_dataset3_sfm_1024_sift_global_res2048_patch800_stage2/ablation_eval/results_splat.csv
D3,dataset3,1024,sift,global,2048,splat_dataset3_sfm_1024_sift_global_res2048_patch800_500k,splat_dataset3_sfm_1024_sift_global_res2048_patch800_stage2,patch,p002,COMPLETE,complete,800,500000,,0.7028454891840616,23.11229976619657,0.7092290512720744,python_full_resolution_undistorted,full_resolution_undistorted,3483,5221,690.277,500000,10047,9217,completed_requested_iterations,,2026-07-11T23:28:37.988111+00:00,s3://3dreefs-ben-eu-north1/experiments/ablations/stage2_resolution_fullres_eval/runs/splat_dataset3_sfm_1024_sift_global_res2048_patch800_stage2/ablation_eval/results_splat.csv
D3,dataset3,1024,sift,global,2048,splat_dataset3_sfm_1024_sift_global_res2048_patch800_500k,splat_dataset3_sfm_1024_sift_global_res2048_patch800_stage2,patch,p003,COMPLETE,complete,800,500000,,0.7034578725889131,22.068378114235028,0.7149658636613325,python_full_resolution_undistorted,full_resolution_undistorted,3485,5227,697.266,500000,10007,9295,completed_requested_iterations,,2026-07-11T23:49:51.480227+00:00,s3://3dreefs-ben-eu-north1/experiments/ablations/stage2_resolution_fullres_eval/runs/splat_dataset3_sfm_1024_sift_global_res2048_patch800_stage2/ablation_eval/results_splat.csv
D3,dataset3,1024,sift,global,full,splat_dataset3_sfm_1024_sift_global_resfull_patch200_1m,splat_dataset3_sfm_1024_sift_global_resfull_patch200_stage2_retry1,patch,p000,COMPLETE,complete,200,1000000,,0.7637451199384836,24.43963945632207,0.5861553458067087,python_full_resolution_undistorted,full_resolution_undistorted,3485,5227,2556.702,1000000,7558,5397,completed_requested_iterations,,2026-07-12T06:09:28.862790+00:00,s3://3dreefs-ben-eu-north1/experiments/ablations/stage2_resolution_fullres_eval/runs/splat_dataset3_sfm_1024_sift_global_resfull_patch200_stage2_retry1/ablation_eval/results_splat.csv
D3,dataset3,1024,sift,global,full,splat_dataset3_sfm_1024_sift_global_resfull_patch200_1m,splat_dataset3_sfm_1024_sift_global_resfull_patch200_stage2_retry1,patch,p002,COMPLETE,complete,200,1000000,,0.7238206764062246,25.347337103518104,0.6425604273875555,python_full_resolution_undistorted,full_resolution_undistorted,3485,5227,2560.759,1000000,7774,10051,completed_requested_iterations,,2026-07-12T06:53:49.001119+00:00,s3://3dreefs-ben-eu-north1/experiments/ablations/stage2_resolution_fullres_eval/runs/splat_dataset3_sfm_1024_sift_global_resfull_patch200_stage2_retry1/ablation_eval/results_splat.csv
D3,dataset3,1024,sift,global,full,splat_dataset3_sfm_1024_sift_global_resfull_patch200_1m,splat_dataset3_sfm_1024_sift_global_resfull_patch200_stage2_retry1,patch,p005,COMPLETE,complete,200,1000000,,0.7520292438566685,24.608364811735157,0.6126067452132702,python_full_resolution_undistorted,full_resolution_undistorted,3483,5221,2635.371,1000000,8660,10109,completed_requested_iterations,,2026-07-12T07:39:47.888700+00:00,s3://3dreefs-ben-eu-north1/experiments/ablations/stage2_resolution_fullres_eval/runs/splat_dataset3_sfm_1024_sift_global_resfull_patch200_stage2_retry1/ablation_eval/results_splat.csv
D3,dataset3,1024,sift,global,full,splat_dataset3_sfm_1024_sift_global_resfull_patch200_1m,splat_dataset3_sfm_1024_sift_global_resfull_patch200_stage2_retry1,patch,p007,COMPLETE,complete,200,1000000,,0.7574133351445198,27.502328972122164,0.5516632907092571,python_full_resolution_undistorted,full_resolution_undistorted,3483,5221,2687.411,1000000,7527,10221,completed_requested_iterations,,2026-07-12T08:25:36.161484+00:00,s3://3dreefs-ben-eu-north1/experiments/ablations/stage2_resolution_fullres_eval/runs/splat_dataset3_sfm_1024_sift_global_resfull_patch200_stage2_retry1/ablation_eval/results_splat.csv
D3,dataset3,1024,sift,global,full,splat_dataset3_sfm_1024_sift_global_resfull_patch200_1m,splat_dataset3_sfm_1024_sift_global_resfull_patch200_stage2_retry1,patch,p010,COMPLETE,complete,200,1000000,,0.7407474432672773,26.862149419625222,0.6037070069994245,python_full_resolution_undistorted,full_resolution_undistorted,3483,5221,2601.364,1000000,7449,10251,completed_requested_iterations,,2026-07-12T09:09:51.928494+00:00,s3://3dreefs-ben-eu-north1/experiments/ablations/stage2_resolution_fullres_eval/runs/splat_dataset3_sfm_1024_sift_global_resfull_patch200_stage2_retry1/ablation_eval/results_splat.csv
D3,dataset3,1024,sift,global,full,splat_dataset3_sfm_1024_sift_global_resfull_patch200_1m,splat_dataset3_sfm_1024_sift_global_resfull_patch200_stage2_retry1,patch,p012,COMPLETE,complete,200,1000000,,0.6219709515571594,22.972850952594882,0.6514265537261963,python_full_resolution_undistorted,full_resolution_undistorted,3485,5227,2288.642,1000000,6389,9327,completed_requested_iterations,,2026-07-12T09:48:22.510057+00:00,s3://3dreefs-ben-eu-north1/experiments/ablations/stage2_resolution_fullres_eval/runs/splat_dataset3_sfm_1024_sift_global_resfull_patch200_stage2_retry1/ablation_eval/results_splat.csv
D3,dataset3,1024,sift,global,full,splat_dataset3_sfm_1024_sift_global_resfull_patch200_1m,splat_dataset3_sfm_1024_sift_global_resfull_patch200_stage2_retry1,patch,p015,COMPLETE,complete,200,1000000,,0.6961645722389221,29.49937626970786,0.6400536060333252,python_full_resolution_undistorted,full_resolution_undistorted,3485,5227,2548.617,1000000,7121,10109,completed_requested_iterations,,2026-07-12T10:31:27.687085+00:00,s3://3dreefs-ben-eu-north1/experiments/ablations/stage2_resolution_fullres_eval/runs/splat_dataset3_sfm_1024_sift_global_resfull_patch200_stage2_retry1/ablation_eval/results_splat.csv
D3,dataset3,1024,sift,global,full,splat_dataset3_sfm_1024_sift_global_resfull_patch200_1m,splat_dataset3_sfm_1024_sift_global_resfull_patch200_stage2_retry1,patch,p017,COMPLETE,complete,200,1000000,,0.7055546542008718,25.505543896135578,0.6775098840395609,python_full_resolution_undistorted,full_resolution_undistorted,3483,5221,2408.541,1000000,7121,9761,completed_requested_iterations,,2026-07-12T11:12:22.325208+00:00,s3://3dreefs-ben-eu-north1/experiments/ablations/stage2_resolution_fullres_eval/runs/splat_dataset3_sfm_1024_sift_global_resfull_patch200_stage2_retry1/ablation_eval/results_splat.csv
D3,dataset3,1024,sift,global,full,splat_dataset3_sfm_1024_sift_global_resfull_patch200_1m,splat_dataset3_sfm_1024_sift_global_resfull_patch200_stage2_retry1,patch,p020,COMPLETE,complete,200,1000000,,0.7726820839775933,27.16593602913794,0.5404453244474199,python_full_resolution_undistorted,full_resolution_undistorted,3483,5221,2563.36,1000000,7762,9977,completed_requested_iterations,,2026-07-12T11:56:19.006937+00:00,s3://3dreefs-ben-eu-north1/experiments/ablations/stage2_resolution_fullres_eval/runs/splat_dataset3_sfm_1024_sift_global_resfull_patch200_stage2_retry1/ablation_eval/results_splat.csv
D3,dataset3,1024,sift,global,full,splat_dataset3_sfm_1024_sift_global_resfull_patch200_1m,splat_dataset3_sfm_1024_sift_global_resfull_patch200_stage2_retry1,patch,p023,COMPLETE,complete,200,1000000,,0.6997786263624827,28.198198293528836,0.678001602490743,python_full_resolution_undistorted,full_resolution_undistorted,3483,5221,2407.604,1000000,7164,10083,completed_requested_iterations,,2026-07-12T12:37:09.623307+00:00,s3://3dreefs-ben-eu-north1/experiments/ablations/stage2_resolution_fullres_eval/runs/splat_dataset3_sfm_1024_sift_global_resfull_patch200_stage2_retry1/ablation_eval/results_splat.csv
D3,dataset3,1024,sift,global,full,splat_dataset3_sfm_1024_sift_global_resfull_patch200_2m,splat_dataset3_sfm_1024_sift_global_resfull_patch200_stage2_retry1,patch,p000,COMPLETE,complete,200,2000000,,0.7664104745938227,24.224950320507972,0.560708456314527,python_full_resolution_undistorted,full_resolution_undistorted,3485,5227,2981.202,2000000,7666,6495,completed_requested_iterations,,2026-07-12T13:34:52.803110+00:00,s3://3dreefs-ben-eu-north1/experiments/ablations/stage2_resolution_fullres_eval/runs/splat_dataset3_sfm_1024_sift_global_resfull_patch200_stage2_retry1/ablation_eval/results_splat.csv
D3,dataset3,1024,sift,global,full,splat_dataset3_sfm_1024_sift_global_resfull_patch200_2m,splat_dataset3_sfm_1024_sift_global_resfull_patch200_stage2_retry1,patch,p002,COMPLETE,complete,200,2000000,,0.725826750199,25.171787513046084,0.6174598882595698,python_full_resolution_undistorted,full_resolution_undistorted,3485,5227,2978.228,2000000,7807,11003,completed_requested_iterations,,2026-07-12T14:26:05.746567+00:00,s3://3dreefs-ben-eu-north1/experiments/ablations/stage2_resolution_fullres_eval/runs/splat_dataset3_sfm_1024_sift_global_resfull_patch200_stage2_retry1/ablation_eval/results_splat.csv
D3,dataset3,1024,sift,global,full,splat_dataset3_sfm_1024_sift_global_resfull_patch200_2m,splat_dataset3_sfm_1024_sift_global_resfull_patch200_stage2_retry1,patch,p005,COMPLETE,complete,200,2000000,,0.7540317177772522,24.295449484355053,0.5915075875818729,python_full_resolution_undistorted,full_resolution_undistorted,3483,5221,3262.635,2000000,10262,15019,completed_requested_iterations,,2026-07-12T15:22:40.999438+00:00,s3://3dreefs-ben-eu-north1/experiments/ablations/stage2_resolution_fullres_eval/runs/splat_dataset3_sfm_1024_sift_global_resfull_patch200_stage2_retry1/ablation_eval/results_splat.csv
D3,dataset3,1024,sift,global,full,splat_dataset3_sfm_1024_sift_global_resfull_patch200_2m,splat_dataset3_sfm_1024_sift_global_resfull_patch200_stage2_retry1,patch,p007,COMPLETE,complete,200,2000000,,0.7653501257300377,27.557971020495298,0.5129818394780159,python_full_resolution_undistorted,full_resolution_undistorted,3483,5221,3035.681,2000000,9060,10775,completed_requested_iterations,,2026-07-12T16:14:24.055878+00:00,s3://3dreefs-ben-eu-north1/experiments/ablations/stage2_resolution_fullres_eval/runs/splat_dataset3_sfm_1024_sift_global_resfull_patch200_stage2_retry1/ablation_eval/results_splat.csv
D3,dataset3,1024,sift,global,full,splat_dataset3_sfm_1024_sift_global_resfull_patch200_2m,splat_dataset3_sfm_1024_sift_global_resfull_patch200_stage2_retry1,patch,p010,COMPLETE,complete,200,2000000,,0.7388339383261544,26.647372267374887,0.5784921050071716,python_full_resolution_undistorted,full_resolution_undistorted,3483,5221,2940.25,2000000,7040,10545,completed_requested_iterations,,2026-07-12T17:04:21.789841+00:00,s3://3dreefs-ben-eu-north1/experiments/ablations/stage2_resolution_fullres_eval/runs/splat_dataset3_sfm_1024_sift_global_resfull_patch200_stage2_retry1/ablation_eval/results_splat.csv
D3,dataset3,1024,sift,global,full,splat_dataset3_sfm_1024_sift_global_resfull_patch200_2m,splat_dataset3_sfm_1024_sift_global_resfull_patch200_stage2_retry1,patch,p012,COMPLETE,complete,200,2000000,,0.609707236289978,22.7251192520766,0.6145004133383433,python_full_resolution_undistorted,full_resolution_undistorted,3485,5227,2598.142,2000000,6076,10071,completed_requested_iterations,,2026-07-12T17:48:03.521646+00:00,s3://3dreefs-ben-eu-north1/experiments/ablations/stage2_resolution_fullres_eval/runs/splat_dataset3_sfm_1024_sift_global_resfull_patch200_stage2_retry1/ablation_eval/results_splat.csv
D3,dataset3,1024,sift,global,full,splat_dataset3_sfm_1024_sift_global_resfull_patch200_2m,splat_dataset3_sfm_1024_sift_global_resfull_patch200_stage2_retry1,patch,p015,COMPLETE,complete,200,2000000,,0.6945734024047852,29.497038636926014,0.5952142715454102,python_full_resolution_undistorted,full_resolution_undistorted,3485,5227,2877.919,2000000,6726,10437,completed_requested_iterations,,2026-07-12T18:36:41.385485+00:00,s3://3dreefs-ben-eu-north1/experiments/ablations/stage2_resolution_fullres_eval/runs/splat_dataset3_sfm_1024_sift_global_resfull_patch200_stage2_retry1/ablation_eval/results_splat.csv
D3,dataset3,1024,sift,global,full,splat_dataset3_sfm_1024_sift_global_resfull_patch200_2m,splat_dataset3_sfm_1024_sift_global_resfull_patch200_stage2_retry1,patch,p017,COMPLETE,complete,200,2000000,,0.6985901494820913,25.437672451014837,0.6552722056706747,python_full_resolution_undistorted,full_resolution_undistorted,3483,5221,2762.737,2000000,6760,10189,completed_requested_iterations,,2026-07-12T19:23:32.751019+00:00,s3://3dreefs-ben-eu-north1/experiments/ablations/stage2_resolution_fullres_eval/runs/splat_dataset3_sfm_1024_sift_global_resfull_patch200_stage2_retry1/ablation_eval/results_splat.csv
D3,dataset3,1024,sift,global,full,splat_dataset3_sfm_1024_sift_global_resfull_patch200_2m,splat_dataset3_sfm_1024_sift_global_resfull_patch200_stage2_retry1,patch,p020,COMPLETE,complete,200,2000000,,0.7769904534022013,27.06609769416933,0.5004938377274407,python_full_resolution_undistorted,full_resolution_undistorted,3483,5221,2941.075,2000000,7380,10719,completed_requested_iterations,,2026-07-12T20:13:54.228271+00:00,s3://3dreefs-ben-eu-north1/experiments/ablations/stage2_resolution_fullres_eval/runs/splat_dataset3_sfm_1024_sift_global_resfull_patch200_stage2_retry1/ablation_eval/results_splat.csv
D3,dataset3,1024,sift,global,full,splat_dataset3_sfm_1024_sift_global_resfull_patch200_2m,splat_dataset3_sfm_1024_sift_global_resfull_patch200_stage2_retry1,patch,p023,COMPLETE,complete,200,2000000,,0.6999395291010538,28.277154381978615,0.6527239084243774,python_full_resolution_undistorted,full_resolution_undistorted,3483,5221,2762.83,2000000,6740,25949,completed_requested_iterations,,2026-07-12T21:00:44.094623+00:00,s3://3dreefs-ben-eu-north1/experiments/ablations/stage2_resolution_fullres_eval/runs/splat_dataset3_sfm_1024_sift_global_resfull_patch200_stage2_retry1/ablation_eval/results_splat.csv
D3,dataset3,1024,sift,global,full,splat_dataset3_sfm_1024_sift_global_resfull_patch200_500k,splat_dataset3_sfm_1024_sift_global_resfull_patch200_stage2_retry1,patch,p000,COMPLETE,complete,200,500000,,0.7577924269896287,24.50376016408559,0.6190295219421387,python_full_resolution_undistorted,full_resolution_undistorted,3485,5227,2341.545,500000,7650,5397,completed_requested_iterations,,2026-07-11T23:29:00.267711+00:00,s3://3dreefs-ben-eu-north1/experiments/ablations/stage2_resolution_fullres_eval/runs/splat_dataset3_sfm_1024_sift_global_resfull_patch200_stage2_retry1/ablation_eval/results_splat.csv
D3,dataset3,1024,sift,global,full,splat_dataset3_sfm_1024_sift_global_resfull_patch200_500k,splat_dataset3_sfm_1024_sift_global_resfull_patch200_stage2_retry1,patch,p002,COMPLETE,complete,200,500000,,0.7187829911708832,25.263795195062414,0.6681173195441564,python_full_resolution_undistorted,full_resolution_undistorted,3485,5227,2309.938,500000,7748,9917,completed_requested_iterations,,2026-07-12T00:09:09.654216+00:00,s3://3dreefs-ben-eu-north1/experiments/ablations/stage2_resolution_fullres_eval/runs/splat_dataset3_sfm_1024_sift_global_resfull_patch200_stage2_retry1/ablation_eval/results_splat.csv
D3,dataset3,1024,sift,global,full,splat_dataset3_sfm_1024_sift_global_resfull_patch200_500k,splat_dataset3_sfm_1024_sift_global_resfull_patch200_stage2_retry1,patch,p005,COMPLETE,complete,200,500000,,0.747333861887455,25.036334561463846,0.6387256234884262,python_full_resolution_undistorted,full_resolution_undistorted,3483,5221,2372.387,500000,8261,10003,completed_requested_iterations,,2026-07-12T00:50:48.167580+00:00,s3://3dreefs-ben-eu-north1/experiments/ablations/stage2_resolution_fullres_eval/runs/splat_dataset3_sfm_1024_sift_global_resfull_patch200_stage2_retry1/ablation_eval/results_splat.csv
D3,dataset3,1024,sift,global,full,splat_dataset3_sfm_1024_sift_global_resfull_patch200_500k,splat_dataset3_sfm_1024_sift_global_resfull_patch200_stage2_retry1,patch,p007,COMPLETE,complete,200,500000,,0.7439392954111099,27.46408604019371,0.594968892633915,python_full_resolution_undistorted,full_resolution_undistorted,3483,5221,2380.771,500000,7020,9733,completed_requested_iterations,,2026-07-12T01:31:34.100509+00:00,s3://3dreefs-ben-eu-north1/experiments/ablations/stage2_resolution_fullres_eval/runs/splat_dataset3_sfm_1024_sift_global_resfull_patch200_stage2_retry1/ablation_eval/results_splat.csv
D3,dataset3,1024,sift,global,full,splat_dataset3_sfm_1024_sift_global_resfull_patch200_500k,splat_dataset3_sfm_1024_sift_global_resfull_patch200_stage2_retry1,patch,p010,COMPLETE,complete,200,500000,,0.7383153097970145,26.918665026977312,0.6232563257217407,python_full_resolution_undistorted,full_resolution_undistorted,3483,5221,2336.365,500000,6948,9891,completed_requested_iterations,,2026-07-12T02:11:26.651623+00:00,s3://3dreefs-ben-eu-north1/experiments/ablations/stage2_resolution_fullres_eval/runs/splat_dataset3_sfm_1024_sift_global_resfull_patch200_stage2_retry1/ablation_eval/results_splat.csv
D3,dataset3,1024,sift,global,full,splat_dataset3_sfm_1024_sift_global_resfull_patch200_500k,splat_dataset3_sfm_1024_sift_global_resfull_patch200_stage2_retry1,patch,p012,COMPLETE,complete,200,500000,,0.6294523874918619,23.448025110981547,0.6860615809758505,python_full_resolution_undistorted,full_resolution_undistorted,3485,5227,2121.976,500000,5960,9063,completed_requested_iterations,,2026-07-12T02:47:11.879632+00:00,s3://3dreefs-ben-eu-north1/experiments/ablations/stage2_resolution_fullres_eval/runs/splat_dataset3_sfm_1024_sift_global_resfull_patch200_stage2_retry1/ablation_eval/results_splat.csv
D3,dataset3,1024,sift,global,full,splat_dataset3_sfm_1024_sift_global_resfull_patch200_500k,splat_dataset3_sfm_1024_sift_global_resfull_patch200_stage2_retry1,patch,p015,COMPLETE,complete,200,500000,,0.6920564413070679,29.5217522014035,0.6709246277809143,python_full_resolution_undistorted,full_resolution_undistorted,3485,5227,2294.445,500000,6648,9815,completed_requested_iterations,,2026-07-12T03:26:05.792305+00:00,s3://3dreefs-ben-eu-north1/experiments/ablations/stage2_resolution_fullres_eval/runs/splat_dataset3_sfm_1024_sift_global_resfull_patch200_stage2_retry1/ablation_eval/results_splat.csv
D3,dataset3,1024,sift,global,full,splat_dataset3_sfm_1024_sift_global_resfull_patch200_500k,splat_dataset3_sfm_1024_sift_global_resfull_patch200_stage2_retry1,patch,p017,COMPLETE,complete,200,500000,,0.7080837488174438,25.6114528156286,0.6940121650695801,python_full_resolution_undistorted,full_resolution_undistorted,3483,5221,2123.478,500000,6705,9497,completed_requested_iterations,,2026-07-12T04:02:16.350667+00:00,s3://3dreefs-ben-eu-north1/experiments/ablations/stage2_resolution_fullres_eval/runs/splat_dataset3_sfm_1024_sift_global_resfull_patch200_stage2_retry1/ablation_eval/results_splat.csv
D3,dataset3,1024,sift,global,full,splat_dataset3_sfm_1024_sift_global_resfull_patch200_500k,splat_dataset3_sfm_1024_sift_global_resfull_patch200_stage2_retry1,patch,p020,COMPLETE,complete,200,500000,,0.7637310359213088,26.900571239757813,0.5828919344478183,python_full_resolution_undistorted,full_resolution_undistorted,3483,5221,2344.6,500000,7288,9969,completed_requested_iterations,,2026-07-12T04:42:37.036881+00:00,s3://3dreefs-ben-eu-north1/experiments/ablations/stage2_resolution_fullres_eval/runs/splat_dataset3_sfm_1024_sift_global_resfull_patch200_stage2_retry1/ablation_eval/results_splat.csv
D3,dataset3,1024,sift,global,full,splat_dataset3_sfm_1024_sift_global_resfull_patch200_500k,splat_dataset3_sfm_1024_sift_global_resfull_patch200_stage2_retry1,patch,p023,COMPLETE,complete,200,500000,,0.6990558703740438,28.218421144371224,0.6929352283477783,python_full_resolution_undistorted,full_resolution_undistorted,3483,5221,2124.593,500000,6671,9787,completed_requested_iterations,,2026-07-12T05:18:49.812673+00:00,s3://3dreefs-ben-eu-north1/experiments/ablations/stage2_resolution_fullres_eval/runs/splat_dataset3_sfm_1024_sift_global_resfull_patch200_stage2_retry1/ablation_eval/results_splat.csv
D3,dataset3,1024,sift,global,full,splat_dataset3_sfm_1024_sift_global_resfull_patch400_1m,splat_dataset3_sfm_1024_sift_global_resfull_patch400_stage2,patch,p000,COMPLETE,complete,400,1000000,,0.7480703677449908,25.79895257467605,0.6200008460453579,python_full_resolution_undistorted,full_resolution_undistorted,3485,5227,2702.649,1000000,11393,5397,completed_requested_iterations,,2026-07-12T06:45:06.283713+00:00,s3://3dreefs-ben-eu-north1/experiments/ablations/stage2_resolution_fullres_eval/runs/splat_dataset3_sfm_1024_sift_global_resfull_patch400_stage2/ablation_eval/results_splat.csv
D3,dataset3,1024,sift,global,full,splat_dataset3_sfm_1024_sift_global_resfull_patch400_1m,splat_dataset3_sfm_1024_sift_global_resfull_patch400_stage2,patch,p001,COMPLETE,complete,400,1000000,,0.7511778306216002,27.004379752105486,0.63550840690732,python_full_resolution_undistorted,full_resolution_undistorted,3485,5227,2654.041,1000000,11486,10345,completed_requested_iterations,,2026-07-12T07:33:37.940762+00:00,s3://3dreefs-ben-eu-north1/experiments/ablations/stage2_resolution_fullres_eval/runs/splat_dataset3_sfm_1024_sift_global_resfull_patch400_stage2/ablation_eval/results_splat.csv
D3,dataset3,1024,sift,global,full,splat_dataset3_sfm_1024_sift_global_resfull_patch400_1m,splat_dataset3_sfm_1024_sift_global_resfull_patch400_stage2,patch,p002,COMPLETE,complete,400,1000000,,0.7292850414911906,25.474709569737644,0.6529281590924119,python_full_resolution_undistorted,full_resolution_undistorted,3485,5227,2818.488,1000000,12111,10247,completed_requested_iterations,,2026-07-12T08:24:42.859915+00:00,s3://3dreefs-ben-eu-north1/experiments/ablations/stage2_resolution_fullres_eval/runs/splat_dataset3_sfm_1024_sift_global_resfull_patch400_stage2/ablation_eval/results_splat.csv
D3,dataset3,1024,sift,global,full,splat_dataset3_sfm_1024_sift_global_resfull_patch400_1m,splat_dataset3_sfm_1024_sift_global_resfull_patch400_stage2,patch,p003,COMPLETE,complete,400,1000000,,0.7252103727439354,26.595431170657104,0.6531994671657168,python_full_resolution_undistorted,full_resolution_undistorted,3483,5221,2731.309,1000000,10523,10297,completed_requested_iterations,,2026-07-12T09:13:58.502426+00:00,s3://3dreefs-ben-eu-north1/experiments/ablations/stage2_resolution_fullres_eval/runs/splat_dataset3_sfm_1024_sift_global_resfull_patch400_stage2/ablation_eval/results_splat.csv
D3,dataset3,1024,sift,global,full,splat_dataset3_sfm_1024_sift_global_resfull_patch400_1m,splat_dataset3_sfm_1024_sift_global_resfull_patch400_stage2,patch,p004,COMPLETE,complete,400,1000000,,0.7456018293605131,26.57132632672784,0.6342643183820388,python_full_resolution_undistorted,full_resolution_undistorted,3483,5221,2661.749,1000000,12218,10637,completed_requested_iterations,,2026-07-12T10:02:39.249376+00:00,s3://3dreefs-ben-eu-north1/experiments/ablations/stage2_resolution_fullres_eval/runs/splat_dataset3_sfm_1024_sift_global_resfull_patch400_stage2/ablation_eval/results_splat.csv
D3,dataset3,1024,sift,global,full,splat_dataset3_sfm_1024_sift_global_resfull_patch400_1m,splat_dataset3_sfm_1024_sift_global_resfull_patch400_stage2,patch,p005,COMPLETE,complete,400,1000000,,0.7217697087261412,25.893254176241687,0.6607393274704615,python_full_resolution_undistorted,full_resolution_undistorted,3483,5221,2694.825,1000000,12498,10395,completed_requested_iterations,,2026-07-12T10:51:55.510107+00:00,s3://3dreefs-ben-eu-north1/experiments/ablations/stage2_resolution_fullres_eval/runs/splat_dataset3_sfm_1024_sift_global_resfull_patch400_stage2/ablation_eval/results_splat.csv
D3,dataset3,1024,sift,global,full,splat_dataset3_sfm_1024_sift_global_resfull_patch400_1m,splat_dataset3_sfm_1024_sift_global_resfull_patch400_stage2,patch,p006,COMPLETE,complete,400,1000000,,0.7285656167401208,23.80254365971035,0.6722799837589264,python_full_resolution_undistorted,full_resolution_undistorted,3483,5221,3176.265,1000000,12529,11343,completed_requested_iterations,,2026-07-12T11:49:14.135777+00:00,s3://3dreefs-ben-eu-north1/experiments/ablations/stage2_resolution_fullres_eval/runs/splat_dataset3_sfm_1024_sift_global_resfull_patch400_stage2/ablation_eval/results_splat.csv
D3,dataset3,1024,sift,global,full,splat_dataset3_sfm_1024_sift_global_resfull_patch400_1m,splat_dataset3_sfm_1024_sift_global_resfull_patch400_stage2,patch,p007,COMPLETE,complete,400,1000000,,0.7273961421516206,25.890668829965556,0.667633162604438,python_full_resolution_undistorted,full_resolution_undistorted,3485,5227,2865.976,1000000,12294,10235,completed_requested_iterations,,2026-07-12T12:41:20.783667+00:00,s3://3dreefs-ben-eu-north1/experiments/ablations/stage2_resolution_fullres_eval/runs/splat_dataset3_sfm_1024_sift_global_resfull_patch400_stage2/ablation_eval/results_splat.csv
D3,dataset3,1024,sift,global,full,splat_dataset3_sfm_1024_sift_global_resfull_patch400_1m,splat_dataset3_sfm_1024_sift_global_resfull_patch400_stage2,patch,p008,COMPLETE,complete,400,1000000,,0.7522904857993126,26.352309623988738,0.6311145514249802,python_full_resolution_undistorted,full_resolution_undistorted,3483,5221,2712.39,1000000,12327,10327,completed_requested_iterations,,2026-07-12T13:31:32.979613+00:00,s3://3dreefs-ben-eu-north1/experiments/ablations/stage2_resolution_fullres_eval/runs/splat_dataset3_sfm_1024_sift_global_resfull_patch400_stage2/ablation_eval/results_splat.csv
D3,dataset3,1024,sift,global,full,splat_dataset3_sfm_1024_sift_global_resfull_patch400_1m,splat_dataset3_sfm_1024_sift_global_resfull_patch400_stage2,patch,p009,COMPLETE,complete,400,1000000,,0.7278869662966047,25.128181629932385,0.6059982436043876,python_full_resolution_undistorted,full_resolution_undistorted,3483,5221,2550.622,1000000,7706,10187,completed_requested_iterations,,2026-07-12T14:14:56.240189+00:00,s3://3dreefs-ben-eu-north1/experiments/ablations/stage2_resolution_fullres_eval/runs/splat_dataset3_sfm_1024_sift_global_resfull_patch400_stage2/ablation_eval/results_splat.csv
D3,dataset3,1024,sift,global,full,splat_dataset3_sfm_1024_sift_global_resfull_patch400_2m,splat_dataset3_sfm_1024_sift_global_resfull_patch400_stage2,patch,p000,COMPLETE,complete,400,2000000,,0.7525936773845128,25.527901142650666,0.5979804856436594,python_full_resolution_undistorted,full_resolution_undistorted,3485,5227,3231.896,2000000,13473,7955,completed_requested_iterations,,2026-07-12T15:19:52.492638+00:00,s3://3dreefs-ben-eu-north1/experiments/ablations/stage2_resolution_fullres_eval/runs/splat_dataset3_sfm_1024_sift_global_resfull_patch400_stage2/ablation_eval/results_splat.csv
D3,dataset3,1024,sift,global,full,splat_dataset3_sfm_1024_sift_global_resfull_patch400_2m,splat_dataset3_sfm_1024_sift_global_resfull_patch400_stage2,patch,p001,COMPLETE,complete,400,2000000,,0.7535452879965305,26.43896343374279,0.6186389252543449,python_full_resolution_undistorted,full_resolution_undistorted,3485,5227,3246.174,2000000,13503,11581,completed_requested_iterations,,2026-07-12T16:17:59.535336+00:00,s3://3dreefs-ben-eu-north1/experiments/ablations/stage2_resolution_fullres_eval/runs/splat_dataset3_sfm_1024_sift_global_resfull_patch400_stage2/ablation_eval/results_splat.csv
D3,dataset3,1024,sift,global,full,splat_dataset3_sfm_1024_sift_global_resfull_patch400_2m,splat_dataset3_sfm_1024_sift_global_resfull_patch400_stage2,patch,p002,COMPLETE,complete,400,2000000,,0.7267772934653542,24.305710687064824,0.6500988313646028,python_full_resolution_undistorted,full_resolution_undistorted,3485,5227,3669.443,2000000,11992,18819,completed_requested_iterations,,2026-07-12T17:23:20.793806+00:00,s3://3dreefs-ben-eu-north1/experiments/ablations/stage2_resolution_fullres_eval/runs/splat_dataset3_sfm_1024_sift_global_resfull_patch400_stage2/ablation_eval/results_splat.csv
D3,dataset3,1024,sift,global,full,splat_dataset3_sfm_1024_sift_global_resfull_patch400_2m,splat_dataset3_sfm_1024_sift_global_resfull_patch400_stage2,patch,p003,COMPLETE,complete,400,2000000,,0.7275015033524612,26.290636671361703,0.6346632858802532,python_full_resolution_undistorted,full_resolution_undistorted,3483,5221,3457.489,2000000,12645,11151,completed_requested_iterations,,2026-07-12T18:24:29.809899+00:00,s3://3dreefs-ben-eu-north1/experiments/ablations/stage2_resolution_fullres_eval/runs/splat_dataset3_sfm_1024_sift_global_resfull_patch400_stage2/ablation_eval/results_splat.csv
D3,dataset3,1024,sift,global,full,splat_dataset3_sfm_1024_sift_global_resfull_patch400_2m,splat_dataset3_sfm_1024_sift_global_resfull_patch400_stage2,patch,p004,COMPLETE,complete,400,2000000,,0.7500610404154834,26.327283923067654,0.6113010907874388,python_full_resolution_undistorted,full_resolution_undistorted,3483,5221,3214.664,2000000,12124,10887,completed_requested_iterations,,2026-07-12T19:22:22.701457+00:00,s3://3dreefs-ben-eu-north1/experiments/ablations/stage2_resolution_fullres_eval/runs/splat_dataset3_sfm_1024_sift_global_resfull_patch400_stage2/ablation_eval/results_splat.csv
D3,dataset3,1024,sift,global,full,splat_dataset3_sfm_1024_sift_global_resfull_patch400_2m,splat_dataset3_sfm_1024_sift_global_resfull_patch400_stage2,patch,p005,COMPLETE,complete,400,2000000,,0.720965239736769,25.185326417256018,0.6506505658229192,python_full_resolution_undistorted,full_resolution_undistorted,3483,5221,3547.412,2000000,14025,13009,completed_requested_iterations,,2026-07-12T20:26:04.634633+00:00,s3://3dreefs-ben-eu-north1/experiments/ablations/stage2_resolution_fullres_eval/runs/splat_dataset3_sfm_1024_sift_global_resfull_patch400_stage2/ablation_eval/results_splat.csv
D3,dataset3,1024,sift,global,full,splat_dataset3_sfm_1024_sift_global_resfull_patch400_2m,splat_dataset3_sfm_1024_sift_global_resfull_patch400_stage2,patch,p006,FAILED,complete,400,2000000,,,,,,full_resolution_undistorted,3483,5221,2080.142,,10526,26197,lfs_exit_1,,2026-07-12T21:00:53.991144+00:00,s3://3dreefs-ben-eu-north1/experiments/ablations/stage2_resolution_fullres_eval/runs/splat_dataset3_sfm_1024_sift_global_resfull_patch400_stage2/ablation_eval/results_splat.csv
D3,dataset3,1024,sift,global,full,splat_dataset3_sfm_1024_sift_global_resfull_patch400_2m,splat_dataset3_sfm_1024_sift_global_resfull_patch400_stage2,patch,p007,COMPLETE,complete,400,2000000,,0.7160845067765977,22.656083535500375,0.6849408944447836,python_full_resolution_undistorted,full_resolution_undistorted,3485,5227,3669.326,2000000,12390,17751,completed_requested_iterations,,2026-07-12T22:06:23.674441+00:00,s3://3dreefs-ben-eu-north1/experiments/ablations/stage2_resolution_fullres_eval/runs/splat_dataset3_sfm_1024_sift_global_resfull_patch400_stage2/ablation_eval/results_splat.csv
D3,dataset3,1024,sift,global,full,splat_dataset3_sfm_1024_sift_global_resfull_patch400_2m,splat_dataset3_sfm_1024_sift_global_resfull_patch400_stage2,patch,p008,COMPLETE,complete,400,2000000,,0.7531351134181022,25.70281838179141,0.6151240780949593,python_full_resolution_undistorted,full_resolution_undistorted,3483,5221,3278.199,2000000,12163,11523,completed_requested_iterations,,2026-07-12T23:06:15.990177+00:00,s3://3dreefs-ben-eu-north1/experiments/ablations/stage2_resolution_fullres_eval/runs/splat_dataset3_sfm_1024_sift_global_resfull_patch400_stage2/ablation_eval/results_splat.csv
D3,dataset3,1024,sift,global,full,splat_dataset3_sfm_1024_sift_global_resfull_patch400_2m,splat_dataset3_sfm_1024_sift_global_resfull_patch400_stage2,patch,p009,COMPLETE,complete,400,2000000,,0.7223824347768512,24.909091014895722,0.5762615246432168,python_full_resolution_undistorted,full_resolution_undistorted,3483,5221,2782.503,2000000,7516,10609,completed_requested_iterations,,2026-07-12T23:53:34.689628+00:00,s3://3dreefs-ben-eu-north1/experiments/ablations/stage2_resolution_fullres_eval/runs/splat_dataset3_sfm_1024_sift_global_resfull_patch400_stage2/ablation_eval/results_splat.csv
D3,dataset3,1024,sift,global,full,splat_dataset3_sfm_1024_sift_global_resfull_patch400_500k,splat_dataset3_sfm_1024_sift_global_resfull_patch400_stage2,patch,p000,COMPLETE,complete,400,500000,,0.7391612035887581,25.925845419435472,0.6510626111711775,python_full_resolution_undistorted,full_resolution_undistorted,3485,5227,2520.809,500000,11455,5397,completed_requested_iterations,,2026-07-11T23:16:56.645533+00:00,s3://3dreefs-ben-eu-north1/experiments/ablations/stage2_resolution_fullres_eval/runs/splat_dataset3_sfm_1024_sift_global_resfull_patch400_stage2/ablation_eval/results_splat.csv
D3,dataset3,1024,sift,global,full,splat_dataset3_sfm_1024_sift_global_resfull_patch400_500k,splat_dataset3_sfm_1024_sift_global_resfull_patch400_stage2,patch,p001,COMPLETE,complete,400,500000,,0.7426770087331533,26.90597660738699,0.6624075062572956,python_full_resolution_undistorted,full_resolution_undistorted,3485,5227,2306.689,500000,11325,10031,completed_requested_iterations,,2026-07-11T23:59:27.576461+00:00,s3://3dreefs-ben-eu-north1/experiments/ablations/stage2_resolution_fullres_eval/runs/splat_dataset3_sfm_1024_sift_global_resfull_patch400_stage2/ablation_eval/results_splat.csv
D3,dataset3,1024,sift,global,full,splat_dataset3_sfm_1024_sift_global_resfull_patch400_500k,splat_dataset3_sfm_1024_sift_global_resfull_patch400_stage2,patch,p002,COMPLETE,complete,400,500000,,0.72508546258464,26.238373743236746,0.6697251706412344,python_full_resolution_undistorted,full_resolution_undistorted,3485,5227,2447.934,500000,11801,9965,completed_requested_iterations,,2026-07-12T00:44:33.582210+00:00,s3://3dreefs-ben-eu-north1/experiments/ablations/stage2_resolution_fullres_eval/runs/splat_dataset3_sfm_1024_sift_global_resfull_patch400_stage2/ablation_eval/results_splat.csv
D3,dataset3,1024,sift,global,full,splat_dataset3_sfm_1024_sift_global_resfull_patch400_500k,splat_dataset3_sfm_1024_sift_global_resfull_patch400_stage2,patch,p003,COMPLETE,complete,400,500000,,0.7187761212217396,26.734876476481357,0.6775717961377111,python_full_resolution_undistorted,full_resolution_undistorted,3483,5221,2383.825,500000,10409,9975,completed_requested_iterations,,2026-07-12T01:27:57.917526+00:00,s3://3dreefs-ben-eu-north1/experiments/ablations/stage2_resolution_fullres_eval/runs/splat_dataset3_sfm_1024_sift_global_resfull_patch400_stage2/ablation_eval/results_splat.csv
D3,dataset3,1024,sift,global,full,splat_dataset3_sfm_1024_sift_global_resfull_patch400_500k,splat_dataset3_sfm_1024_sift_global_resfull_patch400_stage2,patch,p004,COMPLETE,complete,400,500000,,0.7376330512411454,26.687507939514283,0.6598941192907446,python_full_resolution_undistorted,full_resolution_undistorted,3483,5221,2466.14,500000,11697,10067,completed_requested_iterations,,2026-07-12T02:13:28.396777+00:00,s3://3dreefs-ben-eu-north1/experiments/ablations/stage2_resolution_fullres_eval/runs/splat_dataset3_sfm_1024_sift_global_resfull_patch400_stage2/ablation_eval/results_splat.csv
D3,dataset3,1024,sift,global,full,splat_dataset3_sfm_1024_sift_global_resfull_patch400_500k,splat_dataset3_sfm_1024_sift_global_resfull_patch400_stage2,patch,p005,COMPLETE,complete,400,500000,,0.7158971660666995,26.237523941299703,0.6811220281653934,python_full_resolution_undistorted,full_resolution_undistorted,3483,5221,2365.587,500000,12065,9919,completed_requested_iterations,,2026-07-12T02:57:29.586838+00:00,s3://3dreefs-ben-eu-north1/experiments/ablations/stage2_resolution_fullres_eval/runs/splat_dataset3_sfm_1024_sift_global_resfull_patch400_stage2/ablation_eval/results_splat.csv
D3,dataset3,1024,sift,global,full,splat_dataset3_sfm_1024_sift_global_resfull_patch400_500k,splat_dataset3_sfm_1024_sift_global_resfull_patch400_stage2,patch,p006,COMPLETE,complete,400,500000,,0.7325458013349109,25.219894224471858,0.6752668701940112,python_full_resolution_undistorted,full_resolution_undistorted,3483,5221,2409.859,500000,11822,10053,completed_requested_iterations,,2026-07-12T03:42:19.721705+00:00,s3://3dreefs-ben-eu-north1/experiments/ablations/stage2_resolution_fullres_eval/runs/splat_dataset3_sfm_1024_sift_global_resfull_patch400_stage2/ablation_eval/results_splat.csv
D3,dataset3,1024,sift,global,full,splat_dataset3_sfm_1024_sift_global_resfull_patch400_500k,splat_dataset3_sfm_1024_sift_global_resfull_patch400_stage2,patch,p007,COMPLETE,complete,400,500000,,0.7223739094204373,26.294237698995968,0.6850816839271121,python_full_resolution_undistorted,full_resolution_undistorted,3485,5227,2348.046,500000,11806,10123,completed_requested_iterations,,2026-07-12T04:26:04.283662+00:00,s3://3dreefs-ben-eu-north1/experiments/ablations/stage2_resolution_fullres_eval/runs/splat_dataset3_sfm_1024_sift_global_resfull_patch400_stage2/ablation_eval/results_splat.csv
D3,dataset3,1024,sift,global,full,splat_dataset3_sfm_1024_sift_global_resfull_patch400_500k,splat_dataset3_sfm_1024_sift_global_resfull_patch400_stage2,patch,p008,COMPLETE,complete,400,500000,,0.7449301719665528,26.631228637236937,0.6591323643922806,python_full_resolution_undistorted,full_resolution_undistorted,3483,5221,2370.302,500000,12087,10113,completed_requested_iterations,,2026-07-12T05:10:52.612720+00:00,s3://3dreefs-ben-eu-north1/experiments/ablations/stage2_resolution_fullres_eval/runs/splat_dataset3_sfm_1024_sift_global_resfull_patch400_stage2/ablation_eval/results_splat.csv
D3,dataset3,1024,sift,global,full,splat_dataset3_sfm_1024_sift_global_resfull_patch400_500k,splat_dataset3_sfm_1024_sift_global_resfull_patch400_stage2,patch,p009,COMPLETE,complete,400,500000,,0.7283622026443481,25.173376147027323,0.6358157992362976,python_full_resolution_undistorted,full_resolution_undistorted,3483,5221,2246.706,500000,7318,9571,completed_requested_iterations,,2026-07-12T05:49:17.985783+00:00,s3://3dreefs-ben-eu-north1/experiments/ablations/stage2_resolution_fullres_eval/runs/splat_dataset3_sfm_1024_sift_global_resfull_patch400_stage2/ablation_eval/results_splat.csv
D3,dataset3,1024,sift,global,full,splat_dataset3_sfm_1024_sift_global_resfull_patch800_1m,splat_dataset3_sfm_1024_sift_global_resfull_patch800_stage2,patch,p000,COMPLETE,complete,800,1000000,,0.70943899212345,20.95507835513053,0.7089972688305762,python_full_resolution_undistorted,full_resolution_undistorted,3485,5227,3280.798,1000000,12092,6393,completed_requested_iterations,,2026-07-12T03:34:30.763205+00:00,s3://3dreefs-ben-eu-north1/experiments/ablations/stage2_resolution_fullres_eval/runs/splat_dataset3_sfm_1024_sift_global_resfull_patch800_stage2/ablation_eval/results_splat.csv
D3,dataset3,1024,sift,global,full,splat_dataset3_sfm_1024_sift_global_resfull_patch800_1m,splat_dataset3_sfm_1024_sift_global_resfull_patch800_stage2,patch,p001,COMPLETE,complete,800,1000000,,0.691219545778681,20.29562169182207,0.7371607970018856,python_full_resolution_undistorted,full_resolution_undistorted,3483,5221,3212.1,1000000,12809,16237,completed_requested_iterations,,2026-07-12T04:35:24.691181+00:00,s3://3dreefs-ben-eu-north1/experiments/ablations/stage2_resolution_fullres_eval/runs/splat_dataset3_sfm_1024_sift_global_resfull_patch800_stage2/ablation_eval/results_splat.csv
D3,dataset3,1024,sift,global,full,splat_dataset3_sfm_1024_sift_global_resfull_patch800_1m,splat_dataset3_sfm_1024_sift_global_resfull_patch800_stage2,patch,p002,COMPLETE,complete,800,1000000,,0.6694606343905131,18.268248046717442,0.7596261239051819,python_full_resolution_undistorted,full_resolution_undistorted,3483,5221,3163.281,1000000,13126,26495,completed_requested_iterations,,2026-07-12T05:37:10.645708+00:00,s3://3dreefs-ben-eu-north1/experiments/ablations/stage2_resolution_fullres_eval/runs/splat_dataset3_sfm_1024_sift_global_resfull_patch800_stage2/ablation_eval/results_splat.csv
D3,dataset3,1024,sift,global,full,splat_dataset3_sfm_1024_sift_global_resfull_patch800_1m,splat_dataset3_sfm_1024_sift_global_resfull_patch800_stage2,patch,p003,COMPLETE,complete,800,1000000,,0.676825363914688,18.344065565724392,0.7554457652104365,python_full_resolution_undistorted,full_resolution_undistorted,3485,5227,3086.594,1000000,13221,24951,completed_requested_iterations,,2026-07-12T06:38:04.770909+00:00,s3://3dreefs-ben-eu-north1/experiments/ablations/stage2_resolution_fullres_eval/runs/splat_dataset3_sfm_1024_sift_global_resfull_patch800_stage2/ablation_eval/results_splat.csv
D3,dataset3,1024,sift,global,full,splat_dataset3_sfm_1024_sift_global_resfull_patch800_2m,splat_dataset3_sfm_1024_sift_global_resfull_patch800_stage2,patch,p000,FAILED,complete,800,2000000,,,,,,full_resolution_undistorted,3485,5227,1786.321,,11033,20487,lfs_exit_1,,2026-07-12T07:14:09.145629+00:00,s3://3dreefs-ben-eu-north1/experiments/ablations/stage2_resolution_fullres_eval/runs/splat_dataset3_sfm_1024_sift_global_resfull_patch800_stage2/ablation_eval/results_splat.csv
D3,dataset3,1024,sift,global,full,splat_dataset3_sfm_1024_sift_global_resfull_patch800_2m,splat_dataset3_sfm_1024_sift_global_resfull_patch800_stage2,patch,p001,FAILED,complete,800,2000000,,,,,,full_resolution_undistorted,3483,5221,1404.611,,9898,8509,lfs_exit_1,,2026-07-12T07:37:49.862170+00:00,s3://3dreefs-ben-eu-north1/experiments/ablations/stage2_resolution_fullres_eval/runs/splat_dataset3_sfm_1024_sift_global_resfull_patch800_stage2/ablation_eval/results_splat.csv
D3,dataset3,1024,sift,global,full,splat_dataset3_sfm_1024_sift_global_resfull_patch800_2m,splat_dataset3_sfm_1024_sift_global_resfull_patch800_stage2,patch,p002,FAILED,complete,800,2000000,,,,,,full_resolution_undistorted,3483,5221,1619.328,,10967,9577,lfs_exit_1,,2026-07-12T08:05:09.523020+00:00,s3://3dreefs-ben-eu-north1/experiments/ablations/stage2_resolution_fullres_eval/runs/splat_dataset3_sfm_1024_sift_global_resfull_patch800_stage2/ablation_eval/results_splat.csv
D3,dataset3,1024,sift,global,full,splat_dataset3_sfm_1024_sift_global_resfull_patch800_2m,splat_dataset3_sfm_1024_sift_global_resfull_patch800_stage2,patch,p003,FAILED,complete,800,2000000,,,,,,full_resolution_undistorted,3485,5227,1744.78,,10452,12883,lfs_exit_1,,2026-07-12T08:34:36.244535+00:00,s3://3dreefs-ben-eu-north1/experiments/ablations/stage2_resolution_fullres_eval/runs/splat_dataset3_sfm_1024_sift_global_resfull_patch800_stage2/ablation_eval/results_splat.csv
D3,dataset3,1024,sift,global,full,splat_dataset3_sfm_1024_sift_global_resfull_patch800_500k,splat_dataset3_sfm_1024_sift_global_resfull_patch800_stage2,patch,p000,COMPLETE,complete,800,500000,,0.7308582750058943,24.78421008907017,0.6819318984785387,python_full_resolution_undistorted,full_resolution_undistorted,3485,5227,2735.313,500000,12016,5397,completed_requested_iterations,,2026-07-11T23:33:28.466065+00:00,s3://3dreefs-ben-eu-north1/experiments/ablations/stage2_resolution_fullres_eval/runs/splat_dataset3_sfm_1024_sift_global_resfull_patch800_stage2/ablation_eval/results_splat.csv
D3,dataset3,1024,sift,global,full,splat_dataset3_sfm_1024_sift_global_resfull_patch800_500k,splat_dataset3_sfm_1024_sift_global_resfull_patch800_stage2,patch,p001,COMPLETE,complete,800,500000,,0.7153277504639547,24.352699399796577,0.70069106875873,python_full_resolution_undistorted,full_resolution_undistorted,3483,5221,2721.277,500000,12624,10299,completed_requested_iterations,,2026-07-12T00:26:33.876899+00:00,s3://3dreefs-ben-eu-north1/experiments/ablations/stage2_resolution_fullres_eval/runs/splat_dataset3_sfm_1024_sift_global_resfull_patch800_stage2/ablation_eval/results_splat.csv
D3,dataset3,1024,sift,global,full,splat_dataset3_sfm_1024_sift_global_resfull_patch800_500k,splat_dataset3_sfm_1024_sift_global_resfull_patch800_stage2,patch,p002,COMPLETE,complete,800,500000,,0.6875006659825643,20.774869936459375,0.7362966609001159,python_full_resolution_undistorted,full_resolution_undistorted,3483,5221,3073.832,500000,12913,10817,completed_requested_iterations,,2026-07-12T01:27:00.691527+00:00,s3://3dreefs-ben-eu-north1/experiments/ablations/stage2_resolution_fullres_eval/runs/splat_dataset3_sfm_1024_sift_global_resfull_patch800_stage2/ablation_eval/results_splat.csv
D3,dataset3,1024,sift,global,full,splat_dataset3_sfm_1024_sift_global_resfull_patch800_500k,splat_dataset3_sfm_1024_sift_global_resfull_patch800_stage2,patch,p003,COMPLETE,complete,800,500000,,0.6849348049659234,19.701699990810077,0.7463822449956622,python_full_resolution_undistorted,full_resolution_undistorted,3485,5227,2941.105,500000,13070,12279,completed_requested_iterations,,2026-07-12T02:25:41.047840+00:00,s3://3dreefs-ben-eu-north1/experiments/ablations/stage2_resolution_fullres_eval/runs/splat_dataset3_sfm_1024_sift_global_resfull_patch800_stage2/ablation_eval/results_splat.csv
D4,dataset4,1024,sift,global,1024,splat_dataset4_sfm_1024_sift_global_res1024_patch200_1m,splat_dataset4_sfm_1024_sift_global_res1024_patch200_stage2,patch,p000,COMPLETE,complete,200,1000000,,0.5394290015101433,17.008214297000237,0.611150649189949,python_full_resolution_undistorted,full_resolution_undistorted,5363,4708,385.462,1000000,7226,10093,completed_requested_iterations,,2026-07-12T02:54:50.700570+00:00,s3://3dreefs-ben-eu-north1/experiments/ablations/stage2_resolution_fullres_eval/runs/splat_dataset4_sfm_1024_sift_global_res1024_patch200_stage2/ablation_eval/results_splat.csv
D4,dataset4,1024,sift,global,1024,splat_dataset4_sfm_1024_sift_global_res1024_patch200_1m,splat_dataset4_sfm_1024_sift_global_res1024_patch200_stage2,patch,p010,COMPLETE,complete,200,1000000,,0.525695264339447,16.44379320542396,0.6251195512319866,python_full_resolution_undistorted,full_resolution_undistorted,5396,4735,439.383,1000000,7848,14315,completed_requested_iterations,,2026-07-12T03:05:42.036266+00:00,s3://3dreefs-ben-eu-north1/experiments/ablations/stage2_resolution_fullres_eval/runs/splat_dataset4_sfm_1024_sift_global_res1024_patch200_stage2/ablation_eval/results_splat.csv
D4,dataset4,1024,sift,global,1024,splat_dataset4_sfm_1024_sift_global_res1024_patch200_1m,splat_dataset4_sfm_1024_sift_global_res1024_patch200_stage2,patch,p020,COMPLETE,complete,200,1000000,,0.5363363466764751,16.879335292744013,0.618935227394104,python_full_resolution_undistorted,full_resolution_undistorted,5363,4708,401.699,1000000,7880,14283,completed_requested_iterations,,2026-07-12T03:16:01.458816+00:00,s3://3dreefs-ben-eu-north1/experiments/ablations/stage2_resolution_fullres_eval/runs/splat_dataset4_sfm_1024_sift_global_res1024_patch200_stage2/ablation_eval/results_splat.csv
D4,dataset4,1024,sift,global,1024,splat_dataset4_sfm_1024_sift_global_res1024_patch200_1m,splat_dataset4_sfm_1024_sift_global_res1024_patch200_stage2,patch,p030,COMPLETE,complete,200,1000000,,0.518597299561781,16.58134255283455,0.6173074315575993,python_full_resolution_undistorted,full_resolution_undistorted,5363,4708,406.144,1000000,7847,14183,completed_requested_iterations,,2026-07-12T03:25:57.343167+00:00,s3://3dreefs-ben-eu-north1/experiments/ablations/stage2_resolution_fullres_eval/runs/splat_dataset4_sfm_1024_sift_global_res1024_patch200_stage2/ablation_eval/results_splat.csv
D4,dataset4,1024,sift,global,1024,splat_dataset4_sfm_1024_sift_global_res1024_patch200_1m,splat_dataset4_sfm_1024_sift_global_res1024_patch200_stage2,patch,p040,COMPLETE,complete,200,1000000,,0.5272918716073036,16.7862482268855,0.5658021084964275,python_full_resolution_undistorted,full_resolution_undistorted,5396,4735,374.652,1000000,7875,14273,completed_requested_iterations,,2026-07-12T03:35:12.041087+00:00,s3://3dreefs-ben-eu-north1/experiments/ablations/stage2_resolution_fullres_eval/runs/splat_dataset4_sfm_1024_sift_global_res1024_patch200_stage2/ablation_eval/results_splat.csv
D4,dataset4,1024,sift,global,1024,splat_dataset4_sfm_1024_sift_global_res1024_patch200_1m,splat_dataset4_sfm_1024_sift_global_res1024_patch200_stage2,patch,p050,COMPLETE,complete,200,1000000,,0.5409951044453515,17.571106334851628,0.6039747993151346,python_full_resolution_undistorted,full_resolution_undistorted,5363,4708,400.645,1000000,7993,14285,completed_requested_iterations,,2026-07-12T03:45:20.812181+00:00,s3://3dreefs-ben-eu-north1/experiments/ablations/stage2_resolution_fullres_eval/runs/splat_dataset4_sfm_1024_sift_global_res1024_patch200_stage2/ablation_eval/results_splat.csv
D4,dataset4,1024,sift,global,1024,splat_dataset4_sfm_1024_sift_global_res1024_patch200_1m,splat_dataset4_sfm_1024_sift_global_res1024_patch200_stage2,patch,p060,COMPLETE,complete,200,1000000,,0.43502525322967106,14.418750549949001,0.6943657365110185,python_full_resolution_undistorted,full_resolution_undistorted,5363,4708,410.615,1000000,7905,14253,completed_requested_iterations,,2026-07-12T03:55:35.294034+00:00,s3://3dreefs-ben-eu-north1/experiments/ablations/stage2_resolution_fullres_eval/runs/splat_dataset4_sfm_1024_sift_global_res1024_patch200_stage2/ablation_eval/results_splat.csv
D4,dataset4,1024,sift,global,1024,splat_dataset4_sfm_1024_sift_global_res1024_patch200_1m,splat_dataset4_sfm_1024_sift_global_res1024_patch200_stage2,patch,p070,COMPLETE,complete,200,1000000,,0.4773650586605072,16.245040626168187,0.6077375948429108,python_full_resolution_undistorted,full_resolution_undistorted,5363,4708,411.247,1000000,7999,14189,completed_requested_iterations,,2026-07-12T04:06:13.350953+00:00,s3://3dreefs-ben-eu-north1/experiments/ablations/stage2_resolution_fullres_eval/runs/splat_dataset4_sfm_1024_sift_global_res1024_patch200_stage2/ablation_eval/results_splat.csv
D4,dataset4,1024,sift,global,1024,splat_dataset4_sfm_1024_sift_global_res1024_patch200_1m,splat_dataset4_sfm_1024_sift_global_res1024_patch200_stage2,patch,p080,COMPLETE,complete,200,1000000,,0.5553129156430562,17.917589683806053,0.5189071039358775,python_full_resolution_undistorted,full_resolution_undistorted,5358,4707,411.745,1000000,7932,14209,completed_requested_iterations,,2026-07-12T04:15:52.496615+00:00,s3://3dreefs-ben-eu-north1/experiments/ablations/stage2_resolution_fullres_eval/runs/splat_dataset4_sfm_1024_sift_global_res1024_patch200_stage2/ablation_eval/results_splat.csv
D4,dataset4,1024,sift,global,1024,splat_dataset4_sfm_1024_sift_global_res1024_patch200_1m,splat_dataset4_sfm_1024_sift_global_res1024_patch200_stage2,patch,p090,COMPLETE,complete,200,1000000,,0.44239627789048586,14.306156115610243,0.7207014034776127,python_full_resolution_undistorted,full_resolution_undistorted,5358,4707,372.233,1000000,7951,14271,completed_requested_iterations,,2026-07-12T04:25:18.110307+00:00,s3://3dreefs-ben-eu-north1/experiments/ablations/stage2_resolution_fullres_eval/runs/splat_dataset4_sfm_1024_sift_global_res1024_patch200_stage2/ablation_eval/results_splat.csv
D4,dataset4,1024,sift,global,1024,splat_dataset4_sfm_1024_sift_global_res1024_patch200_2m,splat_dataset4_sfm_1024_sift_global_res1024_patch200_stage2,patch,p000,COMPLETE,complete,200,2000000,,0.5274723038077355,16.83499764268462,0.5707967951893806,python_full_resolution_undistorted,full_resolution_undistorted,5363,4708,530.475,2000000,7319,9703,completed_requested_iterations,,2026-07-12T04:55:08.744386+00:00,s3://3dreefs-ben-eu-north1/experiments/ablations/stage2_resolution_fullres_eval/runs/splat_dataset4_sfm_1024_sift_global_res1024_patch200_stage2/ablation_eval/results_splat.csv
D4,dataset4,1024,sift,global,1024,splat_dataset4_sfm_1024_sift_global_res1024_patch200_2m,splat_dataset4_sfm_1024_sift_global_res1024_patch200_stage2,patch,p010,COMPLETE,complete,200,2000000,,0.5124852171069697,16.23902176258511,0.5922894352360776,python_full_resolution_undistorted,full_resolution_undistorted,5396,4735,618.737,2000000,9192,14287,completed_requested_iterations,,2026-07-12T05:08:47.186114+00:00,s3://3dreefs-ben-eu-north1/experiments/ablations/stage2_resolution_fullres_eval/runs/splat_dataset4_sfm_1024_sift_global_res1024_patch200_stage2/ablation_eval/results_splat.csv
D4,dataset4,1024,sift,global,1024,splat_dataset4_sfm_1024_sift_global_res1024_patch200_2m,splat_dataset4_sfm_1024_sift_global_res1024_patch200_stage2,patch,p020,COMPLETE,complete,200,2000000,,0.5242912173271179,16.61123885210843,0.5755852147152549,python_full_resolution_undistorted,full_resolution_undistorted,5363,4708,559.451,2000000,8354,14381,completed_requested_iterations,,2026-07-12T05:21:25.946734+00:00,s3://3dreefs-ben-eu-north1/experiments/ablations/stage2_resolution_fullres_eval/runs/splat_dataset4_sfm_1024_sift_global_res1024_patch200_stage2/ablation_eval/results_splat.csv
D4,dataset4,1024,sift,global,1024,splat_dataset4_sfm_1024_sift_global_res1024_patch200_2m,splat_dataset4_sfm_1024_sift_global_res1024_patch200_stage2,patch,p030,COMPLETE,complete,200,2000000,,0.5051211627090678,16.43079636537606,0.5756742621169371,python_full_resolution_undistorted,full_resolution_undistorted,5363,4708,566.127,2000000,8297,14349,completed_requested_iterations,,2026-07-12T05:33:48.877712+00:00,s3://3dreefs-ben-eu-north1/experiments/ablations/stage2_resolution_fullres_eval/runs/splat_dataset4_sfm_1024_sift_global_res1024_patch200_stage2/ablation_eval/results_splat.csv
D4,dataset4,1024,sift,global,1024,splat_dataset4_sfm_1024_sift_global_res1024_patch200_2m,splat_dataset4_sfm_1024_sift_global_res1024_patch200_stage2,patch,p040,COMPLETE,complete,200,2000000,,0.509667394682765,16.450356677882322,0.5339034199714661,python_full_resolution_undistorted,full_resolution_undistorted,5396,4735,516.9,2000000,8332,14333,completed_requested_iterations,,2026-07-12T05:45:13.666195+00:00,s3://3dreefs-ben-eu-north1/experiments/ablations/stage2_resolution_fullres_eval/runs/splat_dataset4_sfm_1024_sift_global_res1024_patch200_stage2/ablation_eval/results_splat.csv
D4,dataset4,1024,sift,global,1024,splat_dataset4_sfm_1024_sift_global_res1024_patch200_2m,splat_dataset4_sfm_1024_sift_global_res1024_patch200_stage2,patch,p050,COMPLETE,complete,200,2000000,,0.5324793110291163,17.271864911447423,0.5577742175923454,python_full_resolution_undistorted,full_resolution_undistorted,5363,4708,541.02,2000000,8408,14349,completed_requested_iterations,,2026-07-12T05:57:24.316772+00:00,s3://3dreefs-ben-eu-north1/experiments/ablations/stage2_resolution_fullres_eval/runs/splat_dataset4_sfm_1024_sift_global_res1024_patch200_stage2/ablation_eval/results_splat.csv
D4,dataset4,1024,sift,global,1024,splat_dataset4_sfm_1024_sift_global_res1024_patch200_2m,splat_dataset4_sfm_1024_sift_global_res1024_patch200_stage2,patch,p060,COMPLETE,complete,200,2000000,,0.4240744825866487,14.247868930708146,0.6516967349582248,python_full_resolution_undistorted,full_resolution_undistorted,5363,4708,558.343,2000000,9262,14347,completed_requested_iterations,,2026-07-12T06:09:53.112668+00:00,s3://3dreefs-ben-eu-north1/experiments/ablations/stage2_resolution_fullres_eval/runs/splat_dataset4_sfm_1024_sift_global_res1024_patch200_stage2/ablation_eval/results_splat.csv
D4,dataset4,1024,sift,global,1024,splat_dataset4_sfm_1024_sift_global_res1024_patch200_2m,splat_dataset4_sfm_1024_sift_global_res1024_patch200_stage2,patch,p070,COMPLETE,complete,200,2000000,,0.46253593564033507,15.985343748721652,0.5660360366106033,python_full_resolution_undistorted,full_resolution_undistorted,5363,4708,558.49,2000000,9339,14383,completed_requested_iterations,,2026-07-12T06:22:43.965094+00:00,s3://3dreefs-ben-eu-north1/experiments/ablations/stage2_resolution_fullres_eval/runs/splat_dataset4_sfm_1024_sift_global_res1024_patch200_stage2/ablation_eval/results_splat.csv
D4,dataset4,1024,sift,global,1024,splat_dataset4_sfm_1024_sift_global_res1024_patch200_2m,splat_dataset4_sfm_1024_sift_global_res1024_patch200_stage2,patch,p080,COMPLETE,complete,200,2000000,,0.5367597738901774,17.435194818112354,0.49885484178860984,python_full_resolution_undistorted,full_resolution_undistorted,5358,4707,575.328,2000000,8411,14299,completed_requested_iterations,,2026-07-12T06:34:56.736245+00:00,s3://3dreefs-ben-eu-north1/experiments/ablations/stage2_resolution_fullres_eval/runs/splat_dataset4_sfm_1024_sift_global_res1024_patch200_stage2/ablation_eval/results_splat.csv
D4,dataset4,1024,sift,global,1024,splat_dataset4_sfm_1024_sift_global_res1024_patch200_2m,splat_dataset4_sfm_1024_sift_global_res1024_patch200_stage2,patch,p090,COMPLETE,complete,200,2000000,,0.4351826099788441,14.172079970949833,0.6719030387261334,python_full_resolution_undistorted,full_resolution_undistorted,5358,4707,518.471,2000000,8430,14343,completed_requested_iterations,,2026-07-12T06:46:32.642907+00:00,s3://3dreefs-ben-eu-north1/experiments/ablations/stage2_resolution_fullres_eval/runs/splat_dataset4_sfm_1024_sift_global_res1024_patch200_stage2/ablation_eval/results_splat.csv
D4,dataset4,1024,sift,global,1024,splat_dataset4_sfm_1024_sift_global_res1024_patch200_500k,splat_dataset4_sfm_1024_sift_global_res1024_patch200_stage2,patch,p000,COMPLETE,complete,200,500000,,0.5453376471996307,17.286063037928923,0.6628415673971176,python_full_resolution_undistorted,full_resolution_undistorted,5363,4708,372.057,500000,7474,7733,completed_requested_iterations,,2026-07-12T01:11:02.361432+00:00,s3://3dreefs-ben-eu-north1/experiments/ablations/stage2_resolution_fullres_eval/runs/splat_dataset4_sfm_1024_sift_global_res1024_patch200_stage2/ablation_eval/results_splat.csv
D4,dataset4,1024,sift,global,1024,splat_dataset4_sfm_1024_sift_global_res1024_patch200_500k,splat_dataset4_sfm_1024_sift_global_res1024_patch200_stage2,patch,p010,COMPLETE,complete,200,500000,,0.5344898496803484,16.579196789293757,0.675479321103347,python_full_resolution_undistorted,full_resolution_undistorted,5396,4735,337.398,500000,8041,11677,completed_requested_iterations,,2026-07-12T01:20:15.939180+00:00,s3://3dreefs-ben-eu-north1/experiments/ablations/stage2_resolution_fullres_eval/runs/splat_dataset4_sfm_1024_sift_global_res1024_patch200_stage2/ablation_eval/results_splat.csv
D4,dataset4,1024,sift,global,1024,splat_dataset4_sfm_1024_sift_global_res1024_patch200_500k,splat_dataset4_sfm_1024_sift_global_res1024_patch200_stage2,patch,p020,COMPLETE,complete,200,500000,,0.5417045496012035,17.00901890415028,0.6726864639081453,python_full_resolution_undistorted,full_resolution_undistorted,5363,4708,321.981,500000,8124,11617,completed_requested_iterations,,2026-07-12T01:29:01.065126+00:00,s3://3dreefs-ben-eu-north1/experiments/ablations/stage2_resolution_fullres_eval/runs/splat_dataset4_sfm_1024_sift_global_res1024_patch200_stage2/ablation_eval/results_splat.csv
D4,dataset4,1024,sift,global,1024,splat_dataset4_sfm_1024_sift_global_res1024_patch200_500k,splat_dataset4_sfm_1024_sift_global_res1024_patch200_stage2,patch,p030,COMPLETE,complete,200,500000,,0.5272164625280044,16.75527247398161,0.6701741288690006,python_full_resolution_undistorted,full_resolution_undistorted,5363,4708,313.856,500000,7976,11611,completed_requested_iterations,,2026-07-12T01:37:23.660749+00:00,s3://3dreefs-ben-eu-north1/experiments/ablations/stage2_resolution_fullres_eval/runs/splat_dataset4_sfm_1024_sift_global_res1024_patch200_stage2/ablation_eval/results_splat.csv
D4,dataset4,1024,sift,global,1024,splat_dataset4_sfm_1024_sift_global_res1024_patch200_500k,splat_dataset4_sfm_1024_sift_global_res1024_patch200_stage2,patch,p040,COMPLETE,complete,200,500000,,0.5375448688864708,17.129002099275592,0.6217852458357811,python_full_resolution_undistorted,full_resolution_undistorted,5396,4735,309.436,500000,8124,11923,completed_requested_iterations,,2026-07-12T01:45:32.196049+00:00,s3://3dreefs-ben-eu-north1/experiments/ablations/stage2_resolution_fullres_eval/runs/splat_dataset4_sfm_1024_sift_global_res1024_patch200_stage2/ablation_eval/results_splat.csv
D4,dataset4,1024,sift,global,1024,splat_dataset4_sfm_1024_sift_global_res1024_patch200_500k,splat_dataset4_sfm_1024_sift_global_res1024_patch200_stage2,patch,p050,COMPLETE,complete,200,500000,,0.5413425929016538,17.656997613987134,0.6623698870340983,python_full_resolution_undistorted,full_resolution_undistorted,5363,4708,318.709,500000,8174,11651,completed_requested_iterations,,2026-07-12T01:54:06.996807+00:00,s3://3dreefs-ben-eu-north1/experiments/ablations/stage2_resolution_fullres_eval/runs/splat_dataset4_sfm_1024_sift_global_res1024_patch200_stage2/ablation_eval/results_splat.csv
D4,dataset4,1024,sift,global,1024,splat_dataset4_sfm_1024_sift_global_res1024_patch200_500k,splat_dataset4_sfm_1024_sift_global_res1024_patch200_stage2,patch,p060,COMPLETE,complete,200,500000,,0.44419733848836684,14.515772579917645,0.7468882037533654,python_full_resolution_undistorted,full_resolution_undistorted,5363,4708,322.878,500000,8126,11551,completed_requested_iterations,,2026-07-12T02:02:51.228263+00:00,s3://3dreefs-ben-eu-north1/experiments/ablations/stage2_resolution_fullres_eval/runs/splat_dataset4_sfm_1024_sift_global_res1024_patch200_stage2/ablation_eval/results_splat.csv
D4,dataset4,1024,sift,global,1024,splat_dataset4_sfm_1024_sift_global_res1024_patch200_500k,splat_dataset4_sfm_1024_sift_global_res1024_patch200_stage2,patch,p070,COMPLETE,complete,200,500000,,0.48307596892118454,16.450720731788728,0.6674768567085266,python_full_resolution_undistorted,full_resolution_undistorted,5363,4708,319.48,500000,8168,11553,completed_requested_iterations,,2026-07-12T02:11:50.353505+00:00,s3://3dreefs-ben-eu-north1/experiments/ablations/stage2_resolution_fullres_eval/runs/splat_dataset4_sfm_1024_sift_global_res1024_patch200_stage2/ablation_eval/results_splat.csv
D4,dataset4,1024,sift,global,1024,splat_dataset4_sfm_1024_sift_global_res1024_patch200_500k,splat_dataset4_sfm_1024_sift_global_res1024_patch200_stage2,patch,p080,COMPLETE,complete,200,500000,,0.5675952394803365,18.53858106945894,0.5579577386379242,python_full_resolution_undistorted,full_resolution_undistorted,5358,4707,314.079,500000,8071,11573,completed_requested_iterations,,2026-07-12T02:19:50.521104+00:00,s3://3dreefs-ben-eu-north1/experiments/ablations/stage2_resolution_fullres_eval/runs/splat_dataset4_sfm_1024_sift_global_res1024_patch200_stage2/ablation_eval/results_splat.csv
D4,dataset4,1024,sift,global,1024,splat_dataset4_sfm_1024_sift_global_res1024_patch200_500k,splat_dataset4_sfm_1024_sift_global_res1024_patch200_stage2,patch,p090,COMPLETE,complete,200,500000,,0.4437660750220804,14.363018189919568,0.7680737586582408,python_full_resolution_undistorted,full_resolution_undistorted,5358,4707,292.954,500000,8099,11639,completed_requested_iterations,,2026-07-12T02:27:50.014824+00:00,s3://3dreefs-ben-eu-north1/experiments/ablations/stage2_resolution_fullres_eval/runs/splat_dataset4_sfm_1024_sift_global_res1024_patch200_stage2/ablation_eval/results_splat.csv
D4,dataset4,1024,sift,global,1024,splat_dataset4_sfm_1024_sift_global_res1024_patch400_1m,splat_dataset4_sfm_1024_sift_global_res1024_patch400_stage2,patch,p000,COMPLETE,complete,400,1000000,,0.5241551261681777,16.487275922516517,0.7029182131473835,python_full_resolution_undistorted,full_resolution_undistorted,5396,4735,461.772,1000000,7960,9705,completed_requested_iterations,,2026-07-12T03:43:37.592712+00:00,s3://3dreefs-ben-eu-north1/experiments/ablations/stage2_resolution_fullres_eval/runs/splat_dataset4_sfm_1024_sift_global_res1024_patch400_stage2/ablation_eval/results_splat.csv
D4,dataset4,1024,sift,global,1024,splat_dataset4_sfm_1024_sift_global_res1024_patch400_1m,splat_dataset4_sfm_1024_sift_global_res1024_patch400_stage2,patch,p004,COMPLETE,complete,400,1000000,,0.5419162629466308,16.855927195216655,0.662726248565473,python_full_resolution_undistorted,full_resolution_undistorted,5396,4735,480.462,1000000,8603,13997,completed_requested_iterations,,2026-07-12T03:58:36.820959+00:00,s3://3dreefs-ben-eu-north1/experiments/ablations/stage2_resolution_fullres_eval/runs/splat_dataset4_sfm_1024_sift_global_res1024_patch400_stage2/ablation_eval/results_splat.csv
D4,dataset4,1024,sift,global,1024,splat_dataset4_sfm_1024_sift_global_res1024_patch400_1m,splat_dataset4_sfm_1024_sift_global_res1024_patch400_stage2,patch,p008,COMPLETE,complete,400,1000000,,0.5370283440539712,16.86267113058051,0.693505756164852,python_full_resolution_undistorted,full_resolution_undistorted,5396,4735,478.601,1000000,8614,14001,completed_requested_iterations,,2026-07-12T04:13:30.339785+00:00,s3://3dreefs-ben-eu-north1/experiments/ablations/stage2_resolution_fullres_eval/runs/splat_dataset4_sfm_1024_sift_global_res1024_patch400_stage2/ablation_eval/results_splat.csv
D4,dataset4,1024,sift,global,1024,splat_dataset4_sfm_1024_sift_global_res1024_patch400_1m,splat_dataset4_sfm_1024_sift_global_res1024_patch400_stage2,patch,p012,COMPLETE,complete,400,1000000,,0.5101887851953506,16.619192756873804,0.7136873722076416,python_full_resolution_undistorted,full_resolution_undistorted,5363,4708,483.784,1000000,8720,13945,completed_requested_iterations,,2026-07-12T04:28:51.202861+00:00,s3://3dreefs-ben-eu-north1/experiments/ablations/stage2_resolution_fullres_eval/runs/splat_dataset4_sfm_1024_sift_global_res1024_patch400_stage2/ablation_eval/results_splat.csv
D4,dataset4,1024,sift,global,1024,splat_dataset4_sfm_1024_sift_global_res1024_patch400_1m,splat_dataset4_sfm_1024_sift_global_res1024_patch400_stage2,patch,p016,COMPLETE,complete,400,1000000,,0.5609713623652587,18.010543840954853,0.5939881785495861,python_full_resolution_undistorted,full_resolution_undistorted,5358,4707,471.266,1000000,8772,13967,completed_requested_iterations,,2026-07-12T04:43:25.722960+00:00,s3://3dreefs-ben-eu-north1/experiments/ablations/stage2_resolution_fullres_eval/runs/splat_dataset4_sfm_1024_sift_global_res1024_patch400_stage2/ablation_eval/results_splat.csv
D4,dataset4,1024,sift,global,1024,splat_dataset4_sfm_1024_sift_global_res1024_patch400_1m,splat_dataset4_sfm_1024_sift_global_res1024_patch400_stage2,patch,p021,COMPLETE,complete,400,1000000,,0.5541701048612595,18.142771641502762,0.6042648464441299,python_full_resolution_undistorted,full_resolution_undistorted,5363,4708,475.645,1000000,8828,14009,completed_requested_iterations,,2026-07-12T04:58:43.869517+00:00,s3://3dreefs-ben-eu-north1/experiments/ablations/stage2_resolution_fullres_eval/runs/splat_dataset4_sfm_1024_sift_global_res1024_patch400_stage2/ablation_eval/results_splat.csv
D4,dataset4,1024,sift,global,1024,splat_dataset4_sfm_1024_sift_global_res1024_patch400_1m,splat_dataset4_sfm_1024_sift_global_res1024_patch400_stage2,patch,p025,COMPLETE,complete,400,1000000,,0.5518507133973273,17.859994569938028,0.6351344467777955,python_full_resolution_undistorted,full_resolution_undistorted,5396,4735,470.622,1000000,8854,14029,completed_requested_iterations,,2026-07-12T05:13:38.344895+00:00,s3://3dreefs-ben-eu-north1/experiments/ablations/stage2_resolution_fullres_eval/runs/splat_dataset4_sfm_1024_sift_global_res1024_patch400_stage2/ablation_eval/results_splat.csv
D4,dataset4,1024,sift,global,1024,splat_dataset4_sfm_1024_sift_global_res1024_patch400_1m,splat_dataset4_sfm_1024_sift_global_res1024_patch400_stage2,patch,p029,COMPLETE,complete,400,1000000,,0.5515664831185952,17.956826696862443,0.618526904246746,python_full_resolution_undistorted,full_resolution_undistorted,5396,4735,477.25,1000000,8846,13973,completed_requested_iterations,,2026-07-12T05:28:42.483687+00:00,s3://3dreefs-ben-eu-north1/experiments/ablations/stage2_resolution_fullres_eval/runs/splat_dataset4_sfm_1024_sift_global_res1024_patch400_stage2/ablation_eval/results_splat.csv
D4,dataset4,1024,sift,global,1024,splat_dataset4_sfm_1024_sift_global_res1024_patch400_1m,splat_dataset4_sfm_1024_sift_global_res1024_patch400_stage2,patch,p033,COMPLETE,complete,400,1000000,,0.44855740749173695,15.214038864727847,0.7453287227286233,python_full_resolution_undistorted,full_resolution_undistorted,5363,4708,460.215,1000000,8698,13951,completed_requested_iterations,,2026-07-12T05:43:01.081598+00:00,s3://3dreefs-ben-eu-north1/experiments/ablations/stage2_resolution_fullres_eval/runs/splat_dataset4_sfm_1024_sift_global_res1024_patch400_stage2/ablation_eval/results_splat.csv
D4,dataset4,1024,sift,global,1024,splat_dataset4_sfm_1024_sift_global_res1024_patch400_1m,splat_dataset4_sfm_1024_sift_global_res1024_patch400_stage2,patch,p037,COMPLETE,complete,400,1000000,,0.5634820240515249,18.56114502164325,0.5414258109198676,python_full_resolution_undistorted,full_resolution_undistorted,5358,4707,430.704,1000000,8585,13935,completed_requested_iterations,,2026-07-12T05:55:16.901311+00:00,s3://3dreefs-ben-eu-north1/experiments/ablations/stage2_resolution_fullres_eval/runs/splat_dataset4_sfm_1024_sift_global_res1024_patch400_stage2/ablation_eval/results_splat.csv
D4,dataset4,1024,sift,global,1024,splat_dataset4_sfm_1024_sift_global_res1024_patch400_2m,splat_dataset4_sfm_1024_sift_global_res1024_patch400_stage2,patch,p000,COMPLETE,complete,400,2000000,,0.518633389320129,16.30762504718484,0.6568842423267853,python_full_resolution_undistorted,full_resolution_undistorted,5396,4735,601.557,2000000,8455,7733,completed_requested_iterations,,2026-07-12T06:28:37.498294+00:00,s3://3dreefs-ben-eu-north1/experiments/ablations/stage2_resolution_fullres_eval/runs/splat_dataset4_sfm_1024_sift_global_res1024_patch400_stage2/ablation_eval/results_splat.csv
D4,dataset4,1024,sift,global,1024,splat_dataset4_sfm_1024_sift_global_res1024_patch400_2m,splat_dataset4_sfm_1024_sift_global_res1024_patch400_stage2,patch,p004,COMPLETE,complete,400,2000000,,0.5342777857654973,16.673965725116364,0.6184025171555971,python_full_resolution_undistorted,full_resolution_undistorted,5396,4735,629.732,2000000,8797,12411,completed_requested_iterations,,2026-07-12T06:46:03.245951+00:00,s3://3dreefs-ben-eu-north1/experiments/ablations/stage2_resolution_fullres_eval/runs/splat_dataset4_sfm_1024_sift_global_res1024_patch400_stage2/ablation_eval/results_splat.csv
D4,dataset4,1024,sift,global,1024,splat_dataset4_sfm_1024_sift_global_res1024_patch400_2m,splat_dataset4_sfm_1024_sift_global_res1024_patch400_stage2,patch,p008,COMPLETE,complete,400,2000000,,0.530584747854032,16.71223738233237,0.6477847538496319,python_full_resolution_undistorted,full_resolution_undistorted,5396,4735,622.46,2000000,8782,12545,completed_requested_iterations,,2026-07-12T07:03:29.706019+00:00,s3://3dreefs-ben-eu-north1/experiments/ablations/stage2_resolution_fullres_eval/runs/splat_dataset4_sfm_1024_sift_global_res1024_patch400_stage2/ablation_eval/results_splat.csv
D4,dataset4,1024,sift,global,1024,splat_dataset4_sfm_1024_sift_global_res1024_patch400_2m,splat_dataset4_sfm_1024_sift_global_res1024_patch400_stage2,patch,p012,COMPLETE,complete,400,2000000,,0.5060043387115002,16.559392088407698,0.6681265816092491,python_full_resolution_undistorted,full_resolution_undistorted,5363,4708,617.611,2000000,9726,12453,completed_requested_iterations,,2026-07-12T07:21:12.013113+00:00,s3://3dreefs-ben-eu-north1/experiments/ablations/stage2_resolution_fullres_eval/runs/splat_dataset4_sfm_1024_sift_global_res1024_patch400_stage2/ablation_eval/results_splat.csv
D4,dataset4,1024,sift,global,1024,splat_dataset4_sfm_1024_sift_global_res1024_patch400_2m,splat_dataset4_sfm_1024_sift_global_res1024_patch400_stage2,patch,p016,COMPLETE,complete,400,2000000,,0.5533661971221099,17.73104046034556,0.5461621268375499,python_full_resolution_undistorted,full_resolution_undistorted,5358,4707,605.64,2000000,8867,12505,completed_requested_iterations,,2026-07-12T07:37:58.157596+00:00,s3://3dreefs-ben-eu-north1/experiments/ablations/stage2_resolution_fullres_eval/runs/splat_dataset4_sfm_1024_sift_global_res1024_patch400_stage2/ablation_eval/results_splat.csv
D4,dataset4,1024,sift,global,1024,splat_dataset4_sfm_1024_sift_global_res1024_patch400_2m,splat_dataset4_sfm_1024_sift_global_res1024_patch400_stage2,patch,p021,COMPLETE,complete,400,2000000,,0.5523339502513409,17.911476888031892,0.5544030204415321,python_full_resolution_undistorted,full_resolution_undistorted,5363,4708,615.126,2000000,9034,12501,completed_requested_iterations,,2026-07-12T07:55:35.208485+00:00,s3://3dreefs-ben-eu-north1/experiments/ablations/stage2_resolution_fullres_eval/runs/splat_dataset4_sfm_1024_sift_global_res1024_patch400_stage2/ablation_eval/results_splat.csv
D4,dataset4,1024,sift,global,1024,splat_dataset4_sfm_1024_sift_global_res1024_patch400_2m,splat_dataset4_sfm_1024_sift_global_res1024_patch400_stage2,patch,p025,COMPLETE,complete,400,2000000,,0.5466097177643525,17.666278809673532,0.5924731140073977,python_full_resolution_undistorted,full_resolution_undistorted,5396,4735,610.651,2000000,9015,12549,completed_requested_iterations,,2026-07-12T08:12:33.923054+00:00,s3://3dreefs-ben-eu-north1/experiments/ablations/stage2_resolution_fullres_eval/runs/splat_dataset4_sfm_1024_sift_global_res1024_patch400_stage2/ablation_eval/results_splat.csv
D4,dataset4,1024,sift,global,1024,splat_dataset4_sfm_1024_sift_global_res1024_patch400_2m,splat_dataset4_sfm_1024_sift_global_res1024_patch400_stage2,patch,p029,COMPLETE,complete,400,2000000,,0.5495805037327302,17.826466048993517,0.5640157392391791,python_full_resolution_undistorted,full_resolution_undistorted,5396,4735,632.697,2000000,9745,13381,completed_requested_iterations,,2026-07-12T08:30:12.935303+00:00,s3://3dreefs-ben-eu-north1/experiments/ablations/stage2_resolution_fullres_eval/runs/splat_dataset4_sfm_1024_sift_global_res1024_patch400_stage2/ablation_eval/results_splat.csv
D4,dataset4,1024,sift,global,1024,splat_dataset4_sfm_1024_sift_global_res1024_patch400_2m,splat_dataset4_sfm_1024_sift_global_res1024_patch400_stage2,patch,p033,COMPLETE,complete,400,2000000,,0.4435393230782615,15.141894233862311,0.6954135994116465,python_full_resolution_undistorted,full_resolution_undistorted,5363,4708,612.9,2000000,8829,12535,completed_requested_iterations,,2026-07-12T08:46:57.678338+00:00,s3://3dreefs-ben-eu-north1/experiments/ablations/stage2_resolution_fullres_eval/runs/splat_dataset4_sfm_1024_sift_global_res1024_patch400_stage2/ablation_eval/results_splat.csv
D4,dataset4,1024,sift,global,1024,splat_dataset4_sfm_1024_sift_global_res1024_patch400_2m,splat_dataset4_sfm_1024_sift_global_res1024_patch400_stage2,patch,p037,COMPLETE,complete,400,2000000,,0.550250130671042,18.062413650217483,0.5112507332254339,python_full_resolution_undistorted,full_resolution_undistorted,5358,4707,593.317,2000000,8694,12415,completed_requested_iterations,,2026-07-12T09:01:50.762677+00:00,s3://3dreefs-ben-eu-north1/experiments/ablations/stage2_resolution_fullres_eval/runs/splat_dataset4_sfm_1024_sift_global_res1024_patch400_stage2/ablation_eval/results_splat.csv
D4,dataset4,1024,sift,global,1024,splat_dataset4_sfm_1024_sift_global_res1024_patch400_500k,splat_dataset4_sfm_1024_sift_global_res1024_patch400_stage2,patch,p000,COMPLETE,complete,400,500000,,0.5236461674555754,16.52039439677702,0.7519803291712052,python_full_resolution_undistorted,full_resolution_undistorted,5396,4735,456.974,500000,8089,7733,completed_requested_iterations,,2026-07-12T01:13:23.904570+00:00,s3://3dreefs-ben-eu-north1/experiments/ablations/stage2_resolution_fullres_eval/runs/splat_dataset4_sfm_1024_sift_global_res1024_patch400_stage2/ablation_eval/results_splat.csv
D4,dataset4,1024,sift,global,1024,splat_dataset4_sfm_1024_sift_global_res1024_patch400_500k,splat_dataset4_sfm_1024_sift_global_res1024_patch400_stage2,patch,p004,COMPLETE,complete,400,500000,,0.5434543866860239,16.90442889565169,0.7130120459355807,python_full_resolution_undistorted,full_resolution_undistorted,5396,4735,401.003,500000,8468,11747,completed_requested_iterations,,2026-07-12T01:26:53.436425+00:00,s3://3dreefs-ben-eu-north1/experiments/ablations/stage2_resolution_fullres_eval/runs/splat_dataset4_sfm_1024_sift_global_res1024_patch400_stage2/ablation_eval/results_splat.csv
D4,dataset4,1024,sift,global,1024,splat_dataset4_sfm_1024_sift_global_res1024_patch400_500k,splat_dataset4_sfm_1024_sift_global_res1024_patch400_stage2,patch,p008,COMPLETE,complete,400,500000,,0.5397575481941825,16.898388279634233,0.7407189309597015,python_full_resolution_undistorted,full_resolution_undistorted,5396,4735,388.348,500000,8449,11715,completed_requested_iterations,,2026-07-12T01:40:22.736848+00:00,s3://3dreefs-ben-eu-north1/experiments/ablations/stage2_resolution_fullres_eval/runs/splat_dataset4_sfm_1024_sift_global_res1024_patch400_stage2/ablation_eval/results_splat.csv
D4,dataset4,1024,sift,global,1024,splat_dataset4_sfm_1024_sift_global_res1024_patch400_500k,splat_dataset4_sfm_1024_sift_global_res1024_patch400_stage2,patch,p012,COMPLETE,complete,400,500000,,0.5122662305831909,16.664609618692133,0.7609588652849197,python_full_resolution_undistorted,full_resolution_undistorted,5363,4708,391.952,500000,8649,11721,completed_requested_iterations,,2026-07-12T01:54:00.906554+00:00,s3://3dreefs-ben-eu-north1/experiments/ablations/stage2_resolution_fullres_eval/runs/splat_dataset4_sfm_1024_sift_global_res1024_patch400_stage2/ablation_eval/results_splat.csv
D4,dataset4,1024,sift,global,1024,splat_dataset4_sfm_1024_sift_global_res1024_patch400_500k,splat_dataset4_sfm_1024_sift_global_res1024_patch400_stage2,patch,p016,COMPLETE,complete,400,500000,,0.5612060701524889,18.14940126678964,0.6515909610567866,python_full_resolution_undistorted,full_resolution_undistorted,5358,4707,385.64,500000,8558,11775,completed_requested_iterations,,2026-07-12T02:07:17.694699+00:00,s3://3dreefs-ben-eu-north1/experiments/ablations/stage2_resolution_fullres_eval/runs/splat_dataset4_sfm_1024_sift_global_res1024_patch400_stage2/ablation_eval/results_splat.csv
D4,dataset4,1024,sift,global,1024,splat_dataset4_sfm_1024_sift_global_res1024_patch400_500k,splat_dataset4_sfm_1024_sift_global_res1024_patch400_stage2,patch,p021,COMPLETE,complete,400,500000,,0.5477681033313274,18.22680798866679,0.664286082983017,python_full_resolution_undistorted,full_resolution_undistorted,5363,4708,407.067,500000,8756,11827,completed_requested_iterations,,2026-07-12T02:21:29.729675+00:00,s3://3dreefs-ben-eu-north1/experiments/ablations/stage2_resolution_fullres_eval/runs/splat_dataset4_sfm_1024_sift_global_res1024_patch400_stage2/ablation_eval/results_splat.csv
D4,dataset4,1024,sift,global,1024,splat_dataset4_sfm_1024_sift_global_res1024_patch400_500k,splat_dataset4_sfm_1024_sift_global_res1024_patch400_stage2,patch,p025,COMPLETE,complete,400,500000,,0.5492992989326778,17.924674377897993,0.68658415737905,python_full_resolution_undistorted,full_resolution_undistorted,5396,4735,389.157,500000,8711,11719,completed_requested_iterations,,2026-07-12T02:34:51.873625+00:00,s3://3dreefs-ben-eu-north1/experiments/ablations/stage2_resolution_fullres_eval/runs/splat_dataset4_sfm_1024_sift_global_res1024_patch400_stage2/ablation_eval/results_splat.csv
D4,dataset4,1024,sift,global,1024,splat_dataset4_sfm_1024_sift_global_res1024_patch400_500k,splat_dataset4_sfm_1024_sift_global_res1024_patch400_stage2,patch,p029,COMPLETE,complete,400,500000,,0.5455690576479986,17.961811371917722,0.6826490652866852,python_full_resolution_undistorted,full_resolution_undistorted,5396,4735,394.164,500000,8704,11755,completed_requested_iterations,,2026-07-12T02:48:31.577662+00:00,s3://3dreefs-ben-eu-north1/experiments/ablations/stage2_resolution_fullres_eval/runs/splat_dataset4_sfm_1024_sift_global_res1024_patch400_stage2/ablation_eval/results_splat.csv
D4,dataset4,1024,sift,global,1024,splat_dataset4_sfm_1024_sift_global_res1024_patch400_500k,splat_dataset4_sfm_1024_sift_global_res1024_patch400_stage2,patch,p033,COMPLETE,complete,400,500000,,0.4474828541278839,15.16072577401292,0.7898527334133784,python_full_resolution_undistorted,full_resolution_undistorted,5363,4708,377.667,500000,8591,11669,completed_requested_iterations,,2026-07-12T03:01:28.362196+00:00,s3://3dreefs-ben-eu-north1/experiments/ablations/stage2_resolution_fullres_eval/runs/splat_dataset4_sfm_1024_sift_global_res1024_patch400_stage2/ablation_eval/results_splat.csv
D4,dataset4,1024,sift,global,1024,splat_dataset4_sfm_1024_sift_global_res1024_patch400_500k,splat_dataset4_sfm_1024_sift_global_res1024_patch400_stage2,patch,p037,COMPLETE,complete,400,500000,,0.5663272926100978,18.93972634334754,0.5941389214109492,python_full_resolution_undistorted,full_resolution_undistorted,5358,4707,352.25,500000,8378,11625,completed_requested_iterations,,2026-07-12T03:12:30.102828+00:00,s3://3dreefs-ben-eu-north1/experiments/ablations/stage2_resolution_fullres_eval/runs/splat_dataset4_sfm_1024_sift_global_res1024_patch400_stage2/ablation_eval/results_splat.csv
D4,dataset4,1024,sift,global,1024,splat_dataset4_sfm_1024_sift_global_res1024_patch800_1m,splat_dataset4_sfm_1024_sift_global_res1024_patch800_stage2,patch,p000,COMPLETE,complete,800,1000000,,0.5431964997249313,17.110262881214407,0.7405070866210551,python_full_resolution_undistorted,full_resolution_undistorted,5396,4735,622.456,1000000,9093,7733,completed_requested_iterations,,2026-07-12T05:25:51.941618+00:00,s3://3dreefs-ben-eu-north1/experiments/ablations/stage2_resolution_fullres_eval/runs/splat_dataset4_sfm_1024_sift_global_res1024_patch800_stage2/ablation_eval/results_splat.csv
D4,dataset4,1024,sift,global,1024,splat_dataset4_sfm_1024_sift_global_res1024_patch800_1m,splat_dataset4_sfm_1024_sift_global_res1024_patch800_stage2,patch,p002,COMPLETE,complete,800,1000000,,0.551304783891229,17.916194837173443,0.6818138036657783,python_full_resolution_undistorted,full_resolution_undistorted,5363,4708,589.829,1000000,9513,12219,completed_requested_iterations,,2026-07-12T05:48:16.125263+00:00,s3://3dreefs-ben-eu-north1/experiments/ablations/stage2_resolution_fullres_eval/runs/splat_dataset4_sfm_1024_sift_global_res1024_patch800_stage2/ablation_eval/results_splat.csv
D4,dataset4,1024,sift,global,1024,splat_dataset4_sfm_1024_sift_global_res1024_patch800_1m,splat_dataset4_sfm_1024_sift_global_res1024_patch800_stage2,patch,p004,COMPLETE,complete,800,1000000,,0.549161239846112,17.649994810451926,0.6989442020246427,python_full_resolution_undistorted,full_resolution_undistorted,5358,4707,597.552,1000000,9595,12215,completed_requested_iterations,,2026-07-12T06:12:05.769236+00:00,s3://3dreefs-ben-eu-north1/experiments/ablations/stage2_resolution_fullres_eval/runs/splat_dataset4_sfm_1024_sift_global_res1024_patch800_stage2/ablation_eval/results_splat.csv
D4,dataset4,1024,sift,global,1024,splat_dataset4_sfm_1024_sift_global_res1024_patch800_1m,splat_dataset4_sfm_1024_sift_global_res1024_patch800_stage2,patch,p005,COMPLETE,complete,800,1000000,,0.5611081627053274,18.093353772572023,0.6820313695450904,python_full_resolution_undistorted,full_resolution_undistorted,5363,4708,594.337,1000000,9616,12243,completed_requested_iterations,,2026-07-12T06:35:52.336436+00:00,s3://3dreefs-ben-eu-north1/experiments/ablations/stage2_resolution_fullres_eval/runs/splat_dataset4_sfm_1024_sift_global_res1024_patch800_stage2/ablation_eval/results_splat.csv
D4,dataset4,1024,sift,global,1024,splat_dataset4_sfm_1024_sift_global_res1024_patch800_1m,splat_dataset4_sfm_1024_sift_global_res1024_patch800_stage2,patch,p007,COMPLETE,complete,800,1000000,,0.5479852376689374,17.834032019867355,0.6911807983693942,python_full_resolution_undistorted,full_resolution_undistorted,5396,4735,585.026,1000000,9700,13037,completed_requested_iterations,,2026-07-12T06:58:49.695436+00:00,s3://3dreefs-ben-eu-north1/experiments/ablations/stage2_resolution_fullres_eval/runs/splat_dataset4_sfm_1024_sift_global_res1024_patch800_stage2/ablation_eval/results_splat.csv
D4,dataset4,1024,sift,global,1024,splat_dataset4_sfm_1024_sift_global_res1024_patch800_1m,splat_dataset4_sfm_1024_sift_global_res1024_patch800_stage2,patch,p009,COMPLETE,complete,800,1000000,,0.46092992562514085,15.828409518055146,0.797785087273671,python_full_resolution_undistorted,full_resolution_undistorted,5396,4735,604.156,1000000,9834,12213,completed_requested_iterations,,2026-07-12T07:23:29.578926+00:00,s3://3dreefs-ben-eu-north1/experiments/ablations/stage2_resolution_fullres_eval/runs/splat_dataset4_sfm_1024_sift_global_res1024_patch800_stage2/ablation_eval/results_splat.csv
D4,dataset4,1024,sift,global,1024,splat_dataset4_sfm_1024_sift_global_res1024_patch800_1m,splat_dataset4_sfm_1024_sift_global_res1024_patch800_stage2,patch,p011,COMPLETE,complete,800,1000000,,0.5715367597869679,18.672931665709267,0.6412344627742526,python_full_resolution_undistorted,full_resolution_undistorted,5363,4708,641.619,1000000,10046,12279,completed_requested_iterations,,2026-07-12T07:49:11.567232+00:00,s3://3dreefs-ben-eu-north1/experiments/ablations/stage2_resolution_fullres_eval/runs/splat_dataset4_sfm_1024_sift_global_res1024_patch800_stage2/ablation_eval/results_splat.csv
D4,dataset4,1024,sift,global,1024,splat_dataset4_sfm_1024_sift_global_res1024_patch800_1m,splat_dataset4_sfm_1024_sift_global_res1024_patch800_stage2,patch,p012,COMPLETE,complete,800,1000000,,0.43899815281232196,15.008745077458947,0.8290772285216894,python_full_resolution_undistorted,full_resolution_undistorted,5363,4708,604.591,1000000,9824,12251,completed_requested_iterations,,2026-07-12T08:13:50.887171+00:00,s3://3dreefs-ben-eu-north1/experiments/ablations/stage2_resolution_fullres_eval/runs/splat_dataset4_sfm_1024_sift_global_res1024_patch800_stage2/ablation_eval/results_splat.csv
D4,dataset4,1024,sift,global,1024,splat_dataset4_sfm_1024_sift_global_res1024_patch800_1m,splat_dataset4_sfm_1024_sift_global_res1024_patch800_stage2,patch,p014,COMPLETE,complete,800,1000000,,0.5233951714131739,17.66509114706607,0.7231738799578183,python_full_resolution_undistorted,full_resolution_undistorted,5396,4735,620.146,1000000,10002,12235,completed_requested_iterations,,2026-07-12T08:38:48.767656+00:00,s3://3dreefs-ben-eu-north1/experiments/ablations/stage2_resolution_fullres_eval/runs/splat_dataset4_sfm_1024_sift_global_res1024_patch800_stage2/ablation_eval/results_splat.csv
D4,dataset4,1024,sift,global,1024,splat_dataset4_sfm_1024_sift_global_res1024_patch800_1m,splat_dataset4_sfm_1024_sift_global_res1024_patch800_stage2,patch,p016,COMPLETE,complete,800,1000000,,0.5652151755491892,18.719881128864593,0.6274339250723521,python_full_resolution_undistorted,full_resolution_undistorted,5396,4735,628.994,1000000,9972,12231,completed_requested_iterations,,2026-07-12T09:03:47.521671+00:00,s3://3dreefs-ben-eu-north1/experiments/ablations/stage2_resolution_fullres_eval/runs/splat_dataset4_sfm_1024_sift_global_res1024_patch800_stage2/ablation_eval/results_splat.csv
D4,dataset4,1024,sift,global,1024,splat_dataset4_sfm_1024_sift_global_res1024_patch800_2m,splat_dataset4_sfm_1024_sift_global_res1024_patch800_stage2,patch,p000,COMPLETE,complete,800,2000000,,0.5433027778245225,17.056535399032477,0.703473565699179,python_full_resolution_undistorted,full_resolution_undistorted,5396,4735,763.466,2000000,9199,10093,completed_requested_iterations,,2026-07-12T09:47:08.696557+00:00,s3://3dreefs-ben-eu-north1/experiments/ablations/stage2_resolution_fullres_eval/runs/splat_dataset4_sfm_1024_sift_global_res1024_patch800_stage2/ablation_eval/results_splat.csv
D4,dataset4,1024,sift,global,1024,splat_dataset4_sfm_1024_sift_global_res1024_patch800_2m,splat_dataset4_sfm_1024_sift_global_res1024_patch800_stage2,patch,p002,COMPLETE,complete,800,2000000,,0.5512333411504241,17.890079174906216,0.6338064008775879,python_full_resolution_undistorted,full_resolution_undistorted,5363,4708,733.588,2000000,10055,14997,completed_requested_iterations,,2026-07-12T10:11:06.884565+00:00,s3://3dreefs-ben-eu-north1/experiments/ablations/stage2_resolution_fullres_eval/runs/splat_dataset4_sfm_1024_sift_global_res1024_patch800_stage2/ablation_eval/results_splat.csv
D4,dataset4,1024,sift,global,1024,splat_dataset4_sfm_1024_sift_global_res1024_patch800_2m,splat_dataset4_sfm_1024_sift_global_res1024_patch800_stage2,patch,p004,COMPLETE,complete,800,2000000,,0.5499244912029946,17.602028298962804,0.6528905850567229,python_full_resolution_undistorted,full_resolution_undistorted,5358,4707,738.525,2000000,10965,15063,completed_requested_iterations,,2026-07-12T10:35:54.566982+00:00,s3://3dreefs-ben-eu-north1/experiments/ablations/stage2_resolution_fullres_eval/runs/splat_dataset4_sfm_1024_sift_global_res1024_patch800_stage2/ablation_eval/results_splat.csv
D4,dataset4,1024,sift,global,1024,splat_dataset4_sfm_1024_sift_global_res1024_patch800_2m,splat_dataset4_sfm_1024_sift_global_res1024_patch800_stage2,patch,p005,COMPLETE,complete,800,2000000,,0.5619527861266069,18.098474061919937,0.6315261289267473,python_full_resolution_undistorted,full_resolution_undistorted,5363,4708,739.097,2000000,10993,15081,completed_requested_iterations,,2026-07-12T11:00:30.802129+00:00,s3://3dreefs-ben-eu-north1/experiments/ablations/stage2_resolution_fullres_eval/runs/splat_dataset4_sfm_1024_sift_global_res1024_patch800_stage2/ablation_eval/results_splat.csv
D4,dataset4,1024,sift,global,1024,splat_dataset4_sfm_1024_sift_global_res1024_patch800_2m,splat_dataset4_sfm_1024_sift_global_res1024_patch800_stage2,patch,p007,COMPLETE,complete,800,2000000,,0.5523090647979522,17.79126290725192,0.6459824711504117,python_full_resolution_undistorted,full_resolution_undistorted,5396,4735,727.013,2000000,10249,15043,completed_requested_iterations,,2026-07-12T11:24:55.386450+00:00,s3://3dreefs-ben-eu-north1/experiments/ablations/stage2_resolution_fullres_eval/runs/splat_dataset4_sfm_1024_sift_global_res1024_patch800_stage2/ablation_eval/results_splat.csv
D4,dataset4,1024,sift,global,1024,splat_dataset4_sfm_1024_sift_global_res1024_patch800_2m,splat_dataset4_sfm_1024_sift_global_res1024_patch800_stage2,patch,p009,COMPLETE,complete,800,2000000,,0.46228745923592496,15.773741123021528,0.7590281550700848,python_full_resolution_undistorted,full_resolution_undistorted,5396,4735,747.402,2000000,10409,14997,completed_requested_iterations,,2026-07-12T11:50:50.007343+00:00,s3://3dreefs-ben-eu-north1/experiments/ablations/stage2_resolution_fullres_eval/runs/splat_dataset4_sfm_1024_sift_global_res1024_patch800_stage2/ablation_eval/results_splat.csv
D4,dataset4,1024,sift,global,1024,splat_dataset4_sfm_1024_sift_global_res1024_patch800_2m,splat_dataset4_sfm_1024_sift_global_res1024_patch800_stage2,patch,p011,COMPLETE,complete,800,2000000,,0.5735586613793916,18.5980767600206,0.5905465691149989,python_full_resolution_undistorted,full_resolution_undistorted,5363,4708,775.59,2000000,10499,15061,completed_requested_iterations,,2026-07-12T12:17:32.318049+00:00,s3://3dreefs-ben-eu-north1/experiments/ablations/stage2_resolution_fullres_eval/runs/splat_dataset4_sfm_1024_sift_global_res1024_patch800_stage2/ablation_eval/results_splat.csv
D4,dataset4,1024,sift,global,1024,splat_dataset4_sfm_1024_sift_global_res1024_patch800_2m,splat_dataset4_sfm_1024_sift_global_res1024_patch800_stage2,patch,p012,COMPLETE,complete,800,2000000,,0.4369645867592249,14.9506023790949,0.8059346698797666,python_full_resolution_undistorted,full_resolution_undistorted,5363,4708,748.88,2000000,10369,15119,completed_requested_iterations,,2026-07-12T12:43:24.581879+00:00,s3://3dreefs-ben-eu-north1/experiments/ablations/stage2_resolution_fullres_eval/runs/splat_dataset4_sfm_1024_sift_global_res1024_patch800_stage2/ablation_eval/results_splat.csv
D4,dataset4,1024,sift,global,1024,splat_dataset4_sfm_1024_sift_global_res1024_patch800_2m,splat_dataset4_sfm_1024_sift_global_res1024_patch800_stage2,patch,p014,COMPLETE,complete,800,2000000,,0.526936383216412,17.615279367123737,0.6754314829776813,python_full_resolution_undistorted,full_resolution_undistorted,5396,4735,776.256,2000000,10493,15051,completed_requested_iterations,,2026-07-12T13:09:47.093156+00:00,s3://3dreefs-ben-eu-north1/experiments/ablations/stage2_resolution_fullres_eval/runs/splat_dataset4_sfm_1024_sift_global_res1024_patch800_stage2/ablation_eval/results_splat.csv
D4,dataset4,1024,sift,global,1024,splat_dataset4_sfm_1024_sift_global_res1024_patch800_2m,splat_dataset4_sfm_1024_sift_global_res1024_patch800_stage2,patch,p016,COMPLETE,complete,800,2000000,,0.5658594342072805,18.577778475492114,0.5776341501871745,python_full_resolution_undistorted,full_resolution_undistorted,5396,4735,771.02,2000000,10469,15173,completed_requested_iterations,,2026-07-12T13:35:44.348712+00:00,s3://3dreefs-ben-eu-north1/experiments/ablations/stage2_resolution_fullres_eval/runs/splat_dataset4_sfm_1024_sift_global_res1024_patch800_stage2/ablation_eval/results_splat.csv
D4,dataset4,1024,sift,global,1024,splat_dataset4_sfm_1024_sift_global_res1024_patch800_500k,splat_dataset4_sfm_1024_sift_global_res1024_patch800_stage2,patch,p000,COMPLETE,complete,800,500000,,0.5396225097813184,17.080309690760433,0.7758289998090719,python_full_resolution_undistorted,full_resolution_undistorted,5396,4735,609.39,500000,9238,7733,completed_requested_iterations,,2026-07-12T01:24:07.686064+00:00,s3://3dreefs-ben-eu-north1/experiments/ablations/stage2_resolution_fullres_eval/runs/splat_dataset4_sfm_1024_sift_global_res1024_patch800_stage2/ablation_eval/results_splat.csv
D4,dataset4,1024,sift,global,1024,splat_dataset4_sfm_1024_sift_global_res1024_patch800_500k,splat_dataset4_sfm_1024_sift_global_res1024_patch800_stage2,patch,p002,COMPLETE,complete,800,500000,,0.546157560804311,17.872107850714023,0.7294893957236234,python_full_resolution_undistorted,full_resolution_undistorted,5363,4708,493.405,500000,9517,11941,completed_requested_iterations,,2026-07-12T01:44:41.747009+00:00,s3://3dreefs-ben-eu-north1/experiments/ablations/stage2_resolution_fullres_eval/runs/splat_dataset4_sfm_1024_sift_global_res1024_patch800_stage2/ablation_eval/results_splat.csv
D4,dataset4,1024,sift,global,1024,splat_dataset4_sfm_1024_sift_global_res1024_patch800_500k,splat_dataset4_sfm_1024_sift_global_res1024_patch800_stage2,patch,p004,COMPLETE,complete,800,500000,,0.54398673405386,17.621318297209424,0.7445961547224489,python_full_resolution_undistorted,full_resolution_undistorted,5358,4707,524.243,500000,9688,11911,completed_requested_iterations,,2026-07-12T02:06:33.067386+00:00,s3://3dreefs-ben-eu-north1/experiments/ablations/stage2_resolution_fullres_eval/runs/splat_dataset4_sfm_1024_sift_global_res1024_patch800_stage2/ablation_eval/results_splat.csv
D4,dataset4,1024,sift,global,1024,splat_dataset4_sfm_1024_sift_global_res1024_patch800_500k,splat_dataset4_sfm_1024_sift_global_res1024_patch800_stage2,patch,p005,COMPLETE,complete,800,500000,,0.5559469637736468,18.09603658497823,0.7292609693298877,python_full_resolution_undistorted,full_resolution_undistorted,5363,4708,505.18,500000,9681,11931,completed_requested_iterations,,2026-07-12T02:28:05.834887+00:00,s3://3dreefs-ben-eu-north1/experiments/ablations/stage2_resolution_fullres_eval/runs/splat_dataset4_sfm_1024_sift_global_res1024_patch800_stage2/ablation_eval/results_splat.csv
D4,dataset4,1024,sift,global,1024,splat_dataset4_sfm_1024_sift_global_res1024_patch800_500k,splat_dataset4_sfm_1024_sift_global_res1024_patch800_stage2,patch,p007,COMPLETE,complete,800,500000,,0.5389682109087286,17.717026703526063,0.7368929318978753,python_full_resolution_undistorted,full_resolution_undistorted,5396,4735,504.846,500000,9800,11933,completed_requested_iterations,,2026-07-12T02:49:15.607362+00:00,s3://3dreefs-ben-eu-north1/experiments/ablations/stage2_resolution_fullres_eval/runs/splat_dataset4_sfm_1024_sift_global_res1024_patch800_stage2/ablation_eval/results_splat.csv
D4,dataset4,1024,sift,global,1024,splat_dataset4_sfm_1024_sift_global_res1024_patch800_500k,splat_dataset4_sfm_1024_sift_global_res1024_patch800_stage2,patch,p009,COMPLETE,complete,800,500000,,0.45558837285408604,15.777402663976819,0.8349184638414627,python_full_resolution_undistorted,full_resolution_undistorted,5396,4735,535.618,500000,9965,11965,completed_requested_iterations,,2026-07-12T03:12:31.859549+00:00,s3://3dreefs-ben-eu-north1/experiments/ablations/stage2_resolution_fullres_eval/runs/splat_dataset4_sfm_1024_sift_global_res1024_patch800_stage2/ablation_eval/results_splat.csv
D4,dataset4,1024,sift,global,1024,splat_dataset4_sfm_1024_sift_global_res1024_patch800_500k,splat_dataset4_sfm_1024_sift_global_res1024_patch800_stage2,patch,p011,COMPLETE,complete,800,500000,,0.5617247714272028,18.598107094503405,0.6940407571913321,python_full_resolution_undistorted,full_resolution_undistorted,5363,4708,547.227,500000,10012,11941,completed_requested_iterations,,2026-07-12T03:36:03.703525+00:00,s3://3dreefs-ben-eu-north1/experiments/ablations/stage2_resolution_fullres_eval/runs/splat_dataset4_sfm_1024_sift_global_res1024_patch800_stage2/ablation_eval/results_splat.csv
D4,dataset4,1024,sift,global,1024,splat_dataset4_sfm_1024_sift_global_res1024_patch800_500k,splat_dataset4_sfm_1024_sift_global_res1024_patch800_stage2,patch,p012,COMPLETE,complete,800,500000,,0.4374173749715854,14.93806393353122,0.8535121457699018,python_full_resolution_undistorted,full_resolution_undistorted,5363,4708,521.802,500000,9877,11997,completed_requested_iterations,,2026-07-12T03:59:01.866256+00:00,s3://3dreefs-ben-eu-north1/experiments/ablations/stage2_resolution_fullres_eval/runs/splat_dataset4_sfm_1024_sift_global_res1024_patch800_stage2/ablation_eval/results_splat.csv
D4,dataset4,1024,sift,global,1024,splat_dataset4_sfm_1024_sift_global_res1024_patch800_500k,splat_dataset4_sfm_1024_sift_global_res1024_patch800_stage2,patch,p014,COMPLETE,complete,800,500000,,0.51451382350612,17.604683741249662,0.7703795696233774,python_full_resolution_undistorted,full_resolution_undistorted,5396,4735,531.839,500000,9986,11997,completed_requested_iterations,,2026-07-12T04:22:18.377121+00:00,s3://3dreefs-ben-eu-north1/experiments/ablations/stage2_resolution_fullres_eval/runs/splat_dataset4_sfm_1024_sift_global_res1024_patch800_stage2/ablation_eval/results_splat.csv
D4,dataset4,1024,sift,global,1024,splat_dataset4_sfm_1024_sift_global_res1024_patch800_500k,splat_dataset4_sfm_1024_sift_global_res1024_patch800_stage2,patch,p016,COMPLETE,complete,800,500000,,0.556800191005071,18.69105134737566,0.6816481916109721,python_full_resolution_undistorted,full_resolution_undistorted,5396,4735,542.187,500000,10249,11953,completed_requested_iterations,,2026-07-12T04:44:56.437672+00:00,s3://3dreefs-ben-eu-north1/experiments/ablations/stage2_resolution_fullres_eval/runs/splat_dataset4_sfm_1024_sift_global_res1024_patch800_stage2/ablation_eval/results_splat.csv
D4,dataset4,1024,sift,global,2048,splat_dataset4_sfm_1024_sift_global_res2048_patch200_1m,splat_dataset4_sfm_1024_sift_global_res2048_patch200_stage2,patch,p000,COMPLETE,complete,200,1000000,,0.5672174245119095,17.39055828852279,0.6361143559217453,python_full_resolution_undistorted,full_resolution_undistorted,5363,4708,711.908,1000000,7607,10093,completed_requested_iterations,,2026-07-12T03:51:30.236072+00:00,s3://3dreefs-ben-eu-north1/experiments/ablations/stage2_resolution_fullres_eval/runs/splat_dataset4_sfm_1024_sift_global_res2048_patch200_stage2/ablation_eval/results_splat.csv
D4,dataset4,1024,sift,global,2048,splat_dataset4_sfm_1024_sift_global_res2048_patch200_1m,splat_dataset4_sfm_1024_sift_global_res2048_patch200_stage2,patch,p010,COMPLETE,complete,200,1000000,,0.5503142005518863,16.7091244757712,0.6575784087181091,python_full_resolution_undistorted,full_resolution_undistorted,5396,4735,808.129,1000000,8144,14571,completed_requested_iterations,,2026-07-12T04:08:30.040062+00:00,s3://3dreefs-ben-eu-north1/experiments/ablations/stage2_resolution_fullres_eval/runs/splat_dataset4_sfm_1024_sift_global_res2048_patch200_stage2/ablation_eval/results_splat.csv
D4,dataset4,1024,sift,global,2048,splat_dataset4_sfm_1024_sift_global_res2048_patch200_1m,splat_dataset4_sfm_1024_sift_global_res2048_patch200_stage2,patch,p020,COMPLETE,complete,200,1000000,,0.5619470618273082,17.10793113446634,0.651109820918033,python_full_resolution_undistorted,full_resolution_undistorted,5363,4708,727.973,1000000,8219,14641,completed_requested_iterations,,2026-07-12T04:24:12.245970+00:00,s3://3dreefs-ben-eu-north1/experiments/ablations/stage2_resolution_fullres_eval/runs/splat_dataset4_sfm_1024_sift_global_res2048_patch200_stage2/ablation_eval/results_splat.csv
D4,dataset4,1024,sift,global,2048,splat_dataset4_sfm_1024_sift_global_res2048_patch200_1m,splat_dataset4_sfm_1024_sift_global_res2048_patch200_stage2,patch,p030,COMPLETE,complete,200,1000000,,0.5480779549654793,16.869440723794195,0.64992456927019,python_full_resolution_undistorted,full_resolution_undistorted,5363,4708,731.588,1000000,8166,14605,completed_requested_iterations,,2026-07-12T04:39:30.720244+00:00,s3://3dreefs-ben-eu-north1/experiments/ablations/stage2_resolution_fullres_eval/runs/splat_dataset4_sfm_1024_sift_global_res2048_patch200_stage2/ablation_eval/results_splat.csv
D4,dataset4,1024,sift,global,2048,splat_dataset4_sfm_1024_sift_global_res2048_patch200_1m,splat_dataset4_sfm_1024_sift_global_res2048_patch200_stage2,patch,p040,COMPLETE,complete,200,1000000,,0.5647304020822048,17.213269978322796,0.5931984577327967,python_full_resolution_undistorted,full_resolution_undistorted,5396,4735,719.871,1000000,8176,14473,completed_requested_iterations,,2026-07-12T04:54:24.537924+00:00,s3://3dreefs-ben-eu-north1/experiments/ablations/stage2_resolution_fullres_eval/runs/splat_dataset4_sfm_1024_sift_global_res2048_patch200_stage2/ablation_eval/results_splat.csv
D4,dataset4,1024,sift,global,2048,splat_dataset4_sfm_1024_sift_global_res2048_patch200_1m,splat_dataset4_sfm_1024_sift_global_res2048_patch200_stage2,patch,p050,COMPLETE,complete,200,1000000,,0.5671954900026321,17.8167549888356,0.6275169683827294,python_full_resolution_undistorted,full_resolution_undistorted,5363,4708,760.0,1000000,8312,14585,completed_requested_iterations,,2026-07-12T05:10:21.186846+00:00,s3://3dreefs-ben-eu-north1/experiments/ablations/stage2_resolution_fullres_eval/runs/splat_dataset4_sfm_1024_sift_global_res2048_patch200_stage2/ablation_eval/results_splat.csv
D4,dataset4,1024,sift,global,2048,splat_dataset4_sfm_1024_sift_global_res2048_patch200_1m,splat_dataset4_sfm_1024_sift_global_res2048_patch200_stage2,patch,p060,COMPLETE,complete,200,1000000,,0.4603778686788347,14.69367596446149,0.7256100177764893,python_full_resolution_undistorted,full_resolution_undistorted,5363,4708,762.551,1000000,8285,14643,completed_requested_iterations,,2026-07-12T05:26:27.143786+00:00,s3://3dreefs-ben-eu-north1/experiments/ablations/stage2_resolution_fullres_eval/runs/splat_dataset4_sfm_1024_sift_global_res2048_patch200_stage2/ablation_eval/results_splat.csv
D4,dataset4,1024,sift,global,2048,splat_dataset4_sfm_1024_sift_global_res2048_patch200_1m,splat_dataset4_sfm_1024_sift_global_res2048_patch200_stage2,patch,p070,COMPLETE,complete,200,1000000,,0.5104373782873154,16.694411501631087,0.6302342742681504,python_full_resolution_undistorted,full_resolution_undistorted,5363,4708,787.206,1000000,8513,14553,completed_requested_iterations,,2026-07-12T05:43:15.460490+00:00,s3://3dreefs-ben-eu-north1/experiments/ablations/stage2_resolution_fullres_eval/runs/splat_dataset4_sfm_1024_sift_global_res2048_patch200_stage2/ablation_eval/results_splat.csv
D4,dataset4,1024,sift,global,2048,splat_dataset4_sfm_1024_sift_global_res2048_patch200_1m,splat_dataset4_sfm_1024_sift_global_res2048_patch200_stage2,patch,p080,COMPLETE,complete,200,1000000,,0.6149554093678792,19.72485562455254,0.5252646744251251,python_full_resolution_undistorted,full_resolution_undistorted,5358,4707,784.564,1000000,8260,14539,completed_requested_iterations,,2026-07-12T05:59:03.744532+00:00,s3://3dreefs-ben-eu-north1/experiments/ablations/stage2_resolution_fullres_eval/runs/splat_dataset4_sfm_1024_sift_global_res2048_patch200_stage2/ablation_eval/results_splat.csv
D4,dataset4,1024,sift,global,2048,splat_dataset4_sfm_1024_sift_global_res2048_patch200_1m,splat_dataset4_sfm_1024_sift_global_res2048_patch200_stage2,patch,p090,COMPLETE,complete,200,1000000,,0.4568803836317623,14.392923317412228,0.7441236061208388,python_full_resolution_undistorted,full_resolution_undistorted,5358,4707,735.725,1000000,8253,14575,completed_requested_iterations,,2026-07-12T06:14:31.907409+00:00,s3://3dreefs-ben-eu-north1/experiments/ablations/stage2_resolution_fullres_eval/runs/splat_dataset4_sfm_1024_sift_global_res2048_patch200_stage2/ablation_eval/results_splat.csv
D4,dataset4,1024,sift,global,2048,splat_dataset4_sfm_1024_sift_global_res2048_patch200_2m,splat_dataset4_sfm_1024_sift_global_res2048_patch200_stage2,patch,p000,COMPLETE,complete,200,2000000,,0.5700329974293709,17.394119554945558,0.5835337370634079,python_full_resolution_undistorted,full_resolution_undistorted,5363,4708,906.729,2000000,7661,9705,completed_requested_iterations,,2026-07-12T06:49:56.427237+00:00,s3://3dreefs-ben-eu-north1/experiments/ablations/stage2_resolution_fullres_eval/runs/splat_dataset4_sfm_1024_sift_global_res2048_patch200_stage2/ablation_eval/results_splat.csv
D4,dataset4,1024,sift,global,2048,splat_dataset4_sfm_1024_sift_global_res2048_patch200_2m,splat_dataset4_sfm_1024_sift_global_res2048_patch200_stage2,patch,p010,COMPLETE,complete,200,2000000,,0.5476230916224027,16.70712020586888,0.6130853452180561,python_full_resolution_undistorted,full_resolution_undistorted,5396,4735,1055.413,2000000,8253,14597,completed_requested_iterations,,2026-07-12T07:11:05.888718+00:00,s3://3dreefs-ben-eu-north1/experiments/ablations/stage2_resolution_fullres_eval/runs/splat_dataset4_sfm_1024_sift_global_res2048_patch200_stage2/ablation_eval/results_splat.csv
D4,dataset4,1024,sift,global,2048,splat_dataset4_sfm_1024_sift_global_res2048_patch200_2m,splat_dataset4_sfm_1024_sift_global_res2048_patch200_stage2,patch,p020,COMPLETE,complete,200,2000000,,0.5650416691052286,17.10496511471908,0.5932426154613495,python_full_resolution_undistorted,full_resolution_undistorted,5363,4708,955.14,2000000,8253,14595,completed_requested_iterations,,2026-07-12T07:30:30.414931+00:00,s3://3dreefs-ben-eu-north1/experiments/ablations/stage2_resolution_fullres_eval/runs/splat_dataset4_sfm_1024_sift_global_res2048_patch200_stage2/ablation_eval/results_splat.csv
D4,dataset4,1024,sift,global,2048,splat_dataset4_sfm_1024_sift_global_res2048_patch200_2m,splat_dataset4_sfm_1024_sift_global_res2048_patch200_stage2,patch,p030,COMPLETE,complete,200,2000000,,0.5503132939338684,16.912492012191347,0.5939666365875917,python_full_resolution_undistorted,full_resolution_undistorted,5363,4708,978.593,2000000,9097,14721,completed_requested_iterations,,2026-07-12T07:50:03.975402+00:00,s3://3dreefs-ben-eu-north1/experiments/ablations/stage2_resolution_fullres_eval/runs/splat_dataset4_sfm_1024_sift_global_res2048_patch200_stage2/ablation_eval/results_splat.csv
D4,dataset4,1024,sift,global,2048,splat_dataset4_sfm_1024_sift_global_res2048_patch200_2m,splat_dataset4_sfm_1024_sift_global_res2048_patch200_stage2,patch,p040,COMPLETE,complete,200,2000000,,0.5658231731504202,17.20891411678571,0.5361826177686453,python_full_resolution_undistorted,full_resolution_undistorted,5396,4735,923.083,2000000,8231,14645,completed_requested_iterations,,2026-07-12T08:08:27.443513+00:00,s3://3dreefs-ben-eu-north1/experiments/ablations/stage2_resolution_fullres_eval/runs/splat_dataset4_sfm_1024_sift_global_res2048_patch200_stage2/ablation_eval/results_splat.csv
D4,dataset4,1024,sift,global,2048,splat_dataset4_sfm_1024_sift_global_res2048_patch200_2m,splat_dataset4_sfm_1024_sift_global_res2048_patch200_stage2,patch,p050,COMPLETE,complete,200,2000000,,0.5741297966904111,17.830422286435187,0.5679360893037584,python_full_resolution_undistorted,full_resolution_undistorted,5363,4708,963.502,2000000,9173,15423,completed_requested_iterations,,2026-07-12T08:27:56.517093+00:00,s3://3dreefs-ben-eu-north1/experiments/ablations/stage2_resolution_fullres_eval/runs/splat_dataset4_sfm_1024_sift_global_res2048_patch200_stage2/ablation_eval/results_splat.csv
D4,dataset4,1024,sift,global,2048,splat_dataset4_sfm_1024_sift_global_res2048_patch200_2m,splat_dataset4_sfm_1024_sift_global_res2048_patch200_stage2,patch,p060,COMPLETE,complete,200,2000000,,0.46049150824546814,14.661002493208464,0.67490882674853,python_full_resolution_undistorted,full_resolution_undistorted,5363,4708,996.323,2000000,8366,14661,completed_requested_iterations,,2026-07-12T08:47:54.382009+00:00,s3://3dreefs-ben-eu-north1/experiments/ablations/stage2_resolution_fullres_eval/runs/splat_dataset4_sfm_1024_sift_global_res2048_patch200_stage2/ablation_eval/results_splat.csv
D4,dataset4,1024,sift,global,2048,splat_dataset4_sfm_1024_sift_global_res2048_patch200_2m,splat_dataset4_sfm_1024_sift_global_res2048_patch200_stage2,patch,p070,COMPLETE,complete,200,2000000,,0.5142055422067642,16.675215098905195,0.566250103712082,python_full_resolution_undistorted,full_resolution_undistorted,5363,4708,979.225,2000000,9332,14635,completed_requested_iterations,,2026-07-12T09:07:56.568367+00:00,s3://3dreefs-ben-eu-north1/experiments/ablations/stage2_resolution_fullres_eval/runs/splat_dataset4_sfm_1024_sift_global_res2048_patch200_stage2/ablation_eval/results_splat.csv
D4,dataset4,1024,sift,global,2048,splat_dataset4_sfm_1024_sift_global_res2048_patch200_2m,splat_dataset4_sfm_1024_sift_global_res2048_patch200_stage2,patch,p080,COMPLETE,complete,200,2000000,,0.6188882509867351,19.66506627702296,0.47030580838521324,python_full_resolution_undistorted,full_resolution_undistorted,5358,4707,1012.277,2000000,8280,14713,completed_requested_iterations,,2026-07-12T09:27:35.455751+00:00,s3://3dreefs-ben-eu-north1/experiments/ablations/stage2_resolution_fullres_eval/runs/splat_dataset4_sfm_1024_sift_global_res2048_patch200_stage2/ablation_eval/results_splat.csv
D4,dataset4,1024,sift,global,2048,splat_dataset4_sfm_1024_sift_global_res2048_patch200_2m,splat_dataset4_sfm_1024_sift_global_res2048_patch200_stage2,patch,p090,COMPLETE,complete,200,2000000,,0.4573741432498483,14.357134107390069,0.6951549859607921,python_full_resolution_undistorted,full_resolution_undistorted,5358,4707,892.951,2000000,8324,14751,completed_requested_iterations,,2026-07-12T09:45:34.230855+00:00,s3://3dreefs-ben-eu-north1/experiments/ablations/stage2_resolution_fullres_eval/runs/splat_dataset4_sfm_1024_sift_global_res2048_patch200_stage2/ablation_eval/results_splat.csv
D4,dataset4,1024,sift,global,2048,splat_dataset4_sfm_1024_sift_global_res2048_patch200_500k,splat_dataset4_sfm_1024_sift_global_res2048_patch200_stage2,patch,p000,COMPLETE,complete,200,500000,,0.559642244875431,17.335926595125297,0.6887790054082871,python_full_resolution_undistorted,full_resolution_undistorted,5363,4708,658.949,500000,7816,9705,completed_requested_iterations,,2026-07-12T01:16:50.467552+00:00,s3://3dreefs-ben-eu-north1/experiments/ablations/stage2_resolution_fullres_eval/runs/splat_dataset4_sfm_1024_sift_global_res2048_patch200_stage2/ablation_eval/results_splat.csv
D4,dataset4,1024,sift,global,2048,splat_dataset4_sfm_1024_sift_global_res2048_patch200_500k,splat_dataset4_sfm_1024_sift_global_res2048_patch200_stage2,patch,p010,COMPLETE,complete,200,500000,,0.5512752093766865,16.748240525546592,0.7066569704758493,python_full_resolution_undistorted,full_resolution_undistorted,5396,4735,686.975,500000,8174,14011,completed_requested_iterations,,2026-07-12T01:31:39.278354+00:00,s3://3dreefs-ben-eu-north1/experiments/ablations/stage2_resolution_fullres_eval/runs/splat_dataset4_sfm_1024_sift_global_res2048_patch200_stage2/ablation_eval/results_splat.csv
D4,dataset4,1024,sift,global,2048,splat_dataset4_sfm_1024_sift_global_res2048_patch200_500k,splat_dataset4_sfm_1024_sift_global_res2048_patch200_stage2,patch,p020,COMPLETE,complete,200,500000,,0.5578989151277041,17.148043984649824,0.7027838355616519,python_full_resolution_undistorted,full_resolution_undistorted,5363,4708,603.895,500000,8196,13883,completed_requested_iterations,,2026-07-12T01:45:07.857587+00:00,s3://3dreefs-ben-eu-north1/experiments/ablations/stage2_resolution_fullres_eval/runs/splat_dataset4_sfm_1024_sift_global_res2048_patch200_stage2/ablation_eval/results_splat.csv
D4,dataset4,1024,sift,global,2048,splat_dataset4_sfm_1024_sift_global_res2048_patch200_500k,splat_dataset4_sfm_1024_sift_global_res2048_patch200_stage2,patch,p030,COMPLETE,complete,200,500000,,0.5451036078088424,16.796712817991917,0.7050814523416407,python_full_resolution_undistorted,full_resolution_undistorted,5363,4708,618.602,500000,8199,13881,completed_requested_iterations,,2026-07-12T01:58:41.007197+00:00,s3://3dreefs-ben-eu-north1/experiments/ablations/stage2_resolution_fullres_eval/runs/splat_dataset4_sfm_1024_sift_global_res2048_patch200_stage2/ablation_eval/results_splat.csv
D4,dataset4,1024,sift,global,2048,splat_dataset4_sfm_1024_sift_global_res2048_patch200_500k,splat_dataset4_sfm_1024_sift_global_res2048_patch200_stage2,patch,p040,COMPLETE,complete,200,500000,,0.5584472976624966,17.276101628383895,0.6552790105342865,python_full_resolution_undistorted,full_resolution_undistorted,5396,4735,610.875,500000,8186,13943,completed_requested_iterations,,2026-07-12T02:11:45.062049+00:00,s3://3dreefs-ben-eu-north1/experiments/ablations/stage2_resolution_fullres_eval/runs/splat_dataset4_sfm_1024_sift_global_res2048_patch200_stage2/ablation_eval/results_splat.csv
D4,dataset4,1024,sift,global,2048,splat_dataset4_sfm_1024_sift_global_res2048_patch200_500k,splat_dataset4_sfm_1024_sift_global_res2048_patch200_stage2,patch,p050,COMPLETE,complete,200,500000,,0.5571249243285921,17.662281228673766,0.6865792671839396,python_full_resolution_undistorted,full_resolution_undistorted,5363,4708,637.771,500000,8468,13921,completed_requested_iterations,,2026-07-12T02:25:33.370414+00:00,s3://3dreefs-ben-eu-north1/experiments/ablations/stage2_resolution_fullres_eval/runs/splat_dataset4_sfm_1024_sift_global_res2048_patch200_stage2/ablation_eval/results_splat.csv
D4,dataset4,1024,sift,global,2048,splat_dataset4_sfm_1024_sift_global_res2048_patch200_500k,splat_dataset4_sfm_1024_sift_global_res2048_patch200_stage2,patch,p060,COMPLETE,complete,200,500000,,0.45982686181863147,14.667678261789026,0.7753260102536943,python_full_resolution_undistorted,full_resolution_undistorted,5363,4708,632.037,500000,8786,13951,completed_requested_iterations,,2026-07-12T02:39:20.115068+00:00,s3://3dreefs-ben-eu-north1/experiments/ablations/stage2_resolution_fullres_eval/runs/splat_dataset4_sfm_1024_sift_global_res2048_patch200_stage2/ablation_eval/results_splat.csv
D4,dataset4,1024,sift,global,2048,splat_dataset4_sfm_1024_sift_global_res2048_patch200_500k,splat_dataset4_sfm_1024_sift_global_res2048_patch200_stage2,patch,p070,COMPLETE,complete,200,500000,,0.5036307886242867,16.634586037215975,0.6960914194583893,python_full_resolution_undistorted,full_resolution_undistorted,5363,4708,641.776,500000,8597,13987,completed_requested_iterations,,2026-07-12T02:53:35.569252+00:00,s3://3dreefs-ben-eu-north1/experiments/ablations/stage2_resolution_fullres_eval/runs/splat_dataset4_sfm_1024_sift_global_res2048_patch200_stage2/ablation_eval/results_splat.csv
D4,dataset4,1024,sift,global,2048,splat_dataset4_sfm_1024_sift_global_res2048_patch200_500k,splat_dataset4_sfm_1024_sift_global_res2048_patch200_stage2,patch,p080,COMPLETE,complete,200,500000,,0.6045692642529805,19.60673620962929,0.5859055558840434,python_full_resolution_undistorted,full_resolution_undistorted,5358,4707,649.6,500000,8424,13749,completed_requested_iterations,,2026-07-12T03:07:05.380652+00:00,s3://3dreefs-ben-eu-north1/experiments/ablations/stage2_resolution_fullres_eval/runs/splat_dataset4_sfm_1024_sift_global_res2048_patch200_stage2/ablation_eval/results_splat.csv
D4,dataset4,1024,sift,global,2048,splat_dataset4_sfm_1024_sift_global_res2048_patch200_500k,splat_dataset4_sfm_1024_sift_global_res2048_patch200_stage2,patch,p090,COMPLETE,complete,200,500000,,0.4501650438589208,14.329883887352997,0.7903418926631703,python_full_resolution_undistorted,full_resolution_undistorted,5358,4707,571.471,500000,8411,13941,completed_requested_iterations,,2026-07-12T03:19:38.335957+00:00,s3://3dreefs-ben-eu-north1/experiments/ablations/stage2_resolution_fullres_eval/runs/splat_dataset4_sfm_1024_sift_global_res2048_patch200_stage2/ablation_eval/results_splat.csv
D4,dataset4,1024,sift,global,2048,splat_dataset4_sfm_1024_sift_global_res2048_patch400_1m,splat_dataset4_sfm_1024_sift_global_res2048_patch400_stage2,patch,p000,COMPLETE,complete,400,1000000,,0.5368703160530481,16.56412807449108,0.7331160536179175,python_full_resolution_undistorted,full_resolution_undistorted,5396,4735,806.8,1000000,8719,9703,completed_requested_iterations,,2026-07-12T06:15:50.344919+00:00,s3://3dreefs-ben-eu-north1/experiments/ablations/stage2_resolution_fullres_eval/runs/splat_dataset4_sfm_1024_sift_global_res2048_patch400_stage2/ablation_eval/results_splat.csv
D4,dataset4,1024,sift,global,2048,splat_dataset4_sfm_1024_sift_global_res2048_patch400_1m,splat_dataset4_sfm_1024_sift_global_res2048_patch400_stage2,patch,p004,COMPLETE,complete,400,1000000,,0.5584830155498103,17.03499760393916,0.6975860862355483,python_full_resolution_undistorted,full_resolution_undistorted,5396,4735,824.612,1000000,9334,14319,completed_requested_iterations,,2026-07-12T06:36:24.762147+00:00,s3://3dreefs-ben-eu-north1/experiments/ablations/stage2_resolution_fullres_eval/runs/splat_dataset4_sfm_1024_sift_global_res2048_patch400_stage2/ablation_eval/results_splat.csv
D4,dataset4,1024,sift,global,2048,splat_dataset4_sfm_1024_sift_global_res2048_patch400_1m,splat_dataset4_sfm_1024_sift_global_res2048_patch400_stage2,patch,p008,COMPLETE,complete,400,1000000,,0.5496473414333243,16.939124809901614,0.7262315499155145,python_full_resolution_undistorted,full_resolution_undistorted,5396,4735,815.442,1000000,9271,14347,completed_requested_iterations,,2026-07-12T06:57:09.632770+00:00,s3://3dreefs-ben-eu-north1/experiments/ablations/stage2_resolution_fullres_eval/runs/splat_dataset4_sfm_1024_sift_global_res2048_patch400_stage2/ablation_eval/results_splat.csv
D4,dataset4,1024,sift,global,2048,splat_dataset4_sfm_1024_sift_global_res2048_patch400_1m,splat_dataset4_sfm_1024_sift_global_res2048_patch400_stage2,patch,p012,COMPLETE,complete,400,1000000,,0.5239996924996376,16.75620804555512,0.7471596837043762,python_full_resolution_undistorted,full_resolution_undistorted,5363,4708,821.07,1000000,9417,14269,completed_requested_iterations,,2026-07-12T07:18:27.238312+00:00,s3://3dreefs-ben-eu-north1/experiments/ablations/stage2_resolution_fullres_eval/runs/splat_dataset4_sfm_1024_sift_global_res2048_patch400_stage2/ablation_eval/results_splat.csv
D4,dataset4,1024,sift,global,2048,splat_dataset4_sfm_1024_sift_global_res2048_patch400_1m,splat_dataset4_sfm_1024_sift_global_res2048_patch400_stage2,patch,p016,COMPLETE,complete,400,1000000,,0.5861290258330267,18.441463678815122,0.6269931197166443,python_full_resolution_undistorted,full_resolution_undistorted,5358,4707,797.78,1000000,9502,14319,completed_requested_iterations,,2026-07-12T07:38:34.026971+00:00,s3://3dreefs-ben-eu-north1/experiments/ablations/stage2_resolution_fullres_eval/runs/splat_dataset4_sfm_1024_sift_global_res2048_patch400_stage2/ablation_eval/results_splat.csv
D4,dataset4,1024,sift,global,2048,splat_dataset4_sfm_1024_sift_global_res2048_patch400_1m,splat_dataset4_sfm_1024_sift_global_res2048_patch400_stage2,patch,p021,COMPLETE,complete,400,1000000,,0.5758956924080849,18.552677633054945,0.6352674275636673,python_full_resolution_undistorted,full_resolution_undistorted,5363,4708,816.378,1000000,9591,14433,completed_requested_iterations,,2026-07-12T07:59:22.357618+00:00,s3://3dreefs-ben-eu-north1/experiments/ablations/stage2_resolution_fullres_eval/runs/splat_dataset4_sfm_1024_sift_global_res2048_patch400_stage2/ablation_eval/results_splat.csv
D4,dataset4,1024,sift,global,2048,splat_dataset4_sfm_1024_sift_global_res2048_patch400_1m,splat_dataset4_sfm_1024_sift_global_res2048_patch400_stage2,patch,p025,COMPLETE,complete,400,1000000,,0.5736603054561114,18.266910700078093,0.6599745985708738,python_full_resolution_undistorted,full_resolution_undistorted,5396,4735,795.424,1000000,9628,14355,completed_requested_iterations,,2026-07-12T08:19:15.664143+00:00,s3://3dreefs-ben-eu-north1/experiments/ablations/stage2_resolution_fullres_eval/runs/splat_dataset4_sfm_1024_sift_global_res2048_patch400_stage2/ablation_eval/results_splat.csv
D4,dataset4,1024,sift,global,2048,splat_dataset4_sfm_1024_sift_global_res2048_patch400_1m,splat_dataset4_sfm_1024_sift_global_res2048_patch400_stage2,patch,p029,COMPLETE,complete,400,1000000,,0.5765469823128138,18.23436300169987,0.6421477993329366,python_full_resolution_undistorted,full_resolution_undistorted,5396,4735,800.191,1000000,9674,14331,completed_requested_iterations,,2026-07-12T08:39:25.986325+00:00,s3://3dreefs-ben-eu-north1/experiments/ablations/stage2_resolution_fullres_eval/runs/splat_dataset4_sfm_1024_sift_global_res2048_patch400_stage2/ablation_eval/results_splat.csv
D4,dataset4,1024,sift,global,2048,splat_dataset4_sfm_1024_sift_global_res2048_patch400_1m,splat_dataset4_sfm_1024_sift_global_res2048_patch400_stage2,patch,p033,COMPLETE,complete,400,1000000,,0.4586472180154588,15.21435997050825,0.7780725657939911,python_full_resolution_undistorted,full_resolution_undistorted,5363,4708,836.184,1000000,9387,14275,completed_requested_iterations,,2026-07-12T08:59:36.645792+00:00,s3://3dreefs-ben-eu-north1/experiments/ablations/stage2_resolution_fullres_eval/runs/splat_dataset4_sfm_1024_sift_global_res2048_patch400_stage2/ablation_eval/results_splat.csv
D4,dataset4,1024,sift,global,2048,splat_dataset4_sfm_1024_sift_global_res2048_patch400_1m,splat_dataset4_sfm_1024_sift_global_res2048_patch400_stage2,patch,p037,COMPLETE,complete,400,1000000,,0.6087537750049874,19.565243071171523,0.557894895474116,python_full_resolution_undistorted,full_resolution_undistorted,5358,4707,777.554,1000000,8958,14327,completed_requested_iterations,,2026-07-12T09:17:23.768625+00:00,s3://3dreefs-ben-eu-north1/experiments/ablations/stage2_resolution_fullres_eval/runs/splat_dataset4_sfm_1024_sift_global_res2048_patch400_stage2/ablation_eval/results_splat.csv
D4,dataset4,1024,sift,global,2048,splat_dataset4_sfm_1024_sift_global_res2048_patch400_2m,splat_dataset4_sfm_1024_sift_global_res2048_patch400_stage2,patch,p000,COMPLETE,complete,400,2000000,,0.5403865965513083,16.55484932789722,0.6893260005192879,python_full_resolution_undistorted,full_resolution_undistorted,5396,4735,1004.599,2000000,8809,7733,completed_requested_iterations,,2026-07-12T09:56:35.110888+00:00,s3://3dreefs-ben-eu-north1/experiments/ablations/stage2_resolution_fullres_eval/runs/splat_dataset4_sfm_1024_sift_global_res2048_patch400_stage2/ablation_eval/results_splat.csv
D4,dataset4,1024,sift,global,2048,splat_dataset4_sfm_1024_sift_global_res2048_patch400_2m,splat_dataset4_sfm_1024_sift_global_res2048_patch400_stage2,patch,p004,COMPLETE,complete,400,2000000,,0.5614239879344639,17.032767551170153,0.6503692551663047,python_full_resolution_undistorted,full_resolution_undistorted,5396,4735,1059.742,2000000,9571,12917,completed_requested_iterations,,2026-07-12T10:21:29.452065+00:00,s3://3dreefs-ben-eu-north1/experiments/ablations/stage2_resolution_fullres_eval/runs/splat_dataset4_sfm_1024_sift_global_res2048_patch400_stage2/ablation_eval/results_splat.csv
D4,dataset4,1024,sift,global,2048,splat_dataset4_sfm_1024_sift_global_res2048_patch400_2m,splat_dataset4_sfm_1024_sift_global_res2048_patch400_stage2,patch,p008,COMPLETE,complete,400,2000000,,0.5513219762789575,16.938504813238595,0.6824652270266884,python_full_resolution_undistorted,full_resolution_undistorted,5396,4735,1041.075,2000000,9514,12787,completed_requested_iterations,,2026-07-12T10:45:56.259902+00:00,s3://3dreefs-ben-eu-north1/experiments/ablations/stage2_resolution_fullres_eval/runs/splat_dataset4_sfm_1024_sift_global_res2048_patch400_stage2/ablation_eval/results_splat.csv
D4,dataset4,1024,sift,global,2048,splat_dataset4_sfm_1024_sift_global_res2048_patch400_2m,splat_dataset4_sfm_1024_sift_global_res2048_patch400_stage2,patch,p012,COMPLETE,complete,400,2000000,,0.5273998774588108,16.76554595804828,0.7026522234082222,python_full_resolution_undistorted,full_resolution_undistorted,5363,4708,1037.799,2000000,10579,12795,completed_requested_iterations,,2026-07-12T11:10:37.439259+00:00,s3://3dreefs-ben-eu-north1/experiments/ablations/stage2_resolution_fullres_eval/runs/splat_dataset4_sfm_1024_sift_global_res2048_patch400_stage2/ablation_eval/results_splat.csv
D4,dataset4,1024,sift,global,2048,splat_dataset4_sfm_1024_sift_global_res2048_patch400_2m,splat_dataset4_sfm_1024_sift_global_res2048_patch400_stage2,patch,p016,COMPLETE,complete,400,2000000,,0.5920598523036854,18.425785605013257,0.571667679258295,python_full_resolution_undistorted,full_resolution_undistorted,5358,4707,1010.744,2000000,9649,12723,completed_requested_iterations,,2026-07-12T11:34:22.618846+00:00,s3://3dreefs-ben-eu-north1/experiments/ablations/stage2_resolution_fullres_eval/runs/splat_dataset4_sfm_1024_sift_global_res2048_patch400_stage2/ablation_eval/results_splat.csv
D4,dataset4,1024,sift,global,2048,splat_dataset4_sfm_1024_sift_global_res2048_patch400_2m,splat_dataset4_sfm_1024_sift_global_res2048_patch400_stage2,patch,p021,COMPLETE,complete,400,2000000,,0.5880751274526119,18.605208995305713,0.5798601940274238,python_full_resolution_undistorted,full_resolution_undistorted,5363,4708,1018.444,2000000,9883,12807,completed_requested_iterations,,2026-07-12T11:58:35.448852+00:00,s3://3dreefs-ben-eu-north1/experiments/ablations/stage2_resolution_fullres_eval/runs/splat_dataset4_sfm_1024_sift_global_res2048_patch400_stage2/ablation_eval/results_splat.csv
D4,dataset4,1024,sift,global,2048,splat_dataset4_sfm_1024_sift_global_res2048_patch400_2m,splat_dataset4_sfm_1024_sift_global_res2048_patch400_stage2,patch,p025,COMPLETE,complete,400,2000000,,0.5789594258132734,18.2071352394611,0.6128165996388385,python_full_resolution_undistorted,full_resolution_undistorted,5396,4735,1008.768,2000000,10593,12763,completed_requested_iterations,,2026-07-12T12:22:13.136977+00:00,s3://3dreefs-ben-eu-north1/experiments/ablations/stage2_resolution_fullres_eval/runs/splat_dataset4_sfm_1024_sift_global_res2048_patch400_stage2/ablation_eval/results_splat.csv
D4,dataset4,1024,sift,global,2048,splat_dataset4_sfm_1024_sift_global_res2048_patch400_2m,splat_dataset4_sfm_1024_sift_global_res2048_patch400_stage2,patch,p029,COMPLETE,complete,400,2000000,,0.5884444071696355,18.324004811644183,0.5809905926386515,python_full_resolution_undistorted,full_resolution_undistorted,5396,4735,1037.839,2000000,10658,12763,completed_requested_iterations,,2026-07-12T12:46:33.854686+00:00,s3://3dreefs-ben-eu-north1/experiments/ablations/stage2_resolution_fullres_eval/runs/splat_dataset4_sfm_1024_sift_global_res2048_patch400_stage2/ablation_eval/results_splat.csv
D4,dataset4,1024,sift,global,2048,splat_dataset4_sfm_1024_sift_global_res2048_patch400_2m,splat_dataset4_sfm_1024_sift_global_res2048_patch400_stage2,patch,p033,COMPLETE,complete,400,2000000,,0.46487802018721897,15.299780824104946,0.7359668264786402,python_full_resolution_undistorted,full_resolution_undistorted,5363,4708,1034.603,2000000,9687,12745,completed_requested_iterations,,2026-07-12T13:10:17.755915+00:00,s3://3dreefs-ben-eu-north1/experiments/ablations/stage2_resolution_fullres_eval/runs/splat_dataset4_sfm_1024_sift_global_res2048_patch400_stage2/ablation_eval/results_splat.csv
D4,dataset4,1024,sift,global,2048,splat_dataset4_sfm_1024_sift_global_res2048_patch400_2m,splat_dataset4_sfm_1024_sift_global_res2048_patch400_stage2,patch,p037,COMPLETE,complete,400,2000000,,0.6152754724025726,19.59314958593058,0.5046461942019286,python_full_resolution_undistorted,full_resolution_undistorted,5358,4707,1015.425,2000000,9276,12761,completed_requested_iterations,,2026-07-12T13:32:28.223225+00:00,s3://3dreefs-ben-eu-north1/experiments/ablations/stage2_resolution_fullres_eval/runs/splat_dataset4_sfm_1024_sift_global_res2048_patch400_stage2/ablation_eval/results_splat.csv
D4,dataset4,1024,sift,global,2048,splat_dataset4_sfm_1024_sift_global_res2048_patch400_500k,splat_dataset4_sfm_1024_sift_global_res2048_patch400_stage2,patch,p000,COMPLETE,complete,400,500000,,0.5312143739981529,16.581730631149007,0.7726262914828765,python_full_resolution_undistorted,full_resolution_undistorted,5396,4735,781.728,500000,8918,7733,completed_requested_iterations,,2026-07-12T02:58:45.675202+00:00,s3://3dreefs-ben-eu-north1/experiments/ablations/stage2_resolution_fullres_eval/runs/splat_dataset4_sfm_1024_sift_global_res2048_patch400_stage2/ablation_eval/results_splat.csv
D4,dataset4,1024,sift,global,2048,splat_dataset4_sfm_1024_sift_global_res2048_patch400_500k,splat_dataset4_sfm_1024_sift_global_res2048_patch400_stage2,patch,p004,COMPLETE,complete,400,500000,,0.5536509548362932,16.998225341291217,0.741302556113193,python_full_resolution_undistorted,full_resolution_undistorted,5396,4735,734.162,500000,9566,12143,completed_requested_iterations,,2026-07-12T03:17:38.964352+00:00,s3://3dreefs-ben-eu-north1/experiments/ablations/stage2_resolution_fullres_eval/runs/splat_dataset4_sfm_1024_sift_global_res2048_patch400_stage2/ablation_eval/results_splat.csv
D4,dataset4,1024,sift,global,2048,splat_dataset4_sfm_1024_sift_global_res2048_patch400_500k,splat_dataset4_sfm_1024_sift_global_res2048_patch400_stage2,patch,p008,COMPLETE,complete,400,500000,,0.5464616127704319,16.90422122883449,0.765589736009899,python_full_resolution_undistorted,full_resolution_undistorted,5396,4735,690.372,500000,9490,12113,completed_requested_iterations,,2026-07-12T03:35:45.100779+00:00,s3://3dreefs-ben-eu-north1/experiments/ablations/stage2_resolution_fullres_eval/runs/splat_dataset4_sfm_1024_sift_global_res2048_patch400_stage2/ablation_eval/results_splat.csv
D4,dataset4,1024,sift,global,2048,splat_dataset4_sfm_1024_sift_global_res2048_patch400_500k,splat_dataset4_sfm_1024_sift_global_res2048_patch400_stage2,patch,p012,COMPLETE,complete,400,500000,,0.5198697306215763,16.715804117417026,0.7856003999710083,python_full_resolution_undistorted,full_resolution_undistorted,5363,4708,695.536,500000,9668,12085,completed_requested_iterations,,2026-07-12T03:54:20.061058+00:00,s3://3dreefs-ben-eu-north1/experiments/ablations/stage2_resolution_fullres_eval/runs/splat_dataset4_sfm_1024_sift_global_res2048_patch400_stage2/ablation_eval/results_splat.csv
D4,dataset4,1024,sift,global,2048,splat_dataset4_sfm_1024_sift_global_res2048_patch400_500k,splat_dataset4_sfm_1024_sift_global_res2048_patch400_stage2,patch,p016,COMPLETE,complete,400,500000,,0.5738069648678238,18.320075173170164,0.6820748383934433,python_full_resolution_undistorted,full_resolution_undistorted,5358,4707,685.297,500000,9593,12109,completed_requested_iterations,,2026-07-12T04:12:01.261319+00:00,s3://3dreefs-ben-eu-north1/experiments/ablations/stage2_resolution_fullres_eval/runs/splat_dataset4_sfm_1024_sift_global_res2048_patch400_stage2/ablation_eval/results_splat.csv
D4,dataset4,1024,sift,global,2048,splat_dataset4_sfm_1024_sift_global_res2048_patch400_500k,splat_dataset4_sfm_1024_sift_global_res2048_patch400_stage2,patch,p021,COMPLETE,complete,400,500000,,0.5592331379652024,18.399144445161877,0.6902213409543038,python_full_resolution_undistorted,full_resolution_undistorted,5363,4708,697.986,500000,9851,12125,completed_requested_iterations,,2026-07-12T04:30:27.893264+00:00,s3://3dreefs-ben-eu-north1/experiments/ablations/stage2_resolution_fullres_eval/runs/splat_dataset4_sfm_1024_sift_global_res2048_patch400_stage2/ablation_eval/results_splat.csv
D4,dataset4,1024,sift,global,2048,splat_dataset4_sfm_1024_sift_global_res2048_patch400_500k,splat_dataset4_sfm_1024_sift_global_res2048_patch400_stage2,patch,p025,COMPLETE,complete,400,500000,,0.5600022359898216,18.030883738881446,0.7074892254252183,python_full_resolution_undistorted,full_resolution_undistorted,5396,4735,680.611,500000,9780,12023,completed_requested_iterations,,2026-07-12T04:48:19.382678+00:00,s3://3dreefs-ben-eu-north1/experiments/ablations/stage2_resolution_fullres_eval/runs/splat_dataset4_sfm_1024_sift_global_res2048_patch400_stage2/ablation_eval/results_splat.csv
D4,dataset4,1024,sift,global,2048,splat_dataset4_sfm_1024_sift_global_res2048_patch400_500k,splat_dataset4_sfm_1024_sift_global_res2048_patch400_stage2,patch,p029,COMPLETE,complete,400,500000,,0.558725791863906,18.126460265250355,0.7022399459129725,python_full_resolution_undistorted,full_resolution_undistorted,5396,4735,708.632,500000,9889,12149,completed_requested_iterations,,2026-07-12T05:06:48.788110+00:00,s3://3dreefs-ben-eu-north1/experiments/ablations/stage2_resolution_fullres_eval/runs/splat_dataset4_sfm_1024_sift_global_res2048_patch400_stage2/ablation_eval/results_splat.csv
D4,dataset4,1024,sift,global,2048,splat_dataset4_sfm_1024_sift_global_res2048_patch400_500k,splat_dataset4_sfm_1024_sift_global_res2048_patch400_stage2,patch,p033,COMPLETE,complete,400,500000,,0.4549701230393516,15.228101137572505,0.8125763601726956,python_full_resolution_undistorted,full_resolution_undistorted,5363,4708,715.945,500000,9628,12135,completed_requested_iterations,,2026-07-12T05:24:48.269806+00:00,s3://3dreefs-ben-eu-north1/experiments/ablations/stage2_resolution_fullres_eval/runs/splat_dataset4_sfm_1024_sift_global_res2048_patch400_stage2/ablation_eval/results_splat.csv
D4,dataset4,1024,sift,global,2048,splat_dataset4_sfm_1024_sift_global_res2048_patch400_500k,splat_dataset4_sfm_1024_sift_global_res2048_patch400_stage2,patch,p037,COMPLETE,complete,400,500000,,0.5930663601115898,19.5498643787153,0.6183188094033135,python_full_resolution_undistorted,full_resolution_undistorted,5358,4707,651.289,500000,9198,11927,completed_requested_iterations,,2026-07-12T05:40:14.731910+00:00,s3://3dreefs-ben-eu-north1/experiments/ablations/stage2_resolution_fullres_eval/runs/splat_dataset4_sfm_1024_sift_global_res2048_patch400_stage2/ablation_eval/results_splat.csv
D4,dataset4,1024,sift,global,2048,splat_dataset4_sfm_1024_sift_global_res2048_patch800_1m,splat_dataset4_sfm_1024_sift_global_res2048_patch800_stage2,patch,p000,COMPLETE,complete,800,1000000,,0.5489717820022679,17.145406369384673,0.7619697413867033,python_full_resolution_undistorted,full_resolution_undistorted,5396,4735,955.01,1000000,10783,9703,completed_requested_iterations,,2026-07-12T08:05:22.943526+00:00,s3://3dreefs-ben-eu-north1/experiments/ablations/stage2_resolution_fullres_eval/runs/splat_dataset4_sfm_1024_sift_global_res2048_patch800_stage2/ablation_eval/results_splat.csv
D4,dataset4,1024,sift,global,2048,splat_dataset4_sfm_1024_sift_global_res2048_patch800_1m,splat_dataset4_sfm_1024_sift_global_res2048_patch800_stage2,patch,p002,COMPLETE,complete,800,1000000,,0.561120315509684,18.043642865910975,0.708547789384337,python_full_resolution_undistorted,full_resolution_undistorted,5363,4708,897.113,1000000,11268,14483,completed_requested_iterations,,2026-07-12T08:32:26.723905+00:00,s3://3dreefs-ben-eu-north1/experiments/ablations/stage2_resolution_fullres_eval/runs/splat_dataset4_sfm_1024_sift_global_res2048_patch800_stage2/ablation_eval/results_splat.csv
D4,dataset4,1024,sift,global,2048,splat_dataset4_sfm_1024_sift_global_res2048_patch800_1m,splat_dataset4_sfm_1024_sift_global_res2048_patch800_stage2,patch,p004,COMPLETE,complete,800,1000000,,0.5585062577299875,17.64815352891918,0.7265864618837017,python_full_resolution_undistorted,full_resolution_undistorted,5358,4707,920.06,1000000,11370,14579,completed_requested_iterations,,2026-07-12T09:00:39.019261+00:00,s3://3dreefs-ben-eu-north1/experiments/ablations/stage2_resolution_fullres_eval/runs/splat_dataset4_sfm_1024_sift_global_res2048_patch800_stage2/ablation_eval/results_splat.csv
D4,dataset4,1024,sift,global,2048,splat_dataset4_sfm_1024_sift_global_res2048_patch800_1m,splat_dataset4_sfm_1024_sift_global_res2048_patch800_stage2,patch,p005,COMPLETE,complete,800,1000000,,0.5699887498163841,18.169103812301024,0.7062971272938688,python_full_resolution_undistorted,full_resolution_undistorted,5363,4708,897.193,1000000,11420,14627,completed_requested_iterations,,2026-07-12T09:28:21.681592+00:00,s3://3dreefs-ben-eu-north1/experiments/ablations/stage2_resolution_fullres_eval/runs/splat_dataset4_sfm_1024_sift_global_res2048_patch800_stage2/ablation_eval/results_splat.csv
D4,dataset4,1024,sift,global,2048,splat_dataset4_sfm_1024_sift_global_res2048_patch800_1m,splat_dataset4_sfm_1024_sift_global_res2048_patch800_stage2,patch,p007,COMPLETE,complete,800,1000000,,0.559108426033611,17.958041871649158,0.7138231816426129,python_full_resolution_undistorted,full_resolution_undistorted,5396,4735,897.268,1000000,11456,14533,completed_requested_iterations,,2026-07-12T09:55:57.758810+00:00,s3://3dreefs-ben-eu-north1/experiments/ablations/stage2_resolution_fullres_eval/runs/splat_dataset4_sfm_1024_sift_global_res2048_patch800_stage2/ablation_eval/results_splat.csv
D4,dataset4,1024,sift,global,2048,splat_dataset4_sfm_1024_sift_global_res2048_patch800_1m,splat_dataset4_sfm_1024_sift_global_res2048_patch800_stage2,patch,p009,COMPLETE,complete,800,1000000,,0.4659364479474532,15.81797066571453,0.8192154321915064,python_full_resolution_undistorted,full_resolution_undistorted,5396,4735,966.836,1000000,11887,14573,completed_requested_iterations,,2026-07-12T10:25:53.757681+00:00,s3://3dreefs-ben-eu-north1/experiments/ablations/stage2_resolution_fullres_eval/runs/splat_dataset4_sfm_1024_sift_global_res2048_patch800_stage2/ablation_eval/results_splat.csv
D4,dataset4,1024,sift,global,2048,splat_dataset4_sfm_1024_sift_global_res2048_patch800_1m,splat_dataset4_sfm_1024_sift_global_res2048_patch800_stage2,patch,p011,COMPLETE,complete,800,1000000,,0.5849585137035274,18.85877732883095,0.6649973958353453,python_full_resolution_undistorted,full_resolution_undistorted,5363,4708,947.067,1000000,12024,14641,completed_requested_iterations,,2026-07-12T10:55:51.616191+00:00,s3://3dreefs-ben-eu-north1/experiments/ablations/stage2_resolution_fullres_eval/runs/splat_dataset4_sfm_1024_sift_global_res2048_patch800_stage2/ablation_eval/results_splat.csv
D4,dataset4,1024,sift,global,2048,splat_dataset4_sfm_1024_sift_global_res2048_patch800_1m,splat_dataset4_sfm_1024_sift_global_res2048_patch800_stage2,patch,p012,COMPLETE,complete,800,1000000,,0.4420605913186685,14.963032528245222,0.8514138284402016,python_full_resolution_undistorted,full_resolution_undistorted,5363,4708,980.614,1000000,11903,14541,completed_requested_iterations,,2026-07-12T11:26:10.544447+00:00,s3://3dreefs-ben-eu-north1/experiments/ablations/stage2_resolution_fullres_eval/runs/splat_dataset4_sfm_1024_sift_global_res2048_patch800_stage2/ablation_eval/results_splat.csv
D4,dataset4,1024,sift,global,2048,splat_dataset4_sfm_1024_sift_global_res2048_patch800_1m,splat_dataset4_sfm_1024_sift_global_res2048_patch800_stage2,patch,p014,COMPLETE,complete,800,1000000,,0.532329316263075,17.79344523202444,0.7434723245633112,python_full_resolution_undistorted,full_resolution_undistorted,5396,4735,965.887,1000000,12031,14659,completed_requested_iterations,,2026-07-12T11:56:11.189360+00:00,s3://3dreefs-ben-eu-north1/experiments/ablations/stage2_resolution_fullres_eval/runs/splat_dataset4_sfm_1024_sift_global_res2048_patch800_stage2/ablation_eval/results_splat.csv
D4,dataset4,1024,sift,global,2048,splat_dataset4_sfm_1024_sift_global_res2048_patch800_1m,splat_dataset4_sfm_1024_sift_global_res2048_patch800_stage2,patch,p016,COMPLETE,complete,800,1000000,,0.5814502906799316,18.99268552832716,0.652870683670044,python_full_resolution_undistorted,full_resolution_undistorted,5396,4735,935.181,1000000,11925,14461,completed_requested_iterations,,2026-07-12T12:25:40.647316+00:00,s3://3dreefs-ben-eu-north1/experiments/ablations/stage2_resolution_fullres_eval/runs/splat_dataset4_sfm_1024_sift_global_res2048_patch800_stage2/ablation_eval/results_splat.csv
D4,dataset4,1024,sift,global,2048,splat_dataset4_sfm_1024_sift_global_res2048_patch800_2m,splat_dataset4_sfm_1024_sift_global_res2048_patch800_stage2,patch,p000,COMPLETE,complete,800,2000000,,0.5531572541104087,17.126450627677418,0.731264093254186,python_full_resolution_undistorted,full_resolution_undistorted,5396,4735,1163.39,2000000,10905,10093,completed_requested_iterations,,2026-07-12T13:15:03.000327+00:00,s3://3dreefs-ben-eu-north1/experiments/ablations/stage2_resolution_fullres_eval/runs/splat_dataset4_sfm_1024_sift_global_res2048_patch800_stage2/ablation_eval/results_splat.csv
D4,dataset4,1024,sift,global,2048,splat_dataset4_sfm_1024_sift_global_res2048_patch800_2m,splat_dataset4_sfm_1024_sift_global_res2048_patch800_stage2,patch,p002,COMPLETE,complete,800,2000000,,0.5678427719018039,18.013589832440882,0.6646229423144284,python_full_resolution_undistorted,full_resolution_undistorted,5363,4708,1113.676,2000000,12318,15301,completed_requested_iterations,,2026-07-12T13:45:11.781216+00:00,s3://3dreefs-ben-eu-north1/experiments/ablations/stage2_resolution_fullres_eval/runs/splat_dataset4_sfm_1024_sift_global_res2048_patch800_stage2/ablation_eval/results_splat.csv
D4,dataset4,1024,sift,global,2048,splat_dataset4_sfm_1024_sift_global_res2048_patch800_2m,splat_dataset4_sfm_1024_sift_global_res2048_patch800_stage2,patch,p004,COMPLETE,complete,800,2000000,,0.5654026523028335,17.654073243850373,0.6873770960389751,python_full_resolution_undistorted,full_resolution_undistorted,5358,4707,1132.873,2000000,11644,15411,completed_requested_iterations,,2026-07-12T14:16:43.311380+00:00,s3://3dreefs-ben-eu-north1/experiments/ablations/stage2_resolution_fullres_eval/runs/splat_dataset4_sfm_1024_sift_global_res2048_patch800_stage2/ablation_eval/results_splat.csv
D4,dataset4,1024,sift,global,2048,splat_dataset4_sfm_1024_sift_global_res2048_patch800_2m,splat_dataset4_sfm_1024_sift_global_res2048_patch800_stage2,patch,p005,COMPLETE,complete,800,2000000,,0.5771455861313243,18.23382171992819,0.6649761099210927,python_full_resolution_undistorted,full_resolution_undistorted,5363,4708,1105.493,2000000,11633,15385,completed_requested_iterations,,2026-07-12T14:47:35.214327+00:00,s3://3dreefs-ben-eu-north1/experiments/ablations/stage2_resolution_fullres_eval/runs/splat_dataset4_sfm_1024_sift_global_res2048_patch800_stage2/ablation_eval/results_splat.csv
D4,dataset4,1024,sift,global,2048,splat_dataset4_sfm_1024_sift_global_res2048_patch800_2m,splat_dataset4_sfm_1024_sift_global_res2048_patch800_stage2,patch,p007,COMPLETE,complete,800,2000000,,0.569645603357906,17.935090986676073,0.6743583695989259,python_full_resolution_undistorted,full_resolution_undistorted,5396,4735,1086.904,2000000,11746,15357,completed_requested_iterations,,2026-07-12T15:18:06.126229+00:00,s3://3dreefs-ben-eu-north1/experiments/ablations/stage2_resolution_fullres_eval/runs/splat_dataset4_sfm_1024_sift_global_res2048_patch800_stage2/ablation_eval/results_splat.csv
D4,dataset4,1024,sift,global,2048,splat_dataset4_sfm_1024_sift_global_res2048_patch800_2m,splat_dataset4_sfm_1024_sift_global_res2048_patch800_stage2,patch,p009,COMPLETE,complete,800,2000000,,0.4717789907486011,15.818109056360358,0.784916565204278,python_full_resolution_undistorted,full_resolution_undistorted,5396,4735,1188.844,2000000,12890,15333,completed_requested_iterations,,2026-07-12T15:51:17.898782+00:00,s3://3dreefs-ben-eu-north1/experiments/ablations/stage2_resolution_fullres_eval/runs/splat_dataset4_sfm_1024_sift_global_res2048_patch800_stage2/ablation_eval/results_splat.csv
D4,dataset4,1024,sift,global,2048,splat_dataset4_sfm_1024_sift_global_res2048_patch800_2m,splat_dataset4_sfm_1024_sift_global_res2048_patch800_stage2,patch,p011,COMPLETE,complete,800,2000000,,0.5954784456687637,18.934860185939396,0.6199426990521105,python_full_resolution_undistorted,full_resolution_undistorted,5363,4708,1138.871,2000000,12153,15473,completed_requested_iterations,,2026-07-12T16:24:01.994923+00:00,s3://3dreefs-ben-eu-north1/experiments/ablations/stage2_resolution_fullres_eval/runs/splat_dataset4_sfm_1024_sift_global_res2048_patch800_stage2/ablation_eval/results_splat.csv
D4,dataset4,1024,sift,global,2048,splat_dataset4_sfm_1024_sift_global_res2048_patch800_2m,splat_dataset4_sfm_1024_sift_global_res2048_patch800_stage2,patch,p012,COMPLETE,complete,800,2000000,,0.44120715520320797,14.926015404343415,0.8411702528978006,python_full_resolution_undistorted,full_resolution_undistorted,5363,4708,1269.108,2000000,12129,15597,completed_requested_iterations,,2026-07-12T16:58:23.557016+00:00,s3://3dreefs-ben-eu-north1/experiments/ablations/stage2_resolution_fullres_eval/runs/splat_dataset4_sfm_1024_sift_global_res2048_patch800_stage2/ablation_eval/results_splat.csv
D4,dataset4,1024,sift,global,2048,splat_dataset4_sfm_1024_sift_global_res2048_patch800_2m,splat_dataset4_sfm_1024_sift_global_res2048_patch800_stage2,patch,p014,COMPLETE,complete,800,2000000,,0.5427636283558684,17.815057278456646,0.7007778704940498,python_full_resolution_undistorted,full_resolution_undistorted,5396,4735,1166.248,2000000,12222,15355,completed_requested_iterations,,2026-07-12T17:31:09.994711+00:00,s3://3dreefs-ben-eu-north1/experiments/ablations/stage2_resolution_fullres_eval/runs/splat_dataset4_sfm_1024_sift_global_res2048_patch800_stage2/ablation_eval/results_splat.csv
D4,dataset4,1024,sift,global,2048,splat_dataset4_sfm_1024_sift_global_res2048_patch800_2m,splat_dataset4_sfm_1024_sift_global_res2048_patch800_stage2,patch,p016,COMPLETE,complete,800,2000000,,0.5925786789258322,18.992551515308854,0.6064520684878031,python_full_resolution_undistorted,full_resolution_undistorted,5396,4735,1140.908,2000000,12089,15417,completed_requested_iterations,,2026-07-12T18:03:09.009527+00:00,s3://3dreefs-ben-eu-north1/experiments/ablations/stage2_resolution_fullres_eval/runs/splat_dataset4_sfm_1024_sift_global_res2048_patch800_stage2/ablation_eval/results_splat.csv
D4,dataset4,1024,sift,global,2048,splat_dataset4_sfm_1024_sift_global_res2048_patch800_500k,splat_dataset4_sfm_1024_sift_global_res2048_patch800_stage2,patch,p000,COMPLETE,complete,800,500000,,0.5419923368888565,17.07748823590577,0.7911050266857389,python_full_resolution_undistorted,full_resolution_undistorted,5396,4735,867.888,500000,10877,10093,completed_requested_iterations,,2026-07-12T03:21:39.428072+00:00,s3://3dreefs-ben-eu-north1/experiments/ablations/stage2_resolution_fullres_eval/runs/splat_dataset4_sfm_1024_sift_global_res2048_patch800_stage2/ablation_eval/results_splat.csv
D4,dataset4,1024,sift,global,2048,splat_dataset4_sfm_1024_sift_global_res2048_patch800_500k,splat_dataset4_sfm_1024_sift_global_res2048_patch800_stage2,patch,p002,COMPLETE,complete,800,500000,,0.5509234057629809,17.88611594694351,0.7481380280326394,python_full_resolution_undistorted,full_resolution_undistorted,5363,4708,773.052,500000,11280,14601,completed_requested_iterations,,2026-07-12T03:46:10.818504+00:00,s3://3dreefs-ben-eu-north1/experiments/ablations/stage2_resolution_fullres_eval/runs/splat_dataset4_sfm_1024_sift_global_res2048_patch800_stage2/ablation_eval/results_splat.csv
D4,dataset4,1024,sift,global,2048,splat_dataset4_sfm_1024_sift_global_res2048_patch800_500k,splat_dataset4_sfm_1024_sift_global_res2048_patch800_stage2,patch,p004,COMPLETE,complete,800,500000,,0.5484944426850097,17.61295579576663,0.7645235388246301,python_full_resolution_undistorted,full_resolution_undistorted,5358,4707,811.467,500000,11426,14661,completed_requested_iterations,,2026-07-12T04:12:15.300130+00:00,s3://3dreefs-ben-eu-north1/experiments/ablations/stage2_resolution_fullres_eval/runs/splat_dataset4_sfm_1024_sift_global_res2048_patch800_stage2/ablation_eval/results_splat.csv
D4,dataset4,1024,sift,global,2048,splat_dataset4_sfm_1024_sift_global_res2048_patch800_500k,splat_dataset4_sfm_1024_sift_global_res2048_patch800_stage2,patch,p005,COMPLETE,complete,800,500000,,0.559813745844532,18.113527718151094,0.7469773242171381,python_full_resolution_undistorted,full_resolution_undistorted,5363,4708,785.252,500000,11390,14593,completed_requested_iterations,,2026-07-12T04:37:33.233670+00:00,s3://3dreefs-ben-eu-north1/experiments/ablations/stage2_resolution_fullres_eval/runs/splat_dataset4_sfm_1024_sift_global_res2048_patch800_stage2/ablation_eval/results_splat.csv
D4,dataset4,1024,sift,global,2048,splat_dataset4_sfm_1024_sift_global_res2048_patch800_500k,splat_dataset4_sfm_1024_sift_global_res2048_patch800_stage2,patch,p007,COMPLETE,complete,800,500000,,0.544293956437581,17.776286656355847,0.7530757398672507,python_full_resolution_undistorted,full_resolution_undistorted,5396,4735,784.27,500000,11472,14685,completed_requested_iterations,,2026-07-12T05:02:48.631655+00:00,s3://3dreefs-ben-eu-north1/experiments/ablations/stage2_resolution_fullres_eval/runs/splat_dataset4_sfm_1024_sift_global_res2048_patch800_stage2/ablation_eval/results_splat.csv
D4,dataset4,1024,sift,global,2048,splat_dataset4_sfm_1024_sift_global_res2048_patch800_500k,splat_dataset4_sfm_1024_sift_global_res2048_patch800_stage2,patch,p009,COMPLETE,complete,800,500000,,0.45766202761576724,15.775483585072724,0.8491287980324183,python_full_resolution_undistorted,full_resolution_undistorted,5396,4735,848.71,500000,11919,14945,completed_requested_iterations,,2026-07-12T05:30:25.721410+00:00,s3://3dreefs-ben-eu-north1/experiments/ablations/stage2_resolution_fullres_eval/runs/splat_dataset4_sfm_1024_sift_global_res2048_patch800_stage2/ablation_eval/results_splat.csv
D4,dataset4,1024,sift,global,2048,splat_dataset4_sfm_1024_sift_global_res2048_patch800_500k,splat_dataset4_sfm_1024_sift_global_res2048_patch800_stage2,patch,p011,COMPLETE,complete,800,500000,,0.5682642267474646,18.71575716348561,0.7111386588857144,python_full_resolution_undistorted,full_resolution_undistorted,5363,4708,816.145,500000,12075,14599,completed_requested_iterations,,2026-07-12T05:57:54.032113+00:00,s3://3dreefs-ben-eu-north1/experiments/ablations/stage2_resolution_fullres_eval/runs/splat_dataset4_sfm_1024_sift_global_res2048_patch800_stage2/ablation_eval/results_splat.csv
D4,dataset4,1024,sift,global,2048,splat_dataset4_sfm_1024_sift_global_res2048_patch800_500k,splat_dataset4_sfm_1024_sift_global_res2048_patch800_stage2,patch,p012,COMPLETE,complete,800,500000,,0.4407475560139387,15.003562301994565,0.8683256995983613,python_full_resolution_undistorted,full_resolution_undistorted,5363,4708,857.761,500000,11985,14695,completed_requested_iterations,,2026-07-12T06:25:36.202649+00:00,s3://3dreefs-ben-eu-north1/experiments/ablations/stage2_resolution_fullres_eval/runs/splat_dataset4_sfm_1024_sift_global_res2048_patch800_stage2/ablation_eval/results_splat.csv
D4,dataset4,1024,sift,global,2048,splat_dataset4_sfm_1024_sift_global_res2048_patch800_500k,splat_dataset4_sfm_1024_sift_global_res2048_patch800_stage2,patch,p014,COMPLETE,complete,800,500000,,0.5182383122382226,17.61793113355516,0.7841114618561484,python_full_resolution_undistorted,full_resolution_undistorted,5396,4735,835.061,500000,12013,14621,completed_requested_iterations,,2026-07-12T06:52:50.658105+00:00,s3://3dreefs-ben-eu-north1/experiments/ablations/stage2_resolution_fullres_eval/runs/splat_dataset4_sfm_1024_sift_global_res2048_patch800_stage2/ablation_eval/results_splat.csv
D4,dataset4,1024,sift,global,2048,splat_dataset4_sfm_1024_sift_global_res2048_patch800_500k,splat_dataset4_sfm_1024_sift_global_res2048_patch800_stage2,patch,p016,COMPLETE,complete,800,500000,,0.565457904736201,18.848998776243416,0.7004374186197917,python_full_resolution_undistorted,full_resolution_undistorted,5396,4735,803.379,500000,11939,14643,completed_requested_iterations,,2026-07-12T07:19:54.097200+00:00,s3://3dreefs-ben-eu-north1/experiments/ablations/stage2_resolution_fullres_eval/runs/splat_dataset4_sfm_1024_sift_global_res2048_patch800_stage2/ablation_eval/results_splat.csv
D4,dataset4,1024,sift,global,full,splat_dataset4_sfm_1024_sift_global_resfull_patch200_1m,splat_dataset4_sfm_1024_sift_global_resfull_patch200_stage2,patch,p000,COMPLETE,complete,200,1000000,,0.5705159515142441,17.455801271943695,0.6744770646095276,python_full_resolution_undistorted,full_resolution_undistorted,5363,4708,2859.236,1000000,10079,9705,completed_requested_iterations,,2026-07-12T12:27:24.810850+00:00,s3://3dreefs-ben-eu-north1/experiments/ablations/stage2_resolution_fullres_eval/runs/splat_dataset4_sfm_1024_sift_global_resfull_patch200_stage2/ablation_eval/results_splat.csv
D4,dataset4,1024,sift,global,full,splat_dataset4_sfm_1024_sift_global_resfull_patch200_1m,splat_dataset4_sfm_1024_sift_global_resfull_patch200_stage2,patch,p010,COMPLETE,complete,200,1000000,,0.5561424776127464,16.730520283854442,0.7020192648235121,python_full_resolution_undistorted,full_resolution_undistorted,5396,4735,3522.176,1000000,10519,16041,completed_requested_iterations,,2026-07-12T13:29:46.303410+00:00,s3://3dreefs-ben-eu-north1/experiments/ablations/stage2_resolution_fullres_eval/runs/splat_dataset4_sfm_1024_sift_global_resfull_patch200_stage2/ablation_eval/results_splat.csv
D4,dataset4,1024,sift,global,full,splat_dataset4_sfm_1024_sift_global_resfull_patch200_1m,splat_dataset4_sfm_1024_sift_global_resfull_patch200_stage2,patch,p020,COMPLETE,complete,200,1000000,,0.5659623930328771,17.17819366458062,0.6925713137576455,python_full_resolution_undistorted,full_resolution_undistorted,5363,4708,2942.011,1000000,10459,15687,completed_requested_iterations,,2026-07-12T14:22:31.827176+00:00,s3://3dreefs-ben-eu-north1/experiments/ablations/stage2_resolution_fullres_eval/runs/splat_dataset4_sfm_1024_sift_global_resfull_patch200_stage2/ablation_eval/results_splat.csv
D4,dataset4,1024,sift,global,full,splat_dataset4_sfm_1024_sift_global_resfull_patch200_1m,splat_dataset4_sfm_1024_sift_global_resfull_patch200_stage2,patch,p030,COMPLETE,complete,200,1000000,,0.55111645600375,16.698527681628295,0.703112567172331,python_full_resolution_undistorted,full_resolution_undistorted,5363,4708,3003.366,1000000,10435,15813,completed_requested_iterations,,2026-07-12T15:15:54.873015+00:00,s3://3dreefs-ben-eu-north1/experiments/ablations/stage2_resolution_fullres_eval/runs/splat_dataset4_sfm_1024_sift_global_resfull_patch200_stage2/ablation_eval/results_splat.csv
D4,dataset4,1024,sift,global,full,splat_dataset4_sfm_1024_sift_global_resfull_patch200_1m,splat_dataset4_sfm_1024_sift_global_resfull_patch200_stage2,patch,p040,COMPLETE,complete,200,1000000,,0.5694401226937771,17.28326578470112,0.6393232345581055,python_full_resolution_undistorted,full_resolution_undistorted,5396,4735,2919.65,1000000,10458,15651,completed_requested_iterations,,2026-07-12T16:07:34.309752+00:00,s3://3dreefs-ben-eu-north1/experiments/ablations/stage2_resolution_fullres_eval/runs/splat_dataset4_sfm_1024_sift_global_resfull_patch200_stage2/ablation_eval/results_splat.csv
D4,dataset4,1024,sift,global,full,splat_dataset4_sfm_1024_sift_global_resfull_patch200_1m,splat_dataset4_sfm_1024_sift_global_resfull_patch200_stage2,patch,p050,COMPLETE,complete,200,1000000,,0.568992962439855,17.786637155923955,0.6669988499747382,python_full_resolution_undistorted,full_resolution_undistorted,5363,4708,3289.784,1000000,10851,15661,completed_requested_iterations,,2026-07-12T17:05:55.053887+00:00,s3://3dreefs-ben-eu-north1/experiments/ablations/stage2_resolution_fullres_eval/runs/splat_dataset4_sfm_1024_sift_global_resfull_patch200_stage2/ablation_eval/results_splat.csv
D4,dataset4,1024,sift,global,full,splat_dataset4_sfm_1024_sift_global_resfull_patch200_1m,splat_dataset4_sfm_1024_sift_global_resfull_patch200_stage2,patch,p060,COMPLETE,complete,200,1000000,,0.4650590784019894,14.651471005279193,0.7745898829566108,python_full_resolution_undistorted,full_resolution_undistorted,5363,4708,3146.726,1000000,10768,15661,completed_requested_iterations,,2026-07-12T18:01:48.195420+00:00,s3://3dreefs-ben-eu-north1/experiments/ablations/stage2_resolution_fullres_eval/runs/splat_dataset4_sfm_1024_sift_global_resfull_patch200_stage2/ablation_eval/results_splat.csv
D4,dataset4,1024,sift,global,full,splat_dataset4_sfm_1024_sift_global_resfull_patch200_1m,splat_dataset4_sfm_1024_sift_global_resfull_patch200_stage2,patch,p070,COMPLETE,complete,200,1000000,,0.5139458134770394,16.651190901642828,0.6768367350101471,python_full_resolution_undistorted,full_resolution_undistorted,5363,4708,3252.0,1000000,10947,15697,completed_requested_iterations,,2026-07-12T18:59:43.002143+00:00,s3://3dreefs-ben-eu-north1/experiments/ablations/stage2_resolution_fullres_eval/runs/splat_dataset4_sfm_1024_sift_global_resfull_patch200_stage2/ablation_eval/results_splat.csv
D4,dataset4,1024,sift,global,full,splat_dataset4_sfm_1024_sift_global_resfull_patch200_1m,splat_dataset4_sfm_1024_sift_global_resfull_patch200_stage2,patch,p080,COMPLETE,complete,200,1000000,,0.622217579682668,19.95470183384005,0.5701515336831411,python_full_resolution_undistorted,full_resolution_undistorted,5358,4707,3185.873,1000000,10529,15677,completed_requested_iterations,,2026-07-12T19:55:30.084814+00:00,s3://3dreefs-ben-eu-north1/experiments/ablations/stage2_resolution_fullres_eval/runs/splat_dataset4_sfm_1024_sift_global_resfull_patch200_stage2/ablation_eval/results_splat.csv
D4,dataset4,1024,sift,global,full,splat_dataset4_sfm_1024_sift_global_resfull_patch200_1m,splat_dataset4_sfm_1024_sift_global_resfull_patch200_stage2,patch,p090,COMPLETE,complete,200,1000000,,0.4598267849753885,14.432545816064549,0.7765281796455383,python_full_resolution_undistorted,full_resolution_undistorted,5358,4707,2898.698,1000000,10511,15743,completed_requested_iterations,,2026-07-12T20:46:56.994557+00:00,s3://3dreefs-ben-eu-north1/experiments/ablations/stage2_resolution_fullres_eval/runs/splat_dataset4_sfm_1024_sift_global_resfull_patch200_stage2/ablation_eval/results_splat.csv
D4,dataset4,1024,sift,global,full,splat_dataset4_sfm_1024_sift_global_resfull_patch200_2m,splat_dataset4_sfm_1024_sift_global_resfull_patch200_stage2,patch,p000,COMPLETE,complete,200,2000000,,0.578311562538147,17.482993999477166,0.628045916557312,python_full_resolution_undistorted,full_resolution_undistorted,5363,4708,3322.627,2000000,10905,9705,completed_requested_iterations,,2026-07-12T22:02:20.238267+00:00,s3://3dreefs-ben-eu-north1/experiments/ablations/stage2_resolution_fullres_eval/runs/splat_dataset4_sfm_1024_sift_global_resfull_patch200_stage2/ablation_eval/results_splat.csv
D4,dataset4,1024,sift,global,full,splat_dataset4_sfm_1024_sift_global_resfull_patch200_2m,splat_dataset4_sfm_1024_sift_global_resfull_patch200_stage2,patch,p010,COMPLETE,complete,200,2000000,,0.5575267625482458,16.71846073588291,0.6664321202980844,python_full_resolution_undistorted,full_resolution_undistorted,5396,4735,3973.977,2000000,10898,16397,completed_requested_iterations,,2026-07-12T23:11:46.125934+00:00,s3://3dreefs-ben-eu-north1/experiments/ablations/stage2_resolution_fullres_eval/runs/splat_dataset4_sfm_1024_sift_global_resfull_patch200_stage2/ablation_eval/results_splat.csv
D4,dataset4,1024,sift,global,full,splat_dataset4_sfm_1024_sift_global_resfull_patch200_2m,splat_dataset4_sfm_1024_sift_global_resfull_patch200_stage2,patch,p020,COMPLETE,complete,200,2000000,,0.5724487351743799,17.177707701499696,0.6447961016705162,python_full_resolution_undistorted,full_resolution_undistorted,5363,4708,3493.268,2000000,10887,16235,completed_requested_iterations,,2026-07-13T00:13:18.497013+00:00,s3://3dreefs-ben-eu-north1/experiments/ablations/stage2_resolution_fullres_eval/runs/splat_dataset4_sfm_1024_sift_global_resfull_patch200_stage2/ablation_eval/results_splat.csv
D4,dataset4,1024,sift,global,full,splat_dataset4_sfm_1024_sift_global_resfull_patch200_2m,splat_dataset4_sfm_1024_sift_global_resfull_patch200_stage2,patch,p030,COMPLETE,complete,200,2000000,,0.557783775469836,16.873017920717377,0.6555647990282845,python_full_resolution_undistorted,full_resolution_undistorted,5363,4708,3579.227,2000000,10802,16331,completed_requested_iterations,,2026-07-13T01:15:47.072996+00:00,s3://3dreefs-ben-eu-north1/experiments/ablations/stage2_resolution_fullres_eval/runs/splat_dataset4_sfm_1024_sift_global_resfull_patch200_stage2/ablation_eval/results_splat.csv
D4,dataset4,1024,sift,global,full,splat_dataset4_sfm_1024_sift_global_resfull_patch200_2m,splat_dataset4_sfm_1024_sift_global_resfull_patch200_stage2,patch,p040,COMPLETE,complete,200,2000000,,0.5752578880637884,17.10647253477059,0.5890224035829306,python_full_resolution_undistorted,full_resolution_undistorted,5396,4735,3440.863,2000000,11699,16165,completed_requested_iterations,,2026-07-13T02:15:48.226100+00:00,s3://3dreefs-ben-eu-north1/experiments/ablations/stage2_resolution_fullres_eval/runs/splat_dataset4_sfm_1024_sift_global_resfull_patch200_stage2/ablation_eval/results_splat.csv
D4,dataset4,1024,sift,global,full,splat_dataset4_sfm_1024_sift_global_resfull_patch200_2m,splat_dataset4_sfm_1024_sift_global_resfull_patch200_stage2,patch,p050,COMPLETE,complete,200,2000000,,0.5795721494489245,17.757834412230338,0.6141882207658556,python_full_resolution_undistorted,full_resolution_undistorted,5363,4708,3769.527,2000000,11151,17047,completed_requested_iterations,,2026-07-13T03:21:46.625249+00:00,s3://3dreefs-ben-eu-north1/experiments/ablations/stage2_resolution_fullres_eval/runs/splat_dataset4_sfm_1024_sift_global_resfull_patch200_stage2/ablation_eval/results_splat.csv
D4,dataset4,1024,sift,global,full,splat_dataset4_sfm_1024_sift_global_resfull_patch200_2m,splat_dataset4_sfm_1024_sift_global_resfull_patch200_stage2,patch,p060,COMPLETE,complete,200,2000000,,0.4698953347073661,14.68090993998188,0.7358067433039347,python_full_resolution_undistorted,full_resolution_undistorted,5363,4708,3903.407,2000000,11120,16261,completed_requested_iterations,,2026-07-13T04:30:00.865648+00:00,s3://3dreefs-ben-eu-north1/experiments/ablations/stage2_resolution_fullres_eval/runs/splat_dataset4_sfm_1024_sift_global_resfull_patch200_stage2/ablation_eval/results_splat.csv
D4,dataset4,1024,sift,global,full,splat_dataset4_sfm_1024_sift_global_resfull_patch200_2m,splat_dataset4_sfm_1024_sift_global_resfull_patch200_stage2,patch,p070,COMPLETE,complete,200,2000000,,0.5228885099291801,16.713902882479253,0.6162649258971215,python_full_resolution_undistorted,full_resolution_undistorted,5363,4708,3716.374,2000000,11376,16437,completed_requested_iterations,,2026-07-13T05:35:26.534370+00:00,s3://3dreefs-ben-eu-north1/experiments/ablations/stage2_resolution_fullres_eval/runs/splat_dataset4_sfm_1024_sift_global_resfull_patch200_stage2/ablation_eval/results_splat.csv
D4,dataset4,1024,sift,global,full,splat_dataset4_sfm_1024_sift_global_resfull_patch200_2m,splat_dataset4_sfm_1024_sift_global_resfull_patch200_stage2,patch,p080,COMPLETE,complete,200,2000000,,0.6355355024337769,19.99149446857594,0.5190943102041881,python_full_resolution_undistorted,full_resolution_undistorted,5358,4707,3722.918,2000000,10753,16163,completed_requested_iterations,,2026-07-13T06:40:07.703190+00:00,s3://3dreefs-ben-eu-north1/experiments/ablations/stage2_resolution_fullres_eval/runs/splat_dataset4_sfm_1024_sift_global_resfull_patch200_stage2/ablation_eval/results_splat.csv
D4,dataset4,1024,sift,global,full,splat_dataset4_sfm_1024_sift_global_resfull_patch200_2m,splat_dataset4_sfm_1024_sift_global_resfull_patch200_stage2,patch,p090,COMPLETE,complete,200,2000000,,0.46308497646275687,14.355936484412425,0.7327022271997788,python_full_resolution_undistorted,full_resolution_undistorted,5358,4707,3267.295,2000000,10942,16233,completed_requested_iterations,,2026-07-13T07:37:33.667040+00:00,s3://3dreefs-ben-eu-north1/experiments/ablations/stage2_resolution_fullres_eval/runs/splat_dataset4_sfm_1024_sift_global_resfull_patch200_stage2/ablation_eval/results_splat.csv
D4,dataset4,1024,sift,global,full,splat_dataset4_sfm_1024_sift_global_resfull_patch200_500k,splat_dataset4_sfm_1024_sift_global_resfull_patch200_stage2,patch,p000,COMPLETE,complete,200,500000,,0.5589435562491417,17.285891555787448,0.7209014058113098,python_full_resolution_undistorted,full_resolution_undistorted,5363,4708,2534.377,500000,10210,9705,completed_requested_iterations,,2026-07-12T04:06:24.479676+00:00,s3://3dreefs-ben-eu-north1/experiments/ablations/stage2_resolution_fullres_eval/runs/splat_dataset4_sfm_1024_sift_global_resfull_patch200_stage2/ablation_eval/results_splat.csv
D4,dataset4,1024,sift,global,full,splat_dataset4_sfm_1024_sift_global_resfull_patch200_500k,splat_dataset4_sfm_1024_sift_global_resfull_patch200_stage2,patch,p010,COMPLETE,complete,200,500000,,0.5507250067434812,16.652296187603486,0.742234750797874,python_full_resolution_undistorted,full_resolution_undistorted,5396,4735,2976.846,500000,10397,15407,completed_requested_iterations,,2026-07-12T04:59:29.281484+00:00,s3://3dreefs-ben-eu-north1/experiments/ablations/stage2_resolution_fullres_eval/runs/splat_dataset4_sfm_1024_sift_global_resfull_patch200_stage2/ablation_eval/results_splat.csv
D4,dataset4,1024,sift,global,full,splat_dataset4_sfm_1024_sift_global_resfull_patch200_500k,splat_dataset4_sfm_1024_sift_global_resfull_patch200_stage2,patch,p020,COMPLETE,complete,200,500000,,0.5578530211197702,17.11172092374495,0.7366883691988493,python_full_resolution_undistorted,full_resolution_undistorted,5363,4708,2574.593,500000,10363,15503,completed_requested_iterations,,2026-07-12T05:45:56.309752+00:00,s3://3dreefs-ben-eu-north1/experiments/ablations/stage2_resolution_fullres_eval/runs/splat_dataset4_sfm_1024_sift_global_resfull_patch200_stage2/ablation_eval/results_splat.csv
D4,dataset4,1024,sift,global,full,splat_dataset4_sfm_1024_sift_global_resfull_patch200_500k,splat_dataset4_sfm_1024_sift_global_resfull_patch200_stage2,patch,p030,COMPLETE,complete,200,500000,,0.5449161529541016,16.746231024163873,0.7477675606222713,python_full_resolution_undistorted,full_resolution_undistorted,5363,4708,2575.96,500000,10331,15467,completed_requested_iterations,,2026-07-12T06:31:59.922139+00:00,s3://3dreefs-ben-eu-north1/experiments/ablations/stage2_resolution_fullres_eval/runs/splat_dataset4_sfm_1024_sift_global_resfull_patch200_stage2/ablation_eval/results_splat.csv
D4,dataset4,1024,sift,global,full,splat_dataset4_sfm_1024_sift_global_resfull_patch200_500k,splat_dataset4_sfm_1024_sift_global_resfull_patch200_stage2,patch,p040,COMPLETE,complete,200,500000,,0.5582887753844261,17.164992159891206,0.6942299269139767,python_full_resolution_undistorted,full_resolution_undistorted,5396,4735,2527.365,500000,10344,15407,completed_requested_iterations,,2026-07-12T07:17:07.530595+00:00,s3://3dreefs-ben-eu-north1/experiments/ablations/stage2_resolution_fullres_eval/runs/splat_dataset4_sfm_1024_sift_global_resfull_patch200_stage2/ablation_eval/results_splat.csv
D4,dataset4,1024,sift,global,full,splat_dataset4_sfm_1024_sift_global_resfull_patch200_500k,splat_dataset4_sfm_1024_sift_global_resfull_patch200_stage2,patch,p050,COMPLETE,complete,200,500000,,0.5534663912322786,17.687028159323635,0.7195745805899302,python_full_resolution_undistorted,full_resolution_undistorted,5363,4708,2744.468,500000,10628,15511,completed_requested_iterations,,2026-07-12T08:06:13.426255+00:00,s3://3dreefs-ben-eu-north1/experiments/ablations/stage2_resolution_fullres_eval/runs/splat_dataset4_sfm_1024_sift_global_resfull_patch200_stage2/ablation_eval/results_splat.csv
D4,dataset4,1024,sift,global,full,splat_dataset4_sfm_1024_sift_global_resfull_patch200_500k,splat_dataset4_sfm_1024_sift_global_resfull_patch200_stage2,patch,p060,COMPLETE,complete,200,500000,,0.46117586228582597,14.565361876834784,0.8119186030493842,python_full_resolution_undistorted,full_resolution_undistorted,5363,4708,2678.32,500000,10643,15377,completed_requested_iterations,,2026-07-12T08:54:19.557123+00:00,s3://3dreefs-ben-eu-north1/experiments/ablations/stage2_resolution_fullres_eval/runs/splat_dataset4_sfm_1024_sift_global_resfull_patch200_stage2/ablation_eval/results_splat.csv
D4,dataset4,1024,sift,global,full,splat_dataset4_sfm_1024_sift_global_resfull_patch200_500k,splat_dataset4_sfm_1024_sift_global_resfull_patch200_stage2,patch,p070,COMPLETE,complete,200,500000,,0.5030048608779907,16.59996903149601,0.7340170711278915,python_full_resolution_undistorted,full_resolution_undistorted,5363,4708,2768.048,500000,10899,15481,completed_requested_iterations,,2026-07-12T09:44:25.351771+00:00,s3://3dreefs-ben-eu-north1/experiments/ablations/stage2_resolution_fullres_eval/runs/splat_dataset4_sfm_1024_sift_global_resfull_patch200_stage2/ablation_eval/results_splat.csv
D4,dataset4,1024,sift,global,full,splat_dataset4_sfm_1024_sift_global_resfull_patch200_500k,splat_dataset4_sfm_1024_sift_global_resfull_patch200_stage2,patch,p080,COMPLETE,complete,200,500000,,0.6056535204251607,19.752720054220664,0.6238226572672526,python_full_resolution_undistorted,full_resolution_undistorted,5358,4707,2819.558,500000,10272,15435,completed_requested_iterations,,2026-07-12T10:34:13.551827+00:00,s3://3dreefs-ben-eu-north1/experiments/ablations/stage2_resolution_fullres_eval/runs/splat_dataset4_sfm_1024_sift_global_resfull_patch200_stage2/ablation_eval/results_splat.csv
D4,dataset4,1024,sift,global,full,splat_dataset4_sfm_1024_sift_global_resfull_patch200_500k,splat_dataset4_sfm_1024_sift_global_resfull_patch200_stage2,patch,p090,COMPLETE,complete,200,500000,,0.4533204190871295,14.476173691164544,0.8156219720840454,python_full_resolution_undistorted,full_resolution_undistorted,5358,4707,2505.292,500000,10382,15467,completed_requested_iterations,,2026-07-12T11:19:11.397914+00:00,s3://3dreefs-ben-eu-north1/experiments/ablations/stage2_resolution_fullres_eval/runs/splat_dataset4_sfm_1024_sift_global_resfull_patch200_stage2/ablation_eval/results_splat.csv
D4,dataset4,1024,sift,global,full,splat_dataset4_sfm_1024_sift_global_resfull_patch400_1m,splat_dataset4_sfm_1024_sift_global_resfull_patch400_stage2,patch,p000,COMPLETE,complete,400,1000000,,0.5354891197803693,16.58163234593984,0.7660194497842056,python_full_resolution_undistorted,full_resolution_undistorted,5396,4735,3189.909,1000000,12841,10093,completed_requested_iterations,,2026-07-12T13:52:46.388372+00:00,s3://3dreefs-ben-eu-north1/experiments/ablations/stage2_resolution_fullres_eval/runs/splat_dataset4_sfm_1024_sift_global_resfull_patch400_stage2/ablation_eval/results_splat.csv
D4,dataset4,1024,sift,global,full,splat_dataset4_sfm_1024_sift_global_resfull_patch400_1m,splat_dataset4_sfm_1024_sift_global_resfull_patch400_stage2,patch,p004,COMPLETE,complete,400,1000000,,0.5574688048739183,16.998571770742387,0.738424688577652,python_full_resolution_undistorted,full_resolution_undistorted,5396,4735,3295.514,1000000,13345,16245,completed_requested_iterations,,2026-07-12T14:54:41.312395+00:00,s3://3dreefs-ben-eu-north1/experiments/ablations/stage2_resolution_fullres_eval/runs/splat_dataset4_sfm_1024_sift_global_resfull_patch400_stage2/ablation_eval/results_splat.csv
D4,dataset4,1024,sift,global,full,splat_dataset4_sfm_1024_sift_global_resfull_patch400_1m,splat_dataset4_sfm_1024_sift_global_resfull_patch400_stage2,patch,p008,COMPLETE,complete,400,1000000,,0.5505865875043368,16.9526095246901,0.7655943490956959,python_full_resolution_undistorted,full_resolution_undistorted,5396,4735,3316.242,1000000,13200,16143,completed_requested_iterations,,2026-07-12T15:57:01.759757+00:00,s3://3dreefs-ben-eu-north1/experiments/ablations/stage2_resolution_fullres_eval/runs/splat_dataset4_sfm_1024_sift_global_resfull_patch400_stage2/ablation_eval/results_splat.csv
D4,dataset4,1024,sift,global,full,splat_dataset4_sfm_1024_sift_global_resfull_patch400_1m,splat_dataset4_sfm_1024_sift_global_resfull_patch400_stage2,patch,p012,COMPLETE,complete,400,1000000,,0.524495591968298,16.749230818340838,0.7823448657989502,python_full_resolution_undistorted,full_resolution_undistorted,5363,4708,3252.947,1000000,13526,16187,completed_requested_iterations,,2026-07-12T16:58:41.356255+00:00,s3://3dreefs-ben-eu-north1/experiments/ablations/stage2_resolution_fullres_eval/runs/splat_dataset4_sfm_1024_sift_global_resfull_patch400_stage2/ablation_eval/results_splat.csv
D4,dataset4,1024,sift,global,full,splat_dataset4_sfm_1024_sift_global_resfull_patch400_1m,splat_dataset4_sfm_1024_sift_global_resfull_patch400_stage2,patch,p016,COMPLETE,complete,400,1000000,,0.5845329318497632,18.424536441283976,0.6675053802696435,python_full_resolution_undistorted,full_resolution_undistorted,5358,4707,2996.338,1000000,13626,16111,completed_requested_iterations,,2026-07-12T17:55:32.489731+00:00,s3://3dreefs-ben-eu-north1/experiments/ablations/stage2_resolution_fullres_eval/runs/splat_dataset4_sfm_1024_sift_global_resfull_patch400_stage2/ablation_eval/results_splat.csv
D4,dataset4,1024,sift,global,full,splat_dataset4_sfm_1024_sift_global_resfull_patch400_1m,splat_dataset4_sfm_1024_sift_global_resfull_patch400_stage2,patch,p021,COMPLETE,complete,400,1000000,,0.5721438363194465,18.541895957170205,0.6715733155608177,python_full_resolution_undistorted,full_resolution_undistorted,5363,4708,3131.042,1000000,13676,16289,completed_requested_iterations,,2026-07-12T18:55:12.479505+00:00,s3://3dreefs-ben-eu-north1/experiments/ablations/stage2_resolution_fullres_eval/runs/splat_dataset4_sfm_1024_sift_global_resfull_patch400_stage2/ablation_eval/results_splat.csv
D4,dataset4,1024,sift,global,full,splat_dataset4_sfm_1024_sift_global_resfull_patch400_1m,splat_dataset4_sfm_1024_sift_global_resfull_patch400_stage2,patch,p025,COMPLETE,complete,400,1000000,,0.5720298376522566,18.20167361287092,0.6909124176753195,python_full_resolution_undistorted,full_resolution_undistorted,5396,4735,3142.254,1000000,13509,16277,completed_requested_iterations,,2026-07-12T19:54:47.405677+00:00,s3://3dreefs-ben-eu-north1/experiments/ablations/stage2_resolution_fullres_eval/runs/splat_dataset4_sfm_1024_sift_global_resfull_patch400_stage2/ablation_eval/results_splat.csv
D4,dataset4,1024,sift,global,full,splat_dataset4_sfm_1024_sift_global_resfull_patch400_1m,splat_dataset4_sfm_1024_sift_global_resfull_patch400_stage2,patch,p029,COMPLETE,complete,400,1000000,,0.5732073103770231,18.18681469625863,0.6775279702284397,python_full_resolution_undistorted,full_resolution_undistorted,5396,4735,3261.764,1000000,13625,16249,completed_requested_iterations,,2026-07-12T20:56:24.718377+00:00,s3://3dreefs-ben-eu-north1/experiments/ablations/stage2_resolution_fullres_eval/runs/splat_dataset4_sfm_1024_sift_global_resfull_patch400_stage2/ablation_eval/results_splat.csv
D4,dataset4,1024,sift,global,full,splat_dataset4_sfm_1024_sift_global_resfull_patch400_1m,splat_dataset4_sfm_1024_sift_global_resfull_patch400_stage2,patch,p033,COMPLETE,complete,400,1000000,,0.4591473523113463,15.267786628943746,0.8132074342833625,python_full_resolution_undistorted,full_resolution_undistorted,5363,4708,3455.534,1000000,13765,16199,completed_requested_iterations,,2026-07-12T22:00:39.578525+00:00,s3://3dreefs-ben-eu-north1/experiments/ablations/stage2_resolution_fullres_eval/runs/splat_dataset4_sfm_1024_sift_global_resfull_patch400_stage2/ablation_eval/results_splat.csv
D4,dataset4,1024,sift,global,full,splat_dataset4_sfm_1024_sift_global_resfull_patch400_1m,splat_dataset4_sfm_1024_sift_global_resfull_patch400_stage2,patch,p037,COMPLETE,complete,400,1000000,,0.6113765957178893,19.677851215698833,0.6005400010833034,python_full_resolution_undistorted,full_resolution_undistorted,5358,4707,3135.449,1000000,12159,16181,completed_requested_iterations,,2026-07-12T22:58:07.743812+00:00,s3://3dreefs-ben-eu-north1/experiments/ablations/stage2_resolution_fullres_eval/runs/splat_dataset4_sfm_1024_sift_global_resfull_patch400_stage2/ablation_eval/results_splat.csv
D4,dataset4,1024,sift,global,full,splat_dataset4_sfm_1024_sift_global_resfull_patch400_2m,splat_dataset4_sfm_1024_sift_global_resfull_patch400_stage2,patch,p000,COMPLETE,complete,400,2000000,,0.542724296832696,16.61472363263876,0.73190920933699,python_full_resolution_undistorted,full_resolution_undistorted,5396,4735,3708.203,2000000,12988,7733,completed_requested_iterations,,2026-07-13T00:23:28.741317+00:00,s3://3dreefs-ben-eu-north1/experiments/ablations/stage2_resolution_fullres_eval/runs/splat_dataset4_sfm_1024_sift_global_resfull_patch400_stage2/ablation_eval/results_splat.csv
D4,dataset4,1024,sift,global,full,splat_dataset4_sfm_1024_sift_global_resfull_patch400_2m,splat_dataset4_sfm_1024_sift_global_resfull_patch400_stage2,patch,p004,COMPLETE,complete,400,2000000,,0.5621247613116315,16.914733195093167,0.7045857090699045,python_full_resolution_undistorted,full_resolution_undistorted,5396,4735,3879.292,2000000,13227,15605,completed_requested_iterations,,2026-07-13T01:35:15.368811+00:00,s3://3dreefs-ben-eu-north1/experiments/ablations/stage2_resolution_fullres_eval/runs/splat_dataset4_sfm_1024_sift_global_resfull_patch400_stage2/ablation_eval/results_splat.csv
D4,dataset4,1024,sift,global,full,splat_dataset4_sfm_1024_sift_global_resfull_patch400_2m,splat_dataset4_sfm_1024_sift_global_resfull_patch400_stage2,patch,p008,COMPLETE,complete,400,2000000,,0.5531188594667535,16.923130921947706,0.7377488895466453,python_full_resolution_undistorted,full_resolution_undistorted,5396,4735,3942.228,2000000,13441,17625,completed_requested_iterations,,2026-07-13T02:48:12.587466+00:00,s3://3dreefs-ben-eu-north1/experiments/ablations/stage2_resolution_fullres_eval/runs/splat_dataset4_sfm_1024_sift_global_resfull_patch400_stage2/ablation_eval/results_splat.csv
D4,dataset4,1024,sift,global,full,splat_dataset4_sfm_1024_sift_global_resfull_patch400_2m,splat_dataset4_sfm_1024_sift_global_resfull_patch400_stage2,patch,p012,COMPLETE,complete,400,2000000,,0.5282198242843151,16.751362181735075,0.752923135459423,python_full_resolution_undistorted,full_resolution_undistorted,5363,4708,3811.273,2000000,13540,14375,completed_requested_iterations,,2026-07-13T03:59:16.663421+00:00,s3://3dreefs-ben-eu-north1/experiments/ablations/stage2_resolution_fullres_eval/runs/splat_dataset4_sfm_1024_sift_global_resfull_patch400_stage2/ablation_eval/results_splat.csv
D4,dataset4,1024,sift,global,full,splat_dataset4_sfm_1024_sift_global_resfull_patch400_2m,splat_dataset4_sfm_1024_sift_global_resfull_patch400_stage2,patch,p016,COMPLETE,complete,400,2000000,,0.5968787251292048,18.492923286342727,0.6197935375007423,python_full_resolution_undistorted,full_resolution_undistorted,5358,4707,3435.192,2000000,13430,14703,completed_requested_iterations,,2026-07-13T05:03:28.880631+00:00,s3://3dreefs-ben-eu-north1/experiments/ablations/stage2_resolution_fullres_eval/runs/splat_dataset4_sfm_1024_sift_global_resfull_patch400_stage2/ablation_eval/results_splat.csv
D4,dataset4,1024,sift,global,full,splat_dataset4_sfm_1024_sift_global_resfull_patch400_2m,splat_dataset4_sfm_1024_sift_global_resfull_patch400_stage2,patch,p021,COMPLETE,complete,400,2000000,,0.5871416933834552,18.55210869357311,0.6249520853161812,python_full_resolution_undistorted,full_resolution_undistorted,5363,4708,3586.916,2000000,13601,14471,completed_requested_iterations,,2026-07-13T06:10:56.154417+00:00,s3://3dreefs-ben-eu-north1/experiments/ablations/stage2_resolution_fullres_eval/runs/splat_dataset4_sfm_1024_sift_global_resfull_patch400_stage2/ablation_eval/results_splat.csv
D4,dataset4,1024,sift,global,full,splat_dataset4_sfm_1024_sift_global_resfull_patch400_2m,splat_dataset4_sfm_1024_sift_global_resfull_patch400_stage2,patch,p025,COMPLETE,complete,400,2000000,,0.5823538452386856,18.2680726085273,0.6518346926099375,python_full_resolution_undistorted,full_resolution_undistorted,5396,4735,3572.301,2000000,13758,15417,completed_requested_iterations,,2026-07-13T07:17:41.154891+00:00,s3://3dreefs-ben-eu-north1/experiments/ablations/stage2_resolution_fullres_eval/runs/splat_dataset4_sfm_1024_sift_global_resfull_patch400_stage2/ablation_eval/results_splat.csv
D4,dataset4,1024,sift,global,full,splat_dataset4_sfm_1024_sift_global_resfull_patch400_2m,splat_dataset4_sfm_1024_sift_global_resfull_patch400_stage2,patch,p029,COMPLETE,complete,400,2000000,,0.591128979737942,18.297442577983922,0.6237950630677052,python_full_resolution_undistorted,full_resolution_undistorted,5396,4735,3588.719,2000000,13556,14557,completed_requested_iterations,,2026-07-13T08:24:55.322303+00:00,s3://3dreefs-ben-eu-north1/experiments/ablations/stage2_resolution_fullres_eval/runs/splat_dataset4_sfm_1024_sift_global_resfull_patch400_stage2/ablation_eval/results_splat.csv
D4,dataset4,1024,sift,global,full,splat_dataset4_sfm_1024_sift_global_resfull_patch400_2m,splat_dataset4_sfm_1024_sift_global_resfull_patch400_stage2,patch,p033,COMPLETE,complete,400,2000000,,0.4650363069441583,15.38464679698105,0.7792644964324104,python_full_resolution_undistorted,full_resolution_undistorted,5363,4708,3980.217,2000000,13560,14573,completed_requested_iterations,,2026-07-13T09:38:03.879150+00:00,s3://3dreefs-ben-eu-north1/experiments/ablations/stage2_resolution_fullres_eval/runs/splat_dataset4_sfm_1024_sift_global_resfull_patch400_stage2/ablation_eval/results_splat.csv
D4,dataset4,1024,sift,global,full,splat_dataset4_sfm_1024_sift_global_resfull_patch400_2m,splat_dataset4_sfm_1024_sift_global_resfull_patch400_stage2,patch,p037,COMPLETE,complete,400,2000000,,0.6245784373195084,19.751560703460513,0.5508134850749263,python_full_resolution_undistorted,full_resolution_undistorted,5358,4707,3598.013,2000000,12271,14371,completed_requested_iterations,,2026-07-13T10:43:18.175666+00:00,s3://3dreefs-ben-eu-north1/experiments/ablations/stage2_resolution_fullres_eval/runs/splat_dataset4_sfm_1024_sift_global_resfull_patch400_stage2/ablation_eval/results_splat.csv
D4,dataset4,1024,sift,global,full,splat_dataset4_sfm_1024_sift_global_resfull_patch400_500k,splat_dataset4_sfm_1024_sift_global_resfull_patch400_stage2,patch,p000,COMPLETE,complete,400,500000,,0.5284502529180967,16.56941288434232,0.7963152802907504,python_full_resolution_undistorted,full_resolution_undistorted,5396,4735,2937.304,500000,12901,9705,completed_requested_iterations,,2026-07-12T04:30:41.329530+00:00,s3://3dreefs-ben-eu-north1/experiments/ablations/stage2_resolution_fullres_eval/runs/splat_dataset4_sfm_1024_sift_global_resfull_patch400_stage2/ablation_eval/results_splat.csv
D4,dataset4,1024,sift,global,full,splat_dataset4_sfm_1024_sift_global_resfull_patch400_500k,splat_dataset4_sfm_1024_sift_global_resfull_patch400_stage2,patch,p004,COMPLETE,complete,400,500000,,0.5504648928579531,16.960566073307366,0.7721239704834787,python_full_resolution_undistorted,full_resolution_undistorted,5396,4735,2815.727,500000,13461,15485,completed_requested_iterations,,2026-07-12T05:24:27.232613+00:00,s3://3dreefs-ben-eu-north1/experiments/ablations/stage2_resolution_fullres_eval/runs/splat_dataset4_sfm_1024_sift_global_resfull_patch400_stage2/ablation_eval/results_splat.csv
D4,dataset4,1024,sift,global,full,splat_dataset4_sfm_1024_sift_global_resfull_patch400_500k,splat_dataset4_sfm_1024_sift_global_resfull_patch400_stage2,patch,p008,COMPLETE,complete,400,500000,,0.5450979690802725,16.953654187542345,0.7925459428837425,python_full_resolution_undistorted,full_resolution_undistorted,5396,4735,2875.992,500000,13400,15579,completed_requested_iterations,,2026-07-12T06:19:31.944544+00:00,s3://3dreefs-ben-eu-north1/experiments/ablations/stage2_resolution_fullres_eval/runs/splat_dataset4_sfm_1024_sift_global_resfull_patch400_stage2/ablation_eval/results_splat.csv
D4,dataset4,1024,sift,global,full,splat_dataset4_sfm_1024_sift_global_resfull_patch400_500k,splat_dataset4_sfm_1024_sift_global_resfull_patch400_stage2,patch,p012,COMPLETE,complete,400,500000,,0.5188592717051506,16.70333793457543,0.8112832233309746,python_full_resolution_undistorted,full_resolution_undistorted,5363,4708,2803.541,500000,13455,15553,completed_requested_iterations,,2026-07-12T07:13:42.665005+00:00,s3://3dreefs-ben-eu-north1/experiments/ablations/stage2_resolution_fullres_eval/runs/splat_dataset4_sfm_1024_sift_global_resfull_patch400_stage2/ablation_eval/results_splat.csv
D4,dataset4,1024,sift,global,full,splat_dataset4_sfm_1024_sift_global_resfull_patch400_500k,splat_dataset4_sfm_1024_sift_global_resfull_patch400_stage2,patch,p016,COMPLETE,complete,400,500000,,0.56999367314416,18.266694383430874,0.713062621451713,python_full_resolution_undistorted,full_resolution_undistorted,5358,4707,2706.432,500000,13681,15549,completed_requested_iterations,,2026-07-12T08:05:32.668293+00:00,s3://3dreefs-ben-eu-north1/experiments/ablations/stage2_resolution_fullres_eval/runs/splat_dataset4_sfm_1024_sift_global_resfull_patch400_stage2/ablation_eval/results_splat.csv
D4,dataset4,1024,sift,global,full,splat_dataset4_sfm_1024_sift_global_resfull_patch400_500k,splat_dataset4_sfm_1024_sift_global_resfull_patch400_stage2,patch,p021,COMPLETE,complete,400,500000,,0.5540887817740441,18.46164983668034,0.7199010789394379,python_full_resolution_undistorted,full_resolution_undistorted,5363,4708,2837.819,500000,13961,15601,completed_requested_iterations,,2026-07-12T09:00:13.767538+00:00,s3://3dreefs-ben-eu-north1/experiments/ablations/stage2_resolution_fullres_eval/runs/splat_dataset4_sfm_1024_sift_global_resfull_patch400_stage2/ablation_eval/results_splat.csv
D4,dataset4,1024,sift,global,full,splat_dataset4_sfm_1024_sift_global_resfull_patch400_500k,splat_dataset4_sfm_1024_sift_global_resfull_patch400_stage2,patch,p025,COMPLETE,complete,400,500000,,0.5578562483975762,18.17338976451946,0.7300898652327689,python_full_resolution_undistorted,full_resolution_undistorted,5396,4735,2786.229,500000,13792,15559,completed_requested_iterations,,2026-07-12T09:53:45.054142+00:00,s3://3dreefs-ben-eu-north1/experiments/ablations/stage2_resolution_fullres_eval/runs/splat_dataset4_sfm_1024_sift_global_resfull_patch400_stage2/ablation_eval/results_splat.csv
D4,dataset4,1024,sift,global,full,splat_dataset4_sfm_1024_sift_global_resfull_patch400_500k,splat_dataset4_sfm_1024_sift_global_resfull_patch400_stage2,patch,p029,COMPLETE,complete,400,500000,,0.5518459173349234,18.045120504078035,0.7304583115455432,python_full_resolution_undistorted,full_resolution_undistorted,5396,4735,2716.933,500000,13632,15495,completed_requested_iterations,,2026-07-12T10:46:38.490823+00:00,s3://3dreefs-ben-eu-north1/experiments/ablations/stage2_resolution_fullres_eval/runs/splat_dataset4_sfm_1024_sift_global_resfull_patch400_stage2/ablation_eval/results_splat.csv
D4,dataset4,1024,sift,global,full,splat_dataset4_sfm_1024_sift_global_resfull_patch400_500k,splat_dataset4_sfm_1024_sift_global_resfull_patch400_stage2,patch,p033,COMPLETE,complete,400,500000,,0.454197034239769,15.22838263395002,0.8394076741404004,python_full_resolution_undistorted,full_resolution_undistorted,5363,4708,2887.353,500000,13594,15467,completed_requested_iterations,,2026-07-12T11:41:38.694263+00:00,s3://3dreefs-ben-eu-north1/experiments/ablations/stage2_resolution_fullres_eval/runs/splat_dataset4_sfm_1024_sift_global_resfull_patch400_stage2/ablation_eval/results_splat.csv
D4,dataset4,1024,sift,global,full,splat_dataset4_sfm_1024_sift_global_resfull_patch400_500k,splat_dataset4_sfm_1024_sift_global_resfull_patch400_stage2,patch,p037,COMPLETE,complete,400,500000,,0.5910006827778287,19.553664355005502,0.6542358023148996,python_full_resolution_undistorted,full_resolution_undistorted,5358,4707,2940.739,500000,12248,15457,completed_requested_iterations,,2026-07-12T12:35:47.786263+00:00,s3://3dreefs-ben-eu-north1/experiments/ablations/stage2_resolution_fullres_eval/runs/splat_dataset4_sfm_1024_sift_global_resfull_patch400_stage2/ablation_eval/results_splat.csv
D4,dataset4,1024,sift,global,full,splat_dataset4_sfm_1024_sift_global_resfull_patch800_1m,splat_dataset4_sfm_1024_sift_global_resfull_patch800_stage2,patch,p000,COMPLETE,complete,800,1000000,,0.544335535432719,17.05392664007815,0.7866701506361177,python_full_resolution_undistorted,full_resolution_undistorted,5396,4735,3328.029,1000000,13373,9705,completed_requested_iterations,,2026-07-12T15:28:06.425459+00:00,s3://3dreefs-ben-eu-north1/experiments/ablations/stage2_resolution_fullres_eval/runs/splat_dataset4_sfm_1024_sift_global_resfull_patch800_stage2/ablation_eval/results_splat.csv
D4,dataset4,1024,sift,global,full,splat_dataset4_sfm_1024_sift_global_resfull_patch800_1m,splat_dataset4_sfm_1024_sift_global_resfull_patch800_stage2,patch,p002,COMPLETE,complete,800,1000000,,0.5570358927635586,17.930023006661987,0.7407122385852477,python_full_resolution_undistorted,full_resolution_undistorted,5363,4708,3137.199,1000000,14222,16403,completed_requested_iterations,,2026-07-12T16:32:07.191261+00:00,s3://3dreefs-ben-eu-north1/experiments/ablations/stage2_resolution_fullres_eval/runs/splat_dataset4_sfm_1024_sift_global_resfull_patch800_stage2/ablation_eval/results_splat.csv
D4,dataset4,1024,sift,global,full,splat_dataset4_sfm_1024_sift_global_resfull_patch800_1m,splat_dataset4_sfm_1024_sift_global_resfull_patch800_stage2,patch,p004,COMPLETE,complete,800,1000000,,0.5527707375075719,17.628637245159737,0.7598177864126963,python_full_resolution_undistorted,full_resolution_undistorted,5358,4707,3305.678,1000000,14381,15983,completed_requested_iterations,,2026-07-12T17:39:32.210306+00:00,s3://3dreefs-ben-eu-north1/experiments/ablations/stage2_resolution_fullres_eval/runs/splat_dataset4_sfm_1024_sift_global_resfull_patch800_stage2/ablation_eval/results_splat.csv
D4,dataset4,1024,sift,global,full,splat_dataset4_sfm_1024_sift_global_resfull_patch800_1m,splat_dataset4_sfm_1024_sift_global_resfull_patch800_stage2,patch,p005,COMPLETE,complete,800,1000000,,0.5661026642356121,18.202894038448033,0.7373608745319743,python_full_resolution_undistorted,full_resolution_undistorted,5363,4708,3077.667,1000000,14356,16035,completed_requested_iterations,,2026-07-12T18:43:12.534460+00:00,s3://3dreefs-ben-eu-north1/experiments/ablations/stage2_resolution_fullres_eval/runs/splat_dataset4_sfm_1024_sift_global_resfull_patch800_stage2/ablation_eval/results_splat.csv
D4,dataset4,1024,sift,global,full,splat_dataset4_sfm_1024_sift_global_resfull_patch800_1m,splat_dataset4_sfm_1024_sift_global_resfull_patch800_stage2,patch,p007,COMPLETE,complete,800,1000000,,0.5526831301165299,17.850502931993837,0.7416226326579779,python_full_resolution_undistorted,full_resolution_undistorted,5396,4735,3123.369,1000000,14453,16057,completed_requested_iterations,,2026-07-12T19:47:42.875176+00:00,s3://3dreefs-ben-eu-north1/experiments/ablations/stage2_resolution_fullres_eval/runs/splat_dataset4_sfm_1024_sift_global_resfull_patch800_stage2/ablation_eval/results_splat.csv
D4,dataset4,1024,sift,global,full,splat_dataset4_sfm_1024_sift_global_resfull_patch800_1m,splat_dataset4_sfm_1024_sift_global_resfull_patch800_stage2,patch,p009,COMPLETE,complete,800,1000000,,0.4598751541895744,15.759919574344066,0.8435246310172937,python_full_resolution_undistorted,full_resolution_undistorted,5396,4735,3611.063,1000000,14335,16161,completed_requested_iterations,,2026-07-12T21:01:36.883134+00:00,s3://3dreefs-ben-eu-north1/experiments/ablations/stage2_resolution_fullres_eval/runs/splat_dataset4_sfm_1024_sift_global_resfull_patch800_stage2/ablation_eval/results_splat.csv
D4,dataset4,1024,sift,global,full,splat_dataset4_sfm_1024_sift_global_resfull_patch800_1m,splat_dataset4_sfm_1024_sift_global_resfull_patch800_stage2,patch,p011,COMPLETE,complete,800,1000000,,0.57831279801417,18.771644871504144,0.6973925323425969,python_full_resolution_undistorted,full_resolution_undistorted,5363,4708,3152.028,1000000,14482,16015,completed_requested_iterations,,2026-07-12T22:08:08.555668+00:00,s3://3dreefs-ben-eu-north1/experiments/ablations/stage2_resolution_fullres_eval/runs/splat_dataset4_sfm_1024_sift_global_resfull_patch800_stage2/ablation_eval/results_splat.csv
D4,dataset4,1024,sift,global,full,splat_dataset4_sfm_1024_sift_global_resfull_patch800_1m,splat_dataset4_sfm_1024_sift_global_resfull_patch800_stage2,patch,p012,COMPLETE,complete,800,1000000,,0.43882033190666103,14.93877552462608,0.8728265601855058,python_full_resolution_undistorted,full_resolution_undistorted,5363,4708,3961.232,1000000,14397,16043,completed_requested_iterations,,2026-07-12T23:27:20.871788+00:00,s3://3dreefs-ben-eu-north1/experiments/ablations/stage2_resolution_fullres_eval/runs/splat_dataset4_sfm_1024_sift_global_resfull_patch800_stage2/ablation_eval/results_splat.csv
D4,dataset4,1024,sift,global,full,splat_dataset4_sfm_1024_sift_global_resfull_patch800_1m,splat_dataset4_sfm_1024_sift_global_resfull_patch800_stage2,patch,p014,COMPLETE,complete,800,1000000,,0.525548216584441,17.693586601989438,0.7719950343107248,python_full_resolution_undistorted,full_resolution_undistorted,5396,4735,3318.191,1000000,14680,16099,completed_requested_iterations,,2026-07-13T00:36:09.798719+00:00,s3://3dreefs-ben-eu-north1/experiments/ablations/stage2_resolution_fullres_eval/runs/splat_dataset4_sfm_1024_sift_global_resfull_patch800_stage2/ablation_eval/results_splat.csv
D4,dataset4,1024,sift,global,full,splat_dataset4_sfm_1024_sift_global_resfull_patch800_1m,splat_dataset4_sfm_1024_sift_global_resfull_patch800_stage2,patch,p016,COMPLETE,complete,800,1000000,,0.577417109409968,18.991974424283256,0.6841782991091411,python_full_resolution_undistorted,full_resolution_undistorted,5396,4735,3181.858,1000000,14611,16001,completed_requested_iterations,,2026-07-13T01:42:16.011498+00:00,s3://3dreefs-ben-eu-north1/experiments/ablations/stage2_resolution_fullres_eval/runs/splat_dataset4_sfm_1024_sift_global_resfull_patch800_stage2/ablation_eval/results_splat.csv
D4,dataset4,1024,sift,global,full,splat_dataset4_sfm_1024_sift_global_resfull_patch800_2m,splat_dataset4_sfm_1024_sift_global_resfull_patch800_stage2,patch,p000,COMPLETE,complete,800,2000000,,0.5479507253894323,17.037217499447806,0.7662328957002374,python_full_resolution_undistorted,full_resolution_undistorted,5396,4735,4057.622,2000000,14343,9703,completed_requested_iterations,,2026-07-13T03:19:51.282570+00:00,s3://3dreefs-ben-eu-north1/experiments/ablations/stage2_resolution_fullres_eval/runs/splat_dataset4_sfm_1024_sift_global_resfull_patch800_stage2/ablation_eval/results_splat.csv
D4,dataset4,1024,sift,global,full,splat_dataset4_sfm_1024_sift_global_resfull_patch800_2m,splat_dataset4_sfm_1024_sift_global_resfull_patch800_stage2,patch,p002,COMPLETE,complete,800,2000000,,0.5667002849719104,18.0479889748903,0.7050881096545387,python_full_resolution_undistorted,full_resolution_undistorted,5363,4708,3626.681,2000000,13946,16527,completed_requested_iterations,,2026-07-13T04:32:36.728695+00:00,s3://3dreefs-ben-eu-north1/experiments/ablations/stage2_resolution_fullres_eval/runs/splat_dataset4_sfm_1024_sift_global_resfull_patch800_stage2/ablation_eval/results_splat.csv
D4,dataset4,1024,sift,global,full,splat_dataset4_sfm_1024_sift_global_resfull_patch800_2m,splat_dataset4_sfm_1024_sift_global_resfull_patch800_stage2,patch,p004,COMPLETE,complete,800,2000000,,0.5600203112380145,17.612980924126617,0.7312421610910599,python_full_resolution_undistorted,full_resolution_undistorted,5358,4707,3910.44,2000000,13888,16527,completed_requested_iterations,,2026-07-13T05:51:31.218971+00:00,s3://3dreefs-ben-eu-north1/experiments/ablations/stage2_resolution_fullres_eval/runs/splat_dataset4_sfm_1024_sift_global_resfull_patch800_stage2/ablation_eval/results_splat.csv
D4,dataset4,1024,sift,global,full,splat_dataset4_sfm_1024_sift_global_resfull_patch800_2m,splat_dataset4_sfm_1024_sift_global_resfull_patch800_stage2,patch,p005,COMPLETE,complete,800,2000000,,0.5751529541653646,18.216070784089197,0.7017546019084017,python_full_resolution_undistorted,full_resolution_undistorted,5363,4708,3576.278,2000000,14870,16511,completed_requested_iterations,,2026-07-13T07:04:04.371704+00:00,s3://3dreefs-ben-eu-north1/experiments/ablations/stage2_resolution_fullres_eval/runs/splat_dataset4_sfm_1024_sift_global_resfull_patch800_stage2/ablation_eval/results_splat.csv
D4,dataset4,1024,sift,global,full,splat_dataset4_sfm_1024_sift_global_resfull_patch800_2m,splat_dataset4_sfm_1024_sift_global_resfull_patch800_stage2,patch,p007,COMPLETE,complete,800,2000000,,0.5640953804405642,17.85829617373337,0.708489757188609,python_full_resolution_undistorted,full_resolution_undistorted,5396,4735,3598.285,2000000,14231,16575,completed_requested_iterations,,2026-07-13T08:17:30.656532+00:00,s3://3dreefs-ben-eu-north1/experiments/ablations/stage2_resolution_fullres_eval/runs/splat_dataset4_sfm_1024_sift_global_resfull_patch800_stage2/ablation_eval/results_splat.csv
D4,dataset4,1024,sift,global,full,splat_dataset4_sfm_1024_sift_global_resfull_patch800_2m,splat_dataset4_sfm_1024_sift_global_resfull_patch800_stage2,patch,p009,COMPLETE,complete,800,2000000,,0.4640194089748921,15.744904728484853,0.8221522798905005,python_full_resolution_undistorted,full_resolution_undistorted,5396,4735,4539.334,2000000,14985,16583,completed_requested_iterations,,2026-07-13T09:47:14.949859+00:00,s3://3dreefs-ben-eu-north1/experiments/ablations/stage2_resolution_fullres_eval/runs/splat_dataset4_sfm_1024_sift_global_resfull_patch800_stage2/ablation_eval/results_splat.csv
D4,dataset4,1024,sift,global,full,splat_dataset4_sfm_1024_sift_global_resfull_patch800_2m,splat_dataset4_sfm_1024_sift_global_resfull_patch800_stage2,patch,p011,COMPLETE,complete,800,2000000,,0.5920684639411636,18.896364117592864,0.6581151538257357,python_full_resolution_undistorted,full_resolution_undistorted,5363,4708,3543.345,2000000,14124,16651,completed_requested_iterations,,2026-07-13T11:00:54.421706+00:00,s3://3dreefs-ben-eu-north1/experiments/ablations/stage2_resolution_fullres_eval/runs/splat_dataset4_sfm_1024_sift_global_resfull_patch800_stage2/ablation_eval/results_splat.csv
D4,dataset4,1024,sift,global,full,splat_dataset4_sfm_1024_sift_global_resfull_patch800_2m,splat_dataset4_sfm_1024_sift_global_resfull_patch800_stage2,patch,p012,FAILED,complete,800,2000000,,,,,,full_resolution_undistorted,5363,4708,1756.731,,9969,27623,lfs_exit_1,,2026-07-13T11:30:20.568534+00:00,s3://3dreefs-ben-eu-north1/experiments/ablations/stage2_resolution_fullres_eval/runs/splat_dataset4_sfm_1024_sift_global_resfull_patch800_stage2/ablation_eval/results_splat.csv
D4,dataset4,1024,sift,global,full,splat_dataset4_sfm_1024_sift_global_resfull_patch800_2m,splat_dataset4_sfm_1024_sift_global_resfull_patch800_stage2,patch,p014,COMPLETE,complete,800,2000000,,0.537864704023708,17.74672681702774,0.7367679639296099,python_full_resolution_undistorted,full_resolution_undistorted,5396,4735,3818.518,2000000,15161,16579,completed_requested_iterations,,2026-07-13T12:48:37.358068+00:00,s3://3dreefs-ben-eu-north1/experiments/ablations/stage2_resolution_fullres_eval/runs/splat_dataset4_sfm_1024_sift_global_resfull_patch800_stage2/ablation_eval/results_splat.csv
D4,dataset4,1024,sift,global,full,splat_dataset4_sfm_1024_sift_global_resfull_patch800_2m,splat_dataset4_sfm_1024_sift_global_resfull_patch800_stage2,patch,p016,COMPLETE,complete,800,2000000,,0.5922001198927561,19.116024101520367,0.6437887287139893,python_full_resolution_undistorted,full_resolution_undistorted,5396,4735,3526.874,2000000,14277,16631,completed_requested_iterations,,2026-07-13T14:01:07.967698+00:00,s3://3dreefs-ben-eu-north1/experiments/ablations/stage2_resolution_fullres_eval/runs/splat_dataset4_sfm_1024_sift_global_resfull_patch800_stage2/ablation_eval/results_splat.csv
D4,dataset4,1024,sift,global,full,splat_dataset4_sfm_1024_sift_global_resfull_patch800_500k,splat_dataset4_sfm_1024_sift_global_resfull_patch800_stage2,patch,p000,COMPLETE,complete,800,500000,,0.5379347503185272,17.0366049732514,0.8077449843853335,python_full_resolution_undistorted,full_resolution_undistorted,5396,4735,2917.645,500000,13589,9705,completed_requested_iterations,,2026-07-12T04:49:05.114049+00:00,s3://3dreefs-ben-eu-north1/experiments/ablations/stage2_resolution_fullres_eval/runs/splat_dataset4_sfm_1024_sift_global_resfull_patch800_stage2/ablation_eval/results_splat.csv
D4,dataset4,1024,sift,global,full,splat_dataset4_sfm_1024_sift_global_resfull_patch800_500k,splat_dataset4_sfm_1024_sift_global_resfull_patch800_stage2,patch,p002,COMPLETE,complete,800,500000,,0.5463856651502497,17.922307810037935,0.7734729007763022,python_full_resolution_undistorted,full_resolution_undistorted,5363,4708,2766.991,500000,14102,15759,completed_requested_iterations,,2026-07-12T05:47:06.460555+00:00,s3://3dreefs-ben-eu-north1/experiments/ablations/stage2_resolution_fullres_eval/runs/splat_dataset4_sfm_1024_sift_global_resfull_patch800_stage2/ablation_eval/results_splat.csv
D4,dataset4,1024,sift,global,full,splat_dataset4_sfm_1024_sift_global_resfull_patch800_500k,splat_dataset4_sfm_1024_sift_global_resfull_patch800_stage2,patch,p004,COMPLETE,complete,800,500000,,0.5426450065554005,17.567955036535622,0.7893086737149382,python_full_resolution_undistorted,full_resolution_undistorted,5358,4707,2864.596,500000,14039,15849,completed_requested_iterations,,2026-07-12T06:47:34.181447+00:00,s3://3dreefs-ben-eu-north1/experiments/ablations/stage2_resolution_fullres_eval/runs/splat_dataset4_sfm_1024_sift_global_resfull_patch800_stage2/ablation_eval/results_splat.csv
D4,dataset4,1024,sift,global,full,splat_dataset4_sfm_1024_sift_global_resfull_patch800_500k,splat_dataset4_sfm_1024_sift_global_resfull_patch800_stage2,patch,p005,COMPLETE,complete,800,500000,,0.5547207358857276,18.0644937967357,0.7700306479360016,python_full_resolution_undistorted,full_resolution_undistorted,5363,4708,2723.164,500000,14206,15753,completed_requested_iterations,,2026-07-12T07:45:35.592689+00:00,s3://3dreefs-ben-eu-north1/experiments/ablations/stage2_resolution_fullres_eval/runs/splat_dataset4_sfm_1024_sift_global_resfull_patch800_stage2/ablation_eval/results_splat.csv
D4,dataset4,1024,sift,global,full,splat_dataset4_sfm_1024_sift_global_resfull_patch800_500k,splat_dataset4_sfm_1024_sift_global_resfull_patch800_stage2,patch,p007,COMPLETE,complete,800,500000,,0.5377779162265885,17.718690816118652,0.7743953625920793,python_full_resolution_undistorted,full_resolution_undistorted,5396,4735,2764.697,500000,14313,16039,completed_requested_iterations,,2026-07-12T08:44:19.259592+00:00,s3://3dreefs-ben-eu-north1/experiments/ablations/stage2_resolution_fullres_eval/runs/splat_dataset4_sfm_1024_sift_global_resfull_patch800_stage2/ablation_eval/results_splat.csv
D4,dataset4,1024,sift,global,full,splat_dataset4_sfm_1024_sift_global_resfull_patch800_500k,splat_dataset4_sfm_1024_sift_global_resfull_patch800_stage2,patch,p009,COMPLETE,complete,800,500000,,0.4519842943319908,15.760324468983404,0.8662980420467181,python_full_resolution_undistorted,full_resolution_undistorted,5396,4735,3166.244,500000,14383,16665,completed_requested_iterations,,2026-07-12T09:51:18.207546+00:00,s3://3dreefs-ben-eu-north1/experiments/ablations/stage2_resolution_fullres_eval/runs/splat_dataset4_sfm_1024_sift_global_resfull_patch800_stage2/ablation_eval/results_splat.csv
D4,dataset4,1024,sift,global,full,splat_dataset4_sfm_1024_sift_global_resfull_patch800_500k,splat_dataset4_sfm_1024_sift_global_resfull_patch800_stage2,patch,p011,COMPLETE,complete,800,500000,,0.5612310816215563,18.600280338221488,0.7369740235654614,python_full_resolution_undistorted,full_resolution_undistorted,5363,4708,2808.085,500000,14763,16125,completed_requested_iterations,,2026-07-12T10:52:30.687178+00:00,s3://3dreefs-ben-eu-north1/experiments/ablations/stage2_resolution_fullres_eval/runs/splat_dataset4_sfm_1024_sift_global_resfull_patch800_stage2/ablation_eval/results_splat.csv
D4,dataset4,1024,sift,global,full,splat_dataset4_sfm_1024_sift_global_resfull_patch800_500k,splat_dataset4_sfm_1024_sift_global_resfull_patch800_stage2,patch,p012,COMPLETE,complete,800,500000,,0.43828121591836977,14.962339460790881,0.8808668171748136,python_full_resolution_undistorted,full_resolution_undistorted,5363,4708,3269.167,500000,14400,15805,completed_requested_iterations,,2026-07-12T12:00:49.158753+00:00,s3://3dreefs-ben-eu-north1/experiments/ablations/stage2_resolution_fullres_eval/runs/splat_dataset4_sfm_1024_sift_global_resfull_patch800_stage2/ablation_eval/results_splat.csv
D4,dataset4,1024,sift,global,full,splat_dataset4_sfm_1024_sift_global_resfull_patch800_500k,splat_dataset4_sfm_1024_sift_global_resfull_patch800_stage2,patch,p014,COMPLETE,complete,800,500000,,0.5120731793440781,17.58257237782045,0.8048361950106435,python_full_resolution_undistorted,full_resolution_undistorted,5396,4735,2949.737,500000,14315,15845,completed_requested_iterations,,2026-07-12T13:03:42.284541+00:00,s3://3dreefs-ben-eu-north1/experiments/ablations/stage2_resolution_fullres_eval/runs/splat_dataset4_sfm_1024_sift_global_resfull_patch800_stage2/ablation_eval/results_splat.csv
D4,dataset4,1024,sift,global,full,splat_dataset4_sfm_1024_sift_global_resfull_patch800_500k,splat_dataset4_sfm_1024_sift_global_resfull_patch800_stage2,patch,p016,COMPLETE,complete,800,500000,,0.559879041115443,18.821220498019223,0.7265822394688924,python_full_resolution_undistorted,full_resolution_undistorted,5396,4735,2738.292,500000,14519,16075,completed_requested_iterations,,2026-07-12T14:02:39.804296+00:00,s3://3dreefs-ben-eu-north1/experiments/ablations/stage2_resolution_fullres_eval/runs/splat_dataset4_sfm_1024_sift_global_resfull_patch800_stage2/ablation_eval/results_splat.csv
D5,dataset5,1024,sift,global,1024,splat_dataset5_sfm_1024_sift_global_res1024_patch200_1m,splat_dataset5_sfm_1024_sift_global_res1024_patch200_stage2,patch,p000,COMPLETE,complete,200,1000000,,0.5555558005968729,20.908260343594083,0.5109817634026209,python_full_resolution_undistorted,full_resolution_undistorted,3240,2432,314.274,1000000,5052,2725,completed_requested_iterations,,2026-07-12T00:02:44.491171+00:00,s3://3dreefs-ben-eu-north1/experiments/ablations/stage2_resolution_fullres_eval/runs/splat_dataset5_sfm_1024_sift_global_res1024_patch200_stage2/ablation_eval/results_splat.csv
D5,dataset5,1024,sift,global,1024,splat_dataset5_sfm_1024_sift_global_res1024_patch200_1m,splat_dataset5_sfm_1024_sift_global_res1024_patch200_stage2,patch,p013,COMPLETE,complete,200,1000000,,0.5054014838404126,20.290997237128565,0.5765369037787119,python_full_resolution_undistorted,full_resolution_undistorted,3239,2429,294.021,1000000,5537,4971,completed_requested_iterations,,2026-07-12T00:08:41.342040+00:00,s3://3dreefs-ben-eu-north1/experiments/ablations/stage2_resolution_fullres_eval/runs/splat_dataset5_sfm_1024_sift_global_res1024_patch200_stage2/ablation_eval/results_splat.csv
D5,dataset5,1024,sift,global,1024,splat_dataset5_sfm_1024_sift_global_res1024_patch200_1m,splat_dataset5_sfm_1024_sift_global_res1024_patch200_stage2,patch,p026,COMPLETE,complete,200,1000000,,0.5056473016738892,19.950859618033345,0.5597961968497226,python_full_resolution_undistorted,full_resolution_undistorted,3240,2432,299.036,1000000,5711,4979,completed_requested_iterations,,2026-07-12T00:14:46.393311+00:00,s3://3dreefs-ben-eu-north1/experiments/ablations/stage2_resolution_fullres_eval/runs/splat_dataset5_sfm_1024_sift_global_res1024_patch200_stage2/ablation_eval/results_splat.csv
D5,dataset5,1024,sift,global,1024,splat_dataset5_sfm_1024_sift_global_res1024_patch200_1m,splat_dataset5_sfm_1024_sift_global_res1024_patch200_stage2,patch,p039,COMPLETE,complete,200,1000000,,0.5107554271817207,20.174684018643667,0.544187206029892,python_full_resolution_undistorted,full_resolution_undistorted,3239,2429,294.858,1000000,5712,4983,completed_requested_iterations,,2026-07-12T00:20:51.147471+00:00,s3://3dreefs-ben-eu-north1/experiments/ablations/stage2_resolution_fullres_eval/runs/splat_dataset5_sfm_1024_sift_global_res1024_patch200_stage2/ablation_eval/results_splat.csv
D5,dataset5,1024,sift,global,1024,splat_dataset5_sfm_1024_sift_global_res1024_patch200_1m,splat_dataset5_sfm_1024_sift_global_res1024_patch200_stage2,patch,p052,COMPLETE,complete,200,1000000,,0.5040686047739453,19.117715934549334,0.4982365436024136,python_full_resolution_undistorted,full_resolution_undistorted,3240,2432,327.331,1000000,5734,4979,completed_requested_iterations,,2026-07-12T00:27:21.952425+00:00,s3://3dreefs-ben-eu-north1/experiments/ablations/stage2_resolution_fullres_eval/runs/splat_dataset5_sfm_1024_sift_global_res1024_patch200_stage2/ablation_eval/results_splat.csv
D5,dataset5,1024,sift,global,1024,splat_dataset5_sfm_1024_sift_global_res1024_patch200_1m,splat_dataset5_sfm_1024_sift_global_res1024_patch200_stage2,patch,p064,COMPLETE,complete,200,1000000,,0.5190599395169152,20.248307739926343,0.5915157695611318,python_full_resolution_undistorted,full_resolution_undistorted,3240,2432,310.294,1000000,5636,5077,completed_requested_iterations,,2026-07-12T00:33:34.420359+00:00,s3://3dreefs-ben-eu-north1/experiments/ablations/stage2_resolution_fullres_eval/runs/splat_dataset5_sfm_1024_sift_global_res1024_patch200_stage2/ablation_eval/results_splat.csv
D5,dataset5,1024,sift,global,1024,splat_dataset5_sfm_1024_sift_global_res1024_patch200_1m,splat_dataset5_sfm_1024_sift_global_res1024_patch200_stage2,patch,p077,COMPLETE,complete,200,1000000,,0.6037252890436273,20.98700908820141,0.4671828652683057,python_full_resolution_undistorted,full_resolution_undistorted,3239,2429,356.165,1000000,5646,5043,completed_requested_iterations,,2026-07-12T00:40:35.580017+00:00,s3://3dreefs-ben-eu-north1/experiments/ablations/stage2_resolution_fullres_eval/runs/splat_dataset5_sfm_1024_sift_global_res1024_patch200_stage2/ablation_eval/results_splat.csv
D5,dataset5,1024,sift,global,1024,splat_dataset5_sfm_1024_sift_global_res1024_patch200_1m,splat_dataset5_sfm_1024_sift_global_res1024_patch200_stage2,patch,p090,COMPLETE,complete,200,1000000,,0.6447050366550684,20.556852425305234,0.48311090655624866,python_full_resolution_undistorted,full_resolution_undistorted,3240,2432,330.575,1000000,5517,4999,completed_requested_iterations,,2026-07-12T00:46:59.637916+00:00,s3://3dreefs-ben-eu-north1/experiments/ablations/stage2_resolution_fullres_eval/runs/splat_dataset5_sfm_1024_sift_global_res1024_patch200_stage2/ablation_eval/results_splat.csv
D5,dataset5,1024,sift,global,1024,splat_dataset5_sfm_1024_sift_global_res1024_patch200_1m,splat_dataset5_sfm_1024_sift_global_res1024_patch200_stage2,patch,p103,COMPLETE,complete,200,1000000,,0.7187463939189911,19.161852525315904,0.5218630688531058,python_full_resolution_undistorted,full_resolution_undistorted,3239,2429,334.127,1000000,5460,4991,completed_requested_iterations,,2026-07-12T00:53:21.328879+00:00,s3://3dreefs-ben-eu-north1/experiments/ablations/stage2_resolution_fullres_eval/runs/splat_dataset5_sfm_1024_sift_global_res1024_patch200_stage2/ablation_eval/results_splat.csv
D5,dataset5,1024,sift,global,1024,splat_dataset5_sfm_1024_sift_global_res1024_patch200_1m,splat_dataset5_sfm_1024_sift_global_res1024_patch200_stage2,patch,p116,COMPLETE,complete,200,1000000,,0.6062086264292399,20.070483291263006,0.4983536541461945,python_full_resolution_undistorted,full_resolution_undistorted,3240,2432,332.284,1000000,6580,5059,completed_requested_iterations,,2026-07-12T00:59:45.010403+00:00,s3://3dreefs-ben-eu-north1/experiments/ablations/stage2_resolution_fullres_eval/runs/splat_dataset5_sfm_1024_sift_global_res1024_patch200_stage2/ablation_eval/results_splat.csv
D5,dataset5,1024,sift,global,1024,splat_dataset5_sfm_1024_sift_global_res1024_patch200_2m,splat_dataset5_sfm_1024_sift_global_res1024_patch200_stage2,patch,p000,COMPLETE,complete,200,2000000,,0.5410472750663757,20.319664739420382,0.4942884229951435,python_full_resolution_undistorted,full_resolution_undistorted,3240,2432,457.724,2000000,5083,2849,completed_requested_iterations,,2026-07-12T01:28:13.923065+00:00,s3://3dreefs-ben-eu-north1/experiments/ablations/stage2_resolution_fullres_eval/runs/splat_dataset5_sfm_1024_sift_global_res1024_patch200_stage2/ablation_eval/results_splat.csv
D5,dataset5,1024,sift,global,1024,splat_dataset5_sfm_1024_sift_global_res1024_patch200_2m,splat_dataset5_sfm_1024_sift_global_res1024_patch200_stage2,patch,p013,COMPLETE,complete,200,2000000,,0.49348819421397316,20.024633989907684,0.5326553649372525,python_full_resolution_undistorted,full_resolution_undistorted,3239,2429,418.033,2000000,5649,5573,completed_requested_iterations,,2026-07-12T01:36:15.023175+00:00,s3://3dreefs-ben-eu-north1/experiments/ablations/stage2_resolution_fullres_eval/runs/splat_dataset5_sfm_1024_sift_global_res1024_patch200_stage2/ablation_eval/results_splat.csv
D5,dataset5,1024,sift,global,1024,splat_dataset5_sfm_1024_sift_global_res1024_patch200_2m,splat_dataset5_sfm_1024_sift_global_res1024_patch200_stage2,patch,p026,COMPLETE,complete,200,2000000,,0.4954993928733625,19.52991713458695,0.5301951875812129,python_full_resolution_undistorted,full_resolution_undistorted,3240,2432,423.825,2000000,7406,5515,completed_requested_iterations,,2026-07-12T01:44:26.932549+00:00,s3://3dreefs-ben-eu-north1/experiments/ablations/stage2_resolution_fullres_eval/runs/splat_dataset5_sfm_1024_sift_global_res1024_patch200_stage2/ablation_eval/results_splat.csv
D5,dataset5,1024,sift,global,1024,splat_dataset5_sfm_1024_sift_global_res1024_patch200_2m,splat_dataset5_sfm_1024_sift_global_res1024_patch200_stage2,patch,p039,COMPLETE,complete,200,2000000,,0.5007206782698631,19.848638126430888,0.5035511627793312,python_full_resolution_undistorted,full_resolution_undistorted,3239,2429,416.435,2000000,5759,5517,completed_requested_iterations,,2026-07-12T01:52:33.603203+00:00,s3://3dreefs-ben-eu-north1/experiments/ablations/stage2_resolution_fullres_eval/runs/splat_dataset5_sfm_1024_sift_global_res1024_patch200_stage2/ablation_eval/results_splat.csv
D5,dataset5,1024,sift,global,1024,splat_dataset5_sfm_1024_sift_global_res1024_patch200_2m,splat_dataset5_sfm_1024_sift_global_res1024_patch200_stage2,patch,p052,COMPLETE,complete,200,2000000,,0.49501367575592464,18.64165441536054,0.4911244296365314,python_full_resolution_undistorted,full_resolution_undistorted,3240,2432,484.376,2000000,5915,5549,completed_requested_iterations,,2026-07-12T02:01:41.128384+00:00,s3://3dreefs-ben-eu-north1/experiments/ablations/stage2_resolution_fullres_eval/runs/splat_dataset5_sfm_1024_sift_global_res1024_patch200_stage2/ablation_eval/results_splat.csv
D5,dataset5,1024,sift,global,1024,splat_dataset5_sfm_1024_sift_global_res1024_patch200_2m,splat_dataset5_sfm_1024_sift_global_res1024_patch200_stage2,patch,p064,COMPLETE,complete,200,2000000,,0.510469333993064,19.953380568461455,0.5536800275246302,python_full_resolution_undistorted,full_resolution_undistorted,3240,2432,454.204,2000000,6876,5547,completed_requested_iterations,,2026-07-12T02:10:20.142446+00:00,s3://3dreefs-ben-eu-north1/experiments/ablations/stage2_resolution_fullres_eval/runs/splat_dataset5_sfm_1024_sift_global_res1024_patch200_stage2/ablation_eval/results_splat.csv
D5,dataset5,1024,sift,global,1024,splat_dataset5_sfm_1024_sift_global_res1024_patch200_2m,splat_dataset5_sfm_1024_sift_global_res1024_patch200_stage2,patch,p077,COMPLETE,complete,200,2000000,,0.5956968429841494,20.657845790111562,0.4486269935181266,python_full_resolution_undistorted,full_resolution_undistorted,3239,2429,527.855,2000000,7652,5581,completed_requested_iterations,,2026-07-12T02:20:13.933348+00:00,s3://3dreefs-ben-eu-north1/experiments/ablations/stage2_resolution_fullres_eval/runs/splat_dataset5_sfm_1024_sift_global_res1024_patch200_stage2/ablation_eval/results_splat.csv
D5,dataset5,1024,sift,global,1024,splat_dataset5_sfm_1024_sift_global_res1024_patch200_2m,splat_dataset5_sfm_1024_sift_global_res1024_patch200_stage2,patch,p090,COMPLETE,complete,200,2000000,,0.6358857285231352,20.410038514616737,0.45652310736477375,python_full_resolution_undistorted,full_resolution_undistorted,3240,2432,488.512,2000000,5667,5601,completed_requested_iterations,,2026-07-12T02:29:16.884387+00:00,s3://3dreefs-ben-eu-north1/experiments/ablations/stage2_resolution_fullres_eval/runs/splat_dataset5_sfm_1024_sift_global_res1024_patch200_stage2/ablation_eval/results_splat.csv
D5,dataset5,1024,sift,global,1024,splat_dataset5_sfm_1024_sift_global_res1024_patch200_2m,splat_dataset5_sfm_1024_sift_global_res1024_patch200_stage2,patch,p103,COMPLETE,complete,200,2000000,,0.7107837923935482,19.073819366182608,0.5028442889451981,python_full_resolution_undistorted,full_resolution_undistorted,3239,2429,485.36,2000000,5570,5555,completed_requested_iterations,,2026-07-12T02:38:09.261364+00:00,s3://3dreefs-ben-eu-north1/experiments/ablations/stage2_resolution_fullres_eval/runs/splat_dataset5_sfm_1024_sift_global_res1024_patch200_stage2/ablation_eval/results_splat.csv
D5,dataset5,1024,sift,global,1024,splat_dataset5_sfm_1024_sift_global_res1024_patch200_2m,splat_dataset5_sfm_1024_sift_global_res1024_patch200_stage2,patch,p116,COMPLETE,complete,200,2000000,,0.5875492016474406,19.7248077753418,0.49175962805747986,python_full_resolution_undistorted,full_resolution_undistorted,3240,2432,492.546,2000000,5722,5533,completed_requested_iterations,,2026-07-12T02:47:11.725479+00:00,s3://3dreefs-ben-eu-north1/experiments/ablations/stage2_resolution_fullres_eval/runs/splat_dataset5_sfm_1024_sift_global_res1024_patch200_stage2/ablation_eval/results_splat.csv
D5,dataset5,1024,sift,global,1024,splat_dataset5_sfm_1024_sift_global_res1024_patch200_500k,splat_dataset5_sfm_1024_sift_global_res1024_patch200_stage2,patch,p000,COMPLETE,complete,200,500000,,0.5534247838788562,21.113127323883415,0.5665253218677309,python_full_resolution_undistorted,full_resolution_undistorted,3240,2432,298.5,500000,5282,2725,completed_requested_iterations,,2026-07-11T22:52:04.937489+00:00,s3://3dreefs-ben-eu-north1/experiments/ablations/stage2_resolution_fullres_eval/runs/splat_dataset5_sfm_1024_sift_global_res1024_patch200_stage2/ablation_eval/results_splat.csv
D5,dataset5,1024,sift,global,1024,splat_dataset5_sfm_1024_sift_global_res1024_patch200_500k,splat_dataset5_sfm_1024_sift_global_res1024_patch200_stage2,patch,p013,COMPLETE,complete,200,500000,,0.5052340361807082,20.32034916505323,0.6535262763500214,python_full_resolution_undistorted,full_resolution_undistorted,3239,2429,222.779,500000,5530,4703,completed_requested_iterations,,2026-07-11T22:56:51.420307+00:00,s3://3dreefs-ben-eu-north1/experiments/ablations/stage2_resolution_fullres_eval/runs/splat_dataset5_sfm_1024_sift_global_res1024_patch200_stage2/ablation_eval/results_splat.csv
D5,dataset5,1024,sift,global,1024,splat_dataset5_sfm_1024_sift_global_res1024_patch200_500k,splat_dataset5_sfm_1024_sift_global_res1024_patch200_stage2,patch,p026,COMPLETE,complete,200,500000,,0.5028098460875059,20.062515304879746,0.6308957934379578,python_full_resolution_undistorted,full_resolution_undistorted,3240,2432,222.314,500000,5557,4743,completed_requested_iterations,,2026-07-11T23:01:38.183077+00:00,s3://3dreefs-ben-eu-north1/experiments/ablations/stage2_resolution_fullres_eval/runs/splat_dataset5_sfm_1024_sift_global_res1024_patch200_stage2/ablation_eval/results_splat.csv
D5,dataset5,1024,sift,global,1024,splat_dataset5_sfm_1024_sift_global_res1024_patch200_500k,splat_dataset5_sfm_1024_sift_global_res1024_patch200_stage2,patch,p039,COMPLETE,complete,200,500000,,0.5073748618364334,20.18586169864505,0.6224288940429688,python_full_resolution_undistorted,full_resolution_undistorted,3239,2429,219.194,500000,5635,4747,completed_requested_iterations,,2026-07-11T23:06:25.764047+00:00,s3://3dreefs-ben-eu-north1/experiments/ablations/stage2_resolution_fullres_eval/runs/splat_dataset5_sfm_1024_sift_global_res1024_patch200_stage2/ablation_eval/results_splat.csv
D5,dataset5,1024,sift,global,1024,splat_dataset5_sfm_1024_sift_global_res1024_patch200_500k,splat_dataset5_sfm_1024_sift_global_res1024_patch200_stage2,patch,p052,COMPLETE,complete,200,500000,,0.5015885515345467,19.441445754419103,0.5418666501839956,python_full_resolution_undistorted,full_resolution_undistorted,3240,2432,236.081,500000,5668,4711,completed_requested_iterations,,2026-07-11T23:11:25.321491+00:00,s3://3dreefs-ben-eu-north1/experiments/ablations/stage2_resolution_fullres_eval/runs/splat_dataset5_sfm_1024_sift_global_res1024_patch200_stage2/ablation_eval/results_splat.csv
D5,dataset5,1024,sift,global,1024,splat_dataset5_sfm_1024_sift_global_res1024_patch200_500k,splat_dataset5_sfm_1024_sift_global_res1024_patch200_stage2,patch,p064,COMPLETE,complete,200,500000,,0.5168466402424706,20.2675590695683,0.6649106492598852,python_full_resolution_undistorted,full_resolution_undistorted,3240,2432,237.797,500000,5690,4745,completed_requested_iterations,,2026-07-11T23:16:25.979187+00:00,s3://3dreefs-ben-eu-north1/experiments/ablations/stage2_resolution_fullres_eval/runs/splat_dataset5_sfm_1024_sift_global_res1024_patch200_stage2/ablation_eval/results_splat.csv
D5,dataset5,1024,sift,global,1024,splat_dataset5_sfm_1024_sift_global_res1024_patch200_500k,splat_dataset5_sfm_1024_sift_global_res1024_patch200_stage2,patch,p077,COMPLETE,complete,200,500000,,0.6062401501755965,21.32283190800922,0.5164104166783785,python_full_resolution_undistorted,full_resolution_undistorted,3239,2429,267.291,500000,5667,4711,completed_requested_iterations,,2026-07-11T23:21:59.023938+00:00,s3://3dreefs-ben-eu-north1/experiments/ablations/stage2_resolution_fullres_eval/runs/splat_dataset5_sfm_1024_sift_global_res1024_patch200_stage2/ablation_eval/results_splat.csv
D5,dataset5,1024,sift,global,1024,splat_dataset5_sfm_1024_sift_global_res1024_patch200_500k,splat_dataset5_sfm_1024_sift_global_res1024_patch200_stage2,patch,p090,COMPLETE,complete,200,500000,,0.6519322749227285,20.688274381924906,0.5315157510340214,python_full_resolution_undistorted,full_resolution_undistorted,3240,2432,240.311,500000,5516,4731,completed_requested_iterations,,2026-07-11T23:26:52.232758+00:00,s3://3dreefs-ben-eu-north1/experiments/ablations/stage2_resolution_fullres_eval/runs/splat_dataset5_sfm_1024_sift_global_res1024_patch200_stage2/ablation_eval/results_splat.csv
D5,dataset5,1024,sift,global,1024,splat_dataset5_sfm_1024_sift_global_res1024_patch200_500k,splat_dataset5_sfm_1024_sift_global_res1024_patch200_stage2,patch,p103,COMPLETE,complete,200,500000,,0.7225265800952911,19.183348291502462,0.5512759685516357,python_full_resolution_undistorted,full_resolution_undistorted,3239,2429,254.311,500000,5492,4723,completed_requested_iterations,,2026-07-11T23:31:52.184440+00:00,s3://3dreefs-ben-eu-north1/experiments/ablations/stage2_resolution_fullres_eval/runs/splat_dataset5_sfm_1024_sift_global_res1024_patch200_stage2/ablation_eval/results_splat.csv
D5,dataset5,1024,sift,global,1024,splat_dataset5_sfm_1024_sift_global_res1024_patch200_500k,splat_dataset5_sfm_1024_sift_global_res1024_patch200_stage2,patch,p116,COMPLETE,complete,200,500000,,0.6166181365648905,20.540456529048857,0.5330708503723145,python_full_resolution_undistorted,full_resolution_undistorted,3240,2432,246.534,500000,5592,4759,completed_requested_iterations,,2026-07-11T23:36:48.954672+00:00,s3://3dreefs-ben-eu-north1/experiments/ablations/stage2_resolution_fullres_eval/runs/splat_dataset5_sfm_1024_sift_global_res1024_patch200_stage2/ablation_eval/results_splat.csv
D5,dataset5,1024,sift,global,1024,splat_dataset5_sfm_1024_sift_global_res1024_patch400_1m,splat_dataset5_sfm_1024_sift_global_res1024_patch400_stage2,patch,p000,COMPLETE,complete,400,1000000,,0.5465005942293115,20.808170843427728,0.5984470352933213,python_full_resolution_undistorted,full_resolution_undistorted,3240,2432,306.547,1000000,5331,2725,completed_requested_iterations,,2026-07-12T00:09:53.554994+00:00,s3://3dreefs-ben-eu-north1/experiments/ablations/stage2_resolution_fullres_eval/runs/splat_dataset5_sfm_1024_sift_global_res1024_patch400_stage2/ablation_eval/results_splat.csv
D5,dataset5,1024,sift,global,1024,splat_dataset5_sfm_1024_sift_global_res1024_patch400_1m,splat_dataset5_sfm_1024_sift_global_res1024_patch400_stage2,patch,p005,COMPLETE,complete,400,1000000,,0.5215072158055428,20.206611360516668,0.5389376374391409,python_full_resolution_undistorted,full_resolution_undistorted,3240,2432,310.914,1000000,6046,5083,completed_requested_iterations,,2026-07-12T00:17:09.822285+00:00,s3://3dreefs-ben-eu-north1/experiments/ablations/stage2_resolution_fullres_eval/runs/splat_dataset5_sfm_1024_sift_global_res1024_patch400_stage2/ablation_eval/results_splat.csv
D5,dataset5,1024,sift,global,1024,splat_dataset5_sfm_1024_sift_global_res1024_patch400_1m,splat_dataset5_sfm_1024_sift_global_res1024_patch400_stage2,patch,p010,COMPLETE,complete,400,1000000,,0.5153240896761417,20.450629306739522,0.6161248207092285,python_full_resolution_undistorted,full_resolution_undistorted,3239,2429,315.053,1000000,5998,5093,completed_requested_iterations,,2026-07-12T00:24:37.073082+00:00,s3://3dreefs-ben-eu-north1/experiments/ablations/stage2_resolution_fullres_eval/runs/splat_dataset5_sfm_1024_sift_global_res1024_patch400_stage2/ablation_eval/results_splat.csv
D5,dataset5,1024,sift,global,1024,splat_dataset5_sfm_1024_sift_global_res1024_patch400_1m,splat_dataset5_sfm_1024_sift_global_res1024_patch400_stage2,patch,p015,COMPLETE,complete,400,1000000,,0.5904609294314134,21.50471131120291,0.647682166413257,python_full_resolution_undistorted,full_resolution_undistorted,3240,2432,323.894,1000000,5949,5113,completed_requested_iterations,,2026-07-12T00:32:03.900770+00:00,s3://3dreefs-ben-eu-north1/experiments/ablations/stage2_resolution_fullres_eval/runs/splat_dataset5_sfm_1024_sift_global_res1024_patch400_stage2/ablation_eval/results_splat.csv
D5,dataset5,1024,sift,global,1024,splat_dataset5_sfm_1024_sift_global_res1024_patch400_1m,splat_dataset5_sfm_1024_sift_global_res1024_patch400_stage2,patch,p020,COMPLETE,complete,400,1000000,,0.47039685986543955,19.52230817499793,0.5966512051067854,python_full_resolution_undistorted,full_resolution_undistorted,3239,2429,297.321,1000000,6029,5173,completed_requested_iterations,,2026-07-12T00:39:05.853960+00:00,s3://3dreefs-ben-eu-north1/experiments/ablations/stage2_resolution_fullres_eval/runs/splat_dataset5_sfm_1024_sift_global_res1024_patch400_stage2/ablation_eval/results_splat.csv
D5,dataset5,1024,sift,global,1024,splat_dataset5_sfm_1024_sift_global_res1024_patch400_1m,splat_dataset5_sfm_1024_sift_global_res1024_patch400_stage2,patch,p024,COMPLETE,complete,400,1000000,,0.5311848544760754,20.30092516415314,0.6191694360030325,python_full_resolution_undistorted,full_resolution_undistorted,3239,2429,323.497,1000000,5984,5111,completed_requested_iterations,,2026-07-12T00:46:35.499950+00:00,s3://3dreefs-ben-eu-north1/experiments/ablations/stage2_resolution_fullres_eval/runs/splat_dataset5_sfm_1024_sift_global_res1024_patch400_stage2/ablation_eval/results_splat.csv
D5,dataset5,1024,sift,global,1024,splat_dataset5_sfm_1024_sift_global_res1024_patch400_1m,splat_dataset5_sfm_1024_sift_global_res1024_patch400_stage2,patch,p029,COMPLETE,complete,400,1000000,,0.6183323115110397,21.257616825472287,0.521499407642028,python_full_resolution_undistorted,full_resolution_undistorted,3240,2432,341.584,1000000,5991,5055,completed_requested_iterations,,2026-07-12T00:54:06.009684+00:00,s3://3dreefs-ben-eu-north1/experiments/ablations/stage2_resolution_fullres_eval/runs/splat_dataset5_sfm_1024_sift_global_res1024_patch400_stage2/ablation_eval/results_splat.csv
D5,dataset5,1024,sift,global,1024,splat_dataset5_sfm_1024_sift_global_res1024_patch400_1m,splat_dataset5_sfm_1024_sift_global_res1024_patch400_stage2,patch,p034,COMPLETE,complete,400,1000000,,0.5560797586252815,20.7744971006319,0.5870491274093327,python_full_resolution_undistorted,full_resolution_undistorted,3240,2432,309.46,1000000,6015,5081,completed_requested_iterations,,2026-07-12T01:01:21.102942+00:00,s3://3dreefs-ben-eu-north1/experiments/ablations/stage2_resolution_fullres_eval/runs/splat_dataset5_sfm_1024_sift_global_res1024_patch400_stage2/ablation_eval/results_splat.csv
D5,dataset5,1024,sift,global,1024,splat_dataset5_sfm_1024_sift_global_res1024_patch400_1m,splat_dataset5_sfm_1024_sift_global_res1024_patch400_stage2,patch,p039,COMPLETE,complete,400,1000000,,0.5911229841018978,20.862729890064553,0.6021684768952822,python_full_resolution_undistorted,full_resolution_undistorted,3240,2432,301.926,1000000,7000,5081,completed_requested_iterations,,2026-07-12T01:08:28.166738+00:00,s3://3dreefs-ben-eu-north1/experiments/ablations/stage2_resolution_fullres_eval/runs/splat_dataset5_sfm_1024_sift_global_res1024_patch400_stage2/ablation_eval/results_splat.csv
D5,dataset5,1024,sift,global,1024,splat_dataset5_sfm_1024_sift_global_res1024_patch400_1m,splat_dataset5_sfm_1024_sift_global_res1024_patch400_stage2,patch,p044,COMPLETE,complete,400,1000000,,0.6758288417543684,21.876844018625615,0.5165118157863617,python_full_resolution_undistorted,full_resolution_undistorted,3240,2432,347.91,1000000,6099,5127,completed_requested_iterations,,2026-07-12T01:16:10.856312+00:00,s3://3dreefs-ben-eu-north1/experiments/ablations/stage2_resolution_fullres_eval/runs/splat_dataset5_sfm_1024_sift_global_res1024_patch400_stage2/ablation_eval/results_splat.csv
D5,dataset5,1024,sift,global,1024,splat_dataset5_sfm_1024_sift_global_res1024_patch400_2m,splat_dataset5_sfm_1024_sift_global_res1024_patch400_stage2,patch,p000,COMPLETE,complete,400,2000000,,0.5502769584591324,20.67383280100952,0.5491166187299265,python_full_resolution_undistorted,full_resolution_undistorted,3240,2432,428.065,2000000,5467,2889,completed_requested_iterations,,2026-07-12T01:42:32.498760+00:00,s3://3dreefs-ben-eu-north1/experiments/ablations/stage2_resolution_fullres_eval/runs/splat_dataset5_sfm_1024_sift_global_res1024_patch400_stage2/ablation_eval/results_splat.csv
D5,dataset5,1024,sift,global,1024,splat_dataset5_sfm_1024_sift_global_res1024_patch400_2m,splat_dataset5_sfm_1024_sift_global_res1024_patch400_stage2,patch,p005,COMPLETE,complete,400,2000000,,0.5223020781309177,20.007887774246566,0.4977729251751533,python_full_resolution_undistorted,full_resolution_undistorted,3240,2432,448.014,2000000,6074,5653,completed_requested_iterations,,2026-07-12T01:52:09.469423+00:00,s3://3dreefs-ben-eu-north1/experiments/ablations/stage2_resolution_fullres_eval/runs/splat_dataset5_sfm_1024_sift_global_res1024_patch400_stage2/ablation_eval/results_splat.csv
D5,dataset5,1024,sift,global,1024,splat_dataset5_sfm_1024_sift_global_res1024_patch400_2m,splat_dataset5_sfm_1024_sift_global_res1024_patch400_stage2,patch,p010,COMPLETE,complete,400,2000000,,0.5162473991513252,20.39297927177285,0.5519997179508209,python_full_resolution_undistorted,full_resolution_undistorted,3239,2429,430.22,2000000,6095,5625,completed_requested_iterations,,2026-07-12T02:01:31.359456+00:00,s3://3dreefs-ben-eu-north1/experiments/ablations/stage2_resolution_fullres_eval/runs/splat_dataset5_sfm_1024_sift_global_res1024_patch400_stage2/ablation_eval/results_splat.csv
D5,dataset5,1024,sift,global,1024,splat_dataset5_sfm_1024_sift_global_res1024_patch400_2m,splat_dataset5_sfm_1024_sift_global_res1024_patch400_stage2,patch,p015,COMPLETE,complete,400,2000000,,0.5878403892642573,21.24708765361041,0.6050983557575628,python_full_resolution_undistorted,full_resolution_undistorted,3240,2432,468.81,2000000,7772,5615,completed_requested_iterations,,2026-07-12T02:11:24.383152+00:00,s3://3dreefs-ben-eu-north1/experiments/ablations/stage2_resolution_fullres_eval/runs/splat_dataset5_sfm_1024_sift_global_res1024_patch400_stage2/ablation_eval/results_splat.csv
D5,dataset5,1024,sift,global,1024,splat_dataset5_sfm_1024_sift_global_res1024_patch400_2m,splat_dataset5_sfm_1024_sift_global_res1024_patch400_stage2,patch,p020,COMPLETE,complete,400,2000000,,0.4699110278957768,19.256118708719153,0.5376056832702536,python_full_resolution_undistorted,full_resolution_undistorted,3239,2429,414.82,2000000,6120,5643,completed_requested_iterations,,2026-07-12T02:20:23.493189+00:00,s3://3dreefs-ben-eu-north1/experiments/ablations/stage2_resolution_fullres_eval/runs/splat_dataset5_sfm_1024_sift_global_res1024_patch400_stage2/ablation_eval/results_splat.csv
D5,dataset5,1024,sift,global,1024,splat_dataset5_sfm_1024_sift_global_res1024_patch400_2m,splat_dataset5_sfm_1024_sift_global_res1024_patch400_stage2,patch,p024,COMPLETE,complete,400,2000000,,0.5308055642404055,20.203695388998113,0.5664114097231313,python_full_resolution_undistorted,full_resolution_undistorted,3239,2429,454.94,2000000,6108,5579,completed_requested_iterations,,2026-07-12T02:30:02.637581+00:00,s3://3dreefs-ben-eu-north1/experiments/ablations/stage2_resolution_fullres_eval/runs/splat_dataset5_sfm_1024_sift_global_res1024_patch400_stage2/ablation_eval/results_splat.csv
D5,dataset5,1024,sift,global,1024,splat_dataset5_sfm_1024_sift_global_res1024_patch400_2m,splat_dataset5_sfm_1024_sift_global_res1024_patch400_stage2,patch,p029,COMPLETE,complete,400,2000000,,0.6184251176960328,21.1852511988882,0.48571737285922556,python_full_resolution_undistorted,full_resolution_undistorted,3240,2432,496.136,2000000,6062,5587,completed_requested_iterations,,2026-07-12T02:40:08.194124+00:00,s3://3dreefs-ben-eu-north1/experiments/ablations/stage2_resolution_fullres_eval/runs/splat_dataset5_sfm_1024_sift_global_res1024_patch400_stage2/ablation_eval/results_splat.csv
D5,dataset5,1024,sift,global,1024,splat_dataset5_sfm_1024_sift_global_res1024_patch400_2m,splat_dataset5_sfm_1024_sift_global_res1024_patch400_stage2,patch,p034,COMPLETE,complete,400,2000000,,0.5558898315617913,20.629998954986334,0.5320229420536443,python_full_resolution_undistorted,full_resolution_undistorted,3240,2432,437.708,2000000,7933,5587,completed_requested_iterations,,2026-07-12T02:49:31.989647+00:00,s3://3dreefs-ben-eu-north1/experiments/ablations/stage2_resolution_fullres_eval/runs/splat_dataset5_sfm_1024_sift_global_res1024_patch400_stage2/ablation_eval/results_splat.csv
D5,dataset5,1024,sift,global,1024,splat_dataset5_sfm_1024_sift_global_res1024_patch400_2m,splat_dataset5_sfm_1024_sift_global_res1024_patch400_stage2,patch,p039,COMPLETE,complete,400,2000000,,0.5946161080347864,20.777394234902435,0.5462400372091093,python_full_resolution_undistorted,full_resolution_undistorted,3240,2432,423.585,2000000,7954,5679,completed_requested_iterations,,2026-07-12T02:58:41.743305+00:00,s3://3dreefs-ben-eu-north1/experiments/ablations/stage2_resolution_fullres_eval/runs/splat_dataset5_sfm_1024_sift_global_res1024_patch400_stage2/ablation_eval/results_splat.csv
D5,dataset5,1024,sift,global,1024,splat_dataset5_sfm_1024_sift_global_res1024_patch400_2m,splat_dataset5_sfm_1024_sift_global_res1024_patch400_stage2,patch,p044,COMPLETE,complete,400,2000000,,0.6718669193131583,21.631028444542057,0.4846338697842189,python_full_resolution_undistorted,full_resolution_undistorted,3240,2432,484.031,2000000,7217,5633,completed_requested_iterations,,2026-07-12T03:08:40.877697+00:00,s3://3dreefs-ben-eu-north1/experiments/ablations/stage2_resolution_fullres_eval/runs/splat_dataset5_sfm_1024_sift_global_res1024_patch400_stage2/ablation_eval/results_splat.csv
D5,dataset5,1024,sift,global,1024,splat_dataset5_sfm_1024_sift_global_res1024_patch400_500k,splat_dataset5_sfm_1024_sift_global_res1024_patch400_stage2,patch,p000,COMPLETE,complete,400,500000,,0.5325994588233329,20.899333246109883,0.6715270200291196,python_full_resolution_undistorted,full_resolution_undistorted,3240,2432,299.273,500000,5522,2725,completed_requested_iterations,,2026-07-11T22:50:24.104238+00:00,s3://3dreefs-ben-eu-north1/experiments/ablations/stage2_resolution_fullres_eval/runs/splat_dataset5_sfm_1024_sift_global_res1024_patch400_stage2/ablation_eval/results_splat.csv
D5,dataset5,1024,sift,global,1024,splat_dataset5_sfm_1024_sift_global_res1024_patch400_500k,splat_dataset5_sfm_1024_sift_global_res1024_patch400_stage2,patch,p005,COMPLETE,complete,400,500000,,0.5095206231642992,20.23940733422698,0.6172578418866183,python_full_resolution_undistorted,full_resolution_undistorted,3240,2432,248.949,500000,5967,4847,completed_requested_iterations,,2026-07-11T22:56:42.937343+00:00,s3://3dreefs-ben-eu-north1/experiments/ablations/stage2_resolution_fullres_eval/runs/splat_dataset5_sfm_1024_sift_global_res1024_patch400_stage2/ablation_eval/results_splat.csv
D5,dataset5,1024,sift,global,1024,splat_dataset5_sfm_1024_sift_global_res1024_patch400_500k,splat_dataset5_sfm_1024_sift_global_res1024_patch400_stage2,patch,p010,COMPLETE,complete,400,500000,,0.5097681179642677,20.545092707193994,0.6924154818058014,python_full_resolution_undistorted,full_resolution_undistorted,3239,2429,247.61,500000,6052,4825,completed_requested_iterations,,2026-07-11T23:03:02.307630+00:00,s3://3dreefs-ben-eu-north1/experiments/ablations/stage2_resolution_fullres_eval/runs/splat_dataset5_sfm_1024_sift_global_res1024_patch400_stage2/ablation_eval/results_splat.csv
D5,dataset5,1024,sift,global,1024,splat_dataset5_sfm_1024_sift_global_res1024_patch400_500k,splat_dataset5_sfm_1024_sift_global_res1024_patch400_stage2,patch,p015,COMPLETE,complete,400,500000,,0.5888713159059223,21.571662470498016,0.7065547751752954,python_full_resolution_undistorted,full_resolution_undistorted,3240,2432,249.628,500000,5855,4845,completed_requested_iterations,,2026-07-11T23:09:14.494916+00:00,s3://3dreefs-ben-eu-north1/experiments/ablations/stage2_resolution_fullres_eval/runs/splat_dataset5_sfm_1024_sift_global_res1024_patch400_stage2/ablation_eval/results_splat.csv
D5,dataset5,1024,sift,global,1024,splat_dataset5_sfm_1024_sift_global_res1024_patch400_500k,splat_dataset5_sfm_1024_sift_global_res1024_patch400_stage2,patch,p020,COMPLETE,complete,400,500000,,0.4593777523228997,19.48011680954399,0.6848752702537336,python_full_resolution_undistorted,full_resolution_undistorted,3239,2429,229.831,500000,5940,4841,completed_requested_iterations,,2026-07-11T23:15:10.548179+00:00,s3://3dreefs-ben-eu-north1/experiments/ablations/stage2_resolution_fullres_eval/runs/splat_dataset5_sfm_1024_sift_global_res1024_patch400_stage2/ablation_eval/results_splat.csv
D5,dataset5,1024,sift,global,1024,splat_dataset5_sfm_1024_sift_global_res1024_patch400_500k,splat_dataset5_sfm_1024_sift_global_res1024_patch400_stage2,patch,p024,COMPLETE,complete,400,500000,,0.5263633390790537,20.25728868749186,0.6921201222821286,python_full_resolution_undistorted,full_resolution_undistorted,3239,2429,253.578,500000,6025,4811,completed_requested_iterations,,2026-07-11T23:21:29.057085+00:00,s3://3dreefs-ben-eu-north1/experiments/ablations/stage2_resolution_fullres_eval/runs/splat_dataset5_sfm_1024_sift_global_res1024_patch400_stage2/ablation_eval/results_splat.csv
D5,dataset5,1024,sift,global,1024,splat_dataset5_sfm_1024_sift_global_res1024_patch400_500k,splat_dataset5_sfm_1024_sift_global_res1024_patch400_stage2,patch,p029,COMPLETE,complete,400,500000,,0.615120438968434,21.560973266622863,0.5786162167787552,python_full_resolution_undistorted,full_resolution_undistorted,3240,2432,259.618,500000,5886,4851,completed_requested_iterations,,2026-07-11T23:27:36.692739+00:00,s3://3dreefs-ben-eu-north1/experiments/ablations/stage2_resolution_fullres_eval/runs/splat_dataset5_sfm_1024_sift_global_res1024_patch400_stage2/ablation_eval/results_splat.csv
D5,dataset5,1024,sift,global,1024,splat_dataset5_sfm_1024_sift_global_res1024_patch400_500k,splat_dataset5_sfm_1024_sift_global_res1024_patch400_stage2,patch,p034,COMPLETE,complete,400,500000,,0.5487093815678045,20.74832893910492,0.6627743981386486,python_full_resolution_undistorted,full_resolution_undistorted,3240,2432,239.773,500000,5949,4813,completed_requested_iterations,,2026-07-11T23:33:43.644779+00:00,s3://3dreefs-ben-eu-north1/experiments/ablations/stage2_resolution_fullres_eval/runs/splat_dataset5_sfm_1024_sift_global_res1024_patch400_stage2/ablation_eval/results_splat.csv
D5,dataset5,1024,sift,global,1024,splat_dataset5_sfm_1024_sift_global_res1024_patch400_500k,splat_dataset5_sfm_1024_sift_global_res1024_patch400_stage2,patch,p039,COMPLETE,complete,400,500000,,0.5812108132400011,20.841089757969364,0.6765245920733401,python_full_resolution_undistorted,full_resolution_undistorted,3240,2432,233.138,500000,5916,4845,completed_requested_iterations,,2026-07-11T23:39:39.186539+00:00,s3://3dreefs-ben-eu-north1/experiments/ablations/stage2_resolution_fullres_eval/runs/splat_dataset5_sfm_1024_sift_global_res1024_patch400_stage2/ablation_eval/results_splat.csv
D5,dataset5,1024,sift,global,1024,splat_dataset5_sfm_1024_sift_global_res1024_patch400_500k,splat_dataset5_sfm_1024_sift_global_res1024_patch400_stage2,patch,p044,COMPLETE,complete,400,500000,,0.6735170142991203,21.963400368003754,0.5664165556430817,python_full_resolution_undistorted,full_resolution_undistorted,3240,2432,257.56,500000,5920,4827,completed_requested_iterations,,2026-07-11T23:45:50.660935+00:00,s3://3dreefs-ben-eu-north1/experiments/ablations/stage2_resolution_fullres_eval/runs/splat_dataset5_sfm_1024_sift_global_res1024_patch400_stage2/ablation_eval/results_splat.csv
D5,dataset5,1024,sift,global,1024,splat_dataset5_sfm_1024_sift_global_res1024_patch800_1m,splat_dataset5_sfm_1024_sift_global_res1024_patch800_stage2,patch,p000,COMPLETE,complete,800,1000000,,0.5236316422621409,20.549988379921828,0.6111994621654352,python_full_resolution_undistorted,full_resolution_undistorted,3240,2432,349.893,1000000,6139,2725,completed_requested_iterations,,2026-07-12T00:38:54.184205+00:00,s3://3dreefs-ben-eu-north1/experiments/ablations/stage2_resolution_fullres_eval/runs/splat_dataset5_sfm_1024_sift_global_res1024_patch800_stage2/ablation_eval/results_splat.csv
D5,dataset5,1024,sift,global,1024,splat_dataset5_sfm_1024_sift_global_res1024_patch800_1m,splat_dataset5_sfm_1024_sift_global_res1024_patch800_stage2,patch,p002,COMPLETE,complete,800,1000000,,0.4435959296921889,18.65972677378484,0.8324378770258691,python_full_resolution_undistorted,full_resolution_undistorted,3240,2432,379.963,1000000,6581,5277,completed_requested_iterations,,2026-07-12T00:48:47.861293+00:00,s3://3dreefs-ben-eu-north1/experiments/ablations/stage2_resolution_fullres_eval/runs/splat_dataset5_sfm_1024_sift_global_res1024_patch800_stage2/ablation_eval/results_splat.csv
D5,dataset5,1024,sift,global,1024,splat_dataset5_sfm_1024_sift_global_res1024_patch800_1m,splat_dataset5_sfm_1024_sift_global_res1024_patch800_stage2,patch,p004,COMPLETE,complete,800,1000000,,0.5136252698990015,19.84884549283326,0.777506336187705,python_full_resolution_undistorted,full_resolution_undistorted,3240,2432,394.252,1000000,6813,5313,completed_requested_iterations,,2026-07-12T00:59:29.487783+00:00,s3://3dreefs-ben-eu-north1/experiments/ablations/stage2_resolution_fullres_eval/runs/splat_dataset5_sfm_1024_sift_global_res1024_patch800_stage2/ablation_eval/results_splat.csv
D5,dataset5,1024,sift,global,1024,splat_dataset5_sfm_1024_sift_global_res1024_patch800_1m,splat_dataset5_sfm_1024_sift_global_res1024_patch800_stage2,patch,p006,COMPLETE,complete,800,1000000,,0.5011767799917021,20.065309549109124,0.623083846741601,python_full_resolution_undistorted,full_resolution_undistorted,3239,2429,354.509,1000000,6889,5351,completed_requested_iterations,,2026-07-12T01:09:32.731246+00:00,s3://3dreefs-ben-eu-north1/experiments/ablations/stage2_resolution_fullres_eval/runs/splat_dataset5_sfm_1024_sift_global_res1024_patch800_stage2/ablation_eval/results_splat.csv
D5,dataset5,1024,sift,global,1024,splat_dataset5_sfm_1024_sift_global_res1024_patch800_1m,splat_dataset5_sfm_1024_sift_global_res1024_patch800_stage2,patch,p008,COMPLETE,complete,800,1000000,,0.4569448745250702,19.108759935967356,0.7540699942906698,python_full_resolution_undistorted,full_resolution_undistorted,3239,2429,368.045,1000000,6742,5315,completed_requested_iterations,,2026-07-12T01:19:47.869223+00:00,s3://3dreefs-ben-eu-north1/experiments/ablations/stage2_resolution_fullres_eval/runs/splat_dataset5_sfm_1024_sift_global_res1024_patch800_stage2/ablation_eval/results_splat.csv
D5,dataset5,1024,sift,global,1024,splat_dataset5_sfm_1024_sift_global_res1024_patch800_1m,splat_dataset5_sfm_1024_sift_global_res1024_patch800_stage2,patch,p010,COMPLETE,complete,800,1000000,,0.5375054451552305,20.724063450938587,0.7047394537306452,python_full_resolution_undistorted,full_resolution_undistorted,3240,2432,386.945,1000000,6704,5289,completed_requested_iterations,,2026-07-12T01:30:27.332215+00:00,s3://3dreefs-ben-eu-north1/experiments/ablations/stage2_resolution_fullres_eval/runs/splat_dataset5_sfm_1024_sift_global_res1024_patch800_stage2/ablation_eval/results_splat.csv
D5,dataset5,1024,sift,global,1024,splat_dataset5_sfm_1024_sift_global_res1024_patch800_1m,splat_dataset5_sfm_1024_sift_global_res1024_patch800_stage2,patch,p012,COMPLETE,complete,800,1000000,,0.6369579109625939,22.21458235442532,0.5551875363557767,python_full_resolution_undistorted,full_resolution_undistorted,3239,2429,405.544,1000000,6715,5297,completed_requested_iterations,,2026-07-12T01:41:21.887537+00:00,s3://3dreefs-ben-eu-north1/experiments/ablations/stage2_resolution_fullres_eval/runs/splat_dataset5_sfm_1024_sift_global_res1024_patch800_stage2/ablation_eval/results_splat.csv
D5,dataset5,1024,sift,global,1024,splat_dataset5_sfm_1024_sift_global_res1024_patch800_1m,splat_dataset5_sfm_1024_sift_global_res1024_patch800_stage2,patch,p014,COMPLETE,complete,800,1000000,,0.5559718616401093,20.65490599747123,0.6843218358257149,python_full_resolution_undistorted,full_resolution_undistorted,3239,2429,370.651,1000000,6842,5303,completed_requested_iterations,,2026-07-12T01:51:42.266644+00:00,s3://3dreefs-ben-eu-north1/experiments/ablations/stage2_resolution_fullres_eval/runs/splat_dataset5_sfm_1024_sift_global_res1024_patch800_stage2/ablation_eval/results_splat.csv
D5,dataset5,1024,sift,global,1024,splat_dataset5_sfm_1024_sift_global_res1024_patch800_1m,splat_dataset5_sfm_1024_sift_global_res1024_patch800_stage2,patch,p016,COMPLETE,complete,800,1000000,,0.7030383535684683,21.77895696204212,0.5873187975241587,python_full_resolution_undistorted,full_resolution_undistorted,3240,2432,404.046,1000000,6682,5325,completed_requested_iterations,,2026-07-12T02:02:26.811145+00:00,s3://3dreefs-ben-eu-north1/experiments/ablations/stage2_resolution_fullres_eval/runs/splat_dataset5_sfm_1024_sift_global_res1024_patch800_stage2/ablation_eval/results_splat.csv
D5,dataset5,1024,sift,global,1024,splat_dataset5_sfm_1024_sift_global_res1024_patch800_1m,splat_dataset5_sfm_1024_sift_global_res1024_patch800_stage2,patch,p018,COMPLETE,complete,800,1000000,,0.6549325657742364,21.96733438051512,0.614129079239709,python_full_resolution_undistorted,full_resolution_undistorted,3239,2429,369.172,1000000,6609,5255,completed_requested_iterations,,2026-07-12T02:12:16.936396+00:00,s3://3dreefs-ben-eu-north1/experiments/ablations/stage2_resolution_fullres_eval/runs/splat_dataset5_sfm_1024_sift_global_res1024_patch800_stage2/ablation_eval/results_splat.csv
D5,dataset5,1024,sift,global,1024,splat_dataset5_sfm_1024_sift_global_res1024_patch800_2m,splat_dataset5_sfm_1024_sift_global_res1024_patch800_stage2,patch,p000,COMPLETE,complete,800,2000000,,0.5300262938770983,20.37913620841548,0.553597012327777,python_full_resolution_undistorted,full_resolution_undistorted,3240,2432,477.604,2000000,6208,3043,completed_requested_iterations,,2026-07-12T02:40:25.379799+00:00,s3://3dreefs-ben-eu-north1/experiments/ablations/stage2_resolution_fullres_eval/runs/splat_dataset5_sfm_1024_sift_global_res1024_patch800_stage2/ablation_eval/results_splat.csv
D5,dataset5,1024,sift,global,1024,splat_dataset5_sfm_1024_sift_global_res1024_patch800_2m,splat_dataset5_sfm_1024_sift_global_res1024_patch800_stage2,patch,p002,COMPLETE,complete,800,2000000,,0.4109775568876002,17.74301957815664,0.9026775923040178,python_full_resolution_undistorted,full_resolution_undistorted,3240,2432,454.11,2000000,7073,5809,completed_requested_iterations,,2026-07-12T02:51:23.941087+00:00,s3://3dreefs-ben-eu-north1/experiments/ablations/stage2_resolution_fullres_eval/runs/splat_dataset5_sfm_1024_sift_global_res1024_patch800_stage2/ablation_eval/results_splat.csv
D5,dataset5,1024,sift,global,1024,splat_dataset5_sfm_1024_sift_global_res1024_patch800_2m,splat_dataset5_sfm_1024_sift_global_res1024_patch800_stage2,patch,p004,COMPLETE,complete,800,2000000,,0.4957682669926912,18.77895763536981,0.8035856332534399,python_full_resolution_undistorted,full_resolution_undistorted,3240,2432,509.57,2000000,6770,5969,completed_requested_iterations,,2026-07-12T03:03:43.039872+00:00,s3://3dreefs-ben-eu-north1/experiments/ablations/stage2_resolution_fullres_eval/runs/splat_dataset5_sfm_1024_sift_global_res1024_patch800_stage2/ablation_eval/results_splat.csv
D5,dataset5,1024,sift,global,1024,splat_dataset5_sfm_1024_sift_global_res1024_patch800_2m,splat_dataset5_sfm_1024_sift_global_res1024_patch800_stage2,patch,p006,COMPLETE,complete,800,2000000,,0.5106614247748726,19.96571926158972,0.5592013428870001,python_full_resolution_undistorted,full_resolution_undistorted,3239,2429,476.778,2000000,6992,5913,completed_requested_iterations,,2026-07-12T03:15:37.268967+00:00,s3://3dreefs-ben-eu-north1/experiments/ablations/stage2_resolution_fullres_eval/runs/splat_dataset5_sfm_1024_sift_global_res1024_patch800_stage2/ablation_eval/results_splat.csv
D5,dataset5,1024,sift,global,1024,splat_dataset5_sfm_1024_sift_global_res1024_patch800_2m,splat_dataset5_sfm_1024_sift_global_res1024_patch800_stage2,patch,p008,COMPLETE,complete,800,2000000,,0.4351080870628357,18.240368951731636,0.7666048200925192,python_full_resolution_undistorted,full_resolution_undistorted,3239,2429,504.279,2000000,6853,5865,completed_requested_iterations,,2026-07-12T03:27:52.768391+00:00,s3://3dreefs-ben-eu-north1/experiments/ablations/stage2_resolution_fullres_eval/runs/splat_dataset5_sfm_1024_sift_global_res1024_patch800_stage2/ablation_eval/results_splat.csv
D5,dataset5,1024,sift,global,1024,splat_dataset5_sfm_1024_sift_global_res1024_patch800_2m,splat_dataset5_sfm_1024_sift_global_res1024_patch800_stage2,patch,p010,COMPLETE,complete,800,2000000,,0.5371713169983455,20.510583303916928,0.6641010305324158,python_full_resolution_undistorted,full_resolution_undistorted,3240,2432,530.538,2000000,6816,5881,completed_requested_iterations,,2026-07-12T03:40:41.193001+00:00,s3://3dreefs-ben-eu-north1/experiments/ablations/stage2_resolution_fullres_eval/runs/splat_dataset5_sfm_1024_sift_global_res1024_patch800_stage2/ablation_eval/results_splat.csv
D5,dataset5,1024,sift,global,1024,splat_dataset5_sfm_1024_sift_global_res1024_patch800_2m,splat_dataset5_sfm_1024_sift_global_res1024_patch800_stage2,patch,p012,COMPLETE,complete,800,2000000,,0.6378689060608546,22.16486574336726,0.5111227406141086,python_full_resolution_undistorted,full_resolution_undistorted,3239,2429,560.921,2000000,6868,5889,completed_requested_iterations,,2026-07-12T03:54:14.075624+00:00,s3://3dreefs-ben-eu-north1/experiments/ablations/stage2_resolution_fullres_eval/runs/splat_dataset5_sfm_1024_sift_global_res1024_patch800_stage2/ablation_eval/results_splat.csv
D5,dataset5,1024,sift,global,1024,splat_dataset5_sfm_1024_sift_global_res1024_patch800_2m,splat_dataset5_sfm_1024_sift_global_res1024_patch800_stage2,patch,p014,COMPLETE,complete,800,2000000,,0.5550464765180515,20.40246649217758,0.6426010927822017,python_full_resolution_undistorted,full_resolution_undistorted,3239,2429,505.785,2000000,6965,5801,completed_requested_iterations,,2026-07-12T04:06:54.152833+00:00,s3://3dreefs-ben-eu-north1/experiments/ablations/stage2_resolution_fullres_eval/runs/splat_dataset5_sfm_1024_sift_global_res1024_patch800_stage2/ablation_eval/results_splat.csv
D5,dataset5,1024,sift,global,1024,splat_dataset5_sfm_1024_sift_global_res1024_patch800_2m,splat_dataset5_sfm_1024_sift_global_res1024_patch800_stage2,patch,p016,COMPLETE,complete,800,2000000,,0.7026300544922168,21.63944183782838,0.5669389111109269,python_full_resolution_undistorted,full_resolution_undistorted,3240,2432,575.859,2000000,6727,5815,completed_requested_iterations,,2026-07-12T04:20:36.882426+00:00,s3://3dreefs-ben-eu-north1/experiments/ablations/stage2_resolution_fullres_eval/runs/splat_dataset5_sfm_1024_sift_global_res1024_patch800_stage2/ablation_eval/results_splat.csv
D5,dataset5,1024,sift,global,1024,splat_dataset5_sfm_1024_sift_global_res1024_patch800_2m,splat_dataset5_sfm_1024_sift_global_res1024_patch800_stage2,patch,p018,COMPLETE,complete,800,2000000,,0.6565467136246818,21.801717267833883,0.5768495772566115,python_full_resolution_undistorted,full_resolution_undistorted,3239,2429,505.357,2000000,6801,5751,completed_requested_iterations,,2026-07-12T04:32:36.517763+00:00,s3://3dreefs-ben-eu-north1/experiments/ablations/stage2_resolution_fullres_eval/runs/splat_dataset5_sfm_1024_sift_global_res1024_patch800_stage2/ablation_eval/results_splat.csv
D5,dataset5,1024,sift,global,1024,splat_dataset5_sfm_1024_sift_global_res1024_patch800_500k,splat_dataset5_sfm_1024_sift_global_res1024_patch800_stage2,patch,p000,COMPLETE,complete,800,500000,,0.5043735793895192,20.42119375497334,0.6979612592193816,python_full_resolution_undistorted,full_resolution_undistorted,3240,2432,341.409,500000,6228,2725,completed_requested_iterations,,2026-07-11T22:51:48.298146+00:00,s3://3dreefs-ben-eu-north1/experiments/ablations/stage2_resolution_fullres_eval/runs/splat_dataset5_sfm_1024_sift_global_res1024_patch800_stage2/ablation_eval/results_splat.csv
D5,dataset5,1024,sift,global,1024,splat_dataset5_sfm_1024_sift_global_res1024_patch800_500k,splat_dataset5_sfm_1024_sift_global_res1024_patch800_stage2,patch,p002,COMPLETE,complete,800,500000,,0.4572729178600841,19.17676786701881,0.8376547627978854,python_full_resolution_undistorted,full_resolution_undistorted,3240,2432,315.593,500000,6575,5023,completed_requested_iterations,,2026-07-11T23:00:48.613104+00:00,s3://3dreefs-ben-eu-north1/experiments/ablations/stage2_resolution_fullres_eval/runs/splat_dataset5_sfm_1024_sift_global_res1024_patch800_stage2/ablation_eval/results_splat.csv
D5,dataset5,1024,sift,global,1024,splat_dataset5_sfm_1024_sift_global_res1024_patch800_500k,splat_dataset5_sfm_1024_sift_global_res1024_patch800_stage2,patch,p004,COMPLETE,complete,800,500000,,0.5228454680779041,20.6457301014925,0.7996536760758131,python_full_resolution_undistorted,full_resolution_undistorted,3240,2432,308.098,500000,6673,5059,completed_requested_iterations,,2026-07-11T23:10:00.788995+00:00,s3://3dreefs-ben-eu-north1/experiments/ablations/stage2_resolution_fullres_eval/runs/splat_dataset5_sfm_1024_sift_global_res1024_patch800_stage2/ablation_eval/results_splat.csv
D5,dataset5,1024,sift,global,1024,splat_dataset5_sfm_1024_sift_global_res1024_patch800_500k,splat_dataset5_sfm_1024_sift_global_res1024_patch800_stage2,patch,p006,COMPLETE,complete,800,500000,,0.47968882361524984,20.0091967373215,0.7145877762844688,python_full_resolution_undistorted,full_resolution_undistorted,3239,2429,283.722,500000,6752,5051,completed_requested_iterations,,2026-07-11T23:18:43.633759+00:00,s3://3dreefs-ben-eu-north1/experiments/ablations/stage2_resolution_fullres_eval/runs/splat_dataset5_sfm_1024_sift_global_res1024_patch800_stage2/ablation_eval/results_splat.csv
D5,dataset5,1024,sift,global,1024,splat_dataset5_sfm_1024_sift_global_res1024_patch800_500k,splat_dataset5_sfm_1024_sift_global_res1024_patch800_stage2,patch,p008,COMPLETE,complete,800,500000,,0.4552742012341817,19.41689555684468,0.806009267171224,python_full_resolution_undistorted,full_resolution_undistorted,3239,2429,292.697,500000,6663,5017,completed_requested_iterations,,2026-07-11T23:27:30.908509+00:00,s3://3dreefs-ben-eu-north1/experiments/ablations/stage2_resolution_fullres_eval/runs/splat_dataset5_sfm_1024_sift_global_res1024_patch800_stage2/ablation_eval/results_splat.csv
D5,dataset5,1024,sift,global,1024,splat_dataset5_sfm_1024_sift_global_res1024_patch800_500k,splat_dataset5_sfm_1024_sift_global_res1024_patch800_stage2,patch,p010,COMPLETE,complete,800,500000,,0.5317173503436051,20.75946002398902,0.7670751577847964,python_full_resolution_undistorted,full_resolution_undistorted,3240,2432,316.497,500000,6867,5023,completed_requested_iterations,,2026-07-11T23:36:49.311939+00:00,s3://3dreefs-ben-eu-north1/experiments/ablations/stage2_resolution_fullres_eval/runs/splat_dataset5_sfm_1024_sift_global_res1024_patch800_stage2/ablation_eval/results_splat.csv
D5,dataset5,1024,sift,global,1024,splat_dataset5_sfm_1024_sift_global_res1024_patch800_500k,splat_dataset5_sfm_1024_sift_global_res1024_patch800_stage2,patch,p012,COMPLETE,complete,800,500000,,0.6304807567443603,22.22320585182559,0.6179590882399143,python_full_resolution_undistorted,full_resolution_undistorted,3239,2429,321.057,500000,6651,5061,completed_requested_iterations,,2026-07-11T23:46:17.117615+00:00,s3://3dreefs-ben-eu-north1/experiments/ablations/stage2_resolution_fullres_eval/runs/splat_dataset5_sfm_1024_sift_global_res1024_patch800_stage2/ablation_eval/results_splat.csv
D5,dataset5,1024,sift,global,1024,splat_dataset5_sfm_1024_sift_global_res1024_patch800_500k,splat_dataset5_sfm_1024_sift_global_res1024_patch800_stage2,patch,p014,COMPLETE,complete,800,500000,,0.5487680306917504,20.829760101187404,0.7482247707210009,python_full_resolution_undistorted,full_resolution_undistorted,3239,2429,291.271,500000,6737,5037,completed_requested_iterations,,2026-07-11T23:55:18.403378+00:00,s3://3dreefs-ben-eu-north1/experiments/ablations/stage2_resolution_fullres_eval/runs/splat_dataset5_sfm_1024_sift_global_res1024_patch800_stage2/ablation_eval/results_splat.csv
D5,dataset5,1024,sift,global,1024,splat_dataset5_sfm_1024_sift_global_res1024_patch800_500k,splat_dataset5_sfm_1024_sift_global_res1024_patch800_stage2,patch,p016,COMPLETE,complete,800,500000,,0.7008395214111377,21.801949103645203,0.6246014283253596,python_full_resolution_undistorted,full_resolution_undistorted,3240,2432,316.75,500000,6522,5089,completed_requested_iterations,,2026-07-12T00:04:34.681293+00:00,s3://3dreefs-ben-eu-north1/experiments/ablations/stage2_resolution_fullres_eval/runs/splat_dataset5_sfm_1024_sift_global_res1024_patch800_stage2/ablation_eval/results_splat.csv
D5,dataset5,1024,sift,global,1024,splat_dataset5_sfm_1024_sift_global_res1024_patch800_500k,splat_dataset5_sfm_1024_sift_global_res1024_patch800_stage2,patch,p018,COMPLETE,complete,800,500000,,0.6486765772104264,22.03155135609358,0.6649857631751469,python_full_resolution_undistorted,full_resolution_undistorted,3239,2429,289.293,500000,6524,5019,completed_requested_iterations,,2026-07-12T00:13:04.364960+00:00,s3://3dreefs-ben-eu-north1/experiments/ablations/stage2_resolution_fullres_eval/runs/splat_dataset5_sfm_1024_sift_global_res1024_patch800_stage2/ablation_eval/results_splat.csv
D5,dataset5,1024,sift,global,2048,splat_dataset5_sfm_1024_sift_global_res2048_patch200_1m,splat_dataset5_sfm_1024_sift_global_res2048_patch200_stage2_xid_retry2,patch,p000,COMPLETE,complete,200,1000000,,0.5899241715669632,21.832366070242966,0.5112281971507602,python_full_resolution_undistorted,full_resolution_undistorted,3240,2432,609.642,1000000,5408,2725,completed_requested_iterations,,2026-07-12T00:51:31.934568+00:00,s3://3dreefs-ben-eu-north1/experiments/ablations/stage2_resolution_fullres_eval/runs/splat_dataset5_sfm_1024_sift_global_res2048_patch200_stage2_xid_retry2/ablation_eval/results_splat.csv
D5,dataset5,1024,sift,global,2048,splat_dataset5_sfm_1024_sift_global_res2048_patch200_1m,splat_dataset5_sfm_1024_sift_global_res2048_patch200_stage2_xid_retry2,patch,p013,COMPLETE,complete,200,1000000,,0.5279580106337866,20.507810500477873,0.5900763654046588,python_full_resolution_undistorted,full_resolution_undistorted,3239,2429,581.715,1000000,5949,5463,completed_requested_iterations,,2026-07-12T01:02:13.246322+00:00,s3://3dreefs-ben-eu-north1/experiments/ablations/stage2_resolution_fullres_eval/runs/splat_dataset5_sfm_1024_sift_global_res2048_patch200_stage2_xid_retry2/ablation_eval/results_splat.csv
D5,dataset5,1024,sift,global,2048,splat_dataset5_sfm_1024_sift_global_res2048_patch200_1m,splat_dataset5_sfm_1024_sift_global_res2048_patch200_stage2_xid_retry2,patch,p026,COMPLETE,complete,200,1000000,,0.5334651078048506,20.57935099377165,0.5703750456634321,python_full_resolution_undistorted,full_resolution_undistorted,3240,2432,594.544,1000000,6002,5439,completed_requested_iterations,,2026-07-12T01:13:10.697805+00:00,s3://3dreefs-ben-eu-north1/experiments/ablations/stage2_resolution_fullres_eval/runs/splat_dataset5_sfm_1024_sift_global_res2048_patch200_stage2_xid_retry2/ablation_eval/results_splat.csv
D5,dataset5,1024,sift,global,2048,splat_dataset5_sfm_1024_sift_global_res2048_patch200_1m,splat_dataset5_sfm_1024_sift_global_res2048_patch200_stage2_xid_retry2,patch,p039,COMPLETE,complete,200,1000000,,0.537955804169178,20.70455033160546,0.5543320938944817,python_full_resolution_undistorted,full_resolution_undistorted,3239,2429,577.895,1000000,6063,5475,completed_requested_iterations,,2026-07-12T01:23:55.584322+00:00,s3://3dreefs-ben-eu-north1/experiments/ablations/stage2_resolution_fullres_eval/runs/splat_dataset5_sfm_1024_sift_global_res2048_patch200_stage2_xid_retry2/ablation_eval/results_splat.csv
D5,dataset5,1024,sift,global,2048,splat_dataset5_sfm_1024_sift_global_res2048_patch200_1m,splat_dataset5_sfm_1024_sift_global_res2048_patch200_stage2_xid_retry2,patch,p052,COMPLETE,complete,200,1000000,,0.5448999719487296,20.09727823974572,0.4817531903584798,python_full_resolution_undistorted,full_resolution_undistorted,3240,2432,629.128,1000000,6076,5439,completed_requested_iterations,,2026-07-12T01:35:24.685896+00:00,s3://3dreefs-ben-eu-north1/experiments/ablations/stage2_resolution_fullres_eval/runs/splat_dataset5_sfm_1024_sift_global_res2048_patch200_stage2_xid_retry2/ablation_eval/results_splat.csv
D5,dataset5,1024,sift,global,2048,splat_dataset5_sfm_1024_sift_global_res2048_patch200_1m,splat_dataset5_sfm_1024_sift_global_res2048_patch200_stage2_xid_retry2,patch,p064,COMPLETE,complete,200,1000000,,0.5402293536398146,20.496478761109504,0.6202600797017416,python_full_resolution_undistorted,full_resolution_undistorted,3240,2432,602.754,1000000,6435,5411,completed_requested_iterations,,2026-07-12T01:46:26.680075+00:00,s3://3dreefs-ben-eu-north1/experiments/ablations/stage2_resolution_fullres_eval/runs/splat_dataset5_sfm_1024_sift_global_res2048_patch200_stage2_xid_retry2/ablation_eval/results_splat.csv
D5,dataset5,1024,sift,global,2048,splat_dataset5_sfm_1024_sift_global_res2048_patch200_1m,splat_dataset5_sfm_1024_sift_global_res2048_patch200_stage2_xid_retry2,patch,p077,COMPLETE,complete,200,1000000,,0.6339383564497295,21.69361046736219,0.4790608584880829,python_full_resolution_undistorted,full_resolution_undistorted,3239,2429,690.249,1000000,5942,5375,completed_requested_iterations,,2026-07-12T01:58:59.379326+00:00,s3://3dreefs-ben-eu-north1/experiments/ablations/stage2_resolution_fullres_eval/runs/splat_dataset5_sfm_1024_sift_global_res2048_patch200_stage2_xid_retry2/ablation_eval/results_splat.csv
D5,dataset5,1024,sift,global,2048,splat_dataset5_sfm_1024_sift_global_res2048_patch200_1m,splat_dataset5_sfm_1024_sift_global_res2048_patch200_stage2_xid_retry2,patch,p090,COMPLETE,complete,200,1000000,,0.6699562389403582,20.958696624070733,0.5007725078612566,python_full_resolution_undistorted,full_resolution_undistorted,3240,2432,635.001,1000000,5942,5459,completed_requested_iterations,,2026-07-12T02:10:25.866362+00:00,s3://3dreefs-ben-eu-north1/experiments/ablations/stage2_resolution_fullres_eval/runs/splat_dataset5_sfm_1024_sift_global_res2048_patch200_stage2_xid_retry2/ablation_eval/results_splat.csv
D5,dataset5,1024,sift,global,2048,splat_dataset5_sfm_1024_sift_global_res2048_patch200_1m,splat_dataset5_sfm_1024_sift_global_res2048_patch200_stage2_xid_retry2,patch,p103,COMPLETE,complete,200,1000000,,0.7256077783448356,19.140061419367623,0.5495815191950116,python_full_resolution_undistorted,full_resolution_undistorted,3239,2429,716.117,1000000,5733,5387,completed_requested_iterations,,2026-07-12T02:23:07.163360+00:00,s3://3dreefs-ben-eu-north1/experiments/ablations/stage2_resolution_fullres_eval/runs/splat_dataset5_sfm_1024_sift_global_res2048_patch200_stage2_xid_retry2/ablation_eval/results_splat.csv
D5,dataset5,1024,sift,global,2048,splat_dataset5_sfm_1024_sift_global_res2048_patch200_1m,splat_dataset5_sfm_1024_sift_global_res2048_patch200_stage2_xid_retry2,patch,p116,COMPLETE,complete,200,1000000,,0.645397977034251,20.868525465115347,0.4944439868132273,python_full_resolution_undistorted,full_resolution_undistorted,3240,2432,676.962,1000000,6868,5327,completed_requested_iterations,,2026-07-12T02:35:13.323051+00:00,s3://3dreefs-ben-eu-north1/experiments/ablations/stage2_resolution_fullres_eval/runs/splat_dataset5_sfm_1024_sift_global_res2048_patch200_stage2_xid_retry2/ablation_eval/results_splat.csv
D5,dataset5,1024,sift,global,2048,splat_dataset5_sfm_1024_sift_global_res2048_patch200_2m,splat_dataset5_sfm_1024_sift_global_res2048_patch200_stage2_xid_retry2,patch,p000,COMPLETE,complete,200,2000000,,0.600702648361524,21.886257470674927,0.4464168796936671,python_full_resolution_undistorted,full_resolution_undistorted,3240,2432,823.38,2000000,5444,3179,completed_requested_iterations,,2026-07-12T03:08:48.777343+00:00,s3://3dreefs-ben-eu-north1/experiments/ablations/stage2_resolution_fullres_eval/runs/splat_dataset5_sfm_1024_sift_global_res2048_patch200_stage2_xid_retry2/ablation_eval/results_splat.csv
D5,dataset5,1024,sift,global,2048,splat_dataset5_sfm_1024_sift_global_res2048_patch200_2m,splat_dataset5_sfm_1024_sift_global_res2048_patch200_stage2_xid_retry2,patch,p013,COMPLETE,complete,200,2000000,,0.5312740935219659,20.715296529335745,0.5259447445472082,python_full_resolution_undistorted,full_resolution_undistorted,3239,2429,779.76,2000000,5965,5999,completed_requested_iterations,,2026-07-12T03:22:48.663534+00:00,s3://3dreefs-ben-eu-north1/experiments/ablations/stage2_resolution_fullres_eval/runs/splat_dataset5_sfm_1024_sift_global_res2048_patch200_stage2_xid_retry2/ablation_eval/results_splat.csv
D5,dataset5,1024,sift,global,2048,splat_dataset5_sfm_1024_sift_global_res2048_patch200_2m,splat_dataset5_sfm_1024_sift_global_res2048_patch200_stage2_xid_retry2,patch,p026,COMPLETE,complete,200,2000000,,0.5397282760394247,20.56878252127834,0.5089004996575808,python_full_resolution_undistorted,full_resolution_undistorted,3240,2432,796.036,2000000,6044,5943,completed_requested_iterations,,2026-07-12T03:37:07.623527+00:00,s3://3dreefs-ben-eu-north1/experiments/ablations/stage2_resolution_fullres_eval/runs/splat_dataset5_sfm_1024_sift_global_res2048_patch200_stage2_xid_retry2/ablation_eval/results_splat.csv
D5,dataset5,1024,sift,global,2048,splat_dataset5_sfm_1024_sift_global_res2048_patch200_2m,splat_dataset5_sfm_1024_sift_global_res2048_patch200_stage2_xid_retry2,patch,p039,COMPLETE,complete,200,2000000,,0.5429889753460884,20.6270724717609,0.48258508145809176,python_full_resolution_undistorted,full_resolution_undistorted,3239,2429,781.257,2000000,6175,5915,completed_requested_iterations,,2026-07-12T03:51:16.094798+00:00,s3://3dreefs-ben-eu-north1/experiments/ablations/stage2_resolution_fullres_eval/runs/splat_dataset5_sfm_1024_sift_global_res2048_patch200_stage2_xid_retry2/ablation_eval/results_splat.csv
D5,dataset5,1024,sift,global,2048,splat_dataset5_sfm_1024_sift_global_res2048_patch200_2m,splat_dataset5_sfm_1024_sift_global_res2048_patch200_stage2_xid_retry2,patch,p052,COMPLETE,complete,200,2000000,,0.5544145057598749,20.15561044134944,0.43608907030688393,python_full_resolution_undistorted,full_resolution_undistorted,3240,2432,866.587,2000000,6156,5971,completed_requested_iterations,,2026-07-12T04:06:43.909033+00:00,s3://3dreefs-ben-eu-north1/experiments/ablations/stage2_resolution_fullres_eval/runs/splat_dataset5_sfm_1024_sift_global_res2048_patch200_stage2_xid_retry2/ablation_eval/results_splat.csv
D5,dataset5,1024,sift,global,2048,splat_dataset5_sfm_1024_sift_global_res2048_patch200_2m,splat_dataset5_sfm_1024_sift_global_res2048_patch200_stage2_xid_retry2,patch,p064,COMPLETE,complete,200,2000000,,0.5468048933479521,20.464943444134462,0.5563124236133363,python_full_resolution_undistorted,full_resolution_undistorted,3240,2432,818.465,2000000,6140,5941,completed_requested_iterations,,2026-07-12T04:21:23.714623+00:00,s3://3dreefs-ben-eu-north1/experiments/ablations/stage2_resolution_fullres_eval/runs/splat_dataset5_sfm_1024_sift_global_res2048_patch200_stage2_xid_retry2/ablation_eval/results_splat.csv
D5,dataset5,1024,sift,global,2048,splat_dataset5_sfm_1024_sift_global_res2048_patch200_2m,splat_dataset5_sfm_1024_sift_global_res2048_patch200_stage2_xid_retry2,patch,p077,COMPLETE,complete,200,2000000,,0.640749498417503,21.753260966765353,0.4247213194244786,python_full_resolution_undistorted,full_resolution_undistorted,3239,2429,926.876,2000000,6098,5911,completed_requested_iterations,,2026-07-12T04:37:52.723452+00:00,s3://3dreefs-ben-eu-north1/experiments/ablations/stage2_resolution_fullres_eval/runs/splat_dataset5_sfm_1024_sift_global_res2048_patch200_stage2_xid_retry2/ablation_eval/results_splat.csv
D5,dataset5,1024,sift,global,2048,splat_dataset5_sfm_1024_sift_global_res2048_patch200_2m,splat_dataset5_sfm_1024_sift_global_res2048_patch200_stage2_xid_retry2,patch,p090,COMPLETE,complete,200,2000000,,0.6702905334532261,20.92748781957293,0.4601868148893118,python_full_resolution_undistorted,full_resolution_undistorted,3240,2432,852.283,2000000,5933,5961,completed_requested_iterations,,2026-07-12T04:52:55.501994+00:00,s3://3dreefs-ben-eu-north1/experiments/ablations/stage2_resolution_fullres_eval/runs/splat_dataset5_sfm_1024_sift_global_res2048_patch200_stage2_xid_retry2/ablation_eval/results_splat.csv
D5,dataset5,1024,sift,global,2048,splat_dataset5_sfm_1024_sift_global_res2048_patch200_2m,splat_dataset5_sfm_1024_sift_global_res2048_patch200_stage2_xid_retry2,patch,p103,COMPLETE,complete,200,2000000,,0.7266053301947457,19.228537560666325,0.5250840740544456,python_full_resolution_undistorted,full_resolution_undistorted,3239,2429,1015.68,2000000,5309,3165,completed_requested_iterations,,2026-07-13T14:01:21.855321+00:00,s3://3dreefs-ben-eu-north1/experiments/ablations/stage2_resolution_fullres_eval/runs/splat_dataset5_sfm_1024_sift_global_res2048_patch200_stage2_xid_retry2/ablation_eval/results_splat.csv
D5,dataset5,1024,sift,global,2048,splat_dataset5_sfm_1024_sift_global_res2048_patch200_2m,splat_dataset5_sfm_1024_sift_global_res2048_patch200_stage2_xid_retry2,patch,p116,COMPLETE,complete,200,2000000,,0.645092785358429,20.89791306337878,0.45633708834648135,python_full_resolution_undistorted,full_resolution_undistorted,3240,2432,893.515,2000000,6085,5959,completed_requested_iterations,,2026-07-13T09:41:55.323018+00:00,s3://3dreefs-ben-eu-north1/experiments/ablations/stage2_resolution_fullres_eval/runs/splat_dataset5_sfm_1024_sift_global_res2048_patch200_stage2_xid_retry2/ablation_eval/results_splat.csv
D5,dataset5,1024,sift,global,2048,splat_dataset5_sfm_1024_sift_global_res2048_patch200_500k,splat_dataset5_sfm_1024_sift_global_res2048_patch200_stage2_xid_retry2,patch,p000,COMPLETE,complete,200,500000,,0.5741651968823539,21.73328748595578,0.5894172224733565,python_full_resolution_undistorted,full_resolution_undistorted,3240,2432,561.131,500000,5548,2725,completed_requested_iterations,,2026-07-11T22:56:11.590101+00:00,s3://3dreefs-ben-eu-north1/experiments/ablations/stage2_resolution_fullres_eval/runs/splat_dataset5_sfm_1024_sift_global_res2048_patch200_stage2_xid_retry2/ablation_eval/results_splat.csv
D5,dataset5,1024,sift,global,2048,splat_dataset5_sfm_1024_sift_global_res2048_patch200_500k,splat_dataset5_sfm_1024_sift_global_res2048_patch200_stage2_xid_retry2,patch,p013,COMPLETE,complete,200,500000,,0.5179916256003909,20.575902550921228,0.6777773433261447,python_full_resolution_undistorted,full_resolution_undistorted,3239,2429,495.802,500000,5927,5099,completed_requested_iterations,,2026-07-11T23:05:25.861038+00:00,s3://3dreefs-ben-eu-north1/experiments/ablations/stage2_resolution_fullres_eval/runs/splat_dataset5_sfm_1024_sift_global_res2048_patch200_stage2_xid_retry2/ablation_eval/results_splat.csv
D5,dataset5,1024,sift,global,2048,splat_dataset5_sfm_1024_sift_global_res2048_patch200_500k,splat_dataset5_sfm_1024_sift_global_res2048_patch200_stage2_xid_retry2,patch,p026,COMPLETE,complete,200,500000,,0.5196042562785902,20.34309728108522,0.6592073471922624,python_full_resolution_undistorted,full_resolution_undistorted,3240,2432,486.284,500000,5968,5075,completed_requested_iterations,,2026-07-11T23:14:34.793523+00:00,s3://3dreefs-ben-eu-north1/experiments/ablations/stage2_resolution_fullres_eval/runs/splat_dataset5_sfm_1024_sift_global_res2048_patch200_stage2_xid_retry2/ablation_eval/results_splat.csv
D5,dataset5,1024,sift,global,2048,splat_dataset5_sfm_1024_sift_global_res2048_patch200_500k,splat_dataset5_sfm_1024_sift_global_res2048_patch200_stage2_xid_retry2,patch,p039,COMPLETE,complete,200,500000,,0.5234975025057793,20.487639843530047,0.6450810074806214,python_full_resolution_undistorted,full_resolution_undistorted,3239,2429,475.562,500000,6043,5079,completed_requested_iterations,,2026-07-11T23:23:36.568187+00:00,s3://3dreefs-ben-eu-north1/experiments/ablations/stage2_resolution_fullres_eval/runs/splat_dataset5_sfm_1024_sift_global_res2048_patch200_stage2_xid_retry2/ablation_eval/results_splat.csv
D5,dataset5,1024,sift,global,2048,splat_dataset5_sfm_1024_sift_global_res2048_patch200_500k,splat_dataset5_sfm_1024_sift_global_res2048_patch200_stage2_xid_retry2,patch,p052,COMPLETE,complete,200,500000,,0.5263549619250827,20.041273903683344,0.557529898153411,python_full_resolution_undistorted,full_resolution_undistorted,3240,2432,506.673,500000,6093,5043,completed_requested_iterations,,2026-07-11T23:33:04.000103+00:00,s3://3dreefs-ben-eu-north1/experiments/ablations/stage2_resolution_fullres_eval/runs/splat_dataset5_sfm_1024_sift_global_res2048_patch200_stage2_xid_retry2/ablation_eval/results_splat.csv
D5,dataset5,1024,sift,global,2048,splat_dataset5_sfm_1024_sift_global_res2048_patch200_500k,splat_dataset5_sfm_1024_sift_global_res2048_patch200_stage2_xid_retry2,patch,p064,COMPLETE,complete,200,500000,,0.5285469657844968,20.450370503691786,0.6985801971620984,python_full_resolution_undistorted,full_resolution_undistorted,3240,2432,506.501,500000,6017,5205,completed_requested_iterations,,2026-07-11T23:42:30.498602+00:00,s3://3dreefs-ben-eu-north1/experiments/ablations/stage2_resolution_fullres_eval/runs/splat_dataset5_sfm_1024_sift_global_res2048_patch200_stage2_xid_retry2/ablation_eval/results_splat.csv
D5,dataset5,1024,sift,global,2048,splat_dataset5_sfm_1024_sift_global_res2048_patch200_500k,splat_dataset5_sfm_1024_sift_global_res2048_patch200_stage2_xid_retry2,patch,p077,COMPLETE,complete,200,500000,,0.6239567053945441,21.62995035512449,0.5448702526719946,python_full_resolution_undistorted,full_resolution_undistorted,3239,2429,553.59,500000,6022,5107,completed_requested_iterations,,2026-07-11T23:52:46.263139+00:00,s3://3dreefs-ben-eu-north1/experiments/ablations/stage2_resolution_fullres_eval/runs/splat_dataset5_sfm_1024_sift_global_res2048_patch200_stage2_xid_retry2/ablation_eval/results_splat.csv
D5,dataset5,1024,sift,global,2048,splat_dataset5_sfm_1024_sift_global_res2048_patch200_500k,splat_dataset5_sfm_1024_sift_global_res2048_patch200_stage2_xid_retry2,patch,p090,COMPLETE,complete,200,500000,,0.6659492645412683,20.866482403877928,0.5555730685591698,python_full_resolution_undistorted,full_resolution_undistorted,3240,2432,508.416,500000,5901,5095,completed_requested_iterations,,2026-07-12T00:02:04.069133+00:00,s3://3dreefs-ben-eu-north1/experiments/ablations/stage2_resolution_fullres_eval/runs/splat_dataset5_sfm_1024_sift_global_res2048_patch200_stage2_xid_retry2/ablation_eval/results_splat.csv
D5,dataset5,1024,sift,global,2048,splat_dataset5_sfm_1024_sift_global_res2048_patch200_500k,splat_dataset5_sfm_1024_sift_global_res2048_patch200_stage2_xid_retry2,patch,p103,COMPLETE,complete,200,500000,,0.7289704297270093,19.140587152836353,0.5820519136531013,python_full_resolution_undistorted,full_resolution_undistorted,3239,2429,546.004,500000,5729,5085,completed_requested_iterations,,2026-07-12T00:11:55.801529+00:00,s3://3dreefs-ben-eu-north1/experiments/ablations/stage2_resolution_fullres_eval/runs/splat_dataset5_sfm_1024_sift_global_res2048_patch200_stage2_xid_retry2/ablation_eval/results_splat.csv
D5,dataset5,1024,sift,global,2048,splat_dataset5_sfm_1024_sift_global_res2048_patch200_500k,splat_dataset5_sfm_1024_sift_global_res2048_patch200_stage2_xid_retry2,patch,p116,COMPLETE,complete,200,500000,,0.6387584050496419,20.931062944777604,0.5494137883186341,python_full_resolution_undistorted,full_resolution_undistorted,3240,2432,533.009,500000,5912,5091,completed_requested_iterations,,2026-07-12T00:21:36.206316+00:00,s3://3dreefs-ben-eu-north1/experiments/ablations/stage2_resolution_fullres_eval/runs/splat_dataset5_sfm_1024_sift_global_res2048_patch200_stage2_xid_retry2/ablation_eval/results_splat.csv
D5,dataset5,1024,sift,global,2048,splat_dataset5_sfm_1024_sift_global_res2048_patch400_1m,splat_dataset5_sfm_1024_sift_global_res2048_patch400_stage2,patch,p000,COMPLETE,complete,400,1000000,,0.5643765942470448,21.166269714755444,0.6132005751132965,python_full_resolution_undistorted,full_resolution_undistorted,3240,2432,598.831,1000000,5999,2811,completed_requested_iterations,,2026-07-12T00:57:40.481736+00:00,s3://3dreefs-ben-eu-north1/experiments/ablations/stage2_resolution_fullres_eval/runs/splat_dataset5_sfm_1024_sift_global_res2048_patch400_stage2/ablation_eval/results_splat.csv
D5,dataset5,1024,sift,global,2048,splat_dataset5_sfm_1024_sift_global_res2048_patch400_1m,splat_dataset5_sfm_1024_sift_global_res2048_patch400_stage2,patch,p005,COMPLETE,complete,400,1000000,,0.5423595691338564,20.651372658411006,0.5537327382809076,python_full_resolution_undistorted,full_resolution_undistorted,3240,2432,591.91,1000000,6742,5511,completed_requested_iterations,,2026-07-12T01:09:40.466119+00:00,s3://3dreefs-ben-eu-north1/experiments/ablations/stage2_resolution_fullres_eval/runs/splat_dataset5_sfm_1024_sift_global_res2048_patch400_stage2/ablation_eval/results_splat.csv
D5,dataset5,1024,sift,global,2048,splat_dataset5_sfm_1024_sift_global_res2048_patch400_1m,splat_dataset5_sfm_1024_sift_global_res2048_patch400_stage2,patch,p010,COMPLETE,complete,400,1000000,,0.5301464766263961,20.769081699937296,0.641593924164772,python_full_resolution_undistorted,full_resolution_undistorted,3239,2429,599.922,1000000,6707,5585,completed_requested_iterations,,2026-07-12T01:21:49.277912+00:00,s3://3dreefs-ben-eu-north1/experiments/ablations/stage2_resolution_fullres_eval/runs/splat_dataset5_sfm_1024_sift_global_res2048_patch400_stage2/ablation_eval/results_splat.csv
D5,dataset5,1024,sift,global,2048,splat_dataset5_sfm_1024_sift_global_res2048_patch400_1m,splat_dataset5_sfm_1024_sift_global_res2048_patch400_stage2,patch,p015,COMPLETE,complete,400,1000000,,0.5990088111475894,21.553147836997756,0.6765990131779721,python_full_resolution_undistorted,full_resolution_undistorted,3240,2432,622.577,1000000,6581,5509,completed_requested_iterations,,2026-07-12T01:34:14.224463+00:00,s3://3dreefs-ben-eu-north1/experiments/ablations/stage2_resolution_fullres_eval/runs/splat_dataset5_sfm_1024_sift_global_res2048_patch400_stage2/ablation_eval/results_splat.csv
D5,dataset5,1024,sift,global,2048,splat_dataset5_sfm_1024_sift_global_res2048_patch400_1m,splat_dataset5_sfm_1024_sift_global_res2048_patch400_stage2,patch,p020,COMPLETE,complete,400,1000000,,0.4877772017529136,19.774720481745664,0.6173338137174907,python_full_resolution_undistorted,full_resolution_undistorted,3239,2429,591.956,1000000,6744,5409,completed_requested_iterations,,2026-07-12T01:46:17.491499+00:00,s3://3dreefs-ben-eu-north1/experiments/ablations/stage2_resolution_fullres_eval/runs/splat_dataset5_sfm_1024_sift_global_res2048_patch400_stage2/ablation_eval/results_splat.csv
D5,dataset5,1024,sift,global,2048,splat_dataset5_sfm_1024_sift_global_res2048_patch400_1m,splat_dataset5_sfm_1024_sift_global_res2048_patch400_stage2,patch,p024,COMPLETE,complete,400,1000000,,0.5444101401065525,20.49328388623814,0.6541833579540253,python_full_resolution_undistorted,full_resolution_undistorted,3239,2429,627.813,1000000,6586,5475,completed_requested_iterations,,2026-07-12T01:58:53.815048+00:00,s3://3dreefs-ben-eu-north1/experiments/ablations/stage2_resolution_fullres_eval/runs/splat_dataset5_sfm_1024_sift_global_res2048_patch400_stage2/ablation_eval/results_splat.csv
D5,dataset5,1024,sift,global,2048,splat_dataset5_sfm_1024_sift_global_res2048_patch400_1m,splat_dataset5_sfm_1024_sift_global_res2048_patch400_stage2,patch,p029,COMPLETE,complete,400,1000000,,0.639287176377633,21.8748394607703,0.5425929619985468,python_full_resolution_undistorted,full_resolution_undistorted,3240,2432,650.649,1000000,6494,5547,completed_requested_iterations,,2026-07-12T02:11:34.281674+00:00,s3://3dreefs-ben-eu-north1/experiments/ablations/stage2_resolution_fullres_eval/runs/splat_dataset5_sfm_1024_sift_global_res2048_patch400_stage2/ablation_eval/results_splat.csv
D5,dataset5,1024,sift,global,2048,splat_dataset5_sfm_1024_sift_global_res2048_patch400_1m,splat_dataset5_sfm_1024_sift_global_res2048_patch400_stage2,patch,p034,COMPLETE,complete,400,1000000,,0.5693137379069078,20.977637031242438,0.619933011500459,python_full_resolution_undistorted,full_resolution_undistorted,3240,2432,591.116,1000000,6636,5509,completed_requested_iterations,,2026-07-12T02:23:31.774257+00:00,s3://3dreefs-ben-eu-north1/experiments/ablations/stage2_resolution_fullres_eval/runs/splat_dataset5_sfm_1024_sift_global_res2048_patch400_stage2/ablation_eval/results_splat.csv
D5,dataset5,1024,sift,global,2048,splat_dataset5_sfm_1024_sift_global_res2048_patch400_1m,splat_dataset5_sfm_1024_sift_global_res2048_patch400_stage2,patch,p039,COMPLETE,complete,400,1000000,,0.6037968757905459,21.06600848676389,0.626540554197211,python_full_resolution_undistorted,full_resolution_undistorted,3240,2432,576.725,1000000,6711,5573,completed_requested_iterations,,2026-07-12T02:35:14.224096+00:00,s3://3dreefs-ben-eu-north1/experiments/ablations/stage2_resolution_fullres_eval/runs/splat_dataset5_sfm_1024_sift_global_res2048_patch400_stage2/ablation_eval/results_splat.csv
D5,dataset5,1024,sift,global,2048,splat_dataset5_sfm_1024_sift_global_res2048_patch400_1m,splat_dataset5_sfm_1024_sift_global_res2048_patch400_stage2,patch,p044,COMPLETE,complete,400,1000000,,0.6901280164718628,22.109272021930582,0.5420933825629098,python_full_resolution_undistorted,full_resolution_undistorted,3240,2432,659.029,1000000,6561,5523,completed_requested_iterations,,2026-07-12T02:48:06.029430+00:00,s3://3dreefs-ben-eu-north1/experiments/ablations/stage2_resolution_fullres_eval/runs/splat_dataset5_sfm_1024_sift_global_res2048_patch400_stage2/ablation_eval/results_splat.csv
D5,dataset5,1024,sift,global,2048,splat_dataset5_sfm_1024_sift_global_res2048_patch400_2m,splat_dataset5_sfm_1024_sift_global_res2048_patch400_stage2,patch,p000,COMPLETE,complete,400,2000000,,0.5789443665259594,21.275024272977152,0.5462839522877255,python_full_resolution_undistorted,full_resolution_undistorted,3240,2432,781.325,2000000,6473,3345,completed_requested_iterations,,2026-07-12T03:20:01.354823+00:00,s3://3dreefs-ben-eu-north1/experiments/ablations/stage2_resolution_fullres_eval/runs/splat_dataset5_sfm_1024_sift_global_res2048_patch400_stage2/ablation_eval/results_splat.csv
D5,dataset5,1024,sift,global,2048,splat_dataset5_sfm_1024_sift_global_res2048_patch400_2m,splat_dataset5_sfm_1024_sift_global_res2048_patch400_stage2,patch,p005,COMPLETE,complete,400,2000000,,0.556546647579242,20.70406392629737,0.4857670748845125,python_full_resolution_undistorted,full_resolution_undistorted,3240,2432,800.22,2000000,6785,6079,completed_requested_iterations,,2026-07-12T03:35:28.361163+00:00,s3://3dreefs-ben-eu-north1/experiments/ablations/stage2_resolution_fullres_eval/runs/splat_dataset5_sfm_1024_sift_global_res2048_patch400_stage2/ablation_eval/results_splat.csv
D5,dataset5,1024,sift,global,2048,splat_dataset5_sfm_1024_sift_global_res2048_patch400_2m,splat_dataset5_sfm_1024_sift_global_res2048_patch400_stage2,patch,p010,COMPLETE,complete,400,2000000,,0.5390729770064354,20.80374261210757,0.5718137174844742,python_full_resolution_undistorted,full_resolution_undistorted,3239,2429,791.535,2000000,6694,6119,completed_requested_iterations,,2026-07-12T03:50:52.119507+00:00,s3://3dreefs-ben-eu-north1/experiments/ablations/stage2_resolution_fullres_eval/runs/splat_dataset5_sfm_1024_sift_global_res2048_patch400_stage2/ablation_eval/results_splat.csv
D5,dataset5,1024,sift,global,2048,splat_dataset5_sfm_1024_sift_global_res2048_patch400_2m,splat_dataset5_sfm_1024_sift_global_res2048_patch400_stage2,patch,p015,COMPLETE,complete,400,2000000,,0.6003405639999791,21.414419277474856,0.6363344341516495,python_full_resolution_undistorted,full_resolution_undistorted,3240,2432,846.058,2000000,6560,6225,completed_requested_iterations,,2026-07-12T04:06:58.035827+00:00,s3://3dreefs-ben-eu-north1/experiments/ablations/stage2_resolution_fullres_eval/runs/splat_dataset5_sfm_1024_sift_global_res2048_patch400_stage2/ablation_eval/results_splat.csv
D5,dataset5,1024,sift,global,2048,splat_dataset5_sfm_1024_sift_global_res2048_patch400_2m,splat_dataset5_sfm_1024_sift_global_res2048_patch400_stage2,patch,p020,COMPLETE,complete,400,2000000,,0.5005564634737215,19.84431661956199,0.5432338502846266,python_full_resolution_undistorted,full_resolution_undistorted,3239,2429,768.769,2000000,8629,6071,completed_requested_iterations,,2026-07-12T04:21:53.490492+00:00,s3://3dreefs-ben-eu-north1/experiments/ablations/stage2_resolution_fullres_eval/runs/splat_dataset5_sfm_1024_sift_global_res2048_patch400_stage2/ablation_eval/results_splat.csv
D5,dataset5,1024,sift,global,2048,splat_dataset5_sfm_1024_sift_global_res2048_patch400_2m,splat_dataset5_sfm_1024_sift_global_res2048_patch400_stage2,patch,p024,COMPLETE,complete,400,2000000,,0.5530267600950441,20.572608172631053,0.5903738768477189,python_full_resolution_undistorted,full_resolution_undistorted,3239,2429,817.821,2000000,6684,6073,completed_requested_iterations,,2026-07-12T04:37:34.595161+00:00,s3://3dreefs-ben-eu-north1/experiments/ablations/stage2_resolution_fullres_eval/runs/splat_dataset5_sfm_1024_sift_global_res2048_patch400_stage2/ablation_eval/results_splat.csv
D5,dataset5,1024,sift,global,2048,splat_dataset5_sfm_1024_sift_global_res2048_patch400_2m,splat_dataset5_sfm_1024_sift_global_res2048_patch400_stage2,patch,p029,COMPLETE,complete,400,2000000,,0.6457371597780901,21.87110131094461,0.4924566158476998,python_full_resolution_undistorted,full_resolution_undistorted,3240,2432,871.856,2000000,8376,5953,completed_requested_iterations,,2026-07-12T04:53:55.587522+00:00,s3://3dreefs-ben-eu-north1/experiments/ablations/stage2_resolution_fullres_eval/runs/splat_dataset5_sfm_1024_sift_global_res2048_patch400_stage2/ablation_eval/results_splat.csv
D5,dataset5,1024,sift,global,2048,splat_dataset5_sfm_1024_sift_global_res2048_patch400_2m,splat_dataset5_sfm_1024_sift_global_res2048_patch400_stage2,patch,p034,COMPLETE,complete,400,2000000,,0.579219965558303,20.97308476530799,0.5510073163007435,python_full_resolution_undistorted,full_resolution_undistorted,3240,2432,786.814,2000000,6734,6077,completed_requested_iterations,,2026-07-12T05:09:02.923961+00:00,s3://3dreefs-ben-eu-north1/experiments/ablations/stage2_resolution_fullres_eval/runs/splat_dataset5_sfm_1024_sift_global_res2048_patch400_stage2/ablation_eval/results_splat.csv
D5,dataset5,1024,sift,global,2048,splat_dataset5_sfm_1024_sift_global_res2048_patch400_2m,splat_dataset5_sfm_1024_sift_global_res2048_patch400_stage2,patch,p039,COMPLETE,complete,400,2000000,,0.6158815810554906,21.001453745592315,0.5594589318099775,python_full_resolution_undistorted,full_resolution_undistorted,3240,2432,766.585,2000000,7791,6043,completed_requested_iterations,,2026-07-12T05:23:51.356232+00:00,s3://3dreefs-ben-eu-north1/experiments/ablations/stage2_resolution_fullres_eval/runs/splat_dataset5_sfm_1024_sift_global_res2048_patch400_stage2/ablation_eval/results_splat.csv
D5,dataset5,1024,sift,global,2048,splat_dataset5_sfm_1024_sift_global_res2048_patch400_2m,splat_dataset5_sfm_1024_sift_global_res2048_patch400_stage2,patch,p044,COMPLETE,complete,400,2000000,,0.6933359180177961,22.10614549400312,0.4986733376979828,python_full_resolution_undistorted,full_resolution_undistorted,3240,2432,868.695,2000000,6634,5993,completed_requested_iterations,,2026-07-12T05:40:08.735349+00:00,s3://3dreefs-ben-eu-north1/experiments/ablations/stage2_resolution_fullres_eval/runs/splat_dataset5_sfm_1024_sift_global_res2048_patch400_stage2/ablation_eval/results_splat.csv
D5,dataset5,1024,sift,global,2048,splat_dataset5_sfm_1024_sift_global_res2048_patch400_500k,splat_dataset5_sfm_1024_sift_global_res2048_patch400_stage2,patch,p000,COMPLETE,complete,400,500000,,0.5435153922519168,21.065397155468883,0.6894414996778643,python_full_resolution_undistorted,full_resolution_undistorted,3240,2432,551.536,500000,6238,2725,completed_requested_iterations,,2026-07-11T22:54:47.741449+00:00,s3://3dreefs-ben-eu-north1/experiments/ablations/stage2_resolution_fullres_eval/runs/splat_dataset5_sfm_1024_sift_global_res2048_patch400_stage2/ablation_eval/results_splat.csv
D5,dataset5,1024,sift,global,2048,splat_dataset5_sfm_1024_sift_global_res2048_patch400_500k,splat_dataset5_sfm_1024_sift_global_res2048_patch400_stage2,patch,p005,COMPLETE,complete,400,500000,,0.5224682619938483,20.50591611454649,0.6362000474563012,python_full_resolution_undistorted,full_resolution_undistorted,3240,2432,495.831,500000,6665,5211,completed_requested_iterations,,2026-07-11T23:05:10.748129+00:00,s3://3dreefs-ben-eu-north1/experiments/ablations/stage2_resolution_fullres_eval/runs/splat_dataset5_sfm_1024_sift_global_res2048_patch400_stage2/ablation_eval/results_splat.csv
D5,dataset5,1024,sift,global,2048,splat_dataset5_sfm_1024_sift_global_res2048_patch400_500k,splat_dataset5_sfm_1024_sift_global_res2048_patch400_stage2,patch,p010,COMPLETE,complete,400,500000,,0.5179631903767585,20.709577772054615,0.7189856857061386,python_full_resolution_undistorted,full_resolution_undistorted,3239,2429,489.664,500000,6578,5157,completed_requested_iterations,,2026-07-11T23:15:29.115160+00:00,s3://3dreefs-ben-eu-north1/experiments/ablations/stage2_resolution_fullres_eval/runs/splat_dataset5_sfm_1024_sift_global_res2048_patch400_stage2/ablation_eval/results_splat.csv
D5,dataset5,1024,sift,global,2048,splat_dataset5_sfm_1024_sift_global_res2048_patch400_500k,splat_dataset5_sfm_1024_sift_global_res2048_patch400_stage2,patch,p015,COMPLETE,complete,400,500000,,0.5933617761260584,21.622998159973605,0.7288483883205213,python_full_resolution_undistorted,full_resolution_undistorted,3240,2432,495.492,500000,6442,5175,completed_requested_iterations,,2026-07-11T23:25:45.900082+00:00,s3://3dreefs-ben-eu-north1/experiments/ablations/stage2_resolution_fullres_eval/runs/splat_dataset5_sfm_1024_sift_global_res2048_patch400_stage2/ablation_eval/results_splat.csv
D5,dataset5,1024,sift,global,2048,splat_dataset5_sfm_1024_sift_global_res2048_patch400_500k,splat_dataset5_sfm_1024_sift_global_res2048_patch400_stage2,patch,p020,COMPLETE,complete,400,500000,,0.4675431361323909,19.623900975192484,0.7088067970777813,python_full_resolution_undistorted,full_resolution_undistorted,3239,2429,495.314,500000,6624,5141,completed_requested_iterations,,2026-07-11T23:36:07.072699+00:00,s3://3dreefs-ben-eu-north1/experiments/ablations/stage2_resolution_fullres_eval/runs/splat_dataset5_sfm_1024_sift_global_res2048_patch400_stage2/ablation_eval/results_splat.csv
D5,dataset5,1024,sift,global,2048,splat_dataset5_sfm_1024_sift_global_res2048_patch400_500k,splat_dataset5_sfm_1024_sift_global_res2048_patch400_stage2,patch,p024,COMPLETE,complete,400,500000,,0.5333190591711747,20.478376355820778,0.7231606966570804,python_full_resolution_undistorted,full_resolution_undistorted,3239,2429,535.171,500000,6550,5207,completed_requested_iterations,,2026-07-11T23:47:06.048075+00:00,s3://3dreefs-ben-eu-north1/experiments/ablations/stage2_resolution_fullres_eval/runs/splat_dataset5_sfm_1024_sift_global_res2048_patch400_stage2/ablation_eval/results_splat.csv
D5,dataset5,1024,sift,global,2048,splat_dataset5_sfm_1024_sift_global_res2048_patch400_500k,splat_dataset5_sfm_1024_sift_global_res2048_patch400_stage2,patch,p029,COMPLETE,complete,400,500000,,0.6275923138155657,21.789372767462567,0.6094783570836572,python_full_resolution_undistorted,full_resolution_undistorted,3240,2432,541.587,500000,6727,5183,completed_requested_iterations,,2026-07-11T23:57:54.379831+00:00,s3://3dreefs-ben-eu-north1/experiments/ablations/stage2_resolution_fullres_eval/runs/splat_dataset5_sfm_1024_sift_global_res2048_patch400_stage2/ablation_eval/results_splat.csv
D5,dataset5,1024,sift,global,2048,splat_dataset5_sfm_1024_sift_global_res2048_patch400_500k,splat_dataset5_sfm_1024_sift_global_res2048_patch400_stage2,patch,p034,COMPLETE,complete,400,500000,,0.5569058813546833,20.852866520596432,0.6932032453386408,python_full_resolution_undistorted,full_resolution_undistorted,3240,2432,499.518,500000,6584,5113,completed_requested_iterations,,2026-07-12T00:08:17.244078+00:00,s3://3dreefs-ben-eu-north1/experiments/ablations/stage2_resolution_fullres_eval/runs/splat_dataset5_sfm_1024_sift_global_res2048_patch400_stage2/ablation_eval/results_splat.csv
D5,dataset5,1024,sift,global,2048,splat_dataset5_sfm_1024_sift_global_res2048_patch400_500k,splat_dataset5_sfm_1024_sift_global_res2048_patch400_stage2,patch,p039,COMPLETE,complete,400,500000,,0.586188964153591,20.948651401696978,0.7015633630125147,python_full_resolution_undistorted,full_resolution_undistorted,3240,2432,462.497,500000,6565,5209,completed_requested_iterations,,2026-07-12T00:18:01.357355+00:00,s3://3dreefs-ben-eu-north1/experiments/ablations/stage2_resolution_fullres_eval/runs/splat_dataset5_sfm_1024_sift_global_res2048_patch400_stage2/ablation_eval/results_splat.csv
D5,dataset5,1024,sift,global,2048,splat_dataset5_sfm_1024_sift_global_res2048_patch400_500k,splat_dataset5_sfm_1024_sift_global_res2048_patch400_stage2,patch,p044,COMPLETE,complete,400,500000,,0.6826274905885968,22.149649483269442,0.5922784302915846,python_full_resolution_undistorted,full_resolution_undistorted,3240,2432,547.456,500000,6500,5255,completed_requested_iterations,,2026-07-12T00:28:59.656248+00:00,s3://3dreefs-ben-eu-north1/experiments/ablations/stage2_resolution_fullres_eval/runs/splat_dataset5_sfm_1024_sift_global_res2048_patch400_stage2/ablation_eval/results_splat.csv
D5,dataset5,1024,sift,global,2048,splat_dataset5_sfm_1024_sift_global_res2048_patch800_1m,splat_dataset5_sfm_1024_sift_global_res2048_patch800_stage2,patch,p000,COMPLETE,complete,800,1000000,,0.5361254244214959,20.746312826065278,0.6298259248336157,python_full_resolution_undistorted,full_resolution_undistorted,3240,2432,641.416,1000000,7414,2909,completed_requested_iterations,,2026-07-12T01:35:03.672984+00:00,s3://3dreefs-ben-eu-north1/experiments/ablations/stage2_resolution_fullres_eval/runs/splat_dataset5_sfm_1024_sift_global_res2048_patch800_stage2/ablation_eval/results_splat.csv
D5,dataset5,1024,sift,global,2048,splat_dataset5_sfm_1024_sift_global_res2048_patch800_1m,splat_dataset5_sfm_1024_sift_global_res2048_patch800_stage2,patch,p002,COMPLETE,complete,800,1000000,,0.4283066917624738,18.200255396240763,0.8827390960521169,python_full_resolution_undistorted,full_resolution_undistorted,3240,2432,777.878,1000000,7804,5929,completed_requested_iterations,,2026-07-12T01:51:35.833973+00:00,s3://3dreefs-ben-eu-north1/experiments/ablations/stage2_resolution_fullres_eval/runs/splat_dataset5_sfm_1024_sift_global_res2048_patch800_stage2/ablation_eval/results_splat.csv
D5,dataset5,1024,sift,global,2048,splat_dataset5_sfm_1024_sift_global_res2048_patch800_1m,splat_dataset5_sfm_1024_sift_global_res2048_patch800_stage2,patch,p004,COMPLETE,complete,800,1000000,,0.5085715892223212,19.39781985179417,0.8171886839927771,python_full_resolution_undistorted,full_resolution_undistorted,3240,2432,822.435,1000000,8012,5829,completed_requested_iterations,,2026-07-12T02:09:19.296791+00:00,s3://3dreefs-ben-eu-north1/experiments/ablations/stage2_resolution_fullres_eval/runs/splat_dataset5_sfm_1024_sift_global_res2048_patch800_stage2/ablation_eval/results_splat.csv
D5,dataset5,1024,sift,global,2048,splat_dataset5_sfm_1024_sift_global_res2048_patch800_1m,splat_dataset5_sfm_1024_sift_global_res2048_patch800_stage2,patch,p006,COMPLETE,complete,800,1000000,,0.5107069105694169,20.28395079238793,0.6465244740247726,python_full_resolution_undistorted,full_resolution_undistorted,3239,2429,653.302,1000000,8222,5811,completed_requested_iterations,,2026-07-12T02:24:21.868340+00:00,s3://3dreefs-ben-eu-north1/experiments/ablations/stage2_resolution_fullres_eval/runs/splat_dataset5_sfm_1024_sift_global_res2048_patch800_stage2/ablation_eval/results_splat.csv
D5,dataset5,1024,sift,global,2048,splat_dataset5_sfm_1024_sift_global_res2048_patch800_1m,splat_dataset5_sfm_1024_sift_global_res2048_patch800_stage2,patch,p008,COMPLETE,complete,800,1000000,,0.4522499243418376,18.874453126978405,0.796333913008372,python_full_resolution_undistorted,full_resolution_undistorted,3239,2429,773.661,1000000,8082,5703,completed_requested_iterations,,2026-07-12T02:41:18.948994+00:00,s3://3dreefs-ben-eu-north1/experiments/ablations/stage2_resolution_fullres_eval/runs/splat_dataset5_sfm_1024_sift_global_res2048_patch800_stage2/ablation_eval/results_splat.csv
D5,dataset5,1024,sift,global,2048,splat_dataset5_sfm_1024_sift_global_res2048_patch800_1m,splat_dataset5_sfm_1024_sift_global_res2048_patch800_stage2,patch,p010,COMPLETE,complete,800,1000000,,0.5399497120411365,20.73157984658354,0.7415942054290277,python_full_resolution_undistorted,full_resolution_undistorted,3240,2432,742.195,1000000,7992,5813,completed_requested_iterations,,2026-07-12T02:57:47.630888+00:00,s3://3dreefs-ben-eu-north1/experiments/ablations/stage2_resolution_fullres_eval/runs/splat_dataset5_sfm_1024_sift_global_res2048_patch800_stage2/ablation_eval/results_splat.csv
D5,dataset5,1024,sift,global,2048,splat_dataset5_sfm_1024_sift_global_res2048_patch800_1m,splat_dataset5_sfm_1024_sift_global_res2048_patch800_stage2,patch,p012,COMPLETE,complete,800,1000000,,0.6463398471092566,22.40543818365939,0.5888906866312027,python_full_resolution_undistorted,full_resolution_undistorted,3239,2429,748.674,1000000,7949,5789,completed_requested_iterations,,2026-07-12T03:14:25.880087+00:00,s3://3dreefs-ben-eu-north1/experiments/ablations/stage2_resolution_fullres_eval/runs/splat_dataset5_sfm_1024_sift_global_res2048_patch800_stage2/ablation_eval/results_splat.csv
D5,dataset5,1024,sift,global,2048,splat_dataset5_sfm_1024_sift_global_res2048_patch800_1m,splat_dataset5_sfm_1024_sift_global_res2048_patch800_stage2,patch,p014,COMPLETE,complete,800,1000000,,0.5586697372454631,20.664267435266048,0.7151401284374769,python_full_resolution_undistorted,full_resolution_undistorted,3239,2429,682.649,1000000,8086,5795,completed_requested_iterations,,2026-07-12T03:29:59.420479+00:00,s3://3dreefs-ben-eu-north1/experiments/ablations/stage2_resolution_fullres_eval/runs/splat_dataset5_sfm_1024_sift_global_res2048_patch800_stage2/ablation_eval/results_splat.csv
D5,dataset5,1024,sift,global,2048,splat_dataset5_sfm_1024_sift_global_res2048_patch800_1m,splat_dataset5_sfm_1024_sift_global_res2048_patch800_stage2,patch,p016,COMPLETE,complete,800,1000000,,0.7060957050476319,21.83039598399995,0.6172075951710726,python_full_resolution_undistorted,full_resolution_undistorted,3240,2432,765.12,1000000,7660,5753,completed_requested_iterations,,2026-07-12T03:46:50.919189+00:00,s3://3dreefs-ben-eu-north1/experiments/ablations/stage2_resolution_fullres_eval/runs/splat_dataset5_sfm_1024_sift_global_res2048_patch800_stage2/ablation_eval/results_splat.csv
D5,dataset5,1024,sift,global,2048,splat_dataset5_sfm_1024_sift_global_res2048_patch800_1m,splat_dataset5_sfm_1024_sift_global_res2048_patch800_stage2,patch,p018,COMPLETE,complete,800,1000000,,0.6612623355218342,22.055188053876456,0.6401333208595004,python_full_resolution_undistorted,full_resolution_undistorted,3239,2429,682.007,1000000,7774,5811,completed_requested_iterations,,2026-07-12T04:01:54.872292+00:00,s3://3dreefs-ben-eu-north1/experiments/ablations/stage2_resolution_fullres_eval/runs/splat_dataset5_sfm_1024_sift_global_res2048_patch800_stage2/ablation_eval/results_splat.csv
D5,dataset5,1024,sift,global,2048,splat_dataset5_sfm_1024_sift_global_res2048_patch800_2m,splat_dataset5_sfm_1024_sift_global_res2048_patch800_stage2,patch,p000,COMPLETE,complete,800,2000000,,0.549087307519383,20.671271308253818,0.5658340611391597,python_full_resolution_undistorted,full_resolution_undistorted,3240,2432,840.424,2000000,7445,3635,completed_requested_iterations,,2026-07-12T04:36:34.217141+00:00,s3://3dreefs-ben-eu-north1/experiments/ablations/stage2_resolution_fullres_eval/runs/splat_dataset5_sfm_1024_sift_global_res2048_patch800_stage2/ablation_eval/results_splat.csv
D5,dataset5,1024,sift,global,2048,splat_dataset5_sfm_1024_sift_global_res2048_patch800_2m,splat_dataset5_sfm_1024_sift_global_res2048_patch800_stage2,patch,p002,COMPLETE,complete,800,2000000,,0.4004475457800759,17.40712227827444,0.9362418121761746,python_full_resolution_undistorted,full_resolution_undistorted,3240,2432,918.62,2000000,9649,14933,completed_requested_iterations,,2026-07-12T04:55:32.929062+00:00,s3://3dreefs-ben-eu-north1/experiments/ablations/stage2_resolution_fullres_eval/runs/splat_dataset5_sfm_1024_sift_global_res2048_patch800_stage2/ablation_eval/results_splat.csv
D5,dataset5,1024,sift,global,2048,splat_dataset5_sfm_1024_sift_global_res2048_patch800_2m,splat_dataset5_sfm_1024_sift_global_res2048_patch800_stage2_xid_retry2,patch,p004,COMPLETE,complete,800,2000000,,0.4827396877301045,18.221448792820905,0.8620261381833981,python_full_resolution_undistorted,full_resolution_undistorted,3240,2432,977.32,2000000,9407,3797,completed_requested_iterations,,2026-07-13T14:38:54.797710+00:00,s3://3dreefs-ben-eu-north1/experiments/ablations/stage2_resolution_fullres_eval/runs/splat_dataset5_sfm_1024_sift_global_res2048_patch800_stage2_xid_retry2/ablation_eval/results_splat.csv
D5,dataset5,1024,sift,global,2048,splat_dataset5_sfm_1024_sift_global_res2048_patch800_2m,splat_dataset5_sfm_1024_sift_global_res2048_patch800_stage2,patch,p006,COMPLETE,complete,800,2000000,,0.5309450477361679,20.39053734514181,0.5719091056993133,python_full_resolution_undistorted,full_resolution_undistorted,3239,2429,852.351,2000000,8290,6245,completed_requested_iterations,,2026-07-13T09:44:20.734159+00:00,s3://3dreefs-ben-eu-north1/experiments/ablations/stage2_resolution_fullres_eval/runs/splat_dataset5_sfm_1024_sift_global_res2048_patch800_stage2/ablation_eval/results_splat.csv
D5,dataset5,1024,sift,global,2048,splat_dataset5_sfm_1024_sift_global_res2048_patch800_2m,splat_dataset5_sfm_1024_sift_global_res2048_patch800_stage2,patch,p008,COMPLETE,complete,800,2000000,,0.39294903198877973,17.35408651251251,0.9182820216814677,python_full_resolution_undistorted,full_resolution_undistorted,3239,2429,901.827,2000000,9234,6917,completed_requested_iterations,,2026-07-13T10:03:17.377343+00:00,s3://3dreefs-ben-eu-north1/experiments/ablations/stage2_resolution_fullres_eval/runs/splat_dataset5_sfm_1024_sift_global_res2048_patch800_stage2/ablation_eval/results_splat.csv
D5,dataset5,1024,sift,global,2048,splat_dataset5_sfm_1024_sift_global_res2048_patch800_2m,splat_dataset5_sfm_1024_sift_global_res2048_patch800_stage2,patch,p010,COMPLETE,complete,800,2000000,,0.5352492746594665,20.293474113233305,0.7246770533648405,python_full_resolution_undistorted,full_resolution_undistorted,3240,2432,1034.553,2000000,8021,6321,completed_requested_iterations,,2026-07-13T10:24:39.474429+00:00,s3://3dreefs-ben-eu-north1/experiments/ablations/stage2_resolution_fullres_eval/runs/splat_dataset5_sfm_1024_sift_global_res2048_patch800_stage2/ablation_eval/results_splat.csv
D5,dataset5,1024,sift,global,2048,splat_dataset5_sfm_1024_sift_global_res2048_patch800_2m,splat_dataset5_sfm_1024_sift_global_res2048_patch800_stage2,patch,p012,COMPLETE,complete,800,2000000,,0.6515361387760211,22.36850681771379,0.5438685581470147,python_full_resolution_undistorted,full_resolution_undistorted,3239,2429,957.749,2000000,8001,6347,completed_requested_iterations,,2026-07-13T10:44:43.631596+00:00,s3://3dreefs-ben-eu-north1/experiments/ablations/stage2_resolution_fullres_eval/runs/splat_dataset5_sfm_1024_sift_global_res2048_patch800_stage2/ablation_eval/results_splat.csv
D5,dataset5,1024,sift,global,2048,splat_dataset5_sfm_1024_sift_global_res2048_patch800_2m,splat_dataset5_sfm_1024_sift_global_res2048_patch800_stage2,patch,p014,COMPLETE,complete,800,2000000,,0.5537104176569588,20.25041287283557,0.6931778060484536,python_full_resolution_undistorted,full_resolution_undistorted,3239,2429,935.337,2000000,8177,6377,completed_requested_iterations,,2026-07-13T11:04:30.132700+00:00,s3://3dreefs-ben-eu-north1/experiments/ablations/stage2_resolution_fullres_eval/runs/splat_dataset5_sfm_1024_sift_global_res2048_patch800_stage2/ablation_eval/results_splat.csv
D5,dataset5,1024,sift,global,2048,splat_dataset5_sfm_1024_sift_global_res2048_patch800_2m,splat_dataset5_sfm_1024_sift_global_res2048_patch800_stage2,patch,p016,COMPLETE,complete,800,2000000,,0.7062840962257141,21.65903187187042,0.6013241005249512,python_full_resolution_undistorted,full_resolution_undistorted,3240,2432,1015.403,2000000,7774,6201,completed_requested_iterations,,2026-07-13T11:25:25.552773+00:00,s3://3dreefs-ben-eu-north1/experiments/ablations/stage2_resolution_fullres_eval/runs/splat_dataset5_sfm_1024_sift_global_res2048_patch800_stage2/ablation_eval/results_splat.csv
D5,dataset5,1024,sift,global,2048,splat_dataset5_sfm_1024_sift_global_res2048_patch800_2m,splat_dataset5_sfm_1024_sift_global_res2048_patch800_stage2,patch,p018,COMPLETE,complete,800,2000000,,0.6647984934704644,21.906402600457668,0.6080597119671958,python_full_resolution_undistorted,full_resolution_undistorted,3239,2429,912.274,2000000,7740,6235,completed_requested_iterations,,2026-07-13T11:44:17.966828+00:00,s3://3dreefs-ben-eu-north1/experiments/ablations/stage2_resolution_fullres_eval/runs/splat_dataset5_sfm_1024_sift_global_res2048_patch800_stage2/ablation_eval/results_splat.csv
D5,dataset5,1024,sift,global,2048,splat_dataset5_sfm_1024_sift_global_res2048_patch800_500k,splat_dataset5_sfm_1024_sift_global_res2048_patch800_stage2,patch,p000,COMPLETE,complete,800,500000,,0.5118405123551687,20.59768968802051,0.7116361848182149,python_full_resolution_undistorted,full_resolution_undistorted,3240,2432,601.698,500000,7684,2957,completed_requested_iterations,,2026-07-11T22:57:22.268177+00:00,s3://3dreefs-ben-eu-north1/experiments/ablations/stage2_resolution_fullres_eval/runs/splat_dataset5_sfm_1024_sift_global_res2048_patch800_stage2/ablation_eval/results_splat.csv
D5,dataset5,1024,sift,global,2048,splat_dataset5_sfm_1024_sift_global_res2048_patch800_500k,splat_dataset5_sfm_1024_sift_global_res2048_patch800_stage2,patch,p002,COMPLETE,complete,800,500000,,0.4310152807997333,18.325878207914407,0.8898483407166269,python_full_resolution_undistorted,full_resolution_undistorted,3240,2432,698.137,500000,7758,5339,completed_requested_iterations,,2026-07-11T23:12:46.917307+00:00,s3://3dreefs-ben-eu-north1/experiments/ablations/stage2_resolution_fullres_eval/runs/splat_dataset5_sfm_1024_sift_global_res2048_patch800_stage2/ablation_eval/results_splat.csv
D5,dataset5,1024,sift,global,2048,splat_dataset5_sfm_1024_sift_global_res2048_patch800_500k,splat_dataset5_sfm_1024_sift_global_res2048_patch800_stage2,patch,p004,COMPLETE,complete,800,500000,,0.5198286271248108,20.403555529299897,0.826287676126529,python_full_resolution_undistorted,full_resolution_undistorted,3240,2432,612.263,500000,7894,5359,completed_requested_iterations,,2026-07-11T23:27:13.887903+00:00,s3://3dreefs-ben-eu-north1/experiments/ablations/stage2_resolution_fullres_eval/runs/splat_dataset5_sfm_1024_sift_global_res2048_patch800_stage2/ablation_eval/results_splat.csv
D5,dataset5,1024,sift,global,2048,splat_dataset5_sfm_1024_sift_global_res2048_patch800_500k,splat_dataset5_sfm_1024_sift_global_res2048_patch800_stage2,patch,p006,COMPLETE,complete,800,500000,,0.4831122885409154,20.08343484468619,0.7338785882058897,python_full_resolution_undistorted,full_resolution_undistorted,3239,2429,567.914,500000,8189,5639,completed_requested_iterations,,2026-07-11T23:40:52.535428+00:00,s3://3dreefs-ben-eu-north1/experiments/ablations/stage2_resolution_fullres_eval/runs/splat_dataset5_sfm_1024_sift_global_res2048_patch800_stage2/ablation_eval/results_splat.csv
D5,dataset5,1024,sift,global,2048,splat_dataset5_sfm_1024_sift_global_res2048_patch800_500k,splat_dataset5_sfm_1024_sift_global_res2048_patch800_stage2,patch,p008,COMPLETE,complete,800,500000,,0.4546149182319641,19.37043049023575,0.8315617450078329,python_full_resolution_undistorted,full_resolution_undistorted,3239,2429,583.979,500000,7973,5443,completed_requested_iterations,,2026-07-11T23:54:41.883841+00:00,s3://3dreefs-ben-eu-north1/experiments/ablations/stage2_resolution_fullres_eval/runs/splat_dataset5_sfm_1024_sift_global_res2048_patch800_stage2/ablation_eval/results_splat.csv
D5,dataset5,1024,sift,global,2048,splat_dataset5_sfm_1024_sift_global_res2048_patch800_500k,splat_dataset5_sfm_1024_sift_global_res2048_patch800_stage2,patch,p010,COMPLETE,complete,800,500000,,0.5326232279275919,20.813036778321045,0.7955978063793926,python_full_resolution_undistorted,full_resolution_undistorted,3240,2432,604.688,500000,7860,5353,completed_requested_iterations,,2026-07-12T00:08:57.494421+00:00,s3://3dreefs-ben-eu-north1/experiments/ablations/stage2_resolution_fullres_eval/runs/splat_dataset5_sfm_1024_sift_global_res2048_patch800_stage2/ablation_eval/results_splat.csv
D5,dataset5,1024,sift,global,2048,splat_dataset5_sfm_1024_sift_global_res2048_patch800_500k,splat_dataset5_sfm_1024_sift_global_res2048_patch800_stage2,patch,p012,COMPLETE,complete,800,500000,,0.6364642469546734,22.346786443277608,0.6442637218114657,python_full_resolution_undistorted,full_resolution_undistorted,3239,2429,608.931,500000,7835,5361,completed_requested_iterations,,2026-07-12T00:23:20.336882+00:00,s3://3dreefs-ben-eu-north1/experiments/ablations/stage2_resolution_fullres_eval/runs/splat_dataset5_sfm_1024_sift_global_res2048_patch800_stage2/ablation_eval/results_splat.csv
D5,dataset5,1024,sift,global,2048,splat_dataset5_sfm_1024_sift_global_res2048_patch800_500k,splat_dataset5_sfm_1024_sift_global_res2048_patch800_stage2,patch,p014,COMPLETE,complete,800,500000,,0.5503700945196273,20.852380271826476,0.770017501674121,python_full_resolution_undistorted,full_resolution_undistorted,3239,2429,538.328,500000,8000,5399,completed_requested_iterations,,2026-07-12T00:36:38.282982+00:00,s3://3dreefs-ben-eu-north1/experiments/ablations/stage2_resolution_fullres_eval/runs/splat_dataset5_sfm_1024_sift_global_res2048_patch800_stage2/ablation_eval/results_splat.csv
D5,dataset5,1024,sift,global,2048,splat_dataset5_sfm_1024_sift_global_res2048_patch800_500k,splat_dataset5_sfm_1024_sift_global_res2048_patch800_stage2,patch,p016,COMPLETE,complete,800,500000,,0.7024359026780496,21.860385936459412,0.647465203052912,python_full_resolution_undistorted,full_resolution_undistorted,3240,2432,599.686,500000,7548,5387,completed_requested_iterations,,2026-07-12T00:50:50.132788+00:00,s3://3dreefs-ben-eu-north1/experiments/ablations/stage2_resolution_fullres_eval/runs/splat_dataset5_sfm_1024_sift_global_res2048_patch800_stage2/ablation_eval/results_splat.csv
D5,dataset5,1024,sift,global,2048,splat_dataset5_sfm_1024_sift_global_res2048_patch800_500k,splat_dataset5_sfm_1024_sift_global_res2048_patch800_stage2,patch,p018,COMPLETE,complete,800,500000,,0.6512056516749518,22.064934814907463,0.6902581725801741,python_full_resolution_undistorted,full_resolution_undistorted,3239,2429,572.683,500000,7608,5253,completed_requested_iterations,,2026-07-12T01:04:08.716552+00:00,s3://3dreefs-ben-eu-north1/experiments/ablations/stage2_resolution_fullres_eval/runs/splat_dataset5_sfm_1024_sift_global_res2048_patch800_stage2/ablation_eval/results_splat.csv
D5,dataset5,1024,sift,global,full,splat_dataset5_sfm_1024_sift_global_resfull_patch200_1m,splat_dataset5_sfm_1024_sift_global_resfull_patch200_stage2,patch,p000,COMPLETE,complete,200,1000000,,0.594812101787991,22.006099381179357,0.525714655717214,python_full_resolution_undistorted,full_resolution_undistorted,3240,2432,1154.642,1000000,5693,2807,completed_requested_iterations,,2026-07-12T02:22:57.073396+00:00,s3://3dreefs-ben-eu-north1/experiments/ablations/stage2_resolution_fullres_eval/runs/splat_dataset5_sfm_1024_sift_global_resfull_patch200_stage2/ablation_eval/results_splat.csv
D5,dataset5,1024,sift,global,full,splat_dataset5_sfm_1024_sift_global_resfull_patch200_1m,splat_dataset5_sfm_1024_sift_global_resfull_patch200_stage2,patch,p013,COMPLETE,complete,200,1000000,,0.5289149367147021,20.65178985835551,0.6185105111863878,python_full_resolution_undistorted,full_resolution_undistorted,3239,2429,1139.805,1000000,6331,5625,completed_requested_iterations,,2026-07-12T02:42:57.690412+00:00,s3://3dreefs-ben-eu-north1/experiments/ablations/stage2_resolution_fullres_eval/runs/splat_dataset5_sfm_1024_sift_global_resfull_patch200_stage2/ablation_eval/results_splat.csv
D5,dataset5,1024,sift,global,full,splat_dataset5_sfm_1024_sift_global_resfull_patch200_1m,splat_dataset5_sfm_1024_sift_global_resfull_patch200_stage2,patch,p026,COMPLETE,complete,200,1000000,,0.5346618310401314,20.544932992152905,0.5966166508825201,python_full_resolution_undistorted,full_resolution_undistorted,3240,2432,1137.307,1000000,6375,5571,completed_requested_iterations,,2026-07-12T03:02:59.549551+00:00,s3://3dreefs-ben-eu-north1/experiments/ablations/stage2_resolution_fullres_eval/runs/splat_dataset5_sfm_1024_sift_global_resfull_patch200_stage2/ablation_eval/results_splat.csv
D5,dataset5,1024,sift,global,full,splat_dataset5_sfm_1024_sift_global_resfull_patch200_1m,splat_dataset5_sfm_1024_sift_global_resfull_patch200_stage2,patch,p039,COMPLETE,complete,200,1000000,,0.5378847286105156,20.682835299801994,0.581213365495205,python_full_resolution_undistorted,full_resolution_undistorted,3239,2429,1134.696,1000000,6506,5605,completed_requested_iterations,,2026-07-12T03:23:01.788739+00:00,s3://3dreefs-ben-eu-north1/experiments/ablations/stage2_resolution_fullres_eval/runs/splat_dataset5_sfm_1024_sift_global_resfull_patch200_stage2/ablation_eval/results_splat.csv
D5,dataset5,1024,sift,global,full,splat_dataset5_sfm_1024_sift_global_resfull_patch200_1m,splat_dataset5_sfm_1024_sift_global_resfull_patch200_stage2,patch,p052,COMPLETE,complete,200,1000000,,0.5481586009263992,20.293713595256957,0.4998056971364551,python_full_resolution_undistorted,full_resolution_undistorted,3240,2432,1140.637,1000000,6550,5601,completed_requested_iterations,,2026-07-12T03:43:02.774550+00:00,s3://3dreefs-ben-eu-north1/experiments/ablations/stage2_resolution_fullres_eval/runs/splat_dataset5_sfm_1024_sift_global_resfull_patch200_stage2/ablation_eval/results_splat.csv
D5,dataset5,1024,sift,global,full,splat_dataset5_sfm_1024_sift_global_resfull_patch200_1m,splat_dataset5_sfm_1024_sift_global_resfull_patch200_stage2,patch,p064,COMPLETE,complete,200,1000000,,0.5403912464777628,20.57676722254196,0.6488057672977448,python_full_resolution_undistorted,full_resolution_undistorted,3240,2432,1148.746,1000000,6379,5679,completed_requested_iterations,,2026-07-12T04:03:12.379864+00:00,s3://3dreefs-ben-eu-north1/experiments/ablations/stage2_resolution_fullres_eval/runs/splat_dataset5_sfm_1024_sift_global_resfull_patch200_stage2/ablation_eval/results_splat.csv
D5,dataset5,1024,sift,global,full,splat_dataset5_sfm_1024_sift_global_resfull_patch200_1m,splat_dataset5_sfm_1024_sift_global_resfull_patch200_stage2,patch,p077,COMPLETE,complete,200,1000000,,0.6379187138457048,21.77130090783957,0.5026946475631312,python_full_resolution_undistorted,full_resolution_undistorted,3239,2429,1337.176,1000000,6286,5711,completed_requested_iterations,,2026-07-12T04:26:31.947896+00:00,s3://3dreefs-ben-eu-north1/experiments/ablations/stage2_resolution_fullres_eval/runs/splat_dataset5_sfm_1024_sift_global_resfull_patch200_stage2/ablation_eval/results_splat.csv
D5,dataset5,1024,sift,global,full,splat_dataset5_sfm_1024_sift_global_resfull_patch200_1m,splat_dataset5_sfm_1024_sift_global_resfull_patch200_stage2,patch,p090,COMPLETE,complete,200,1000000,,0.6710904091596603,20.82942966537349,0.5244530122727156,python_full_resolution_undistorted,full_resolution_undistorted,3240,2432,1187.312,1000000,6984,5493,completed_requested_iterations,,2026-07-12T04:47:11.505145+00:00,s3://3dreefs-ben-eu-north1/experiments/ablations/stage2_resolution_fullres_eval/runs/splat_dataset5_sfm_1024_sift_global_resfull_patch200_stage2/ablation_eval/results_splat.csv
D5,dataset5,1024,sift,global,full,splat_dataset5_sfm_1024_sift_global_resfull_patch200_1m,splat_dataset5_sfm_1024_sift_global_resfull_patch200_stage2,patch,p103,COMPLETE,complete,200,1000000,,0.732292890548706,19.35332194440425,0.5534168141228812,python_full_resolution_undistorted,full_resolution_undistorted,3239,2429,1388.124,1000000,5890,5697,completed_requested_iterations,,2026-07-12T05:11:04.927103+00:00,s3://3dreefs-ben-eu-north1/experiments/ablations/stage2_resolution_fullres_eval/runs/splat_dataset5_sfm_1024_sift_global_resfull_patch200_stage2/ablation_eval/results_splat.csv
D5,dataset5,1024,sift,global,full,splat_dataset5_sfm_1024_sift_global_resfull_patch200_1m,splat_dataset5_sfm_1024_sift_global_resfull_patch200_stage2,patch,p116,COMPLETE,complete,200,1000000,,0.6491826097170512,21.00475802638882,0.5132152656714122,python_full_resolution_undistorted,full_resolution_undistorted,3240,2432,1245.529,1000000,6176,5551,completed_requested_iterations,,2026-07-12T05:32:39.310668+00:00,s3://3dreefs-ben-eu-north1/experiments/ablations/stage2_resolution_fullres_eval/runs/splat_dataset5_sfm_1024_sift_global_resfull_patch200_stage2/ablation_eval/results_splat.csv
D5,dataset5,1024,sift,global,full,splat_dataset5_sfm_1024_sift_global_resfull_patch200_2m,splat_dataset5_sfm_1024_sift_global_resfull_patch200_stage2,patch,p000,COMPLETE,complete,200,2000000,,0.6053148375617133,21.993567659581565,0.4659573915931914,python_full_resolution_undistorted,full_resolution_undistorted,3240,2432,1448.369,2000000,5821,3421,completed_requested_iterations,,2026-07-12T06:16:30.010792+00:00,s3://3dreefs-ben-eu-north1/experiments/ablations/stage2_resolution_fullres_eval/runs/splat_dataset5_sfm_1024_sift_global_resfull_patch200_stage2/ablation_eval/results_splat.csv
D5,dataset5,1024,sift,global,full,splat_dataset5_sfm_1024_sift_global_resfull_patch200_2m,splat_dataset5_sfm_1024_sift_global_resfull_patch200_stage2,patch,p013,COMPLETE,complete,200,2000000,,0.5361564523643918,20.745964199185167,0.5423765364620421,python_full_resolution_undistorted,full_resolution_undistorted,3239,2429,1449.007,2000000,6294,7119,completed_requested_iterations,,2026-07-12T06:41:39.108426+00:00,s3://3dreefs-ben-eu-north1/experiments/ablations/stage2_resolution_fullres_eval/runs/splat_dataset5_sfm_1024_sift_global_resfull_patch200_stage2/ablation_eval/results_splat.csv
D5,dataset5,1024,sift,global,full,splat_dataset5_sfm_1024_sift_global_resfull_patch200_2m,splat_dataset5_sfm_1024_sift_global_resfull_patch200_stage2,patch,p026,COMPLETE,complete,200,2000000,,0.5409182482644131,20.569741363848888,0.535688147733086,python_full_resolution_undistorted,full_resolution_undistorted,3240,2432,1414.706,2000000,8338,6215,completed_requested_iterations,,2026-07-12T07:06:19.146302+00:00,s3://3dreefs-ben-eu-north1/experiments/ablations/stage2_resolution_fullres_eval/runs/splat_dataset5_sfm_1024_sift_global_resfull_patch200_stage2/ablation_eval/results_splat.csv
D5,dataset5,1024,sift,global,full,splat_dataset5_sfm_1024_sift_global_resfull_patch200_2m,splat_dataset5_sfm_1024_sift_global_resfull_patch200_stage2,patch,p039,COMPLETE,complete,200,2000000,,0.5462422654032707,20.72070154630608,0.5097360998392105,python_full_resolution_undistorted,full_resolution_undistorted,3239,2429,1384.352,2000000,8379,6187,completed_requested_iterations,,2026-07-12T07:30:31.253231+00:00,s3://3dreefs-ben-eu-north1/experiments/ablations/stage2_resolution_fullres_eval/runs/splat_dataset5_sfm_1024_sift_global_resfull_patch200_stage2/ablation_eval/results_splat.csv
D5,dataset5,1024,sift,global,full,splat_dataset5_sfm_1024_sift_global_resfull_patch200_2m,splat_dataset5_sfm_1024_sift_global_resfull_patch200_stage2,patch,p052,COMPLETE,complete,200,2000000,,0.5594037903679742,20.304144732103552,0.44971777498722076,python_full_resolution_undistorted,full_resolution_undistorted,3240,2432,1487.796,2000000,8459,6165,completed_requested_iterations,,2026-07-12T07:56:20.425915+00:00,s3://3dreefs-ben-eu-north1/experiments/ablations/stage2_resolution_fullres_eval/runs/splat_dataset5_sfm_1024_sift_global_resfull_patch200_stage2/ablation_eval/results_splat.csv
D5,dataset5,1024,sift,global,full,splat_dataset5_sfm_1024_sift_global_resfull_patch200_2m,splat_dataset5_sfm_1024_sift_global_resfull_patch200_stage2,patch,p064,COMPLETE,complete,200,2000000,,0.5480013887087504,20.573365541404478,0.5807700405518214,python_full_resolution_undistorted,full_resolution_undistorted,3240,2432,1480.934,2000000,6484,6297,completed_requested_iterations,,2026-07-12T08:22:02.723803+00:00,s3://3dreefs-ben-eu-north1/experiments/ablations/stage2_resolution_fullres_eval/runs/splat_dataset5_sfm_1024_sift_global_resfull_patch200_stage2/ablation_eval/results_splat.csv
D5,dataset5,1024,sift,global,full,splat_dataset5_sfm_1024_sift_global_resfull_patch200_2m,splat_dataset5_sfm_1024_sift_global_resfull_patch200_stage2,patch,p077,COMPLETE,complete,200,2000000,,0.645969387732054,21.811785854602928,0.45262024433989273,python_full_resolution_undistorted,full_resolution_undistorted,3239,2429,1692.397,2000000,6386,6131,completed_requested_iterations,,2026-07-12T08:51:18.309654+00:00,s3://3dreefs-ben-eu-north1/experiments/ablations/stage2_resolution_fullres_eval/runs/splat_dataset5_sfm_1024_sift_global_resfull_patch200_stage2/ablation_eval/results_splat.csv
D5,dataset5,1024,sift,global,full,splat_dataset5_sfm_1024_sift_global_resfull_patch200_2m,splat_dataset5_sfm_1024_sift_global_resfull_patch200_stage2,patch,p090,COMPLETE,complete,200,2000000,,0.674894580617547,20.856968090621734,0.4826799165457487,python_full_resolution_undistorted,full_resolution_undistorted,3240,2432,1557.026,2000000,6240,6185,completed_requested_iterations,,2026-07-12T09:18:06.273690+00:00,s3://3dreefs-ben-eu-north1/experiments/ablations/stage2_resolution_fullres_eval/runs/splat_dataset5_sfm_1024_sift_global_resfull_patch200_stage2/ablation_eval/results_splat.csv
D5,dataset5,1024,sift,global,full,splat_dataset5_sfm_1024_sift_global_resfull_patch200_2m,splat_dataset5_sfm_1024_sift_global_resfull_patch200_stage2,patch,p103,COMPLETE,complete,200,2000000,,0.7302375946726117,19.10533951222903,0.5421051893915448,python_full_resolution_undistorted,full_resolution_undistorted,3239,2429,1885.885,2000000,6004,6501,completed_requested_iterations,,2026-07-12T09:50:17.008494+00:00,s3://3dreefs-ben-eu-north1/experiments/ablations/stage2_resolution_fullres_eval/runs/splat_dataset5_sfm_1024_sift_global_resfull_patch200_stage2/ablation_eval/results_splat.csv
D5,dataset5,1024,sift,global,full,splat_dataset5_sfm_1024_sift_global_resfull_patch200_2m,splat_dataset5_sfm_1024_sift_global_resfull_patch200_stage2,patch,p116,COMPLETE,complete,200,2000000,,0.6528884967168173,20.953526035783817,0.47342902421951294,python_full_resolution_undistorted,full_resolution_undistorted,3240,2432,1587.327,2000000,6381,6373,completed_requested_iterations,,2026-07-12T10:17:33.530131+00:00,s3://3dreefs-ben-eu-north1/experiments/ablations/stage2_resolution_fullres_eval/runs/splat_dataset5_sfm_1024_sift_global_resfull_patch200_stage2/ablation_eval/results_splat.csv
D5,dataset5,1024,sift,global,full,splat_dataset5_sfm_1024_sift_global_resfull_patch200_500k,splat_dataset5_sfm_1024_sift_global_resfull_patch200_stage2,patch,p000,COMPLETE,complete,200,500000,,0.5760184807909859,21.883743593942068,0.6059999350044463,python_full_resolution_undistorted,full_resolution_undistorted,3240,2432,1053.989,500000,5850,2725,completed_requested_iterations,,2026-07-11T23:02:45.816533+00:00,s3://3dreefs-ben-eu-north1/experiments/ablations/stage2_resolution_fullres_eval/runs/splat_dataset5_sfm_1024_sift_global_resfull_patch200_stage2/ablation_eval/results_splat.csv
D5,dataset5,1024,sift,global,full,splat_dataset5_sfm_1024_sift_global_resfull_patch200_500k,splat_dataset5_sfm_1024_sift_global_resfull_patch200_stage2,patch,p013,COMPLETE,complete,200,500000,,0.5194647146595849,20.68260446803699,0.699112186829249,python_full_resolution_undistorted,full_resolution_undistorted,3239,2429,988.506,500000,6252,5343,completed_requested_iterations,,2026-07-11T23:20:14.191401+00:00,s3://3dreefs-ben-eu-north1/experiments/ablations/stage2_resolution_fullres_eval/runs/splat_dataset5_sfm_1024_sift_global_resfull_patch200_stage2/ablation_eval/results_splat.csv
D5,dataset5,1024,sift,global,full,splat_dataset5_sfm_1024_sift_global_resfull_patch200_500k,splat_dataset5_sfm_1024_sift_global_resfull_patch200_stage2,patch,p026,COMPLETE,complete,200,500000,,0.5209934021297254,20.4954218025852,0.6793981100383558,python_full_resolution_undistorted,full_resolution_undistorted,3240,2432,970.313,500000,6288,5255,completed_requested_iterations,,2026-07-11T23:37:28.305500+00:00,s3://3dreefs-ben-eu-north1/experiments/ablations/stage2_resolution_fullres_eval/runs/splat_dataset5_sfm_1024_sift_global_resfull_patch200_stage2/ablation_eval/results_splat.csv
D5,dataset5,1024,sift,global,full,splat_dataset5_sfm_1024_sift_global_resfull_patch200_500k,splat_dataset5_sfm_1024_sift_global_resfull_patch200_stage2,patch,p039,COMPLETE,complete,200,500000,,0.5230676174163819,20.638342586300976,0.6638799279928207,python_full_resolution_undistorted,full_resolution_undistorted,3239,2429,962.834,500000,6392,5355,completed_requested_iterations,,2026-07-11T23:54:38.287791+00:00,s3://3dreefs-ben-eu-north1/experiments/ablations/stage2_resolution_fullres_eval/runs/splat_dataset5_sfm_1024_sift_global_resfull_patch200_stage2/ablation_eval/results_splat.csv
D5,dataset5,1024,sift,global,full,splat_dataset5_sfm_1024_sift_global_resfull_patch200_500k,splat_dataset5_sfm_1024_sift_global_resfull_patch200_stage2,patch,p052,COMPLETE,complete,200,500000,,0.5277765095233917,20.086524239348726,0.5726442899968889,python_full_resolution_undistorted,full_resolution_undistorted,3240,2432,988.042,500000,6472,5319,completed_requested_iterations,,2026-07-12T00:12:07.279489+00:00,s3://3dreefs-ben-eu-north1/experiments/ablations/stage2_resolution_fullres_eval/runs/splat_dataset5_sfm_1024_sift_global_resfull_patch200_stage2/ablation_eval/results_splat.csv
D5,dataset5,1024,sift,global,full,splat_dataset5_sfm_1024_sift_global_resfull_patch200_500k,splat_dataset5_sfm_1024_sift_global_resfull_patch200_stage2,patch,p064,COMPLETE,complete,200,500000,,0.5277741336160235,20.572194360347652,0.7238681283262041,python_full_resolution_undistorted,full_resolution_undistorted,3240,2432,999.534,500000,6325,5385,completed_requested_iterations,,2026-07-12T00:29:47.097764+00:00,s3://3dreefs-ben-eu-north1/experiments/ablations/stage2_resolution_fullres_eval/runs/splat_dataset5_sfm_1024_sift_global_resfull_patch200_stage2/ablation_eval/results_splat.csv
D5,dataset5,1024,sift,global,full,splat_dataset5_sfm_1024_sift_global_resfull_patch200_500k,splat_dataset5_sfm_1024_sift_global_resfull_patch200_stage2,patch,p077,COMPLETE,complete,200,500000,,0.6232181724749113,21.591554977756186,0.5746330132609919,python_full_resolution_undistorted,full_resolution_undistorted,3239,2429,1077.597,500000,6295,5319,completed_requested_iterations,,2026-07-12T00:48:48.358384+00:00,s3://3dreefs-ben-eu-north1/experiments/ablations/stage2_resolution_fullres_eval/runs/splat_dataset5_sfm_1024_sift_global_resfull_patch200_stage2/ablation_eval/results_splat.csv
D5,dataset5,1024,sift,global,full,splat_dataset5_sfm_1024_sift_global_resfull_patch200_500k,splat_dataset5_sfm_1024_sift_global_resfull_patch200_stage2,patch,p090,COMPLETE,complete,200,500000,,0.6650568917393684,20.716832726219256,0.5800044424831867,python_full_resolution_undistorted,full_resolution_undistorted,3240,2432,959.078,500000,6109,5275,completed_requested_iterations,,2026-07-12T01:05:39.608947+00:00,s3://3dreefs-ben-eu-north1/experiments/ablations/stage2_resolution_fullres_eval/runs/splat_dataset5_sfm_1024_sift_global_resfull_patch200_stage2/ablation_eval/results_splat.csv
D5,dataset5,1024,sift,global,full,splat_dataset5_sfm_1024_sift_global_resfull_patch200_500k,splat_dataset5_sfm_1024_sift_global_resfull_patch200_stage2,patch,p103,COMPLETE,complete,200,500000,,0.7308123537472316,19.113405855783157,0.5857677055256707,python_full_resolution_undistorted,full_resolution_undistorted,3239,2429,1144.258,500000,5836,5299,completed_requested_iterations,,2026-07-12T01:25:29.285947+00:00,s3://3dreefs-ben-eu-north1/experiments/ablations/stage2_resolution_fullres_eval/runs/splat_dataset5_sfm_1024_sift_global_resfull_patch200_stage2/ablation_eval/results_splat.csv
D5,dataset5,1024,sift,global,full,splat_dataset5_sfm_1024_sift_global_resfull_patch200_500k,splat_dataset5_sfm_1024_sift_global_resfull_patch200_stage2,patch,p116,COMPLETE,complete,200,500000,,0.6407588481903076,21.01926785410457,0.570294984181722,python_full_resolution_undistorted,full_resolution_undistorted,3240,2432,1055.499,500000,6148,5271,completed_requested_iterations,,2026-07-12T01:43:56.089430+00:00,s3://3dreefs-ben-eu-north1/experiments/ablations/stage2_resolution_fullres_eval/runs/splat_dataset5_sfm_1024_sift_global_resfull_patch200_stage2/ablation_eval/results_splat.csv
D5,dataset5,1024,sift,global,full,splat_dataset5_sfm_1024_sift_global_resfull_patch400_1m,splat_dataset5_sfm_1024_sift_global_resfull_patch400_stage2,patch,p000,COMPLETE,complete,400,1000000,,0.5591681760710638,21.237720983767087,0.6371279286371695,python_full_resolution_undistorted,full_resolution_undistorted,3240,2432,1105.116,1000000,6844,3067,completed_requested_iterations,,2026-07-12T02:23:34.130302+00:00,s3://3dreefs-ben-eu-north1/experiments/ablations/stage2_resolution_fullres_eval/runs/splat_dataset5_sfm_1024_sift_global_resfull_patch400_stage2/ablation_eval/results_splat.csv
D5,dataset5,1024,sift,global,full,splat_dataset5_sfm_1024_sift_global_resfull_patch400_1m,splat_dataset5_sfm_1024_sift_global_resfull_patch400_stage2,patch,p005,COMPLETE,complete,400,1000000,,0.5430374909669925,20.700810530231834,0.5707092399780567,python_full_resolution_undistorted,full_resolution_undistorted,3240,2432,1110.724,1000000,7612,5737,completed_requested_iterations,,2026-07-12T02:44:15.954010+00:00,s3://3dreefs-ben-eu-north1/experiments/ablations/stage2_resolution_fullres_eval/runs/splat_dataset5_sfm_1024_sift_global_resfull_patch400_stage2/ablation_eval/results_splat.csv
D5,dataset5,1024,sift,global,full,splat_dataset5_sfm_1024_sift_global_resfull_patch400_1m,splat_dataset5_sfm_1024_sift_global_resfull_patch400_stage2,patch,p010,COMPLETE,complete,400,1000000,,0.5311201862990856,20.81949443023712,0.6669083580374717,python_full_resolution_undistorted,full_resolution_undistorted,3239,2429,1132.97,1000000,7572,5931,completed_requested_iterations,,2026-07-12T03:05:21.684968+00:00,s3://3dreefs-ben-eu-north1/experiments/ablations/stage2_resolution_fullres_eval/runs/splat_dataset5_sfm_1024_sift_global_resfull_patch400_stage2/ablation_eval/results_splat.csv
D5,dataset5,1024,sift,global,full,splat_dataset5_sfm_1024_sift_global_resfull_patch400_1m,splat_dataset5_sfm_1024_sift_global_resfull_patch400_stage2,patch,p015,COMPLETE,complete,400,1000000,,0.5985760547612843,21.61497623134684,0.6969379923845592,python_full_resolution_undistorted,full_resolution_undistorted,3240,2432,1172.899,1000000,8205,5687,completed_requested_iterations,,2026-07-12T03:26:58.281107+00:00,s3://3dreefs-ben-eu-north1/experiments/ablations/stage2_resolution_fullres_eval/runs/splat_dataset5_sfm_1024_sift_global_resfull_patch400_stage2/ablation_eval/results_splat.csv
D5,dataset5,1024,sift,global,full,splat_dataset5_sfm_1024_sift_global_resfull_patch400_1m,splat_dataset5_sfm_1024_sift_global_resfull_patch400_stage2,patch,p020,COMPLETE,complete,400,1000000,,0.48664224932068273,19.80055985127099,0.6409741969485032,python_full_resolution_undistorted,full_resolution_undistorted,3239,2429,1150.403,1000000,7616,5773,completed_requested_iterations,,2026-07-12T03:48:16.686940+00:00,s3://3dreefs-ben-eu-north1/experiments/ablations/stage2_resolution_fullres_eval/runs/splat_dataset5_sfm_1024_sift_global_resfull_patch400_stage2/ablation_eval/results_splat.csv
D5,dataset5,1024,sift,global,full,splat_dataset5_sfm_1024_sift_global_resfull_patch400_1m,splat_dataset5_sfm_1024_sift_global_resfull_patch400_stage2,patch,p024,COMPLETE,complete,400,1000000,,0.5433054511484346,20.557573880250406,0.6797876185492465,python_full_resolution_undistorted,full_resolution_undistorted,3239,2429,1165.232,1000000,7332,5637,completed_requested_iterations,,2026-07-12T04:09:48.335942+00:00,s3://3dreefs-ben-eu-north1/experiments/ablations/stage2_resolution_fullres_eval/runs/splat_dataset5_sfm_1024_sift_global_resfull_patch400_stage2/ablation_eval/results_splat.csv
D5,dataset5,1024,sift,global,full,splat_dataset5_sfm_1024_sift_global_resfull_patch400_1m,splat_dataset5_sfm_1024_sift_global_resfull_patch400_stage2,patch,p029,COMPLETE,complete,400,1000000,,0.634069470798268,21.74866405661164,0.5771318744210636,python_full_resolution_undistorted,full_resolution_undistorted,3240,2432,1196.161,1000000,7146,5879,completed_requested_iterations,,2026-07-12T04:31:36.495648+00:00,s3://3dreefs-ben-eu-north1/experiments/ablations/stage2_resolution_fullres_eval/runs/splat_dataset5_sfm_1024_sift_global_resfull_patch400_stage2/ablation_eval/results_splat.csv
D5,dataset5,1024,sift,global,full,splat_dataset5_sfm_1024_sift_global_resfull_patch400_1m,splat_dataset5_sfm_1024_sift_global_resfull_patch400_stage2,patch,p034,COMPLETE,complete,400,1000000,,0.5680398046970367,21.011535927791538,0.6463432139471957,python_full_resolution_undistorted,full_resolution_undistorted,3240,2432,1095.59,1000000,7420,5639,completed_requested_iterations,,2026-07-12T04:51:59.235862+00:00,s3://3dreefs-ben-eu-north1/experiments/ablations/stage2_resolution_fullres_eval/runs/splat_dataset5_sfm_1024_sift_global_resfull_patch400_stage2/ablation_eval/results_splat.csv
D5,dataset5,1024,sift,global,full,splat_dataset5_sfm_1024_sift_global_resfull_patch400_1m,splat_dataset5_sfm_1024_sift_global_resfull_patch400_stage2,patch,p039,COMPLETE,complete,400,1000000,,0.6010688559005135,21.09595589737477,0.6511305798041193,python_full_resolution_undistorted,full_resolution_undistorted,3240,2432,1074.522,1000000,7444,5671,completed_requested_iterations,,2026-07-12T05:11:57.341344+00:00,s3://3dreefs-ben-eu-north1/experiments/ablations/stage2_resolution_fullres_eval/runs/splat_dataset5_sfm_1024_sift_global_resfull_patch400_stage2/ablation_eval/results_splat.csv
D5,dataset5,1024,sift,global,full,splat_dataset5_sfm_1024_sift_global_resfull_patch400_1m,splat_dataset5_sfm_1024_sift_global_resfull_patch400_stage2,patch,p044,COMPLETE,complete,400,1000000,,0.6872868691171918,22.100803277714306,0.5666850277355739,python_full_resolution_undistorted,full_resolution_undistorted,3240,2432,1201.789,1000000,7160,5757,completed_requested_iterations,,2026-07-12T05:33:53.396284+00:00,s3://3dreefs-ben-eu-north1/experiments/ablations/stage2_resolution_fullres_eval/runs/splat_dataset5_sfm_1024_sift_global_resfull_patch400_stage2/ablation_eval/results_splat.csv
D5,dataset5,1024,sift,global,full,splat_dataset5_sfm_1024_sift_global_resfull_patch400_2m,splat_dataset5_sfm_1024_sift_global_resfull_patch400_stage2,patch,p000,COMPLETE,complete,400,2000000,,0.5773964749800192,21.31909967198572,0.5718254495311428,python_full_resolution_undistorted,full_resolution_undistorted,3240,2432,1373.841,2000000,6935,3501,completed_requested_iterations,,2026-07-12T06:15:41.563006+00:00,s3://3dreefs-ben-eu-north1/experiments/ablations/stage2_resolution_fullres_eval/runs/splat_dataset5_sfm_1024_sift_global_resfull_patch400_stage2/ablation_eval/results_splat.csv
D5,dataset5,1024,sift,global,full,splat_dataset5_sfm_1024_sift_global_resfull_patch400_2m,splat_dataset5_sfm_1024_sift_global_resfull_patch400_stage2,patch,p005,COMPLETE,complete,400,2000000,,0.5582418884986486,20.84623481037037,0.5060723553865384,python_full_resolution_undistorted,full_resolution_undistorted,3240,2432,1371.017,2000000,7683,6351,completed_requested_iterations,,2026-07-12T06:40:44.264649+00:00,s3://3dreefs-ben-eu-north1/experiments/ablations/stage2_resolution_fullres_eval/runs/splat_dataset5_sfm_1024_sift_global_resfull_patch400_stage2/ablation_eval/results_splat.csv
D5,dataset5,1024,sift,global,full,splat_dataset5_sfm_1024_sift_global_resfull_patch400_2m,splat_dataset5_sfm_1024_sift_global_resfull_patch400_stage2,patch,p010,COMPLETE,complete,400,2000000,,0.5399488933384419,20.836357643187167,0.5997523397207261,python_full_resolution_undistorted,full_resolution_undistorted,3239,2429,1481.946,2000000,7621,6273,completed_requested_iterations,,2026-07-12T07:07:38.233738+00:00,s3://3dreefs-ben-eu-north1/experiments/ablations/stage2_resolution_fullres_eval/runs/splat_dataset5_sfm_1024_sift_global_resfull_patch400_stage2/ablation_eval/results_splat.csv
D5,dataset5,1024,sift,global,full,splat_dataset5_sfm_1024_sift_global_resfull_patch400_2m,splat_dataset5_sfm_1024_sift_global_resfull_patch400_stage2,patch,p015,COMPLETE,complete,400,2000000,,0.6004257390373632,21.431304136859556,0.6622068999629271,python_full_resolution_undistorted,full_resolution_undistorted,3240,2432,1594.668,2000000,9162,6445,completed_requested_iterations,,2026-07-12T07:36:17.755326+00:00,s3://3dreefs-ben-eu-north1/experiments/ablations/stage2_resolution_fullres_eval/runs/splat_dataset5_sfm_1024_sift_global_resfull_patch400_stage2/ablation_eval/results_splat.csv
D5,dataset5,1024,sift,global,full,splat_dataset5_sfm_1024_sift_global_resfull_patch400_2m,splat_dataset5_sfm_1024_sift_global_resfull_patch400_stage2,patch,p020,COMPLETE,complete,400,2000000,,0.5006334373825475,19.81262027911569,0.5649972542336112,python_full_resolution_undistorted,full_resolution_undistorted,3239,2429,1382.334,2000000,7685,6323,completed_requested_iterations,,2026-07-12T08:01:25.668290+00:00,s3://3dreefs-ben-eu-north1/experiments/ablations/stage2_resolution_fullres_eval/runs/splat_dataset5_sfm_1024_sift_global_resfull_patch400_stage2/ablation_eval/results_splat.csv
D5,dataset5,1024,sift,global,full,splat_dataset5_sfm_1024_sift_global_resfull_patch400_2m,splat_dataset5_sfm_1024_sift_global_resfull_patch400_stage2,patch,p024,COMPLETE,complete,400,2000000,,0.5527227411144658,20.551445212120218,0.6201239000809821,python_full_resolution_undistorted,full_resolution_undistorted,3239,2429,1488.789,2000000,9307,6261,completed_requested_iterations,,2026-07-12T08:28:18.504911+00:00,s3://3dreefs-ben-eu-north1/experiments/ablations/stage2_resolution_fullres_eval/runs/splat_dataset5_sfm_1024_sift_global_resfull_patch400_stage2/ablation_eval/results_splat.csv
D5,dataset5,1024,sift,global,full,splat_dataset5_sfm_1024_sift_global_resfull_patch400_2m,splat_dataset5_sfm_1024_sift_global_resfull_patch400_stage2,patch,p029,COMPLETE,complete,400,2000000,,0.6445760534090155,21.842672779939733,0.5274704905117259,python_full_resolution_undistorted,full_resolution_undistorted,3240,2432,1585.694,2000000,7233,6691,completed_requested_iterations,,2026-07-12T08:56:32.414877+00:00,s3://3dreefs-ben-eu-north1/experiments/ablations/stage2_resolution_fullres_eval/runs/splat_dataset5_sfm_1024_sift_global_resfull_patch400_stage2/ablation_eval/results_splat.csv
D5,dataset5,1024,sift,global,full,splat_dataset5_sfm_1024_sift_global_resfull_patch400_2m,splat_dataset5_sfm_1024_sift_global_resfull_patch400_stage2,patch,p034,COMPLETE,complete,400,2000000,,0.5772781623037238,20.982391552090988,0.5833402307409989,python_full_resolution_undistorted,full_resolution_undistorted,3240,2432,1390.797,2000000,7510,6221,completed_requested_iterations,,2026-07-12T09:21:49.844381+00:00,s3://3dreefs-ben-eu-north1/experiments/ablations/stage2_resolution_fullres_eval/runs/splat_dataset5_sfm_1024_sift_global_resfull_patch400_stage2/ablation_eval/results_splat.csv
D5,dataset5,1024,sift,global,full,splat_dataset5_sfm_1024_sift_global_resfull_patch400_2m,splat_dataset5_sfm_1024_sift_global_resfull_patch400_stage2,patch,p039,COMPLETE,complete,400,2000000,,0.6127663670401824,21.04857268140222,0.5915594469559821,python_full_resolution_undistorted,full_resolution_undistorted,3240,2432,1398.778,2000000,9362,6171,completed_requested_iterations,,2026-07-12T09:47:10.369768+00:00,s3://3dreefs-ben-eu-north1/experiments/ablations/stage2_resolution_fullres_eval/runs/splat_dataset5_sfm_1024_sift_global_resfull_patch400_stage2/ablation_eval/results_splat.csv
D5,dataset5,1024,sift,global,full,splat_dataset5_sfm_1024_sift_global_resfull_patch400_2m,splat_dataset5_sfm_1024_sift_global_resfull_patch400_stage2,patch,p044,COMPLETE,complete,400,2000000,,0.6937517012868609,22.075968861830027,0.523714747599193,python_full_resolution_undistorted,full_resolution_undistorted,3240,2432,1581.555,2000000,7359,6277,completed_requested_iterations,,2026-07-12T10:15:23.367441+00:00,s3://3dreefs-ben-eu-north1/experiments/ablations/stage2_resolution_fullres_eval/runs/splat_dataset5_sfm_1024_sift_global_resfull_patch400_stage2/ablation_eval/results_splat.csv
D5,dataset5,1024,sift,global,full,splat_dataset5_sfm_1024_sift_global_resfull_patch400_500k,splat_dataset5_sfm_1024_sift_global_resfull_patch400_stage2,patch,p000,COMPLETE,complete,400,500000,,0.5389657431357616,21.13036002102105,0.7057672900122565,python_full_resolution_undistorted,full_resolution_undistorted,3240,2432,995.367,500000,6995,2725,completed_requested_iterations,,2026-07-11T23:00:49.504249+00:00,s3://3dreefs-ben-eu-north1/experiments/ablations/stage2_resolution_fullres_eval/runs/splat_dataset5_sfm_1024_sift_global_resfull_patch400_stage2/ablation_eval/results_splat.csv
D5,dataset5,1024,sift,global,full,splat_dataset5_sfm_1024_sift_global_resfull_patch400_500k,splat_dataset5_sfm_1024_sift_global_resfull_patch400_stage2,patch,p005,COMPLETE,complete,400,500000,,0.519815050638639,20.579720148649493,0.6519620036467527,python_full_resolution_undistorted,full_resolution_undistorted,3240,2432,970.071,500000,7559,5391,completed_requested_iterations,,2026-07-11T23:19:09.466425+00:00,s3://3dreefs-ben-eu-north1/experiments/ablations/stage2_resolution_fullres_eval/runs/splat_dataset5_sfm_1024_sift_global_resfull_patch400_stage2/ablation_eval/results_splat.csv
D5,dataset5,1024,sift,global,full,splat_dataset5_sfm_1024_sift_global_resfull_patch400_500k,splat_dataset5_sfm_1024_sift_global_resfull_patch400_stage2,patch,p010,COMPLETE,complete,400,500000,,0.5153124526143074,20.722431189235365,0.7382519572973252,python_full_resolution_undistorted,full_resolution_undistorted,3239,2429,996.878,500000,7498,5433,completed_requested_iterations,,2026-07-11T23:37:57.199522+00:00,s3://3dreefs-ben-eu-north1/experiments/ablations/stage2_resolution_fullres_eval/runs/splat_dataset5_sfm_1024_sift_global_resfull_patch400_stage2/ablation_eval/results_splat.csv
D5,dataset5,1024,sift,global,full,splat_dataset5_sfm_1024_sift_global_resfull_patch400_500k,splat_dataset5_sfm_1024_sift_global_resfull_patch400_stage2,patch,p015,COMPLETE,complete,400,500000,,0.5920460851568925,21.6287473808712,0.7455001285201625,python_full_resolution_undistorted,full_resolution_undistorted,3240,2432,984.107,500000,7214,5419,completed_requested_iterations,,2026-07-11T23:56:24.588482+00:00,s3://3dreefs-ben-eu-north1/experiments/ablations/stage2_resolution_fullres_eval/runs/splat_dataset5_sfm_1024_sift_global_resfull_patch400_stage2/ablation_eval/results_splat.csv
D5,dataset5,1024,sift,global,full,splat_dataset5_sfm_1024_sift_global_resfull_patch400_500k,splat_dataset5_sfm_1024_sift_global_resfull_patch400_stage2,patch,p020,COMPLETE,complete,400,500000,,0.46296974624458115,19.65262108556077,0.7301222995707863,python_full_resolution_undistorted,full_resolution_undistorted,3239,2429,907.398,500000,7573,5387,completed_requested_iterations,,2026-07-12T00:13:40.072399+00:00,s3://3dreefs-ben-eu-north1/experiments/ablations/stage2_resolution_fullres_eval/runs/splat_dataset5_sfm_1024_sift_global_resfull_patch400_stage2/ablation_eval/results_splat.csv
D5,dataset5,1024,sift,global,full,splat_dataset5_sfm_1024_sift_global_resfull_patch400_500k,splat_dataset5_sfm_1024_sift_global_resfull_patch400_stage2,patch,p024,COMPLETE,complete,400,500000,,0.5298944531302703,20.512107425484547,0.7490111212981375,python_full_resolution_undistorted,full_resolution_undistorted,3239,2429,1035.56,500000,7311,5417,completed_requested_iterations,,2026-07-12T00:33:02.610779+00:00,s3://3dreefs-ben-eu-north1/experiments/ablations/stage2_resolution_fullres_eval/runs/splat_dataset5_sfm_1024_sift_global_resfull_patch400_stage2/ablation_eval/results_splat.csv
D5,dataset5,1024,sift,global,full,splat_dataset5_sfm_1024_sift_global_resfull_patch400_500k,splat_dataset5_sfm_1024_sift_global_resfull_patch400_stage2,patch,p029,COMPLETE,complete,400,500000,,0.6254034699762568,21.735035776457426,0.6296543961062151,python_full_resolution_undistorted,full_resolution_undistorted,3240,2432,1006.702,500000,7023,5489,completed_requested_iterations,,2026-07-12T00:51:41.530075+00:00,s3://3dreefs-ben-eu-north1/experiments/ablations/stage2_resolution_fullres_eval/runs/splat_dataset5_sfm_1024_sift_global_resfull_patch400_stage2/ablation_eval/results_splat.csv
D5,dataset5,1024,sift,global,full,splat_dataset5_sfm_1024_sift_global_resfull_patch400_500k,splat_dataset5_sfm_1024_sift_global_resfull_patch400_stage2,patch,p034,COMPLETE,complete,400,500000,,0.5538610219955444,20.85995969671513,0.7179675353200812,python_full_resolution_undistorted,full_resolution_undistorted,3240,2432,980.536,500000,7412,5421,completed_requested_iterations,,2026-07-12T01:10:06.570745+00:00,s3://3dreefs-ben-eu-north1/experiments/ablations/stage2_resolution_fullres_eval/runs/splat_dataset5_sfm_1024_sift_global_resfull_patch400_stage2/ablation_eval/results_splat.csv
D5,dataset5,1024,sift,global,full,splat_dataset5_sfm_1024_sift_global_resfull_patch400_500k,splat_dataset5_sfm_1024_sift_global_resfull_patch400_stage2,patch,p039,COMPLETE,complete,400,500000,,0.5820875465869904,20.925756733980528,0.7229967383961928,python_full_resolution_undistorted,full_resolution_undistorted,3240,2432,913.377,500000,7330,5387,completed_requested_iterations,,2026-07-12T01:27:25.864641+00:00,s3://3dreefs-ben-eu-north1/experiments/ablations/stage2_resolution_fullres_eval/runs/splat_dataset5_sfm_1024_sift_global_resfull_patch400_stage2/ablation_eval/results_splat.csv
D5,dataset5,1024,sift,global,full,splat_dataset5_sfm_1024_sift_global_resfull_patch400_500k,splat_dataset5_sfm_1024_sift_global_resfull_patch400_stage2,patch,p044,COMPLETE,complete,400,500000,,0.6785054768834795,22.114218463629705,0.6135938933917454,python_full_resolution_undistorted,full_resolution_undistorted,3240,2432,1025.852,500000,7144,5403,completed_requested_iterations,,2026-07-12T01:46:23.919334+00:00,s3://3dreefs-ben-eu-north1/experiments/ablations/stage2_resolution_fullres_eval/runs/splat_dataset5_sfm_1024_sift_global_resfull_patch400_stage2/ablation_eval/results_splat.csv
D5,dataset5,1024,sift,global,full,splat_dataset5_sfm_1024_sift_global_resfull_patch800_1m,splat_dataset5_sfm_1024_sift_global_resfull_patch800_stage2,patch,p000,COMPLETE,complete,800,1000000,,0.5314506710403495,20.756394463592606,0.6485891350441508,python_full_resolution_undistorted,full_resolution_undistorted,3240,2432,1180.603,1000000,9149,3169,completed_requested_iterations,,2026-07-12T03:20:16.565111+00:00,s3://3dreefs-ben-eu-north1/experiments/ablations/stage2_resolution_fullres_eval/runs/splat_dataset5_sfm_1024_sift_global_resfull_patch800_stage2/ablation_eval/results_splat.csv
D5,dataset5,1024,sift,global,full,splat_dataset5_sfm_1024_sift_global_resfull_patch800_1m,splat_dataset5_sfm_1024_sift_global_resfull_patch800_stage2,patch,p002,COMPLETE,complete,800,1000000,,0.40525589924719596,17.646917776288017,0.9323685864607493,python_full_resolution_undistorted,full_resolution_undistorted,3240,2432,1550.86,1000000,9384,17251,completed_requested_iterations,,2026-07-12T03:49:39.006687+00:00,s3://3dreefs-ben-eu-north1/experiments/ablations/stage2_resolution_fullres_eval/runs/splat_dataset5_sfm_1024_sift_global_resfull_patch800_stage2/ablation_eval/results_splat.csv
D5,dataset5,1024,sift,global,full,splat_dataset5_sfm_1024_sift_global_resfull_patch800_1m,splat_dataset5_sfm_1024_sift_global_resfull_patch800_stage2,patch,p004,COMPLETE,complete,800,1000000,,0.4996243268251419,19.191478707006794,0.8478145713989551,python_full_resolution_undistorted,full_resolution_undistorted,3240,2432,1635.872,1000000,9667,6621,completed_requested_iterations,,2026-07-12T04:21:03.596390+00:00,s3://3dreefs-ben-eu-north1/experiments/ablations/stage2_resolution_fullres_eval/runs/splat_dataset5_sfm_1024_sift_global_resfull_patch800_stage2/ablation_eval/results_splat.csv
D5,dataset5,1024,sift,global,full,splat_dataset5_sfm_1024_sift_global_resfull_patch800_1m,splat_dataset5_sfm_1024_sift_global_resfull_patch800_stage2,patch,p006,COMPLETE,complete,800,1000000,,0.5064509848230764,20.286989813511642,0.6643222672374625,python_full_resolution_undistorted,full_resolution_undistorted,3239,2429,1248.378,1000000,11062,5943,completed_requested_iterations,,2026-07-12T04:46:03.943824+00:00,s3://3dreefs-ben-eu-north1/experiments/ablations/stage2_resolution_fullres_eval/runs/splat_dataset5_sfm_1024_sift_global_resfull_patch800_stage2/ablation_eval/results_splat.csv
D5,dataset5,1024,sift,global,full,splat_dataset5_sfm_1024_sift_global_resfull_patch800_1m,splat_dataset5_sfm_1024_sift_global_resfull_patch800_stage2,patch,p008,COMPLETE,complete,800,1000000,,0.4287625801563263,18.213333696439967,0.8582832948366801,python_full_resolution_undistorted,full_resolution_undistorted,3239,2429,1635.11,1000000,9781,7355,completed_requested_iterations,,2026-07-12T05:17:19.116846+00:00,s3://3dreefs-ben-eu-north1/experiments/ablations/stage2_resolution_fullres_eval/runs/splat_dataset5_sfm_1024_sift_global_resfull_patch800_stage2/ablation_eval/results_splat.csv
D5,dataset5,1024,sift,global,full,splat_dataset5_sfm_1024_sift_global_resfull_patch800_1m,splat_dataset5_sfm_1024_sift_global_resfull_patch800_stage2,patch,p010,COMPLETE,complete,800,1000000,,0.534681014813386,20.649173432023233,0.7718705712974846,python_full_resolution_undistorted,full_resolution_undistorted,3240,2432,1491.021,1000000,9597,5943,completed_requested_iterations,,2026-07-12T05:46:20.745133+00:00,s3://3dreefs-ben-eu-north1/experiments/ablations/stage2_resolution_fullres_eval/runs/splat_dataset5_sfm_1024_sift_global_resfull_patch800_stage2/ablation_eval/results_splat.csv
D5,dataset5,1024,sift,global,full,splat_dataset5_sfm_1024_sift_global_resfull_patch800_1m,splat_dataset5_sfm_1024_sift_global_resfull_patch800_stage2,patch,p012,COMPLETE,complete,800,1000000,,0.6428870986669492,22.384264093999548,0.6151233697548891,python_full_resolution_undistorted,full_resolution_undistorted,3239,2429,1347.907,1000000,9491,5983,completed_requested_iterations,,2026-07-12T06:12:54.984804+00:00,s3://3dreefs-ben-eu-north1/experiments/ablations/stage2_resolution_fullres_eval/runs/splat_dataset5_sfm_1024_sift_global_resfull_patch800_stage2/ablation_eval/results_splat.csv
D5,dataset5,1024,sift,global,full,splat_dataset5_sfm_1024_sift_global_resfull_patch800_1m,splat_dataset5_sfm_1024_sift_global_resfull_patch800_stage2,patch,p014,COMPLETE,complete,800,1000000,,0.5514481822146645,20.619104632695304,0.742230150518538,python_full_resolution_undistorted,full_resolution_undistorted,3239,2429,1298.627,1000000,9752,5883,completed_requested_iterations,,2026-07-12T06:38:46.224507+00:00,s3://3dreefs-ben-eu-north1/experiments/ablations/stage2_resolution_fullres_eval/runs/splat_dataset5_sfm_1024_sift_global_resfull_patch800_stage2/ablation_eval/results_splat.csv
D5,dataset5,1024,sift,global,full,splat_dataset5_sfm_1024_sift_global_resfull_patch800_1m,splat_dataset5_sfm_1024_sift_global_resfull_patch800_stage2,patch,p016,COMPLETE,complete,800,1000000,,0.7035454698862174,21.81729097496401,0.6397514404394687,python_full_resolution_undistorted,full_resolution_undistorted,3240,2432,1416.65,1000000,9065,5853,completed_requested_iterations,,2026-07-12T07:06:27.227200+00:00,s3://3dreefs-ben-eu-north1/experiments/ablations/stage2_resolution_fullres_eval/runs/splat_dataset5_sfm_1024_sift_global_resfull_patch800_stage2/ablation_eval/results_splat.csv
D5,dataset5,1024,sift,global,full,splat_dataset5_sfm_1024_sift_global_resfull_patch800_1m,splat_dataset5_sfm_1024_sift_global_resfull_patch800_stage2,patch,p018,COMPLETE,complete,800,1000000,,0.6573591900723321,21.995728101577686,0.6627296192305429,python_full_resolution_undistorted,full_resolution_undistorted,3239,2429,1267.767,1000000,9041,5901,completed_requested_iterations,,2026-07-12T07:31:14.319362+00:00,s3://3dreefs-ben-eu-north1/experiments/ablations/stage2_resolution_fullres_eval/runs/splat_dataset5_sfm_1024_sift_global_resfull_patch800_stage2/ablation_eval/results_splat.csv
D5,dataset5,1024,sift,global,full,splat_dataset5_sfm_1024_sift_global_resfull_patch800_2m,splat_dataset5_sfm_1024_sift_global_resfull_patch800_stage2,patch,p000,COMPLETE,complete,800,2000000,,0.5474202823307779,20.752902205044148,0.5853438580201732,python_full_resolution_undistorted,full_resolution_undistorted,3240,2432,1417.648,2000000,9282,3719,completed_requested_iterations,,2026-07-12T08:15:25.050942+00:00,s3://3dreefs-ben-eu-north1/experiments/ablations/stage2_resolution_fullres_eval/runs/splat_dataset5_sfm_1024_sift_global_resfull_patch800_stage2/ablation_eval/results_splat.csv
D5,dataset5,1024,sift,global,full,splat_dataset5_sfm_1024_sift_global_resfull_patch800_2m,splat_dataset5_sfm_1024_sift_global_resfull_patch800_stage2,patch,p002,FAILED,complete,800,2000000,,,,,,full_resolution_undistorted,3240,2432,1129.688,,8729,19887,lfs_exit_1,,2026-07-12T08:34:24.384862+00:00,s3://3dreefs-ben-eu-north1/experiments/ablations/stage2_resolution_fullres_eval/runs/splat_dataset5_sfm_1024_sift_global_resfull_patch800_stage2/ablation_eval/results_splat.csv
D5,dataset5,1024,sift,global,full,splat_dataset5_sfm_1024_sift_global_resfull_patch800_2m,splat_dataset5_sfm_1024_sift_global_resfull_patch800_stage2,patch,p004,COMPLETE,complete,800,2000000,,0.4776535240503458,18.01185820076725,0.878596455622942,python_full_resolution_undistorted,full_resolution_undistorted,3240,2432,1763.067,2000000,9814,14977,completed_requested_iterations,,2026-07-12T09:07:52.816711+00:00,s3://3dreefs-ben-eu-north1/experiments/ablations/stage2_resolution_fullres_eval/runs/splat_dataset5_sfm_1024_sift_global_resfull_patch800_stage2/ablation_eval/results_splat.csv
D5,dataset5,1024,sift,global,full,splat_dataset5_sfm_1024_sift_global_resfull_patch800_2m,splat_dataset5_sfm_1024_sift_global_resfull_patch800_stage2,patch,p006,COMPLETE,complete,800,2000000,,0.5240720412448833,20.316072082987212,0.5984206932939982,python_full_resolution_undistorted,full_resolution_undistorted,3239,2429,1545.112,2000000,10227,6613,completed_requested_iterations,,2026-07-12T09:38:02.224996+00:00,s3://3dreefs-ben-eu-north1/experiments/ablations/stage2_resolution_fullres_eval/runs/splat_dataset5_sfm_1024_sift_global_resfull_patch800_stage2/ablation_eval/results_splat.csv
D5,dataset5,1024,sift,global,full,splat_dataset5_sfm_1024_sift_global_resfull_patch800_2m,splat_dataset5_sfm_1024_sift_global_resfull_patch800_stage2,patch,p008,FAILED,complete,800,2000000,,,,,,full_resolution_undistorted,3239,2429,1305.388,,9070,12565,lfs_exit_1,,2026-07-12T09:59:58.749104+00:00,s3://3dreefs-ben-eu-north1/experiments/ablations/stage2_resolution_fullres_eval/runs/splat_dataset5_sfm_1024_sift_global_resfull_patch800_stage2/ablation_eval/results_splat.csv
D5,dataset5,1024,sift,global,full,splat_dataset5_sfm_1024_sift_global_resfull_patch800_2m,splat_dataset5_sfm_1024_sift_global_resfull_patch800_stage2,patch,p010,COMPLETE,complete,800,2000000,,0.5122340344763422,19.525373319981092,0.8041528324028114,python_full_resolution_undistorted,full_resolution_undistorted,3240,2432,1872.933,2000000,9665,10845,completed_requested_iterations,,2026-07-12T10:35:27.367148+00:00,s3://3dreefs-ben-eu-north1/experiments/ablations/stage2_resolution_fullres_eval/runs/splat_dataset5_sfm_1024_sift_global_resfull_patch800_stage2/ablation_eval/results_splat.csv
D5,dataset5,1024,sift,global,full,splat_dataset5_sfm_1024_sift_global_resfull_patch800_2m,splat_dataset5_sfm_1024_sift_global_resfull_patch800_stage2,patch,p012,COMPLETE,complete,800,2000000,,0.6478613809897349,22.354902366732897,0.5772894762265377,python_full_resolution_undistorted,full_resolution_undistorted,3239,2429,1723.158,2000000,9623,6515,completed_requested_iterations,,2026-07-12T11:08:19.419953+00:00,s3://3dreefs-ben-eu-north1/experiments/ablations/stage2_resolution_fullres_eval/runs/splat_dataset5_sfm_1024_sift_global_resfull_patch800_stage2/ablation_eval/results_splat.csv
D5,dataset5,1024,sift,global,full,splat_dataset5_sfm_1024_sift_global_resfull_patch800_2m,splat_dataset5_sfm_1024_sift_global_resfull_patch800_stage2,patch,p014,COMPLETE,complete,800,2000000,,0.539645741634731,19.983774014092532,0.740867801859409,python_full_resolution_undistorted,full_resolution_undistorted,3239,2429,1859.103,2000000,9945,8837,completed_requested_iterations,,2026-07-12T11:43:33.672982+00:00,s3://3dreefs-ben-eu-north1/experiments/ablations/stage2_resolution_fullres_eval/runs/splat_dataset5_sfm_1024_sift_global_resfull_patch800_stage2/ablation_eval/results_splat.csv
D5,dataset5,1024,sift,global,full,splat_dataset5_sfm_1024_sift_global_resfull_patch800_2m,splat_dataset5_sfm_1024_sift_global_resfull_patch800_stage2,patch,p016,COMPLETE,complete,800,2000000,,0.6997525088298016,21.44488812118439,0.6373785707430962,python_full_resolution_undistorted,full_resolution_undistorted,3240,2432,1962.21,2000000,9155,6821,completed_requested_iterations,,2026-07-12T12:20:17.975813+00:00,s3://3dreefs-ben-eu-north1/experiments/ablations/stage2_resolution_fullres_eval/runs/splat_dataset5_sfm_1024_sift_global_resfull_patch800_stage2/ablation_eval/results_splat.csv
D5,dataset5,1024,sift,global,full,splat_dataset5_sfm_1024_sift_global_resfull_patch800_2m,splat_dataset5_sfm_1024_sift_global_resfull_patch800_stage2,patch,p018,COMPLETE,complete,800,2000000,,0.6587440205471856,21.86208056285008,0.6401972962277276,python_full_resolution_undistorted,full_resolution_undistorted,3239,2429,1698.736,2000000,10970,7253,completed_requested_iterations,,2026-07-12T12:52:17.773024+00:00,s3://3dreefs-ben-eu-north1/experiments/ablations/stage2_resolution_fullres_eval/runs/splat_dataset5_sfm_1024_sift_global_resfull_patch800_stage2/ablation_eval/results_splat.csv
D5,dataset5,1024,sift,global,full,splat_dataset5_sfm_1024_sift_global_resfull_patch800_500k,splat_dataset5_sfm_1024_sift_global_resfull_patch800_stage2,patch,p000,COMPLETE,complete,800,500000,,0.5078478393455347,20.576513484758316,0.7245226063662105,python_full_resolution_undistorted,full_resolution_undistorted,3240,2432,1075.292,500000,9263,2917,completed_requested_iterations,,2026-07-11T23:12:58.429659+00:00,s3://3dreefs-ben-eu-north1/experiments/ablations/stage2_resolution_fullres_eval/runs/splat_dataset5_sfm_1024_sift_global_resfull_patch800_stage2/ablation_eval/results_splat.csv
D5,dataset5,1024,sift,global,full,splat_dataset5_sfm_1024_sift_global_resfull_patch800_500k,splat_dataset5_sfm_1024_sift_global_resfull_patch800_stage2,patch,p002,COMPLETE,complete,800,500000,,0.42748567627535927,18.361882777447814,0.9060371857550409,python_full_resolution_undistorted,full_resolution_undistorted,3240,2432,1485.343,500000,9417,7591,completed_requested_iterations,,2026-07-11T23:41:16.188916+00:00,s3://3dreefs-ben-eu-north1/experiments/ablations/stage2_resolution_fullres_eval/runs/splat_dataset5_sfm_1024_sift_global_resfull_patch800_stage2/ablation_eval/results_splat.csv
D5,dataset5,1024,sift,global,full,splat_dataset5_sfm_1024_sift_global_resfull_patch800_500k,splat_dataset5_sfm_1024_sift_global_resfull_patch800_stage2,patch,p004,COMPLETE,complete,800,500000,,0.5112280249595642,20.07516917522585,0.8486287616766416,python_full_resolution_undistorted,full_resolution_undistorted,3240,2432,1221.338,500000,9714,5731,completed_requested_iterations,,2026-07-12T00:05:34.617726+00:00,s3://3dreefs-ben-eu-north1/experiments/ablations/stage2_resolution_fullres_eval/runs/splat_dataset5_sfm_1024_sift_global_resfull_patch800_stage2/ablation_eval/results_splat.csv
D5,dataset5,1024,sift,global,full,splat_dataset5_sfm_1024_sift_global_resfull_patch800_500k,splat_dataset5_sfm_1024_sift_global_resfull_patch800_stage2,patch,p006,COMPLETE,complete,800,500000,,0.47798661809218557,20.157914589636402,0.7472435039909262,python_full_resolution_undistorted,full_resolution_undistorted,3239,2429,1057.001,500000,10152,5659,completed_requested_iterations,,2026-07-12T00:27:10.232893+00:00,s3://3dreefs-ben-eu-north1/experiments/ablations/stage2_resolution_fullres_eval/runs/splat_dataset5_sfm_1024_sift_global_resfull_patch800_stage2/ablation_eval/results_splat.csv
D5,dataset5,1024,sift,global,full,splat_dataset5_sfm_1024_sift_global_resfull_patch800_500k,splat_dataset5_sfm_1024_sift_global_resfull_patch800_stage2,patch,p008,COMPLETE,complete,800,500000,,0.44913549701372785,19.266146128333947,0.8504231627782186,python_full_resolution_undistorted,full_resolution_undistorted,3239,2429,1140.559,500000,9751,5625,completed_requested_iterations,,2026-07-12T00:50:10.017985+00:00,s3://3dreefs-ben-eu-north1/experiments/ablations/stage2_resolution_fullres_eval/runs/splat_dataset5_sfm_1024_sift_global_resfull_patch800_stage2/ablation_eval/results_splat.csv
D5,dataset5,1024,sift,global,full,splat_dataset5_sfm_1024_sift_global_resfull_patch800_500k,splat_dataset5_sfm_1024_sift_global_resfull_patch800_stage2,patch,p010,COMPLETE,complete,800,500000,,0.5279147477893086,20.760111190465302,0.8187903638009901,python_full_resolution_undistorted,full_resolution_undistorted,3240,2432,1162.142,500000,9594,5723,completed_requested_iterations,,2026-07-12T01:13:30.835598+00:00,s3://3dreefs-ben-eu-north1/experiments/ablations/stage2_resolution_fullres_eval/runs/splat_dataset5_sfm_1024_sift_global_resfull_patch800_stage2/ablation_eval/results_splat.csv
D5,dataset5,1024,sift,global,full,splat_dataset5_sfm_1024_sift_global_resfull_patch800_500k,splat_dataset5_sfm_1024_sift_global_resfull_patch800_stage2,patch,p012,COMPLETE,complete,800,500000,,0.6316304604212443,22.292675161564762,0.6727009178736271,python_full_resolution_undistorted,full_resolution_undistorted,3239,2429,1078.902,500000,9399,5667,completed_requested_iterations,,2026-07-12T01:35:29.732070+00:00,s3://3dreefs-ben-eu-north1/experiments/ablations/stage2_resolution_fullres_eval/runs/splat_dataset5_sfm_1024_sift_global_resfull_patch800_stage2/ablation_eval/results_splat.csv
D5,dataset5,1024,sift,global,full,splat_dataset5_sfm_1024_sift_global_resfull_patch800_500k,splat_dataset5_sfm_1024_sift_global_resfull_patch800_stage2,patch,p014,COMPLETE,complete,800,500000,,0.543982608031623,20.83219853520558,0.7922680249697045,python_full_resolution_undistorted,full_resolution_undistorted,3239,2429,1025.963,500000,9805,5641,completed_requested_iterations,,2026-07-12T01:56:40.888770+00:00,s3://3dreefs-ben-eu-north1/experiments/ablations/stage2_resolution_fullres_eval/runs/splat_dataset5_sfm_1024_sift_global_resfull_patch800_stage2/ablation_eval/results_splat.csv
D5,dataset5,1024,sift,global,full,splat_dataset5_sfm_1024_sift_global_resfull_patch800_500k,splat_dataset5_sfm_1024_sift_global_resfull_patch800_stage2,patch,p016,COMPLETE,complete,800,500000,,0.6998211347903961,21.796838467893096,0.666966546804477,python_full_resolution_undistorted,full_resolution_undistorted,3240,2432,1122.872,500000,8960,5631,completed_requested_iterations,,2026-07-12T02:19:21.333933+00:00,s3://3dreefs-ben-eu-north1/experiments/ablations/stage2_resolution_fullres_eval/runs/splat_dataset5_sfm_1024_sift_global_resfull_patch800_stage2/ablation_eval/results_splat.csv
D5,dataset5,1024,sift,global,full,splat_dataset5_sfm_1024_sift_global_resfull_patch800_500k,splat_dataset5_sfm_1024_sift_global_resfull_patch800_stage2,patch,p018,COMPLETE,complete,800,500000,,0.6456373333930969,21.967094904824048,0.7120550449405397,python_full_resolution_undistorted,full_resolution_undistorted,3239,2429,1055.744,500000,9037,5657,completed_requested_iterations,,2026-07-12T02:40:26.279722+00:00,s3://3dreefs-ben-eu-north1/experiments/ablations/stage2_resolution_fullres_eval/runs/splat_dataset5_sfm_1024_sift_global_resfull_patch800_stage2/ablation_eval/results_splat.csv
